2026-05-04 19:54:52.818 [restartedMain] ERROR org.springframework.boot.SpringApplication - Application run failed
org.springframework.beans.factory.UnsatisfiedDependencyException: Error creating bean with name 'announcementController' defined in file [/home/yuan/Desktop/bishe-main/target/classes/com/project/demo/controller/AnnouncementController.class]: Unsatisfied dependency expressed through constructor parameter 0; nested exception is org.springframework.beans.factory.UnsatisfiedDependencyException: Error creating bean with name 'announcementService': Unsatisfied dependency expressed through field 'baseMapper'; nested exception is org.springframework.beans.factory.UnsatisfiedDependencyException: Error creating bean with name 'announcementMapper' defined in file [/home/yuan/Desktop/bishe-main/target/classes/com/project/demo/dao/AnnouncementMapper.class]: Unsatisfied dependency expressed through bean property 'sqlSessionFactory'; nested exception is org.springframework.beans.factory.BeanCreationException: Error creating bean with name 'sqlSessionFactory' defined in class path resource [com/baomidou/mybatisplus/autoconfigure/MybatisPlusAutoConfiguration.class]: Bean instantiation via factory method failed; nested exception is org.springframework.beans.BeanInstantiationException: Failed to instantiate [org.apache.ibatis.session.SqlSessionFactory]: Factory method 'sqlSessionFactory' threw exception; nested exception is org.springframework.core.NestedIOException: Failed to parse mapping resource: 'file [/home/yuan/Desktop/bishe-main/target/classes/mapper/ArticleTypeMapper.xml]'; nested exception is org.apache.ibatis.builder.BuilderException: Error parsing Mapper XML. The XML location is 'file [/home/yuan/Desktop/bishe-main/target/classes/mapper/ArticleTypeMapper.xml]'. Cause: org.apache.ibatis.builder.BuilderException: Error resolving class. Cause: org.apache.ibatis.type.TypeException: Could not resolve type alias 'com.project.demo.entity.ArticleType'.  Cause: java.lang.ClassNotFoundException: Cannot find class: com.project.demo.entity.ArticleType
	at org.springframework.beans.factory.support.ConstructorResolver.createArgumentArray(ConstructorResolver.java:798) ~[spring-beans-5.2.4.RELEASE.jar:5.2.4.RELEASE]
	at org.springframework.beans.factory.support.ConstructorResolver.autowireConstructor(ConstructorResolver.java:228) ~[spring-beans-5.2.4.RELEASE.jar:5.2.4.RELEASE]
	at org.springframework.beans.factory.support.AbstractAutowireCapableBeanFactory.autowireConstructor(AbstractAutowireCapableBeanFactory.java:1358) ~[spring-beans-5.2.4.RELEASE.jar:5.2.4.RELEASE]
	at org.springframework.beans.factory.support.AbstractAutowireCapableBeanFactory.createBeanInstance(AbstractAutowireCapableBeanFactory.java:1204) ~[spring-beans-5.2.4.RELEASE.jar:5.2.4.RELEASE]
	at org.springframework.beans.factory.support.AbstractAutowireCapableBeanFactory.doCreateBean(AbstractAutowireCapableBeanFactory.java:557) ~[spring-beans-5.2.4.RELEASE.jar:5.2.4.RELEASE]
	at org.springframework.beans.factory.support.AbstractAutowireCapableBeanFactory.createBean(AbstractAutowireCapableBeanFactory.java:517) ~[spring-beans-5.2.4.RELEASE.jar:5.2.4.RELEASE]
	at org.springframework.beans.factory.support.AbstractBeanFactory.lambda$doGetBean$0(AbstractBeanFactory.java:323) ~[spring-beans-5.2.4.RELEASE.jar:5.2.4.RELEASE]
	at org.springframework.beans.factory.support.DefaultSingletonBeanRegistry.getSingleton(DefaultSingletonBeanRegistry.java:222) ~[spring-beans-5.2.4.RELEASE.jar:5.2.4.RELEASE]
	at org.springframework.beans.factory.support.AbstractBeanFactory.doGetBean(AbstractBeanFactory.java:321) ~[spring-beans-5.2.4.RELEASE.jar:5.2.4.RELEASE]
	at org.springframework.beans.factory.support.AbstractBeanFactory.getBean(AbstractBeanFactory.java:202) ~[spring-beans-5.2.4.RELEASE.jar:5.2.4.RELEASE]
	at org.springframework.beans.factory.support.DefaultListableBeanFactory.preInstantiateSingletons(DefaultListableBeanFactory.java:879) ~[spring-beans-5.2.4.RELEASE.jar:5.2.4.RELEASE]
	at org.springframework.context.support.AbstractApplicationContext.finishBeanFactoryInitialization(AbstractApplicationContext.java:878) ~[spring-context-5.2.4.RELEASE.jar:5.2.4.RELEASE]
	at org.springframework.context.support.AbstractApplicationContext.refresh(AbstractApplicationContext.java:550) ~[spring-context-5.2.4.RELEASE.jar:5.2.4.RELEASE]
	at org.springframework.boot.web.servlet.context.ServletWebServerApplicationContext.refresh(ServletWebServerApplicationContext.java:141) ~[spring-boot-2.2.5.RELEASE.jar:2.2.5.RELEASE]
	at org.springframework.boot.SpringApplication.refresh(SpringApplication.java:747) [spring-boot-2.2.5.RELEASE.jar:2.2.5.RELEASE]
	at org.springframework.boot.SpringApplication.refreshContext(SpringApplication.java:397) [spring-boot-2.2.5.RELEASE.jar:2.2.5.RELEASE]
	at org.springframework.boot.SpringApplication.run(SpringApplication.java:315) [spring-boot-2.2.5.RELEASE.jar:2.2.5.RELEASE]
	at org.springframework.boot.SpringApplication.run(SpringApplication.java:1226) [spring-boot-2.2.5.RELEASE.jar:2.2.5.RELEASE]
	at org.springframework.boot.SpringApplication.run(SpringApplication.java:1215) [spring-boot-2.2.5.RELEASE.jar:2.2.5.RELEASE]
	at com.project.demo.Application.main(Application.java:17) [classes/:?]
	at sun.reflect.NativeMethodAccessorImpl.invoke0(Native Method) ~[?:1.8.0_461]
	at sun.reflect.NativeMethodAccessorImpl.invoke(NativeMethodAccessorImpl.java:62) ~[?:1.8.0_461]
	at sun.reflect.DelegatingMethodAccessorImpl.invoke(DelegatingMethodAccessorImpl.java:43) ~[?:1.8.0_461]
	at java.lang.reflect.Method.invoke(Method.java:498) ~[?:1.8.0_461]
	at org.springframework.boot.devtools.restart.RestartLauncher.run(RestartLauncher.java:49) [spring-boot-devtools-2.2.5.RELEASE.jar:2.2.5.RELEASE]
Caused by: org.springframework.beans.factory.UnsatisfiedDependencyException: Error creating bean with name 'announcementService': Unsatisfied dependency expressed through field 'baseMapper'; nested exception is org.springframework.beans.factory.UnsatisfiedDependencyException: Error creating bean with name 'announcementMapper' defined in file [/home/yuan/Desktop/bishe-main/target/classes/com/project/demo/dao/AnnouncementMapper.class]: Unsatisfied dependency expressed through bean property 'sqlSessionFactory'; nested exception is org.springframework.beans.factory.BeanCreationException: Error creating bean with name 'sqlSessionFactory' defined in class path resource [com/baomidou/mybatisplus/autoconfigure/MybatisPlusAutoConfiguration.class]: Bean instantiation via factory method failed; nested exception is org.springframework.beans.BeanInstantiationException: Failed to instantiate [org.apache.ibatis.session.SqlSessionFactory]: Factory method 'sqlSessionFactory' threw exception; nested exception is org.springframework.core.NestedIOException: Failed to parse mapping resource: 'file [/home/yuan/Desktop/bishe-main/target/classes/mapper/ArticleTypeMapper.xml]'; nested exception is org.apache.ibatis.builder.BuilderException: Error parsing Mapper XML. The XML location is 'file [/home/yuan/Desktop/bishe-main/target/classes/mapper/ArticleTypeMapper.xml]'. Cause: org.apache.ibatis.builder.BuilderException: Error resolving class. Cause: org.apache.ibatis.type.TypeException: Could not resolve type alias 'com.project.demo.entity.ArticleType'.  Cause: java.lang.ClassNotFoundException: Cannot find class: com.project.demo.entity.ArticleType
	at org.springframework.beans.factory.annotation.AutowiredAnnotationBeanPostProcessor$AutowiredFieldElement.inject(AutowiredAnnotationBeanPostProcessor.java:643) ~[spring-beans-5.2.4.RELEASE.jar:5.2.4.RELEASE]
	at org.springframework.beans.factory.annotation.InjectionMetadata.inject(InjectionMetadata.java:130) ~[spring-beans-5.2.4.RELEASE.jar:5.2.4.RELEASE]
	at org.springframework.beans.factory.annotation.AutowiredAnnotationBeanPostProcessor.postProcessProperties(AutowiredAnnotationBeanPostProcessor.java:399) ~[spring-beans-5.2.4.RELEASE.jar:5.2.4.RELEASE]
	at org.springframework.beans.factory.support.AbstractAutowireCapableBeanFactory.populateBean(AbstractAutowireCapableBeanFactory.java:1422) ~[spring-beans-5.2.4.RELEASE.jar:5.2.4.RELEASE]
	at org.springframework.beans.factory.support.AbstractAutowireCapableBeanFactory.doCreateBean(AbstractAutowireCapableBeanFactory.java:594) ~[spring-beans-5.2.4.RELEASE.jar:5.2.4.RELEASE]
	at org.springframework.beans.factory.support.AbstractAutowireCapableBeanFactory.createBean(AbstractAutowireCapableBeanFactory.java:517) ~[spring-beans-5.2.4.RELEASE.jar:5.2.4.RELEASE]
	at org.springframework.beans.factory.support.AbstractBeanFactory.lambda$doGetBean$0(AbstractBeanFactory.java:323) ~[spring-beans-5.2.4.RELEASE.jar:5.2.4.RELEASE]
	at org.springframework.beans.factory.support.DefaultSingletonBeanRegistry.getSingleton(DefaultSingletonBeanRegistry.java:222) ~[spring-beans-5.2.4.RELEASE.jar:5.2.4.RELEASE]
	at org.springframework.beans.factory.support.AbstractBeanFactory.doGetBean(AbstractBeanFactory.java:321) ~[spring-beans-5.2.4.RELEASE.jar:5.2.4.RELEASE]
	at org.springframework.beans.factory.support.AbstractBeanFactory.getBean(AbstractBeanFactory.java:202) ~[spring-beans-5.2.4.RELEASE.jar:5.2.4.RELEASE]
	at org.springframework.beans.factory.config.DependencyDescriptor.resolveCandidate(DependencyDescriptor.java:276) ~[spring-beans-5.2.4.RELEASE.jar:5.2.4.RELEASE]
	at org.springframework.beans.factory.support.DefaultListableBeanFactory.doResolveDependency(DefaultListableBeanFactory.java:1287) ~[spring-beans-5.2.4.RELEASE.jar:5.2.4.RELEASE]
	at org.springframework.beans.factory.support.DefaultListableBeanFactory.resolveDependency(DefaultListableBeanFactory.java:1207) ~[spring-beans-5.2.4.RELEASE.jar:5.2.4.RELEASE]
	at org.springframework.beans.factory.support.ConstructorResolver.resolveAutowiredArgument(ConstructorResolver.java:885) ~[spring-beans-5.2.4.RELEASE.jar:5.2.4.RELEASE]
	at org.springframework.beans.factory.support.ConstructorResolver.createArgumentArray(ConstructorResolver.java:789) ~[spring-beans-5.2.4.RELEASE.jar:5.2.4.RELEASE]
	... 24 more
Caused by: org.springframework.beans.factory.UnsatisfiedDependencyException: Error creating bean with name 'announcementMapper' defined in file [/home/yuan/Desktop/bishe-main/target/classes/com/project/demo/dao/AnnouncementMapper.class]: Unsatisfied dependency expressed through bean property 'sqlSessionFactory'; nested exception is org.springframework.beans.factory.BeanCreationException: Error creating bean with name 'sqlSessionFactory' defined in class path resource [com/baomidou/mybatisplus/autoconfigure/MybatisPlusAutoConfiguration.class]: Bean instantiation via factory method failed; nested exception is org.springframework.beans.BeanInstantiationException: Failed to instantiate [org.apache.ibatis.session.SqlSessionFactory]: Factory method 'sqlSessionFactory' threw exception; nested exception is org.springframework.core.NestedIOException: Failed to parse mapping resource: 'file [/home/yuan/Desktop/bishe-main/target/classes/mapper/ArticleTypeMapper.xml]'; nested exception is org.apache.ibatis.builder.BuilderException: Error parsing Mapper XML. The XML location is 'file [/home/yuan/Desktop/bishe-main/target/classes/mapper/ArticleTypeMapper.xml]'. Cause: org.apache.ibatis.builder.BuilderException: Error resolving class. Cause: org.apache.ibatis.type.TypeException: Could not resolve type alias 'com.project.demo.entity.ArticleType'.  Cause: java.lang.ClassNotFoundException: Cannot find class: com.project.demo.entity.ArticleType
	at org.springframework.beans.factory.support.AbstractAutowireCapableBeanFactory.autowireByType(AbstractAutowireCapableBeanFactory.java:1526) ~[spring-beans-5.2.4.RELEASE.jar:5.2.4.RELEASE]
	at org.springframework.beans.factory.support.AbstractAutowireCapableBeanFactory.populateBean(AbstractAutowireCapableBeanFactory.java:1406) ~[spring-beans-5.2.4.RELEASE.jar:5.2.4.RELEASE]
	at org.springframework.beans.factory.support.AbstractAutowireCapableBeanFactory.doCreateBean(AbstractAutowireCapableBeanFactory.java:594) ~[spring-beans-5.2.4.RELEASE.jar:5.2.4.RELEASE]
	at org.springframework.beans.factory.support.AbstractAutowireCapableBeanFactory.createBean(AbstractAutowireCapableBeanFactory.java:517) ~[spring-beans-5.2.4.RELEASE.jar:5.2.4.RELEASE]
	at org.springframework.beans.factory.support.AbstractBeanFactory.lambda$doGetBean$0(AbstractBeanFactory.java:323) ~[spring-beans-5.2.4.RELEASE.jar:5.2.4.RELEASE]
	at org.springframework.beans.factory.support.DefaultSingletonBeanRegistry.getSingleton(DefaultSingletonBeanRegistry.java:222) ~[spring-beans-5.2.4.RELEASE.jar:5.2.4.RELEASE]
	at org.springframework.beans.factory.support.AbstractBeanFactory.doGetBean(AbstractBeanFactory.java:321) ~[spring-beans-5.2.4.RELEASE.jar:5.2.4.RELEASE]
	at org.springframework.beans.factory.support.AbstractBeanFactory.getBean(AbstractBeanFactory.java:202) ~[spring-beans-5.2.4.RELEASE.jar:5.2.4.RELEASE]
	at org.springframework.beans.factory.config.DependencyDescriptor.resolveCandidate(DependencyDescriptor.java:276) ~[spring-beans-5.2.4.RELEASE.jar:5.2.4.RELEASE]
	at org.springframework.beans.factory.support.DefaultListableBeanFactory.doResolveDependency(DefaultListableBeanFactory.java:1287) ~[spring-beans-5.2.4.RELEASE.jar:5.2.4.RELEASE]
	at org.springframework.beans.factory.support.DefaultListableBeanFactory.resolveDependency(DefaultListableBeanFactory.java:1207) ~[spring-beans-5.2.4.RELEASE.jar:5.2.4.RELEASE]
	at org.springframework.beans.factory.annotation.AutowiredAnnotationBeanPostProcessor$AutowiredFieldElement.inject(AutowiredAnnotationBeanPostProcessor.java:640) ~[spring-beans-5.2.4.RELEASE.jar:5.2.4.RELEASE]
	at org.springframework.beans.factory.annotation.InjectionMetadata.inject(InjectionMetadata.java:130) ~[spring-beans-5.2.4.RELEASE.jar:5.2.4.RELEASE]
	at org.springframework.beans.factory.annotation.AutowiredAnnotationBeanPostProcessor.postProcessProperties(AutowiredAnnotationBeanPostProcessor.java:399) ~[spring-beans-5.2.4.RELEASE.jar:5.2.4.RELEASE]
	at org.springframework.beans.factory.support.AbstractAutowireCapableBeanFactory.populateBean(AbstractAutowireCapableBeanFactory.java:1422) ~[spring-beans-5.2.4.RELEASE.jar:5.2.4.RELEASE]
	at org.springframework.beans.factory.support.AbstractAutowireCapableBeanFactory.doCreateBean(AbstractAutowireCapableBeanFactory.java:594) ~[spring-beans-5.2.4.RELEASE.jar:5.2.4.RELEASE]
	at org.springframework.beans.factory.support.AbstractAutowireCapableBeanFactory.createBean(AbstractAutowireCapableBeanFactory.java:517) ~[spring-beans-5.2.4.RELEASE.jar:5.2.4.RELEASE]
	at org.springframework.beans.factory.support.AbstractBeanFactory.lambda$doGetBean$0(AbstractBeanFactory.java:323) ~[spring-beans-5.2.4.RELEASE.jar:5.2.4.RELEASE]
	at org.springframework.beans.factory.support.DefaultSingletonBeanRegistry.getSingleton(DefaultSingletonBeanRegistry.java:222) ~[spring-beans-5.2.4.RELEASE.jar:5.2.4.RELEASE]
	at org.springframework.beans.factory.support.AbstractBeanFactory.doGetBean(AbstractBeanFactory.java:321) ~[spring-beans-5.2.4.RELEASE.jar:5.2.4.RELEASE]
	at org.springframework.beans.factory.support.AbstractBeanFactory.getBean(AbstractBeanFactory.java:202) ~[spring-beans-5.2.4.RELEASE.jar:5.2.4.RELEASE]
	at org.springframework.beans.factory.config.DependencyDescriptor.resolveCandidate(DependencyDescriptor.java:276) ~[spring-beans-5.2.4.RELEASE.jar:5.2.4.RELEASE]
	at org.springframework.beans.factory.support.DefaultListableBeanFactory.doResolveDependency(DefaultListableBeanFactory.java:1287) ~[spring-beans-5.2.4.RELEASE.jar:5.2.4.RELEASE]
	at org.springframework.beans.factory.support.DefaultListableBeanFactory.resolveDependency(DefaultListableBeanFactory.java:1207) ~[spring-beans-5.2.4.RELEASE.jar:5.2.4.RELEASE]
	at org.springframework.beans.factory.support.ConstructorResolver.resolveAutowiredArgument(ConstructorResolver.java:885) ~[spring-beans-5.2.4.RELEASE.jar:5.2.4.RELEASE]
	at org.springframework.beans.factory.support.ConstructorResolver.createArgumentArray(ConstructorResolver.java:789) ~[spring-beans-5.2.4.RELEASE.jar:5.2.4.RELEASE]
	... 24 more
Caused by: org.springframework.beans.factory.BeanCreationException: Error creating bean with name 'sqlSessionFactory' defined in class path resource [com/baomidou/mybatisplus/autoconfigure/MybatisPlusAutoConfiguration.class]: Bean instantiation via factory method failed; nested exception is org.springframework.beans.BeanInstantiationException: Failed to instantiate [org.apache.ibatis.session.SqlSessionFactory]: Factory method 'sqlSessionFactory' threw exception; nested exception is org.springframework.core.NestedIOException: Failed to parse mapping resource: 'file [/home/yuan/Desktop/bishe-main/target/classes/mapper/ArticleTypeMapper.xml]'; nested exception is org.apache.ibatis.builder.BuilderException: Error parsing Mapper XML. The XML location is 'file [/home/yuan/Desktop/bishe-main/target/classes/mapper/ArticleTypeMapper.xml]'. Cause: org.apache.ibatis.builder.BuilderException: Error resolving class. Cause: org.apache.ibatis.type.TypeException: Could not resolve type alias 'com.project.demo.entity.ArticleType'.  Cause: java.lang.ClassNotFoundException: Cannot find class: com.project.demo.entity.ArticleType
	at org.springframework.beans.factory.support.ConstructorResolver.instantiate(ConstructorResolver.java:656) ~[spring-beans-5.2.4.RELEASE.jar:5.2.4.RELEASE]
	at org.springframework.beans.factory.support.ConstructorResolver.instantiateUsingFactoryMethod(ConstructorResolver.java:636) ~[spring-beans-5.2.4.RELEASE.jar:5.2.4.RELEASE]
	at org.springframework.beans.factory.support.AbstractAutowireCapableBeanFactory.instantiateUsingFactoryMethod(AbstractAutowireCapableBeanFactory.java:1338) ~[spring-beans-5.2.4.RELEASE.jar:5.2.4.RELEASE]
	at org.springframework.beans.factory.support.AbstractAutowireCapableBeanFactory.createBeanInstance(AbstractAutowireCapableBeanFactory.java:1177) ~[spring-beans-5.2.4.RELEASE.jar:5.2.4.RELEASE]
	at org.springframework.beans.factory.support.AbstractAutowireCapableBeanFactory.doCreateBean(AbstractAutowireCapableBeanFactory.java:557) ~[spring-beans-5.2.4.RELEASE.jar:5.2.4.RELEASE]
	at org.springframework.beans.factory.support.AbstractAutowireCapableBeanFactory.createBean(AbstractAutowireCapableBeanFactory.java:517) ~[spring-beans-5.2.4.RELEASE.jar:5.2.4.RELEASE]
	at org.springframework.beans.factory.support.AbstractBeanFactory.lambda$doGetBean$0(AbstractBeanFactory.java:323) ~[spring-beans-5.2.4.RELEASE.jar:5.2.4.RELEASE]
	at org.springframework.beans.factory.support.DefaultSingletonBeanRegistry.getSingleton(DefaultSingletonBeanRegistry.java:222) ~[spring-beans-5.2.4.RELEASE.jar:5.2.4.RELEASE]
	at org.springframework.beans.factory.support.AbstractBeanFactory.doGetBean(AbstractBeanFactory.java:321) ~[spring-beans-5.2.4.RELEASE.jar:5.2.4.RELEASE]
	at org.springframework.beans.factory.support.AbstractBeanFactory.getBean(AbstractBeanFactory.java:202) ~[spring-beans-5.2.4.RELEASE.jar:5.2.4.RELEASE]
	at org.springframework.beans.factory.config.DependencyDescriptor.resolveCandidate(DependencyDescriptor.java:276) ~[spring-beans-5.2.4.RELEASE.jar:5.2.4.RELEASE]
	at org.springframework.beans.factory.support.DefaultListableBeanFactory.doResolveDependency(DefaultListableBeanFactory.java:1287) ~[spring-beans-5.2.4.RELEASE.jar:5.2.4.RELEASE]
	at org.springframework.beans.factory.support.DefaultListableBeanFactory.resolveDependency(DefaultListableBeanFactory.java:1207) ~[spring-beans-5.2.4.RELEASE.jar:5.2.4.RELEASE]
	at org.springframework.beans.factory.support.AbstractAutowireCapableBeanFactory.autowireByType(AbstractAutowireCapableBeanFactory.java:1511) ~[spring-beans-5.2.4.RELEASE.jar:5.2.4.RELEASE]
	at org.springframework.beans.factory.support.AbstractAutowireCapableBeanFactory.populateBean(AbstractAutowireCapableBeanFactory.java:1406) ~[spring-beans-5.2.4.RELEASE.jar:5.2.4.RELEASE]
	at org.springframework.beans.factory.support.AbstractAutowireCapableBeanFactory.doCreateBean(AbstractAutowireCapableBeanFactory.java:594) ~[spring-beans-5.2.4.RELEASE.jar:5.2.4.RELEASE]
	at org.springframework.beans.factory.support.AbstractAutowireCapableBeanFactory.createBean(AbstractAutowireCapableBeanFactory.java:517) ~[spring-beans-5.2.4.RELEASE.jar:5.2.4.RELEASE]
	at org.springframework.beans.factory.support.AbstractBeanFactory.lambda$doGetBean$0(AbstractBeanFactory.java:323) ~[spring-beans-5.2.4.RELEASE.jar:5.2.4.RELEASE]
	at org.springframework.beans.factory.support.DefaultSingletonBeanRegistry.getSingleton(DefaultSingletonBeanRegistry.java:222) ~[spring-beans-5.2.4.RELEASE.jar:5.2.4.RELEASE]
	at org.springframework.beans.factory.support.AbstractBeanFactory.doGetBean(AbstractBeanFactory.java:321) ~[spring-beans-5.2.4.RELEASE.jar:5.2.4.RELEASE]
	at org.springframework.beans.factory.support.AbstractBeanFactory.getBean(AbstractBeanFactory.java:202) ~[spring-beans-5.2.4.RELEASE.jar:5.2.4.RELEASE]
	at org.springframework.beans.factory.config.DependencyDescriptor.resolveCandidate(DependencyDescriptor.java:276) ~[spring-beans-5.2.4.RELEASE.jar:5.2.4.RELEASE]
	at org.springframework.beans.factory.support.DefaultListableBeanFactory.doResolveDependency(DefaultListableBeanFactory.java:1287) ~[spring-beans-5.2.4.RELEASE.jar:5.2.4.RELEASE]
	at org.springframework.beans.factory.support.DefaultListableBeanFactory.resolveDependency(DefaultListableBeanFactory.java:1207) ~[spring-beans-5.2.4.RELEASE.jar:5.2.4.RELEASE]
	at org.springframework.beans.factory.annotation.AutowiredAnnotationBeanPostProcessor$AutowiredFieldElement.inject(AutowiredAnnotationBeanPostProcessor.java:640) ~[spring-beans-5.2.4.RELEASE.jar:5.2.4.RELEASE]
	at org.springframework.beans.factory.annotation.InjectionMetadata.inject(InjectionMetadata.java:130) ~[spring-beans-5.2.4.RELEASE.jar:5.2.4.RELEASE]
	at org.springframework.beans.factory.annotation.AutowiredAnnotationBeanPostProcessor.postProcessProperties(AutowiredAnnotationBeanPostProcessor.java:399) ~[spring-beans-5.2.4.RELEASE.jar:5.2.4.RELEASE]
	at org.springframework.beans.factory.support.AbstractAutowireCapableBeanFactory.populateBean(AbstractAutowireCapableBeanFactory.java:1422) ~[spring-beans-5.2.4.RELEASE.jar:5.2.4.RELEASE]
	at org.springframework.beans.factory.support.AbstractAutowireCapableBeanFactory.doCreateBean(AbstractAutowireCapableBeanFactory.java:594) ~[spring-beans-5.2.4.RELEASE.jar:5.2.4.RELEASE]
	at org.springframework.beans.factory.support.AbstractAutowireCapableBeanFactory.createBean(AbstractAutowireCapableBeanFactory.java:517) ~[spring-beans-5.2.4.RELEASE.jar:5.2.4.RELEASE]
	at org.springframework.beans.factory.support.AbstractBeanFactory.lambda$doGetBean$0(AbstractBeanFactory.java:323) ~[spring-beans-5.2.4.RELEASE.jar:5.2.4.RELEASE]
	at org.springframework.beans.factory.support.DefaultSingletonBeanRegistry.getSingleton(DefaultSingletonBeanRegistry.java:222) ~[spring-beans-5.2.4.RELEASE.jar:5.2.4.RELEASE]
	at org.springframework.beans.factory.support.AbstractBeanFactory.doGetBean(AbstractBeanFactory.java:321) ~[spring-beans-5.2.4.RELEASE.jar:5.2.4.RELEASE]
	at org.springframework.beans.factory.support.AbstractBeanFactory.getBean(AbstractBeanFactory.java:202) ~[spring-beans-5.2.4.RELEASE.jar:5.2.4.RELEASE]
	at org.springframework.beans.factory.config.DependencyDescriptor.resolveCandidate(DependencyDescriptor.java:276) ~[spring-beans-5.2.4.RELEASE.jar:5.2.4.RELEASE]
	at org.springframework.beans.factory.support.DefaultListableBeanFactory.doResolveDependency(DefaultListableBeanFactory.java:1287) ~[spring-beans-5.2.4.RELEASE.jar:5.2.4.RELEASE]
	at org.springframework.beans.factory.support.DefaultListableBeanFactory.resolveDependency(DefaultListableBeanFactory.java:1207) ~[spring-beans-5.2.4.RELEASE.jar:5.2.4.RELEASE]
	at org.springframework.beans.factory.support.ConstructorResolver.resolveAutowiredArgument(ConstructorResolver.java:885) ~[spring-beans-5.2.4.RELEASE.jar:5.2.4.RELEASE]
	at org.springframework.beans.factory.support.ConstructorResolver.createArgumentArray(ConstructorResolver.java:789) ~[spring-beans-5.2.4.RELEASE.jar:5.2.4.RELEASE]
	... 24 more
Caused by: org.springframework.beans.BeanInstantiationException: Failed to instantiate [org.apache.ibatis.session.SqlSessionFactory]: Factory method 'sqlSessionFactory' threw exception; nested exception is org.springframework.core.NestedIOException: Failed to parse mapping resource: 'file [/home/yuan/Desktop/bishe-main/target/classes/mapper/ArticleTypeMapper.xml]'; nested exception is org.apache.ibatis.builder.BuilderException: Error parsing Mapper XML. The XML location is 'file [/home/yuan/Desktop/bishe-main/target/classes/mapper/ArticleTypeMapper.xml]'. Cause: org.apache.ibatis.builder.BuilderException: Error resolving class. Cause: org.apache.ibatis.type.TypeException: Could not resolve type alias 'com.project.demo.entity.ArticleType'.  Cause: java.lang.ClassNotFoundException: Cannot find class: com.project.demo.entity.ArticleType
	at org.springframework.beans.factory.support.SimpleInstantiationStrategy.instantiate(SimpleInstantiationStrategy.java:185) ~[spring-beans-5.2.4.RELEASE.jar:5.2.4.RELEASE]
	at org.springframework.beans.factory.support.ConstructorResolver.instantiate(ConstructorResolver.java:651) ~[spring-beans-5.2.4.RELEASE.jar:5.2.4.RELEASE]
	at org.springframework.beans.factory.support.ConstructorResolver.instantiateUsingFactoryMethod(ConstructorResolver.java:636) ~[spring-beans-5.2.4.RELEASE.jar:5.2.4.RELEASE]
	at org.springframework.beans.factory.support.AbstractAutowireCapableBeanFactory.instantiateUsingFactoryMethod(AbstractAutowireCapableBeanFactory.java:1338) ~[spring-beans-5.2.4.RELEASE.jar:5.2.4.RELEASE]
	at org.springframework.beans.factory.support.AbstractAutowireCapableBeanFactory.createBeanInstance(AbstractAutowireCapableBeanFactory.java:1177) ~[spring-beans-5.2.4.RELEASE.jar:5.2.4.RELEASE]
	at org.springframework.beans.factory.support.AbstractAutowireCapableBeanFactory.doCreateBean(AbstractAutowireCapableBeanFactory.java:557) ~[spring-beans-5.2.4.RELEASE.jar:5.2.4.RELEASE]
	at org.springframework.beans.factory.support.AbstractAutowireCapableBeanFactory.createBean(AbstractAutowireCapableBeanFactory.java:517) ~[spring-beans-5.2.4.RELEASE.jar:5.2.4.RELEASE]
	at org.springframework.beans.factory.support.AbstractBeanFactory.lambda$doGetBean$0(AbstractBeanFactory.java:323) ~[spring-beans-5.2.4.RELEASE.jar:5.2.4.RELEASE]
	at org.springframework.beans.factory.support.DefaultSingletonBeanRegistry.getSingleton(DefaultSingletonBeanRegistry.java:222) ~[spring-beans-5.2.4.RELEASE.jar:5.2.4.RELEASE]
	at org.springframework.beans.factory.support.AbstractBeanFactory.doGetBean(AbstractBeanFactory.java:321) ~[spring-beans-5.2.4.RELEASE.jar:5.2.4.RELEASE]
	at org.springframework.beans.factory.support.AbstractBeanFactory.getBean(AbstractBeanFactory.java:202) ~[spring-beans-5.2.4.RELEASE.jar:5.2.4.RELEASE]
	at org.springframework.beans.factory.config.DependencyDescriptor.resolveCandidate(DependencyDescriptor.java:276) ~[spring-beans-5.2.4.RELEASE.jar:5.2.4.RELEASE]
	at org.springframework.beans.factory.support.DefaultListableBeanFactory.doResolveDependency(DefaultListableBeanFactory.java:1287) ~[spring-beans-5.2.4.RELEASE.jar:5.2.4.RELEASE]
	at org.springframework.beans.factory.support.DefaultListableBeanFactory.resolveDependency(DefaultListableBeanFactory.java:1207) ~[spring-beans-5.2.4.RELEASE.jar:5.2.4.RELEASE]
	at org.springframework.beans.factory.support.AbstractAutowireCapableBeanFactory.autowireByType(AbstractAutowireCapableBeanFactory.java:1511) ~[spring-beans-5.2.4.RELEASE.jar:5.2.4.RELEASE]
	at org.springframework.beans.factory.support.AbstractAutowireCapableBeanFactory.populateBean(AbstractAutowireCapableBeanFactory.java:1406) ~[spring-beans-5.2.4.RELEASE.jar:5.2.4.RELEASE]
	at org.springframework.beans.factory.support.AbstractAutowireCapableBeanFactory.doCreateBean(AbstractAutowireCapableBeanFactory.java:594) ~[spring-beans-5.2.4.RELEASE.jar:5.2.4.RELEASE]
	at org.springframework.beans.factory.support.AbstractAutowireCapableBeanFactory.createBean(AbstractAutowireCapableBeanFactory.java:517) ~[spring-beans-5.2.4.RELEASE.jar:5.2.4.RELEASE]
	at org.springframework.beans.factory.support.AbstractBeanFactory.lambda$doGetBean$0(AbstractBeanFactory.java:323) ~[spring-beans-5.2.4.RELEASE.jar:5.2.4.RELEASE]
	at org.springframework.beans.factory.support.DefaultSingletonBeanRegistry.getSingleton(DefaultSingletonBeanRegistry.java:222) ~[spring-beans-5.2.4.RELEASE.jar:5.2.4.RELEASE]
	at org.springframework.beans.factory.support.AbstractBeanFactory.doGetBean(AbstractBeanFactory.java:321) ~[spring-beans-5.2.4.RELEASE.jar:5.2.4.RELEASE]
	at org.springframework.beans.factory.support.AbstractBeanFactory.getBean(AbstractBeanFactory.java:202) ~[spring-beans-5.2.4.RELEASE.jar:5.2.4.RELEASE]
	at org.springframework.beans.factory.config.DependencyDescriptor.resolveCandidate(DependencyDescriptor.java:276) ~[spring-beans-5.2.4.RELEASE.jar:5.2.4.RELEASE]
	at org.springframework.beans.factory.support.DefaultListableBeanFactory.doResolveDependency(DefaultListableBeanFactory.java:1287) ~[spring-beans-5.2.4.RELEASE.jar:5.2.4.RELEASE]
	at org.springframework.beans.factory.support.DefaultListableBeanFactory.resolveDependency(DefaultListableBeanFactory.java:1207) ~[spring-beans-5.2.4.RELEASE.jar:5.2.4.RELEASE]
	at org.springframework.beans.factory.annotation.AutowiredAnnotationBeanPostProcessor$AutowiredFieldElement.inject(AutowiredAnnotationBeanPostProcessor.java:640) ~[spring-beans-5.2.4.RELEASE.jar:5.2.4.RELEASE]
	at org.springframework.beans.factory.annotation.InjectionMetadata.inject(InjectionMetadata.java:130) ~[spring-beans-5.2.4.RELEASE.jar:5.2.4.RELEASE]
	at org.springframework.beans.factory.annotation.AutowiredAnnotationBeanPostProcessor.postProcessProperties(AutowiredAnnotationBeanPostProcessor.java:399) ~[spring-beans-5.2.4.RELEASE.jar:5.2.4.RELEASE]
	at org.springframework.beans.factory.support.AbstractAutowireCapableBeanFactory.populateBean(AbstractAutowireCapableBeanFactory.java:1422) ~[spring-beans-5.2.4.RELEASE.jar:5.2.4.RELEASE]
	at org.springframework.beans.factory.support.AbstractAutowireCapableBeanFactory.doCreateBean(AbstractAutowireCapableBeanFactory.java:594) ~[spring-beans-5.2.4.RELEASE.jar:5.2.4.RELEASE]
	at org.springframework.beans.factory.support.AbstractAutowireCapableBeanFactory.createBean(AbstractAutowireCapableBeanFactory.java:517) ~[spring-beans-5.2.4.RELEASE.jar:5.2.4.RELEASE]
	at org.springframework.beans.factory.support.AbstractBeanFactory.lambda$doGetBean$0(AbstractBeanFactory.java:323) ~[spring-beans-5.2.4.RELEASE.jar:5.2.4.RELEASE]
	at org.springframework.beans.factory.support.DefaultSingletonBeanRegistry.getSingleton(DefaultSingletonBeanRegistry.java:222) ~[spring-beans-5.2.4.RELEASE.jar:5.2.4.RELEASE]
	at org.springframework.beans.factory.support.AbstractBeanFactory.doGetBean(AbstractBeanFactory.java:321) ~[spring-beans-5.2.4.RELEASE.jar:5.2.4.RELEASE]
	at org.springframework.beans.factory.support.AbstractBeanFactory.getBean(AbstractBeanFactory.java:202) ~[spring-beans-5.2.4.RELEASE.jar:5.2.4.RELEASE]
	at org.springframework.beans.factory.config.DependencyDescriptor.resolveCandidate(DependencyDescriptor.java:276) ~[spring-beans-5.2.4.RELEASE.jar:5.2.4.RELEASE]
	at org.springframework.beans.factory.support.DefaultListableBeanFactory.doResolveDependency(DefaultListableBeanFactory.java:1287) ~[spring-beans-5.2.4.RELEASE.jar:5.2.4.RELEASE]
	at org.springframework.beans.factory.support.DefaultListableBeanFactory.resolveDependency(DefaultListableBeanFactory.java:1207) ~[spring-beans-5.2.4.RELEASE.jar:5.2.4.RELEASE]
	at org.springframework.beans.factory.support.ConstructorResolver.resolveAutowiredArgument(ConstructorResolver.java:885) ~[spring-beans-5.2.4.RELEASE.jar:5.2.4.RELEASE]
	at org.springframework.beans.factory.support.ConstructorResolver.createArgumentArray(ConstructorResolver.java:789) ~[spring-beans-5.2.4.RELEASE.jar:5.2.4.RELEASE]
	... 24 more
Caused by: org.springframework.core.NestedIOException: Failed to parse mapping resource: 'file [/home/yuan/Desktop/bishe-main/target/classes/mapper/ArticleTypeMapper.xml]'; nested exception is org.apache.ibatis.builder.BuilderException: Error parsing Mapper XML. The XML location is 'file [/home/yuan/Desktop/bishe-main/target/classes/mapper/ArticleTypeMapper.xml]'. Cause: org.apache.ibatis.builder.BuilderException: Error resolving class. Cause: org.apache.ibatis.type.TypeException: Could not resolve type alias 'com.project.demo.entity.ArticleType'.  Cause: java.lang.ClassNotFoundException: Cannot find class: com.project.demo.entity.ArticleType
	at com.baomidou.mybatisplus.extension.spring.MybatisSqlSessionFactoryBean.buildSqlSessionFactory(MybatisSqlSessionFactoryBean.java:634) ~[mybatis-plus-extension-3.0.4.jar:?]
	at com.baomidou.mybatisplus.extension.spring.MybatisSqlSessionFactoryBean.afterPropertiesSet(MybatisSqlSessionFactoryBean.java:398) ~[mybatis-plus-extension-3.0.4.jar:?]
	at com.baomidou.mybatisplus.extension.spring.MybatisSqlSessionFactoryBean.getObject(MybatisSqlSessionFactoryBean.java:687) ~[mybatis-plus-extension-3.0.4.jar:?]
	at com.baomidou.mybatisplus.autoconfigure.MybatisPlusAutoConfiguration.sqlSessionFactory(MybatisPlusAutoConfiguration.java:172) ~[mybatis-plus-boot-starter-3.0.4.jar:?]
	at com.baomidou.mybatisplus.autoconfigure.MybatisPlusAutoConfiguration$$EnhancerBySpringCGLIB$$aff18318.CGLIB$sqlSessionFactory$0(<generated>) ~[mybatis-plus-boot-starter-3.0.4.jar:?]
	at com.baomidou.mybatisplus.autoconfigure.MybatisPlusAutoConfiguration$$EnhancerBySpringCGLIB$$aff18318$$FastClassBySpringCGLIB$$7a42b116.invoke(<generated>) ~[mybatis-plus-boot-starter-3.0.4.jar:?]
	at org.springframework.cglib.proxy.MethodProxy.invokeSuper(MethodProxy.java:244) ~[spring-core-5.2.4.RELEASE.jar:5.2.4.RELEASE]
	at org.springframework.context.annotation.ConfigurationClassEnhancer$BeanMethodInterceptor.intercept(ConfigurationClassEnhancer.java:331) ~[spring-context-5.2.4.RELEASE.jar:5.2.4.RELEASE]
	at com.baomidou.mybatisplus.autoconfigure.MybatisPlusAutoConfiguration$$EnhancerBySpringCGLIB$$aff18318.sqlSessionFactory(<generated>) ~[mybatis-plus-boot-starter-3.0.4.jar:?]
	at sun.reflect.NativeMethodAccessorImpl.invoke0(Native Method) ~[?:1.8.0_461]
	at sun.reflect.NativeMethodAccessorImpl.invoke(NativeMethodAccessorImpl.java:62) ~[?:1.8.0_461]
	at sun.reflect.DelegatingMethodAccessorImpl.invoke(DelegatingMethodAccessorImpl.java:43) ~[?:1.8.0_461]
	at java.lang.reflect.Method.invoke(Method.java:498) ~[?:1.8.0_461]
	at org.springframework.beans.factory.support.SimpleInstantiationStrategy.instantiate(SimpleInstantiationStrategy.java:154) ~[spring-beans-5.2.4.RELEASE.jar:5.2.4.RELEASE]
	at org.springframework.beans.factory.support.ConstructorResolver.instantiate(ConstructorResolver.java:651) ~[spring-beans-5.2.4.RELEASE.jar:5.2.4.RELEASE]
	at org.springframework.beans.factory.support.ConstructorResolver.instantiateUsingFactoryMethod(ConstructorResolver.java:636) ~[spring-beans-5.2.4.RELEASE.jar:5.2.4.RELEASE]
	at org.springframework.beans.factory.support.AbstractAutowireCapableBeanFactory.instantiateUsingFactoryMethod(AbstractAutowireCapableBeanFactory.java:1338) ~[spring-beans-5.2.4.RELEASE.jar:5.2.4.RELEASE]
	at org.springframework.beans.factory.support.AbstractAutowireCapableBeanFactory.createBeanInstance(AbstractAutowireCapableBeanFactory.java:1177) ~[spring-beans-5.2.4.RELEASE.jar:5.2.4.RELEASE]
	at org.springframework.beans.factory.support.AbstractAutowireCapableBeanFactory.doCreateBean(AbstractAutowireCapableBeanFactory.java:557) ~[spring-beans-5.2.4.RELEASE.jar:5.2.4.RELEASE]
	at org.springframework.beans.factory.support.AbstractAutowireCapableBeanFactory.createBean(AbstractAutowireCapableBeanFactory.java:517) ~[spring-beans-5.2.4.RELEASE.jar:5.2.4.RELEASE]
	at org.springframework.beans.factory.support.AbstractBeanFactory.lambda$doGetBean$0(AbstractBeanFactory.java:323) ~[spring-beans-5.2.4.RELEASE.jar:5.2.4.RELEASE]
	at org.springframework.beans.factory.support.DefaultSingletonBeanRegistry.getSingleton(DefaultSingletonBeanRegistry.java:222) ~[spring-beans-5.2.4.RELEASE.jar:5.2.4.RELEASE]
	at org.springframework.beans.factory.support.AbstractBeanFactory.doGetBean(AbstractBeanFactory.java:321) ~[spring-beans-5.2.4.RELEASE.jar:5.2.4.RELEASE]
	at org.springframework.beans.factory.support.AbstractBeanFactory.getBean(AbstractBeanFactory.java:202) ~[spring-beans-5.2.4.RELEASE.jar:5.2.4.RELEASE]
	at org.springframework.beans.factory.config.DependencyDescriptor.resolveCandidate(DependencyDescriptor.java:276) ~[spring-beans-5.2.4.RELEASE.jar:5.2.4.RELEASE]
	at org.springframework.beans.factory.support.DefaultListableBeanFactory.doResolveDependency(DefaultListableBeanFactory.java:1287) ~[spring-beans-5.2.4.RELEASE.jar:5.2.4.RELEASE]
	at org.springframework.beans.factory.support.DefaultListableBeanFactory.resolveDependency(DefaultListableBeanFactory.java:1207) ~[spring-beans-5.2.4.RELEASE.jar:5.2.4.RELEASE]
	at org.springframework.beans.factory.support.AbstractAutowireCapableBeanFactory.autowireByType(AbstractAutowireCapableBeanFactory.java:1511) ~[spring-beans-5.2.4.RELEASE.jar:5.2.4.RELEASE]
	at org.springframework.beans.factory.support.AbstractAutowireCapableBeanFactory.populateBean(AbstractAutowireCapableBeanFactory.java:1406) ~[spring-beans-5.2.4.RELEASE.jar:5.2.4.RELEASE]
	at org.springframework.beans.factory.support.AbstractAutowireCapableBeanFactory.doCreateBean(AbstractAutowireCapableBeanFactory.java:594) ~[spring-beans-5.2.4.RELEASE.jar:5.2.4.RELEASE]
	at org.springframework.beans.factory.support.AbstractAutowireCapableBeanFactory.createBean(AbstractAutowireCapableBeanFactory.java:517) ~[spring-beans-5.2.4.RELEASE.jar:5.2.4.RELEASE]
	at org.springframework.beans.factory.support.AbstractBeanFactory.lambda$doGetBean$0(AbstractBeanFactory.java:323) ~[spring-beans-5.2.4.RELEASE.jar:5.2.4.RELEASE]
	at org.springframework.beans.factory.support.DefaultSingletonBeanRegistry.getSingleton(DefaultSingletonBeanRegistry.java:222) ~[spring-beans-5.2.4.RELEASE.jar:5.2.4.RELEASE]
	at org.springframework.beans.factory.support.AbstractBeanFactory.doGetBean(AbstractBeanFactory.java:321) ~[spring-beans-5.2.4.RELEASE.jar:5.2.4.RELEASE]
	at org.springframework.beans.factory.support.AbstractBeanFactory.getBean(AbstractBeanFactory.java:202) ~[spring-beans-5.2.4.RELEASE.jar:5.2.4.RELEASE]
	at org.springframework.beans.factory.config.DependencyDescriptor.resolveCandidate(DependencyDescriptor.java:276) ~[spring-beans-5.2.4.RELEASE.jar:5.2.4.RELEASE]
	at org.springframework.beans.factory.support.DefaultListableBeanFactory.doResolveDependency(DefaultListableBeanFactory.java:1287) ~[spring-beans-5.2.4.RELEASE.jar:5.2.4.RELEASE]
	at org.springframework.beans.factory.support.DefaultListableBeanFactory.resolveDependency(DefaultListableBeanFactory.java:1207) ~[spring-beans-5.2.4.RELEASE.jar:5.2.4.RELEASE]
	at org.springframework.beans.factory.annotation.AutowiredAnnotationBeanPostProcessor$AutowiredFieldElement.inject(AutowiredAnnotationBeanPostProcessor.java:640) ~[spring-beans-5.2.4.RELEASE.jar:5.2.4.RELEASE]
	at org.springframework.beans.factory.annotation.InjectionMetadata.inject(InjectionMetadata.java:130) ~[spring-beans-5.2.4.RELEASE.jar:5.2.4.RELEASE]
	at org.springframework.beans.factory.annotation.AutowiredAnnotationBeanPostProcessor.postProcessProperties(AutowiredAnnotationBeanPostProcessor.java:399) ~[spring-beans-5.2.4.RELEASE.jar:5.2.4.RELEASE]
	at org.springframework.beans.factory.support.AbstractAutowireCapableBeanFactory.populateBean(AbstractAutowireCapableBeanFactory.java:1422) ~[spring-beans-5.2.4.RELEASE.jar:5.2.4.RELEASE]
	at org.springframework.beans.factory.support.AbstractAutowireCapableBeanFactory.doCreateBean(AbstractAutowireCapableBeanFactory.java:594) ~[spring-beans-5.2.4.RELEASE.jar:5.2.4.RELEASE]
	at org.springframework.beans.factory.support.AbstractAutowireCapableBeanFactory.createBean(AbstractAutowireCapableBeanFactory.java:517) ~[spring-beans-5.2.4.RELEASE.jar:5.2.4.RELEASE]
	at org.springframework.beans.factory.support.AbstractBeanFactory.lambda$doGetBean$0(AbstractBeanFactory.java:323) ~[spring-beans-5.2.4.RELEASE.jar:5.2.4.RELEASE]
	at org.springframework.beans.factory.support.DefaultSingletonBeanRegistry.getSingleton(DefaultSingletonBeanRegistry.java:222) ~[spring-beans-5.2.4.RELEASE.jar:5.2.4.RELEASE]
	at org.springframework.beans.factory.support.AbstractBeanFactory.doGetBean(AbstractBeanFactory.java:321) ~[spring-beans-5.2.4.RELEASE.jar:5.2.4.RELEASE]
	at org.springframework.beans.factory.support.AbstractBeanFactory.getBean(AbstractBeanFactory.java:202) ~[spring-beans-5.2.4.RELEASE.jar:5.2.4.RELEASE]
	at org.springframework.beans.factory.config.DependencyDescriptor.resolveCandidate(DependencyDescriptor.java:276) ~[spring-beans-5.2.4.RELEASE.jar:5.2.4.RELEASE]
	at org.springframework.beans.factory.support.DefaultListableBeanFactory.doResolveDependency(DefaultListableBeanFactory.java:1287) ~[spring-beans-5.2.4.RELEASE.jar:5.2.4.RELEASE]
	at org.springframework.beans.factory.support.DefaultListableBeanFactory.resolveDependency(DefaultListableBeanFactory.java:1207) ~[spring-beans-5.2.4.RELEASE.jar:5.2.4.RELEASE]
	at org.springframework.beans.factory.support.ConstructorResolver.resolveAutowiredArgument(ConstructorResolver.java:885) ~[spring-beans-5.2.4.RELEASE.jar:5.2.4.RELEASE]
	at org.springframework.beans.factory.support.ConstructorResolver.createArgumentArray(ConstructorResolver.java:789) ~[spring-beans-5.2.4.RELEASE.jar:5.2.4.RELEASE]
	... 24 more
Caused by: org.apache.ibatis.builder.BuilderException: Error parsing Mapper XML. The XML location is 'file [/home/yuan/Desktop/bishe-main/target/classes/mapper/ArticleTypeMapper.xml]'. Cause: org.apache.ibatis.builder.BuilderException: Error resolving class. Cause: org.apache.ibatis.type.TypeException: Could not resolve type alias 'com.project.demo.entity.ArticleType'.  Cause: java.lang.ClassNotFoundException: Cannot find class: com.project.demo.entity.ArticleType
	at org.apache.ibatis.builder.xml.XMLMapperBuilder.configurationElement(XMLMapperBuilder.java:120) ~[mybatis-3.4.6.jar:3.4.6]
	at org.apache.ibatis.builder.xml.XMLMapperBuilder.parse(XMLMapperBuilder.java:92) ~[mybatis-3.4.6.jar:3.4.6]
	at com.baomidou.mybatisplus.extension.spring.MybatisSqlSessionFactoryBean.buildSqlSessionFactory(MybatisSqlSessionFactoryBean.java:632) ~[mybatis-plus-extension-3.0.4.jar:?]
	at com.baomidou.mybatisplus.extension.spring.MybatisSqlSessionFactoryBean.afterPropertiesSet(MybatisSqlSessionFactoryBean.java:398) ~[mybatis-plus-extension-3.0.4.jar:?]
	at com.baomidou.mybatisplus.extension.spring.MybatisSqlSessionFactoryBean.getObject(MybatisSqlSessionFactoryBean.java:687) ~[mybatis-plus-extension-3.0.4.jar:?]
	at com.baomidou.mybatisplus.autoconfigure.MybatisPlusAutoConfiguration.sqlSessionFactory(MybatisPlusAutoConfiguration.java:172) ~[mybatis-plus-boot-starter-3.0.4.jar:?]
	at com.baomidou.mybatisplus.autoconfigure.MybatisPlusAutoConfiguration$$EnhancerBySpringCGLIB$$aff18318.CGLIB$sqlSessionFactory$0(<generated>) ~[mybatis-plus-boot-starter-3.0.4.jar:?]
	at com.baomidou.mybatisplus.autoconfigure.MybatisPlusAutoConfiguration$$EnhancerBySpringCGLIB$$aff18318$$FastClassBySpringCGLIB$$7a42b116.invoke(<generated>) ~[mybatis-plus-boot-starter-3.0.4.jar:?]
	at org.springframework.cglib.proxy.MethodProxy.invokeSuper(MethodProxy.java:244) ~[spring-core-5.2.4.RELEASE.jar:5.2.4.RELEASE]
	at org.springframework.context.annotation.ConfigurationClassEnhancer$BeanMethodInterceptor.intercept(ConfigurationClassEnhancer.java:331) ~[spring-context-5.2.4.RELEASE.jar:5.2.4.RELEASE]
	at com.baomidou.mybatisplus.autoconfigure.MybatisPlusAutoConfiguration$$EnhancerBySpringCGLIB$$aff18318.sqlSessionFactory(<generated>) ~[mybatis-plus-boot-starter-3.0.4.jar:?]
	at sun.reflect.NativeMethodAccessorImpl.invoke0(Native Method) ~[?:1.8.0_461]
	at sun.reflect.NativeMethodAccessorImpl.invoke(NativeMethodAccessorImpl.java:62) ~[?:1.8.0_461]
	at sun.reflect.DelegatingMethodAccessorImpl.invoke(DelegatingMethodAccessorImpl.java:43) ~[?:1.8.0_461]
	at java.lang.reflect.Method.invoke(Method.java:498) ~[?:1.8.0_461]
	at org.springframework.beans.factory.support.SimpleInstantiationStrategy.instantiate(SimpleInstantiationStrategy.java:154) ~[spring-beans-5.2.4.RELEASE.jar:5.2.4.RELEASE]
	at org.springframework.beans.factory.support.ConstructorResolver.instantiate(ConstructorResolver.java:651) ~[spring-beans-5.2.4.RELEASE.jar:5.2.4.RELEASE]
	at org.springframework.beans.factory.support.ConstructorResolver.instantiateUsingFactoryMethod(ConstructorResolver.java:636) ~[spring-beans-5.2.4.RELEASE.jar:5.2.4.RELEASE]
	at org.springframework.beans.factory.support.AbstractAutowireCapableBeanFactory.instantiateUsingFactoryMethod(AbstractAutowireCapableBeanFactory.java:1338) ~[spring-beans-5.2.4.RELEASE.jar:5.2.4.RELEASE]
	at org.springframework.beans.factory.support.AbstractAutowireCapableBeanFactory.createBeanInstance(AbstractAutowireCapableBeanFactory.java:1177) ~[spring-beans-5.2.4.RELEASE.jar:5.2.4.RELEASE]
	at org.springframework.beans.factory.support.AbstractAutowireCapableBeanFactory.doCreateBean(AbstractAutowireCapableBeanFactory.java:557) ~[spring-beans-5.2.4.RELEASE.jar:5.2.4.RELEASE]
	at org.springframework.beans.factory.support.AbstractAutowireCapableBeanFactory.createBean(AbstractAutowireCapableBeanFactory.java:517) ~[spring-beans-5.2.4.RELEASE.jar:5.2.4.RELEASE]
	at org.springframework.beans.factory.support.AbstractBeanFactory.lambda$doGetBean$0(AbstractBeanFactory.java:323) ~[spring-beans-5.2.4.RELEASE.jar:5.2.4.RELEASE]
	at org.springframework.beans.factory.support.DefaultSingletonBeanRegistry.getSingleton(DefaultSingletonBeanRegistry.java:222) ~[spring-beans-5.2.4.RELEASE.jar:5.2.4.RELEASE]
	at org.springframework.beans.factory.support.AbstractBeanFactory.doGetBean(AbstractBeanFactory.java:321) ~[spring-beans-5.2.4.RELEASE.jar:5.2.4.RELEASE]
	at org.springframework.beans.factory.support.AbstractBeanFactory.getBean(AbstractBeanFactory.java:202) ~[spring-beans-5.2.4.RELEASE.jar:5.2.4.RELEASE]
	at org.springframework.beans.factory.config.DependencyDescriptor.resolveCandidate(DependencyDescriptor.java:276) ~[spring-beans-5.2.4.RELEASE.jar:5.2.4.RELEASE]
	at org.springframework.beans.factory.support.DefaultListableBeanFactory.doResolveDependency(DefaultListableBeanFactory.java:1287) ~[spring-beans-5.2.4.RELEASE.jar:5.2.4.RELEASE]
	at org.springframework.beans.factory.support.DefaultListableBeanFactory.resolveDependency(DefaultListableBeanFactory.java:1207) ~[spring-beans-5.2.4.RELEASE.jar:5.2.4.RELEASE]
	at org.springframework.beans.factory.support.AbstractAutowireCapableBeanFactory.autowireByType(AbstractAutowireCapableBeanFactory.java:1511) ~[spring-beans-5.2.4.RELEASE.jar:5.2.4.RELEASE]
	at org.springframework.beans.factory.support.AbstractAutowireCapableBeanFactory.populateBean(AbstractAutowireCapableBeanFactory.java:1406) ~[spring-beans-5.2.4.RELEASE.jar:5.2.4.RELEASE]
	at org.springframework.beans.factory.support.AbstractAutowireCapableBeanFactory.doCreateBean(AbstractAutowireCapableBeanFactory.java:594) ~[spring-beans-5.2.4.RELEASE.jar:5.2.4.RELEASE]
	at org.springframework.beans.factory.support.AbstractAutowireCapableBeanFactory.createBean(AbstractAutowireCapableBeanFactory.java:517) ~[spring-beans-5.2.4.RELEASE.jar:5.2.4.RELEASE]
	at org.springframework.beans.factory.support.AbstractBeanFactory.lambda$doGetBean$0(AbstractBeanFactory.java:323) ~[spring-beans-5.2.4.RELEASE.jar:5.2.4.RELEASE]
	at org.springframework.beans.factory.support.DefaultSingletonBeanRegistry.getSingleton(DefaultSingletonBeanRegistry.java:222) ~[spring-beans-5.2.4.RELEASE.jar:5.2.4.RELEASE]
	at org.springframework.beans.factory.support.AbstractBeanFactory.doGetBean(AbstractBeanFactory.java:321) ~[spring-beans-5.2.4.RELEASE.jar:5.2.4.RELEASE]
	at org.springframework.beans.factory.support.AbstractBeanFactory.getBean(AbstractBeanFactory.java:202) ~[spring-beans-5.2.4.RELEASE.jar:5.2.4.RELEASE]
	at org.springframework.beans.factory.config.DependencyDescriptor.resolveCandidate(DependencyDescriptor.java:276) ~[spring-beans-5.2.4.RELEASE.jar:5.2.4.RELEASE]
	at org.springframework.beans.factory.support.DefaultListableBeanFactory.doResolveDependency(DefaultListableBeanFactory.java:1287) ~[spring-beans-5.2.4.RELEASE.jar:5.2.4.RELEASE]
	at org.springframework.beans.factory.support.DefaultListableBeanFactory.resolveDependency(DefaultListableBeanFactory.java:1207) ~[spring-beans-5.2.4.RELEASE.jar:5.2.4.RELEASE]
	at org.springframework.beans.factory.annotation.AutowiredAnnotationBeanPostProcessor$AutowiredFieldElement.inject(AutowiredAnnotationBeanPostProcessor.java:640) ~[spring-beans-5.2.4.RELEASE.jar:5.2.4.RELEASE]
	at org.springframework.beans.factory.annotation.InjectionMetadata.inject(InjectionMetadata.java:130) ~[spring-beans-5.2.4.RELEASE.jar:5.2.4.RELEASE]
	at org.springframework.beans.factory.annotation.AutowiredAnnotationBeanPostProcessor.postProcessProperties(AutowiredAnnotationBeanPostProcessor.java:399) ~[spring-beans-5.2.4.RELEASE.jar:5.2.4.RELEASE]
	at org.springframework.beans.factory.support.AbstractAutowireCapableBeanFactory.populateBean(AbstractAutowireCapableBeanFactory.java:1422) ~[spring-beans-5.2.4.RELEASE.jar:5.2.4.RELEASE]
	at org.springframework.beans.factory.support.AbstractAutowireCapableBeanFactory.doCreateBean(AbstractAutowireCapableBeanFactory.java:594) ~[spring-beans-5.2.4.RELEASE.jar:5.2.4.RELEASE]
	at org.springframework.beans.factory.support.AbstractAutowireCapableBeanFactory.createBean(AbstractAutowireCapableBeanFactory.java:517) ~[spring-beans-5.2.4.RELEASE.jar:5.2.4.RELEASE]
	at org.springframework.beans.factory.support.AbstractBeanFactory.lambda$doGetBean$0(AbstractBeanFactory.java:323) ~[spring-beans-5.2.4.RELEASE.jar:5.2.4.RELEASE]
	at org.springframework.beans.factory.support.DefaultSingletonBeanRegistry.getSingleton(DefaultSingletonBeanRegistry.java:222) ~[spring-beans-5.2.4.RELEASE.jar:5.2.4.RELEASE]
	at org.springframework.beans.factory.support.AbstractBeanFactory.doGetBean(AbstractBeanFactory.java:321) ~[spring-beans-5.2.4.RELEASE.jar:5.2.4.RELEASE]
	at org.springframework.beans.factory.support.AbstractBeanFactory.getBean(AbstractBeanFactory.java:202) ~[spring-beans-5.2.4.RELEASE.jar:5.2.4.RELEASE]
	at org.springframework.beans.factory.config.DependencyDescriptor.resolveCandidate(DependencyDescriptor.java:276) ~[spring-beans-5.2.4.RELEASE.jar:5.2.4.RELEASE]
	at org.springframework.beans.factory.support.DefaultListableBeanFactory.doResolveDependency(DefaultListableBeanFactory.java:1287) ~[spring-beans-5.2.4.RELEASE.jar:5.2.4.RELEASE]
	at org.springframework.beans.factory.support.DefaultListableBeanFactory.resolveDependency(DefaultListableBeanFactory.java:1207) ~[spring-beans-5.2.4.RELEASE.jar:5.2.4.RELEASE]
	at org.springframework.beans.factory.support.ConstructorResolver.resolveAutowiredArgument(ConstructorResolver.java:885) ~[spring-beans-5.2.4.RELEASE.jar:5.2.4.RELEASE]
	at org.springframework.beans.factory.support.ConstructorResolver.createArgumentArray(ConstructorResolver.java:789) ~[spring-beans-5.2.4.RELEASE.jar:5.2.4.RELEASE]
	... 24 more
Caused by: org.apache.ibatis.builder.BuilderException: Error resolving class. Cause: org.apache.ibatis.type.TypeException: Could not resolve type alias 'com.project.demo.entity.ArticleType'.  Cause: java.lang.ClassNotFoundException: Cannot find class: com.project.demo.entity.ArticleType
	at org.apache.ibatis.builder.BaseBuilder.resolveClass(BaseBuilder.java:118) ~[mybatis-3.4.6.jar:3.4.6]
	at org.apache.ibatis.builder.xml.XMLMapperBuilder.resultMapElement(XMLMapperBuilder.java:265) ~[mybatis-3.4.6.jar:3.4.6]
	at org.apache.ibatis.builder.xml.XMLMapperBuilder.resultMapElement(XMLMapperBuilder.java:252) ~[mybatis-3.4.6.jar:3.4.6]
	at org.apache.ibatis.builder.xml.XMLMapperBuilder.resultMapElements(XMLMapperBuilder.java:244) ~[mybatis-3.4.6.jar:3.4.6]
	at org.apache.ibatis.builder.xml.XMLMapperBuilder.configurationElement(XMLMapperBuilder.java:116) ~[mybatis-3.4.6.jar:3.4.6]
	at org.apache.ibatis.builder.xml.XMLMapperBuilder.parse(XMLMapperBuilder.java:92) ~[mybatis-3.4.6.jar:3.4.6]
	at com.baomidou.mybatisplus.extension.spring.MybatisSqlSessionFactoryBean.buildSqlSessionFactory(MybatisSqlSessionFactoryBean.java:632) ~[mybatis-plus-extension-3.0.4.jar:?]
	at com.baomidou.mybatisplus.extension.spring.MybatisSqlSessionFactoryBean.afterPropertiesSet(MybatisSqlSessionFactoryBean.java:398) ~[mybatis-plus-extension-3.0.4.jar:?]
	at com.baomidou.mybatisplus.extension.spring.MybatisSqlSessionFactoryBean.getObject(MybatisSqlSessionFactoryBean.java:687) ~[mybatis-plus-extension-3.0.4.jar:?]
	at com.baomidou.mybatisplus.autoconfigure.MybatisPlusAutoConfiguration.sqlSessionFactory(MybatisPlusAutoConfiguration.java:172) ~[mybatis-plus-boot-starter-3.0.4.jar:?]
	at com.baomidou.mybatisplus.autoconfigure.MybatisPlusAutoConfiguration$$EnhancerBySpringCGLIB$$aff18318.CGLIB$sqlSessionFactory$0(<generated>) ~[mybatis-plus-boot-starter-3.0.4.jar:?]
	at com.baomidou.mybatisplus.autoconfigure.MybatisPlusAutoConfiguration$$EnhancerBySpringCGLIB$$aff18318$$FastClassBySpringCGLIB$$7a42b116.invoke(<generated>) ~[mybatis-plus-boot-starter-3.0.4.jar:?]
	at org.springframework.cglib.proxy.MethodProxy.invokeSuper(MethodProxy.java:244) ~[spring-core-5.2.4.RELEASE.jar:5.2.4.RELEASE]
	at org.springframework.context.annotation.ConfigurationClassEnhancer$BeanMethodInterceptor.intercept(ConfigurationClassEnhancer.java:331) ~[spring-context-5.2.4.RELEASE.jar:5.2.4.RELEASE]
	at com.baomidou.mybatisplus.autoconfigure.MybatisPlusAutoConfiguration$$EnhancerBySpringCGLIB$$aff18318.sqlSessionFactory(<generated>) ~[mybatis-plus-boot-starter-3.0.4.jar:?]
	at sun.reflect.NativeMethodAccessorImpl.invoke0(Native Method) ~[?:1.8.0_461]
	at sun.reflect.NativeMethodAccessorImpl.invoke(NativeMethodAccessorImpl.java:62) ~[?:1.8.0_461]
	at sun.reflect.DelegatingMethodAccessorImpl.invoke(DelegatingMethodAccessorImpl.java:43) ~[?:1.8.0_461]
	at java.lang.reflect.Method.invoke(Method.java:498) ~[?:1.8.0_461]
	at org.springframework.beans.factory.support.SimpleInstantiationStrategy.instantiate(SimpleInstantiationStrategy.java:154) ~[spring-beans-5.2.4.RELEASE.jar:5.2.4.RELEASE]
	at org.springframework.beans.factory.support.ConstructorResolver.instantiate(ConstructorResolver.java:651) ~[spring-beans-5.2.4.RELEASE.jar:5.2.4.RELEASE]
	at org.springframework.beans.factory.support.ConstructorResolver.instantiateUsingFactoryMethod(ConstructorResolver.java:636) ~[spring-beans-5.2.4.RELEASE.jar:5.2.4.RELEASE]
	at org.springframework.beans.factory.support.AbstractAutowireCapableBeanFactory.instantiateUsingFactoryMethod(AbstractAutowireCapableBeanFactory.java:1338) ~[spring-beans-5.2.4.RELEASE.jar:5.2.4.RELEASE]
	at org.springframework.beans.factory.support.AbstractAutowireCapableBeanFactory.createBeanInstance(AbstractAutowireCapableBeanFactory.java:1177) ~[spring-beans-5.2.4.RELEASE.jar:5.2.4.RELEASE]
	at org.springframework.beans.factory.support.AbstractAutowireCapableBeanFactory.doCreateBean(AbstractAutowireCapableBeanFactory.java:557) ~[spring-beans-5.2.4.RELEASE.jar:5.2.4.RELEASE]
	at org.springframework.beans.factory.support.AbstractAutowireCapableBeanFactory.createBean(AbstractAutowireCapableBeanFactory.java:517) ~[spring-beans-5.2.4.RELEASE.jar:5.2.4.RELEASE]
	at org.springframework.beans.factory.support.AbstractBeanFactory.lambda$doGetBean$0(AbstractBeanFactory.java:323) ~[spring-beans-5.2.4.RELEASE.jar:5.2.4.RELEASE]
	at org.springframework.beans.factory.support.DefaultSingletonBeanRegistry.getSingleton(DefaultSingletonBeanRegistry.java:222) ~[spring-beans-5.2.4.RELEASE.jar:5.2.4.RELEASE]
	at org.springframework.beans.factory.support.AbstractBeanFactory.doGetBean(AbstractBeanFactory.java:321) ~[spring-beans-5.2.4.RELEASE.jar:5.2.4.RELEASE]
	at org.springframework.beans.factory.support.AbstractBeanFactory.getBean(AbstractBeanFactory.java:202) ~[spring-beans-5.2.4.RELEASE.jar:5.2.4.RELEASE]
	at org.springframework.beans.factory.config.DependencyDescriptor.resolveCandidate(DependencyDescriptor.java:276) ~[spring-beans-5.2.4.RELEASE.jar:5.2.4.RELEASE]
	at org.springframework.beans.factory.support.DefaultListableBeanFactory.doResolveDependency(DefaultListableBeanFactory.java:1287) ~[spring-beans-5.2.4.RELEASE.jar:5.2.4.RELEASE]
	at org.springframework.beans.factory.support.DefaultListableBeanFactory.resolveDependency(DefaultListableBeanFactory.java:1207) ~[spring-beans-5.2.4.RELEASE.jar:5.2.4.RELEASE]
	at org.springframework.beans.factory.support.AbstractAutowireCapableBeanFactory.autowireByType(AbstractAutowireCapableBeanFactory.java:1511) ~[spring-beans-5.2.4.RELEASE.jar:5.2.4.RELEASE]
	at org.springframework.beans.factory.support.AbstractAutowireCapableBeanFactory.populateBean(AbstractAutowireCapableBeanFactory.java:1406) ~[spring-beans-5.2.4.RELEASE.jar:5.2.4.RELEASE]
	at org.springframework.beans.factory.support.AbstractAutowireCapableBeanFactory.doCreateBean(AbstractAutowireCapableBeanFactory.java:594) ~[spring-beans-5.2.4.RELEASE.jar:5.2.4.RELEASE]
	at org.springframework.beans.factory.support.AbstractAutowireCapableBeanFactory.createBean(AbstractAutowireCapableBeanFactory.java:517) ~[spring-beans-5.2.4.RELEASE.jar:5.2.4.RELEASE]
	at org.springframework.beans.factory.support.AbstractBeanFactory.lambda$doGetBean$0(AbstractBeanFactory.java:323) ~[spring-beans-5.2.4.RELEASE.jar:5.2.4.RELEASE]
	at org.springframework.beans.factory.support.DefaultSingletonBeanRegistry.getSingleton(DefaultSingletonBeanRegistry.java:222) ~[spring-beans-5.2.4.RELEASE.jar:5.2.4.RELEASE]
	at org.springframework.beans.factory.support.AbstractBeanFactory.doGetBean(AbstractBeanFactory.java:321) ~[spring-beans-5.2.4.RELEASE.jar:5.2.4.RELEASE]
	at org.springframework.beans.factory.support.AbstractBeanFactory.getBean(AbstractBeanFactory.java:202) ~[spring-beans-5.2.4.RELEASE.jar:5.2.4.RELEASE]
	at org.springframework.beans.factory.config.DependencyDescriptor.resolveCandidate(DependencyDescriptor.java:276) ~[spring-beans-5.2.4.RELEASE.jar:5.2.4.RELEASE]
	at org.springframework.beans.factory.support.DefaultListableBeanFactory.doResolveDependency(DefaultListableBeanFactory.java:1287) ~[spring-beans-5.2.4.RELEASE.jar:5.2.4.RELEASE]
	at org.springframework.beans.factory.support.DefaultListableBeanFactory.resolveDependency(DefaultListableBeanFactory.java:1207) ~[spring-beans-5.2.4.RELEASE.jar:5.2.4.RELEASE]
	at org.springframework.beans.factory.annotation.AutowiredAnnotationBeanPostProcessor$AutowiredFieldElement.inject(AutowiredAnnotationBeanPostProcessor.java:640) ~[spring-beans-5.2.4.RELEASE.jar:5.2.4.RELEASE]
	at org.springframework.beans.factory.annotation.InjectionMetadata.inject(InjectionMetadata.java:130) ~[spring-beans-5.2.4.RELEASE.jar:5.2.4.RELEASE]
	at org.springframework.beans.factory.annotation.AutowiredAnnotationBeanPostProcessor.postProcessProperties(AutowiredAnnotationBeanPostProcessor.java:399) ~[spring-beans-5.2.4.RELEASE.jar:5.2.4.RELEASE]
	at org.springframework.beans.factory.support.AbstractAutowireCapableBeanFactory.populateBean(AbstractAutowireCapableBeanFactory.java:1422) ~[spring-beans-5.2.4.RELEASE.jar:5.2.4.RELEASE]
	at org.springframework.beans.factory.support.AbstractAutowireCapableBeanFactory.doCreateBean(AbstractAutowireCapableBeanFactory.java:594) ~[spring-beans-5.2.4.RELEASE.jar:5.2.4.RELEASE]
	at org.springframework.beans.factory.support.AbstractAutowireCapableBeanFactory.createBean(AbstractAutowireCapableBeanFactory.java:517) ~[spring-beans-5.2.4.RELEASE.jar:5.2.4.RELEASE]
	at org.springframework.beans.factory.support.AbstractBeanFactory.lambda$doGetBean$0(AbstractBeanFactory.java:323) ~[spring-beans-5.2.4.RELEASE.jar:5.2.4.RELEASE]
	at org.springframework.beans.factory.support.DefaultSingletonBeanRegistry.getSingleton(DefaultSingletonBeanRegistry.java:222) ~[spring-beans-5.2.4.RELEASE.jar:5.2.4.RELEASE]
	at org.springframework.beans.factory.support.AbstractBeanFactory.doGetBean(AbstractBeanFactory.java:321) ~[spring-beans-5.2.4.RELEASE.jar:5.2.4.RELEASE]
	at org.springframework.beans.factory.support.AbstractBeanFactory.getBean(AbstractBeanFactory.java:202) ~[spring-beans-5.2.4.RELEASE.jar:5.2.4.RELEASE]
	at org.springframework.beans.factory.config.DependencyDescriptor.resolveCandidate(DependencyDescriptor.java:276) ~[spring-beans-5.2.4.RELEASE.jar:5.2.4.RELEASE]
	at org.springframework.beans.factory.support.DefaultListableBeanFactory.doResolveDependency(DefaultListableBeanFactory.java:1287) ~[spring-beans-5.2.4.RELEASE.jar:5.2.4.RELEASE]
	at org.springframework.beans.factory.support.DefaultListableBeanFactory.resolveDependency(DefaultListableBeanFactory.java:1207) ~[spring-beans-5.2.4.RELEASE.jar:5.2.4.RELEASE]
	at org.springframework.beans.factory.support.ConstructorResolver.resolveAutowiredArgument(ConstructorResolver.java:885) ~[spring-beans-5.2.4.RELEASE.jar:5.2.4.RELEASE]
	at org.springframework.beans.factory.support.ConstructorResolver.createArgumentArray(ConstructorResolver.java:789) ~[spring-beans-5.2.4.RELEASE.jar:5.2.4.RELEASE]
	... 24 more
Caused by: org.apache.ibatis.type.TypeException: Could not resolve type alias 'com.project.demo.entity.ArticleType'.  Cause: java.lang.ClassNotFoundException: Cannot find class: com.project.demo.entity.ArticleType
	at org.apache.ibatis.type.TypeAliasRegistry.resolveAlias(TypeAliasRegistry.java:120) ~[mybatis-3.4.6.jar:3.4.6]
	at org.apache.ibatis.builder.BaseBuilder.resolveAlias(BaseBuilder.java:149) ~[mybatis-3.4.6.jar:3.4.6]
	at org.apache.ibatis.builder.BaseBuilder.resolveClass(BaseBuilder.java:116) ~[mybatis-3.4.6.jar:3.4.6]
	at org.apache.ibatis.builder.xml.XMLMapperBuilder.resultMapElement(XMLMapperBuilder.java:265) ~[mybatis-3.4.6.jar:3.4.6]
	at org.apache.ibatis.builder.xml.XMLMapperBuilder.resultMapElement(XMLMapperBuilder.java:252) ~[mybatis-3.4.6.jar:3.4.6]
	at org.apache.ibatis.builder.xml.XMLMapperBuilder.resultMapElements(XMLMapperBuilder.java:244) ~[mybatis-3.4.6.jar:3.4.6]
	at org.apache.ibatis.builder.xml.XMLMapperBuilder.configurationElement(XMLMapperBuilder.java:116) ~[mybatis-3.4.6.jar:3.4.6]
	at org.apache.ibatis.builder.xml.XMLMapperBuilder.parse(XMLMapperBuilder.java:92) ~[mybatis-3.4.6.jar:3.4.6]
	at com.baomidou.mybatisplus.extension.spring.MybatisSqlSessionFactoryBean.buildSqlSessionFactory(MybatisSqlSessionFactoryBean.java:632) ~[mybatis-plus-extension-3.0.4.jar:?]
	at com.baomidou.mybatisplus.extension.spring.MybatisSqlSessionFactoryBean.afterPropertiesSet(MybatisSqlSessionFactoryBean.java:398) ~[mybatis-plus-extension-3.0.4.jar:?]
	at com.baomidou.mybatisplus.extension.spring.MybatisSqlSessionFactoryBean.getObject(MybatisSqlSessionFactoryBean.java:687) ~[mybatis-plus-extension-3.0.4.jar:?]
	at com.baomidou.mybatisplus.autoconfigure.MybatisPlusAutoConfiguration.sqlSessionFactory(MybatisPlusAutoConfiguration.java:172) ~[mybatis-plus-boot-starter-3.0.4.jar:?]
	at com.baomidou.mybatisplus.autoconfigure.MybatisPlusAutoConfiguration$$EnhancerBySpringCGLIB$$aff18318.CGLIB$sqlSessionFactory$0(<generated>) ~[mybatis-plus-boot-starter-3.0.4.jar:?]
	at com.baomidou.mybatisplus.autoconfigure.MybatisPlusAutoConfiguration$$EnhancerBySpringCGLIB$$aff18318$$FastClassBySpringCGLIB$$7a42b116.invoke(<generated>) ~[mybatis-plus-boot-starter-3.0.4.jar:?]
	at org.springframework.cglib.proxy.MethodProxy.invokeSuper(MethodProxy.java:244) ~[spring-core-5.2.4.RELEASE.jar:5.2.4.RELEASE]
	at org.springframework.context.annotation.ConfigurationClassEnhancer$BeanMethodInterceptor.intercept(ConfigurationClassEnhancer.java:331) ~[spring-context-5.2.4.RELEASE.jar:5.2.4.RELEASE]
	at com.baomidou.mybatisplus.autoconfigure.MybatisPlusAutoConfiguration$$EnhancerBySpringCGLIB$$aff18318.sqlSessionFactory(<generated>) ~[mybatis-plus-boot-starter-3.0.4.jar:?]
	at sun.reflect.NativeMethodAccessorImpl.invoke0(Native Method) ~[?:1.8.0_461]
	at sun.reflect.NativeMethodAccessorImpl.invoke(NativeMethodAccessorImpl.java:62) ~[?:1.8.0_461]
	at sun.reflect.DelegatingMethodAccessorImpl.invoke(DelegatingMethodAccessorImpl.java:43) ~[?:1.8.0_461]
	at java.lang.reflect.Method.invoke(Method.java:498) ~[?:1.8.0_461]
	at org.springframework.beans.factory.support.SimpleInstantiationStrategy.instantiate(SimpleInstantiationStrategy.java:154) ~[spring-beans-5.2.4.RELEASE.jar:5.2.4.RELEASE]
	at org.springframework.beans.factory.support.ConstructorResolver.instantiate(ConstructorResolver.java:651) ~[spring-beans-5.2.4.RELEASE.jar:5.2.4.RELEASE]
	at org.springframework.beans.factory.support.ConstructorResolver.instantiateUsingFactoryMethod(ConstructorResolver.java:636) ~[spring-beans-5.2.4.RELEASE.jar:5.2.4.RELEASE]
	at org.springframework.beans.factory.support.AbstractAutowireCapableBeanFactory.instantiateUsingFactoryMethod(AbstractAutowireCapableBeanFactory.java:1338) ~[spring-beans-5.2.4.RELEASE.jar:5.2.4.RELEASE]
	at org.springframework.beans.factory.support.AbstractAutowireCapableBeanFactory.createBeanInstance(AbstractAutowireCapableBeanFactory.java:1177) ~[spring-beans-5.2.4.RELEASE.jar:5.2.4.RELEASE]
	at org.springframework.beans.factory.support.AbstractAutowireCapableBeanFactory.doCreateBean(AbstractAutowireCapableBeanFactory.java:557) ~[spring-beans-5.2.4.RELEASE.jar:5.2.4.RELEASE]
	at org.springframework.beans.factory.support.AbstractAutowireCapableBeanFactory.createBean(AbstractAutowireCapableBeanFactory.java:517) ~[spring-beans-5.2.4.RELEASE.jar:5.2.4.RELEASE]
	at org.springframework.beans.factory.support.AbstractBeanFactory.lambda$doGetBean$0(AbstractBeanFactory.java:323) ~[spring-beans-5.2.4.RELEASE.jar:5.2.4.RELEASE]
	at org.springframework.beans.factory.support.DefaultSingletonBeanRegistry.getSingleton(DefaultSingletonBeanRegistry.java:222) ~[spring-beans-5.2.4.RELEASE.jar:5.2.4.RELEASE]
	at org.springframework.beans.factory.support.AbstractBeanFactory.doGetBean(AbstractBeanFactory.java:321) ~[spring-beans-5.2.4.RELEASE.jar:5.2.4.RELEASE]
	at org.springframework.beans.factory.support.AbstractBeanFactory.getBean(AbstractBeanFactory.java:202) ~[spring-beans-5.2.4.RELEASE.jar:5.2.4.RELEASE]
	at org.springframework.beans.factory.config.DependencyDescriptor.resolveCandidate(DependencyDescriptor.java:276) ~[spring-beans-5.2.4.RELEASE.jar:5.2.4.RELEASE]
	at org.springframework.beans.factory.support.DefaultListableBeanFactory.doResolveDependency(DefaultListableBeanFactory.java:1287) ~[spring-beans-5.2.4.RELEASE.jar:5.2.4.RELEASE]
	at org.springframework.beans.factory.support.DefaultListableBeanFactory.resolveDependency(DefaultListableBeanFactory.java:1207) ~[spring-beans-5.2.4.RELEASE.jar:5.2.4.RELEASE]
	at org.springframework.beans.factory.support.AbstractAutowireCapableBeanFactory.autowireByType(AbstractAutowireCapableBeanFactory.java:1511) ~[spring-beans-5.2.4.RELEASE.jar:5.2.4.RELEASE]
	at org.springframework.beans.factory.support.AbstractAutowireCapableBeanFactory.populateBean(AbstractAutowireCapableBeanFactory.java:1406) ~[spring-beans-5.2.4.RELEASE.jar:5.2.4.RELEASE]
	at org.springframework.beans.factory.support.AbstractAutowireCapableBeanFactory.doCreateBean(AbstractAutowireCapableBeanFactory.java:594) ~[spring-beans-5.2.4.RELEASE.jar:5.2.4.RELEASE]
	at org.springframework.beans.factory.support.AbstractAutowireCapableBeanFactory.createBean(AbstractAutowireCapableBeanFactory.java:517) ~[spring-beans-5.2.4.RELEASE.jar:5.2.4.RELEASE]
	at org.springframework.beans.factory.support.AbstractBeanFactory.lambda$doGetBean$0(AbstractBeanFactory.java:323) ~[spring-beans-5.2.4.RELEASE.jar:5.2.4.RELEASE]
	at org.springframework.beans.factory.support.DefaultSingletonBeanRegistry.getSingleton(DefaultSingletonBeanRegistry.java:222) ~[spring-beans-5.2.4.RELEASE.jar:5.2.4.RELEASE]
	at org.springframework.beans.factory.support.AbstractBeanFactory.doGetBean(AbstractBeanFactory.java:321) ~[spring-beans-5.2.4.RELEASE.jar:5.2.4.RELEASE]
	at org.springframework.beans.factory.support.AbstractBeanFactory.getBean(AbstractBeanFactory.java:202) ~[spring-beans-5.2.4.RELEASE.jar:5.2.4.RELEASE]
	at org.springframework.beans.factory.config.DependencyDescriptor.resolveCandidate(DependencyDescriptor.java:276) ~[spring-beans-5.2.4.RELEASE.jar:5.2.4.RELEASE]
	at org.springframework.beans.factory.support.DefaultListableBeanFactory.doResolveDependency(DefaultListableBeanFactory.java:1287) ~[spring-beans-5.2.4.RELEASE.jar:5.2.4.RELEASE]
	at org.springframework.beans.factory.support.DefaultListableBeanFactory.resolveDependency(DefaultListableBeanFactory.java:1207) ~[spring-beans-5.2.4.RELEASE.jar:5.2.4.RELEASE]
	at org.springframework.beans.factory.annotation.AutowiredAnnotationBeanPostProcessor$AutowiredFieldElement.inject(AutowiredAnnotationBeanPostProcessor.java:640) ~[spring-beans-5.2.4.RELEASE.jar:5.2.4.RELEASE]
	at org.springframework.beans.factory.annotation.InjectionMetadata.inject(InjectionMetadata.java:130) ~[spring-beans-5.2.4.RELEASE.jar:5.2.4.RELEASE]
	at org.springframework.beans.factory.annotation.AutowiredAnnotationBeanPostProcessor.postProcessProperties(AutowiredAnnotationBeanPostProcessor.java:399) ~[spring-beans-5.2.4.RELEASE.jar:5.2.4.RELEASE]
	at org.springframework.beans.factory.support.AbstractAutowireCapableBeanFactory.populateBean(AbstractAutowireCapableBeanFactory.java:1422) ~[spring-beans-5.2.4.RELEASE.jar:5.2.4.RELEASE]
	at org.springframework.beans.factory.support.AbstractAutowireCapableBeanFactory.doCreateBean(AbstractAutowireCapableBeanFactory.java:594) ~[spring-beans-5.2.4.RELEASE.jar:5.2.4.RELEASE]
	at org.springframework.beans.factory.support.AbstractAutowireCapableBeanFactory.createBean(AbstractAutowireCapableBeanFactory.java:517) ~[spring-beans-5.2.4.RELEASE.jar:5.2.4.RELEASE]
	at org.springframework.beans.factory.support.AbstractBeanFactory.lambda$doGetBean$0(AbstractBeanFactory.java:323) ~[spring-beans-5.2.4.RELEASE.jar:5.2.4.RELEASE]
	at org.springframework.beans.factory.support.DefaultSingletonBeanRegistry.getSingleton(DefaultSingletonBeanRegistry.java:222) ~[spring-beans-5.2.4.RELEASE.jar:5.2.4.RELEASE]
	at org.springframework.beans.factory.support.AbstractBeanFactory.doGetBean(AbstractBeanFactory.java:321) ~[spring-beans-5.2.4.RELEASE.jar:5.2.4.RELEASE]
	at org.springframework.beans.factory.support.AbstractBeanFactory.getBean(AbstractBeanFactory.java:202) ~[spring-beans-5.2.4.RELEASE.jar:5.2.4.RELEASE]
	at org.springframework.beans.factory.config.DependencyDescriptor.resolveCandidate(DependencyDescriptor.java:276) ~[spring-beans-5.2.4.RELEASE.jar:5.2.4.RELEASE]
	at org.springframework.beans.factory.support.DefaultListableBeanFactory.doResolveDependency(DefaultListableBeanFactory.java:1287) ~[spring-beans-5.2.4.RELEASE.jar:5.2.4.RELEASE]
	at org.springframework.beans.factory.support.DefaultListableBeanFactory.resolveDependency(DefaultListableBeanFactory.java:1207) ~[spring-beans-5.2.4.RELEASE.jar:5.2.4.RELEASE]
	at org.springframework.beans.factory.support.ConstructorResolver.resolveAutowiredArgument(ConstructorResolver.java:885) ~[spring-beans-5.2.4.RELEASE.jar:5.2.4.RELEASE]
	at org.springframework.beans.factory.support.ConstructorResolver.createArgumentArray(ConstructorResolver.java:789) ~[spring-beans-5.2.4.RELEASE.jar:5.2.4.RELEASE]
	... 24 more
Caused by: java.lang.ClassNotFoundException: Cannot find class: com.project.demo.entity.ArticleType
	at org.apache.ibatis.io.ClassLoaderWrapper.classForName(ClassLoaderWrapper.java:200) ~[mybatis-3.4.6.jar:3.4.6]
	at org.apache.ibatis.io.ClassLoaderWrapper.classForName(ClassLoaderWrapper.java:89) ~[mybatis-3.4.6.jar:3.4.6]
	at org.apache.ibatis.io.Resources.classForName(Resources.java:261) ~[mybatis-3.4.6.jar:3.4.6]
	at org.apache.ibatis.type.TypeAliasRegistry.resolveAlias(TypeAliasRegistry.java:116) ~[mybatis-3.4.6.jar:3.4.6]
	at org.apache.ibatis.builder.BaseBuilder.resolveAlias(BaseBuilder.java:149) ~[mybatis-3.4.6.jar:3.4.6]
	at org.apache.ibatis.builder.BaseBuilder.resolveClass(BaseBuilder.java:116) ~[mybatis-3.4.6.jar:3.4.6]
	at org.apache.ibatis.builder.xml.XMLMapperBuilder.resultMapElement(XMLMapperBuilder.java:265) ~[mybatis-3.4.6.jar:3.4.6]
	at org.apache.ibatis.builder.xml.XMLMapperBuilder.resultMapElement(XMLMapperBuilder.java:252) ~[mybatis-3.4.6.jar:3.4.6]
	at org.apache.ibatis.builder.xml.XMLMapperBuilder.resultMapElements(XMLMapperBuilder.java:244) ~[mybatis-3.4.6.jar:3.4.6]
	at org.apache.ibatis.builder.xml.XMLMapperBuilder.configurationElement(XMLMapperBuilder.java:116) ~[mybatis-3.4.6.jar:3.4.6]
	at org.apache.ibatis.builder.xml.XMLMapperBuilder.parse(XMLMapperBuilder.java:92) ~[mybatis-3.4.6.jar:3.4.6]
	at com.baomidou.mybatisplus.extension.spring.MybatisSqlSessionFactoryBean.buildSqlSessionFactory(MybatisSqlSessionFactoryBean.java:632) ~[mybatis-plus-extension-3.0.4.jar:?]
	at com.baomidou.mybatisplus.extension.spring.MybatisSqlSessionFactoryBean.afterPropertiesSet(MybatisSqlSessionFactoryBean.java:398) ~[mybatis-plus-extension-3.0.4.jar:?]
	at com.baomidou.mybatisplus.extension.spring.MybatisSqlSessionFactoryBean.getObject(MybatisSqlSessionFactoryBean.java:687) ~[mybatis-plus-extension-3.0.4.jar:?]
	at com.baomidou.mybatisplus.autoconfigure.MybatisPlusAutoConfiguration.sqlSessionFactory(MybatisPlusAutoConfiguration.java:172) ~[mybatis-plus-boot-starter-3.0.4.jar:?]
	at com.baomidou.mybatisplus.autoconfigure.MybatisPlusAutoConfiguration$$EnhancerBySpringCGLIB$$aff18318.CGLIB$sqlSessionFactory$0(<generated>) ~[mybatis-plus-boot-starter-3.0.4.jar:?]
	at com.baomidou.mybatisplus.autoconfigure.MybatisPlusAutoConfiguration$$EnhancerBySpringCGLIB$$aff18318$$FastClassBySpringCGLIB$$7a42b116.invoke(<generated>) ~[mybatis-plus-boot-starter-3.0.4.jar:?]
	at org.springframework.cglib.proxy.MethodProxy.invokeSuper(MethodProxy.java:244) ~[spring-core-5.2.4.RELEASE.jar:5.2.4.RELEASE]
	at org.springframework.context.annotation.ConfigurationClassEnhancer$BeanMethodInterceptor.intercept(ConfigurationClassEnhancer.java:331) ~[spring-context-5.2.4.RELEASE.jar:5.2.4.RELEASE]
	at com.baomidou.mybatisplus.autoconfigure.MybatisPlusAutoConfiguration$$EnhancerBySpringCGLIB$$aff18318.sqlSessionFactory(<generated>) ~[mybatis-plus-boot-starter-3.0.4.jar:?]
	at sun.reflect.NativeMethodAccessorImpl.invoke0(Native Method) ~[?:1.8.0_461]
	at sun.reflect.NativeMethodAccessorImpl.invoke(NativeMethodAccessorImpl.java:62) ~[?:1.8.0_461]
	at sun.reflect.DelegatingMethodAccessorImpl.invoke(DelegatingMethodAccessorImpl.java:43) ~[?:1.8.0_461]
	at java.lang.reflect.Method.invoke(Method.java:498) ~[?:1.8.0_461]
	at org.springframework.beans.factory.support.SimpleInstantiationStrategy.instantiate(SimpleInstantiationStrategy.java:154) ~[spring-beans-5.2.4.RELEASE.jar:5.2.4.RELEASE]
	at org.springframework.beans.factory.support.ConstructorResolver.instantiate(ConstructorResolver.java:651) ~[spring-beans-5.2.4.RELEASE.jar:5.2.4.RELEASE]
	at org.springframework.beans.factory.support.ConstructorResolver.instantiateUsingFactoryMethod(ConstructorResolver.java:636) ~[spring-beans-5.2.4.RELEASE.jar:5.2.4.RELEASE]
	at org.springframework.beans.factory.support.AbstractAutowireCapableBeanFactory.instantiateUsingFactoryMethod(AbstractAutowireCapableBeanFactory.java:1338) ~[spring-beans-5.2.4.RELEASE.jar:5.2.4.RELEASE]
	at org.springframework.beans.factory.support.AbstractAutowireCapableBeanFactory.createBeanInstance(AbstractAutowireCapableBeanFactory.java:1177) ~[spring-beans-5.2.4.RELEASE.jar:5.2.4.RELEASE]
	at org.springframework.beans.factory.support.AbstractAutowireCapableBeanFactory.doCreateBean(AbstractAutowireCapableBeanFactory.java:557) ~[spring-beans-5.2.4.RELEASE.jar:5.2.4.RELEASE]
	at org.springframework.beans.factory.support.AbstractAutowireCapableBeanFactory.createBean(AbstractAutowireCapableBeanFactory.java:517) ~[spring-beans-5.2.4.RELEASE.jar:5.2.4.RELEASE]
	at org.springframework.beans.factory.support.AbstractBeanFactory.lambda$doGetBean$0(AbstractBeanFactory.java:323) ~[spring-beans-5.2.4.RELEASE.jar:5.2.4.RELEASE]
	at org.springframework.beans.factory.support.DefaultSingletonBeanRegistry.getSingleton(DefaultSingletonBeanRegistry.java:222) ~[spring-beans-5.2.4.RELEASE.jar:5.2.4.RELEASE]
	at org.springframework.beans.factory.support.AbstractBeanFactory.doGetBean(AbstractBeanFactory.java:321) ~[spring-beans-5.2.4.RELEASE.jar:5.2.4.RELEASE]
	at org.springframework.beans.factory.support.AbstractBeanFactory.getBean(AbstractBeanFactory.java:202) ~[spring-beans-5.2.4.RELEASE.jar:5.2.4.RELEASE]
	at org.springframework.beans.factory.config.DependencyDescriptor.resolveCandidate(DependencyDescriptor.java:276) ~[spring-beans-5.2.4.RELEASE.jar:5.2.4.RELEASE]
	at org.springframework.beans.factory.support.DefaultListableBeanFactory.doResolveDependency(DefaultListableBeanFactory.java:1287) ~[spring-beans-5.2.4.RELEASE.jar:5.2.4.RELEASE]
	at org.springframework.beans.factory.support.DefaultListableBeanFactory.resolveDependency(DefaultListableBeanFactory.java:1207) ~[spring-beans-5.2.4.RELEASE.jar:5.2.4.RELEASE]
	at org.springframework.beans.factory.support.AbstractAutowireCapableBeanFactory.autowireByType(AbstractAutowireCapableBeanFactory.java:1511) ~[spring-beans-5.2.4.RELEASE.jar:5.2.4.RELEASE]
	at org.springframework.beans.factory.support.AbstractAutowireCapableBeanFactory.populateBean(AbstractAutowireCapableBeanFactory.java:1406) ~[spring-beans-5.2.4.RELEASE.jar:5.2.4.RELEASE]
	at org.springframework.beans.factory.support.AbstractAutowireCapableBeanFactory.doCreateBean(AbstractAutowireCapableBeanFactory.java:594) ~[spring-beans-5.2.4.RELEASE.jar:5.2.4.RELEASE]
	at org.springframework.beans.factory.support.AbstractAutowireCapableBeanFactory.createBean(AbstractAutowireCapableBeanFactory.java:517) ~[spring-beans-5.2.4.RELEASE.jar:5.2.4.RELEASE]
	at org.springframework.beans.factory.support.AbstractBeanFactory.lambda$doGetBean$0(AbstractBeanFactory.java:323) ~[spring-beans-5.2.4.RELEASE.jar:5.2.4.RELEASE]
	at org.springframework.beans.factory.support.DefaultSingletonBeanRegistry.getSingleton(DefaultSingletonBeanRegistry.java:222) ~[spring-beans-5.2.4.RELEASE.jar:5.2.4.RELEASE]
	at org.springframework.beans.factory.support.AbstractBeanFactory.doGetBean(AbstractBeanFactory.java:321) ~[spring-beans-5.2.4.RELEASE.jar:5.2.4.RELEASE]
	at org.springframework.beans.factory.support.AbstractBeanFactory.getBean(AbstractBeanFactory.java:202) ~[spring-beans-5.2.4.RELEASE.jar:5.2.4.RELEASE]
	at org.springframework.beans.factory.config.DependencyDescriptor.resolveCandidate(DependencyDescriptor.java:276) ~[spring-beans-5.2.4.RELEASE.jar:5.2.4.RELEASE]
	at org.springframework.beans.factory.support.DefaultListableBeanFactory.doResolveDependency(DefaultListableBeanFactory.java:1287) ~[spring-beans-5.2.4.RELEASE.jar:5.2.4.RELEASE]
	at org.springframework.beans.factory.support.DefaultListableBeanFactory.resolveDependency(DefaultListableBeanFactory.java:1207) ~[spring-beans-5.2.4.RELEASE.jar:5.2.4.RELEASE]
	at org.springframework.beans.factory.annotation.AutowiredAnnotationBeanPostProcessor$AutowiredFieldElement.inject(AutowiredAnnotationBeanPostProcessor.java:640) ~[spring-beans-5.2.4.RELEASE.jar:5.2.4.RELEASE]
	at org.springframework.beans.factory.annotation.InjectionMetadata.inject(InjectionMetadata.java:130) ~[spring-beans-5.2.4.RELEASE.jar:5.2.4.RELEASE]
	at org.springframework.beans.factory.annotation.AutowiredAnnotationBeanPostProcessor.postProcessProperties(AutowiredAnnotationBeanPostProcessor.java:399) ~[spring-beans-5.2.4.RELEASE.jar:5.2.4.RELEASE]
	at org.springframework.beans.factory.support.AbstractAutowireCapableBeanFactory.populateBean(AbstractAutowireCapableBeanFactory.java:1422) ~[spring-beans-5.2.4.RELEASE.jar:5.2.4.RELEASE]
	at org.springframework.beans.factory.support.AbstractAutowireCapableBeanFactory.doCreateBean(AbstractAutowireCapableBeanFactory.java:594) ~[spring-beans-5.2.4.RELEASE.jar:5.2.4.RELEASE]
	at org.springframework.beans.factory.support.AbstractAutowireCapableBeanFactory.createBean(AbstractAutowireCapableBeanFactory.java:517) ~[spring-beans-5.2.4.RELEASE.jar:5.2.4.RELEASE]
	at org.springframework.beans.factory.support.AbstractBeanFactory.lambda$doGetBean$0(AbstractBeanFactory.java:323) ~[spring-beans-5.2.4.RELEASE.jar:5.2.4.RELEASE]
	at org.springframework.beans.factory.support.DefaultSingletonBeanRegistry.getSingleton(DefaultSingletonBeanRegistry.java:222) ~[spring-beans-5.2.4.RELEASE.jar:5.2.4.RELEASE]
	at org.springframework.beans.factory.support.AbstractBeanFactory.doGetBean(AbstractBeanFactory.java:321) ~[spring-beans-5.2.4.RELEASE.jar:5.2.4.RELEASE]
	at org.springframework.beans.factory.support.AbstractBeanFactory.getBean(AbstractBeanFactory.java:202) ~[spring-beans-5.2.4.RELEASE.jar:5.2.4.RELEASE]
	at org.springframework.beans.factory.config.DependencyDescriptor.resolveCandidate(DependencyDescriptor.java:276) ~[spring-beans-5.2.4.RELEASE.jar:5.2.4.RELEASE]
	at org.springframework.beans.factory.support.DefaultListableBeanFactory.doResolveDependency(DefaultListableBeanFactory.java:1287) ~[spring-beans-5.2.4.RELEASE.jar:5.2.4.RELEASE]
	at org.springframework.beans.factory.support.DefaultListableBeanFactory.resolveDependency(DefaultListableBeanFactory.java:1207) ~[spring-beans-5.2.4.RELEASE.jar:5.2.4.RELEASE]
	at org.springframework.beans.factory.support.ConstructorResolver.resolveAutowiredArgument(ConstructorResolver.java:885) ~[spring-beans-5.2.4.RELEASE.jar:5.2.4.RELEASE]
	at org.springframework.beans.factory.support.ConstructorResolver.createArgumentArray(ConstructorResolver.java:789) ~[spring-beans-5.2.4.RELEASE.jar:5.2.4.RELEASE]
	... 24 more
2026-05-04 22:11:21.376 [http-nio-5000-exec-6] ERROR com.project.demo.exception.GlobalExceptionHandler - 运行时异常: 
org.springframework.jdbc.BadSqlGrammarException: 
### Error querying database.  Cause: java.sql.SQLSyntaxErrorException: You have an error in your SQL syntax; check the manual that corresponds to your MySQL server version for the right syntax to use near 'by create_time desc  limit 0 , 7' at line 1
### The error may exist in file [/home/yuan/Desktop/bishe-main/target/classes/mapper/BaseMapper.xml]
### The error may involve defaultParameterMap
### The error occurred while setting parameters
### SQL: select * from `registered_user` WHERE is_delete = 0order by create_time desc  limit 0 , 7
### Cause: java.sql.SQLSyntaxErrorException: You have an error in your SQL syntax; check the manual that corresponds to your MySQL server version for the right syntax to use near 'by create_time desc  limit 0 , 7' at line 1
; bad SQL grammar []; nested exception is java.sql.SQLSyntaxErrorException: You have an error in your SQL syntax; check the manual that corresponds to your MySQL server version for the right syntax to use near 'by create_time desc  limit 0 , 7' at line 1
	at org.springframework.jdbc.support.SQLErrorCodeSQLExceptionTranslator.doTranslate(SQLErrorCodeSQLExceptionTranslator.java:235) ~[spring-jdbc-5.2.4.RELEASE.jar:5.2.4.RELEASE]
	at org.springframework.jdbc.support.AbstractFallbackSQLExceptionTranslator.translate(AbstractFallbackSQLExceptionTranslator.java:72) ~[spring-jdbc-5.2.4.RELEASE.jar:5.2.4.RELEASE]
	at org.mybatis.spring.MyBatisExceptionTranslator.translateExceptionIfPossible(MyBatisExceptionTranslator.java:73) ~[mybatis-spring-1.3.2.jar:1.3.2]
	at org.mybatis.spring.SqlSessionTemplate$SqlSessionInterceptor.invoke(SqlSessionTemplate.java:446) ~[mybatis-spring-1.3.2.jar:1.3.2]
	at com.sun.proxy.$Proxy114.selectList(Unknown Source) ~[?:?]
	at org.mybatis.spring.SqlSessionTemplate.selectList(SqlSessionTemplate.java:230) ~[mybatis-spring-1.3.2.jar:1.3.2]
	at com.baomidou.mybatisplus.core.override.PageMapperMethod.executeForMany(PageMapperMethod.java:173) ~[mybatis-plus-core-3.0.4.jar:?]
	at com.baomidou.mybatisplus.core.override.PageMapperMethod.execute(PageMapperMethod.java:86) ~[mybatis-plus-core-3.0.4.jar:?]
	at com.baomidou.mybatisplus.core.override.PageMapperProxy.invoke(PageMapperProxy.java:64) ~[mybatis-plus-core-3.0.4.jar:?]
	at com.sun.proxy.$Proxy128.selectBaseList(Unknown Source) ~[?:?]
	at com.project.demo.service.base.BaseService.selectToPage(BaseService.java:77) ~[classes/:?]
	at com.project.demo.service.base.BaseService$$FastClassBySpringCGLIB$$504c7e9.invoke(<generated>) ~[classes/:?]
	at org.springframework.cglib.proxy.MethodProxy.invoke(MethodProxy.java:218) ~[spring-core-5.2.4.RELEASE.jar:5.2.4.RELEASE]
	at org.springframework.aop.framework.CglibAopProxy$CglibMethodInvocation.invokeJoinpoint(CglibAopProxy.java:769) ~[spring-aop-5.2.4.RELEASE.jar:5.2.4.RELEASE]
	at org.springframework.aop.framework.ReflectiveMethodInvocation.proceed(ReflectiveMethodInvocation.java:163) ~[spring-aop-5.2.4.RELEASE.jar:5.2.4.RELEASE]
	at org.springframework.aop.framework.CglibAopProxy$CglibMethodInvocation.proceed(CglibAopProxy.java:747) ~[spring-aop-5.2.4.RELEASE.jar:5.2.4.RELEASE]
	at org.springframework.aop.interceptor.ExposeInvocationInterceptor.invoke(ExposeInvocationInterceptor.java:95) ~[spring-aop-5.2.4.RELEASE.jar:5.2.4.RELEASE]
	at org.springframework.aop.framework.ReflectiveMethodInvocation.proceed(ReflectiveMethodInvocation.java:186) ~[spring-aop-5.2.4.RELEASE.jar:5.2.4.RELEASE]
	at org.springframework.aop.framework.CglibAopProxy$CglibMethodInvocation.proceed(CglibAopProxy.java:747) ~[spring-aop-5.2.4.RELEASE.jar:5.2.4.RELEASE]
	at org.springframework.aop.framework.CglibAopProxy$DynamicAdvisedInterceptor.intercept(CglibAopProxy.java:689) ~[spring-aop-5.2.4.RELEASE.jar:5.2.4.RELEASE]
	at com.project.demo.service.RegisteredUserService$$EnhancerBySpringCGLIB$$bce5f465.selectToPage(<generated>) ~[classes/:?]
	at com.project.demo.controller.base.BaseController.getList(BaseController.java:76) ~[classes/:?]
	at com.project.demo.controller.base.BaseController$$FastClassBySpringCGLIB$$72c28101.invoke(<generated>) ~[classes/:?]
	at org.springframework.cglib.proxy.MethodProxy.invoke(MethodProxy.java:218) ~[spring-core-5.2.4.RELEASE.jar:5.2.4.RELEASE]
	at org.springframework.aop.framework.CglibAopProxy$DynamicAdvisedInterceptor.intercept(CglibAopProxy.java:685) ~[spring-aop-5.2.4.RELEASE.jar:5.2.4.RELEASE]
	at com.project.demo.controller.RegisteredUserController$$EnhancerBySpringCGLIB$$eaca57a7.getList(<generated>) ~[classes/:?]
	at sun.reflect.NativeMethodAccessorImpl.invoke0(Native Method) ~[?:1.8.0_461]
	at sun.reflect.NativeMethodAccessorImpl.invoke(NativeMethodAccessorImpl.java:62) ~[?:1.8.0_461]
	at sun.reflect.DelegatingMethodAccessorImpl.invoke(DelegatingMethodAccessorImpl.java:43) ~[?:1.8.0_461]
	at java.lang.reflect.Method.invoke(Method.java:498) ~[?:1.8.0_461]
	at org.springframework.web.method.support.InvocableHandlerMethod.doInvoke(InvocableHandlerMethod.java:190) ~[spring-web-5.2.4.RELEASE.jar:5.2.4.RELEASE]
	at org.springframework.web.method.support.InvocableHandlerMethod.invokeForRequest(InvocableHandlerMethod.java:138) ~[spring-web-5.2.4.RELEASE.jar:5.2.4.RELEASE]
	at org.springframework.web.servlet.mvc.method.annotation.ServletInvocableHandlerMethod.invokeAndHandle(ServletInvocableHandlerMethod.java:106) ~[spring-webmvc-5.2.4.RELEASE.jar:5.2.4.RELEASE]
	at org.springframework.web.servlet.mvc.method.annotation.RequestMappingHandlerAdapter.invokeHandlerMethod(RequestMappingHandlerAdapter.java:879) ~[spring-webmvc-5.2.4.RELEASE.jar:5.2.4.RELEASE]
	at org.springframework.web.servlet.mvc.method.annotation.RequestMappingHandlerAdapter.handleInternal(RequestMappingHandlerAdapter.java:793) ~[spring-webmvc-5.2.4.RELEASE.jar:5.2.4.RELEASE]
	at org.springframework.web.servlet.mvc.method.AbstractHandlerMethodAdapter.handle(AbstractHandlerMethodAdapter.java:87) ~[spring-webmvc-5.2.4.RELEASE.jar:5.2.4.RELEASE]
	at org.springframework.web.servlet.DispatcherServlet.doDispatch(DispatcherServlet.java:1040) [spring-webmvc-5.2.4.RELEASE.jar:5.2.4.RELEASE]
	at org.springframework.web.servlet.DispatcherServlet.doService(DispatcherServlet.java:943) [spring-webmvc-5.2.4.RELEASE.jar:5.2.4.RELEASE]
	at org.springframework.web.servlet.FrameworkServlet.processRequest(FrameworkServlet.java:1006) [spring-webmvc-5.2.4.RELEASE.jar:5.2.4.RELEASE]
	at org.springframework.web.servlet.FrameworkServlet.doGet(FrameworkServlet.java:898) [spring-webmvc-5.2.4.RELEASE.jar:5.2.4.RELEASE]
	at javax.servlet.http.HttpServlet.service(HttpServlet.java:634) [tomcat-embed-core-9.0.31.jar:9.0.31]
	at org.springframework.web.servlet.FrameworkServlet.service(FrameworkServlet.java:883) [spring-webmvc-5.2.4.RELEASE.jar:5.2.4.RELEASE]
	at javax.servlet.http.HttpServlet.service(HttpServlet.java:741) [tomcat-embed-core-9.0.31.jar:9.0.31]
	at org.apache.catalina.core.ApplicationFilterChain.internalDoFilter(ApplicationFilterChain.java:231) [tomcat-embed-core-9.0.31.jar:9.0.31]
	at org.apache.catalina.core.ApplicationFilterChain.doFilter(ApplicationFilterChain.java:166) [tomcat-embed-core-9.0.31.jar:9.0.31]
	at org.apache.tomcat.websocket.server.WsFilter.doFilter(WsFilter.java:53) [tomcat-embed-websocket-9.0.31.jar:9.0.31]
	at org.apache.catalina.core.ApplicationFilterChain.internalDoFilter(ApplicationFilterChain.java:193) [tomcat-embed-core-9.0.31.jar:9.0.31]
	at org.apache.catalina.core.ApplicationFilterChain.doFilter(ApplicationFilterChain.java:166) [tomcat-embed-core-9.0.31.jar:9.0.31]
	at org.springframework.web.filter.RequestContextFilter.doFilterInternal(RequestContextFilter.java:100) [spring-web-5.2.4.RELEASE.jar:5.2.4.RELEASE]
	at org.springframework.web.filter.OncePerRequestFilter.doFilter(OncePerRequestFilter.java:119) [spring-web-5.2.4.RELEASE.jar:5.2.4.RELEASE]
	at org.apache.catalina.core.ApplicationFilterChain.internalDoFilter(ApplicationFilterChain.java:193) [tomcat-embed-core-9.0.31.jar:9.0.31]
	at org.apache.catalina.core.ApplicationFilterChain.doFilter(ApplicationFilterChain.java:166) [tomcat-embed-core-9.0.31.jar:9.0.31]
	at org.springframework.web.filter.FormContentFilter.doFilterInternal(FormContentFilter.java:93) [spring-web-5.2.4.RELEASE.jar:5.2.4.RELEASE]
	at org.springframework.web.filter.OncePerRequestFilter.doFilter(OncePerRequestFilter.java:119) [spring-web-5.2.4.RELEASE.jar:5.2.4.RELEASE]
	at org.apache.catalina.core.ApplicationFilterChain.internalDoFilter(ApplicationFilterChain.java:193) [tomcat-embed-core-9.0.31.jar:9.0.31]
	at org.apache.catalina.core.ApplicationFilterChain.doFilter(ApplicationFilterChain.java:166) [tomcat-embed-core-9.0.31.jar:9.0.31]
	at org.springframework.web.filter.CharacterEncodingFilter.doFilterInternal(CharacterEncodingFilter.java:201) [spring-web-5.2.4.RELEASE.jar:5.2.4.RELEASE]
	at org.springframework.web.filter.OncePerRequestFilter.doFilter(OncePerRequestFilter.java:119) [spring-web-5.2.4.RELEASE.jar:5.2.4.RELEASE]
	at org.apache.catalina.core.ApplicationFilterChain.internalDoFilter(ApplicationFilterChain.java:193) [tomcat-embed-core-9.0.31.jar:9.0.31]
	at org.apache.catalina.core.ApplicationFilterChain.doFilter(ApplicationFilterChain.java:166) [tomcat-embed-core-9.0.31.jar:9.0.31]
	at org.apache.catalina.core.StandardWrapperValve.invoke(StandardWrapperValve.java:202) [tomcat-embed-core-9.0.31.jar:9.0.31]
	at org.apache.catalina.core.StandardContextValve.invoke(StandardContextValve.java:96) [tomcat-embed-core-9.0.31.jar:9.0.31]
	at org.apache.catalina.authenticator.AuthenticatorBase.invoke(AuthenticatorBase.java:541) [tomcat-embed-core-9.0.31.jar:9.0.31]
	at org.apache.catalina.core.StandardHostValve.invoke(StandardHostValve.java:139) [tomcat-embed-core-9.0.31.jar:9.0.31]
	at org.apache.catalina.valves.ErrorReportValve.invoke(ErrorReportValve.java:92) [tomcat-embed-core-9.0.31.jar:9.0.31]
	at org.apache.catalina.core.StandardEngineValve.invoke(StandardEngineValve.java:74) [tomcat-embed-core-9.0.31.jar:9.0.31]
	at org.apache.catalina.connector.CoyoteAdapter.service(CoyoteAdapter.java:343) [tomcat-embed-core-9.0.31.jar:9.0.31]
	at org.apache.coyote.http11.Http11Processor.service(Http11Processor.java:367) [tomcat-embed-core-9.0.31.jar:9.0.31]
	at org.apache.coyote.AbstractProcessorLight.process(AbstractProcessorLight.java:65) [tomcat-embed-core-9.0.31.jar:9.0.31]
	at org.apache.coyote.AbstractProtocol$ConnectionHandler.process(AbstractProtocol.java:868) [tomcat-embed-core-9.0.31.jar:9.0.31]
	at org.apache.tomcat.util.net.NioEndpoint$SocketProcessor.doRun(NioEndpoint.java:1639) [tomcat-embed-core-9.0.31.jar:9.0.31]
	at org.apache.tomcat.util.net.SocketProcessorBase.run(SocketProcessorBase.java:49) [tomcat-embed-core-9.0.31.jar:9.0.31]
	at java.util.concurrent.ThreadPoolExecutor.runWorker(ThreadPoolExecutor.java:1149) [?:1.8.0_461]
	at java.util.concurrent.ThreadPoolExecutor$Worker.run(ThreadPoolExecutor.java:624) [?:1.8.0_461]
	at org.apache.tomcat.util.threads.TaskThread$WrappingRunnable.run(TaskThread.java:61) [tomcat-embed-core-9.0.31.jar:9.0.31]
	at java.lang.Thread.run(Thread.java:750) [?:1.8.0_461]
Caused by: java.sql.SQLSyntaxErrorException: You have an error in your SQL syntax; check the manual that corresponds to your MySQL server version for the right syntax to use near 'by create_time desc  limit 0 , 7' at line 1
	at com.mysql.cj.jdbc.exceptions.SQLError.createSQLException(SQLError.java:118) ~[mysql-connector-java-8.0.11.jar:8.0.11]
	at com.mysql.cj.jdbc.exceptions.SQLError.createSQLException(SQLError.java:95) ~[mysql-connector-java-8.0.11.jar:8.0.11]
	at com.mysql.cj.jdbc.exceptions.SQLExceptionsMapping.translateException(SQLExceptionsMapping.java:122) ~[mysql-connector-java-8.0.11.jar:8.0.11]
	at com.mysql.cj.jdbc.ClientPreparedStatement.executeInternal(ClientPreparedStatement.java:960) ~[mysql-connector-java-8.0.11.jar:8.0.11]
	at com.mysql.cj.jdbc.ClientPreparedStatement.execute(ClientPreparedStatement.java:388) ~[mysql-connector-java-8.0.11.jar:8.0.11]
	at com.alibaba.druid.pool.DruidPooledPreparedStatement.execute(DruidPooledPreparedStatement.java:497) ~[druid-1.2.8.jar:1.2.8]
	at sun.reflect.NativeMethodAccessorImpl.invoke0(Native Method) ~[?:1.8.0_461]
	at sun.reflect.NativeMethodAccessorImpl.invoke(NativeMethodAccessorImpl.java:62) ~[?:1.8.0_461]
	at sun.reflect.DelegatingMethodAccessorImpl.invoke(DelegatingMethodAccessorImpl.java:43) ~[?:1.8.0_461]
	at java.lang.reflect.Method.invoke(Method.java:498) ~[?:1.8.0_461]
	at org.apache.ibatis.logging.jdbc.PreparedStatementLogger.invoke(PreparedStatementLogger.java:59) ~[mybatis-3.4.6.jar:3.4.6]
	at com.sun.proxy.$Proxy152.execute(Unknown Source) ~[?:?]
	at org.apache.ibatis.executor.statement.PreparedStatementHandler.query(PreparedStatementHandler.java:63) ~[mybatis-3.4.6.jar:3.4.6]
	at org.apache.ibatis.executor.statement.RoutingStatementHandler.query(RoutingStatementHandler.java:79) ~[mybatis-3.4.6.jar:3.4.6]
	at sun.reflect.NativeMethodAccessorImpl.invoke0(Native Method) ~[?:1.8.0_461]
	at sun.reflect.NativeMethodAccessorImpl.invoke(NativeMethodAccessorImpl.java:62) ~[?:1.8.0_461]
	at sun.reflect.DelegatingMethodAccessorImpl.invoke(DelegatingMethodAccessorImpl.java:43) ~[?:1.8.0_461]
	at java.lang.reflect.Method.invoke(Method.java:498) ~[?:1.8.0_461]
	at org.apache.ibatis.plugin.Plugin.invoke(Plugin.java:63) ~[mybatis-3.4.6.jar:3.4.6]
	at com.sun.proxy.$Proxy150.query(Unknown Source) ~[?:?]
	at org.apache.ibatis.executor.SimpleExecutor.doQuery(SimpleExecutor.java:63) ~[mybatis-3.4.6.jar:3.4.6]
	at org.apache.ibatis.executor.BaseExecutor.queryFromDatabase(BaseExecutor.java:326) ~[mybatis-3.4.6.jar:3.4.6]
	at org.apache.ibatis.executor.BaseExecutor.query(BaseExecutor.java:156) ~[mybatis-3.4.6.jar:3.4.6]
	at org.apache.ibatis.executor.CachingExecutor.query(CachingExecutor.java:109) ~[mybatis-3.4.6.jar:3.4.6]
	at org.apache.ibatis.executor.CachingExecutor.query(CachingExecutor.java:83) ~[mybatis-3.4.6.jar:3.4.6]
	at org.apache.ibatis.session.defaults.DefaultSqlSession.selectList(DefaultSqlSession.java:148) ~[mybatis-3.4.6.jar:3.4.6]
	at org.apache.ibatis.session.defaults.DefaultSqlSession.selectList(DefaultSqlSession.java:141) ~[mybatis-3.4.6.jar:3.4.6]
	at sun.reflect.NativeMethodAccessorImpl.invoke0(Native Method) ~[?:1.8.0_461]
	at sun.reflect.NativeMethodAccessorImpl.invoke(NativeMethodAccessorImpl.java:62) ~[?:1.8.0_461]
	at sun.reflect.DelegatingMethodAccessorImpl.invoke(DelegatingMethodAccessorImpl.java:43) ~[?:1.8.0_461]
	at java.lang.reflect.Method.invoke(Method.java:498) ~[?:1.8.0_461]
	at org.mybatis.spring.SqlSessionTemplate$SqlSessionInterceptor.invoke(SqlSessionTemplate.java:433) ~[mybatis-spring-1.3.2.jar:1.3.2]
	... 72 more
2026-05-04 22:11:27.352 [http-nio-5000-exec-10] ERROR com.project.demo.exception.GlobalExceptionHandler - 运行时异常: 
org.springframework.jdbc.BadSqlGrammarException: 
### Error querying database.  Cause: java.sql.SQLSyntaxErrorException: You have an error in your SQL syntax; check the manual that corresponds to your MySQL server version for the right syntax to use near 'by create_time desc  limit 0 , 7' at line 1
### The error may exist in file [/home/yuan/Desktop/bishe-main/target/classes/mapper/BaseMapper.xml]
### The error may involve defaultParameterMap
### The error occurred while setting parameters
### SQL: select * from `registered_user` WHERE is_delete = 0order by create_time desc  limit 0 , 7
### Cause: java.sql.SQLSyntaxErrorException: You have an error in your SQL syntax; check the manual that corresponds to your MySQL server version for the right syntax to use near 'by create_time desc  limit 0 , 7' at line 1
; bad SQL grammar []; nested exception is java.sql.SQLSyntaxErrorException: You have an error in your SQL syntax; check the manual that corresponds to your MySQL server version for the right syntax to use near 'by create_time desc  limit 0 , 7' at line 1
	at org.springframework.jdbc.support.SQLErrorCodeSQLExceptionTranslator.doTranslate(SQLErrorCodeSQLExceptionTranslator.java:235) ~[spring-jdbc-5.2.4.RELEASE.jar:5.2.4.RELEASE]
	at org.springframework.jdbc.support.AbstractFallbackSQLExceptionTranslator.translate(AbstractFallbackSQLExceptionTranslator.java:72) ~[spring-jdbc-5.2.4.RELEASE.jar:5.2.4.RELEASE]
	at org.mybatis.spring.MyBatisExceptionTranslator.translateExceptionIfPossible(MyBatisExceptionTranslator.java:73) ~[mybatis-spring-1.3.2.jar:1.3.2]
	at org.mybatis.spring.SqlSessionTemplate$SqlSessionInterceptor.invoke(SqlSessionTemplate.java:446) ~[mybatis-spring-1.3.2.jar:1.3.2]
	at com.sun.proxy.$Proxy114.selectList(Unknown Source) ~[?:?]
	at org.mybatis.spring.SqlSessionTemplate.selectList(SqlSessionTemplate.java:230) ~[mybatis-spring-1.3.2.jar:1.3.2]
	at com.baomidou.mybatisplus.core.override.PageMapperMethod.executeForMany(PageMapperMethod.java:173) ~[mybatis-plus-core-3.0.4.jar:?]
	at com.baomidou.mybatisplus.core.override.PageMapperMethod.execute(PageMapperMethod.java:86) ~[mybatis-plus-core-3.0.4.jar:?]
	at com.baomidou.mybatisplus.core.override.PageMapperProxy.invoke(PageMapperProxy.java:64) ~[mybatis-plus-core-3.0.4.jar:?]
	at com.sun.proxy.$Proxy128.selectBaseList(Unknown Source) ~[?:?]
	at com.project.demo.service.base.BaseService.selectToPage(BaseService.java:77) ~[classes/:?]
	at com.project.demo.service.base.BaseService$$FastClassBySpringCGLIB$$504c7e9.invoke(<generated>) ~[classes/:?]
	at org.springframework.cglib.proxy.MethodProxy.invoke(MethodProxy.java:218) ~[spring-core-5.2.4.RELEASE.jar:5.2.4.RELEASE]
	at org.springframework.aop.framework.CglibAopProxy$CglibMethodInvocation.invokeJoinpoint(CglibAopProxy.java:769) ~[spring-aop-5.2.4.RELEASE.jar:5.2.4.RELEASE]
	at org.springframework.aop.framework.ReflectiveMethodInvocation.proceed(ReflectiveMethodInvocation.java:163) ~[spring-aop-5.2.4.RELEASE.jar:5.2.4.RELEASE]
	at org.springframework.aop.framework.CglibAopProxy$CglibMethodInvocation.proceed(CglibAopProxy.java:747) ~[spring-aop-5.2.4.RELEASE.jar:5.2.4.RELEASE]
	at org.springframework.aop.interceptor.ExposeInvocationInterceptor.invoke(ExposeInvocationInterceptor.java:95) ~[spring-aop-5.2.4.RELEASE.jar:5.2.4.RELEASE]
	at org.springframework.aop.framework.ReflectiveMethodInvocation.proceed(ReflectiveMethodInvocation.java:186) ~[spring-aop-5.2.4.RELEASE.jar:5.2.4.RELEASE]
	at org.springframework.aop.framework.CglibAopProxy$CglibMethodInvocation.proceed(CglibAopProxy.java:747) ~[spring-aop-5.2.4.RELEASE.jar:5.2.4.RELEASE]
	at org.springframework.aop.framework.CglibAopProxy$DynamicAdvisedInterceptor.intercept(CglibAopProxy.java:689) ~[spring-aop-5.2.4.RELEASE.jar:5.2.4.RELEASE]
	at com.project.demo.service.RegisteredUserService$$EnhancerBySpringCGLIB$$bce5f465.selectToPage(<generated>) ~[classes/:?]
	at com.project.demo.controller.base.BaseController.getList(BaseController.java:76) ~[classes/:?]
	at com.project.demo.controller.base.BaseController$$FastClassBySpringCGLIB$$72c28101.invoke(<generated>) ~[classes/:?]
	at org.springframework.cglib.proxy.MethodProxy.invoke(MethodProxy.java:218) ~[spring-core-5.2.4.RELEASE.jar:5.2.4.RELEASE]
	at org.springframework.aop.framework.CglibAopProxy$DynamicAdvisedInterceptor.intercept(CglibAopProxy.java:685) ~[spring-aop-5.2.4.RELEASE.jar:5.2.4.RELEASE]
	at com.project.demo.controller.RegisteredUserController$$EnhancerBySpringCGLIB$$eaca57a7.getList(<generated>) ~[classes/:?]
	at sun.reflect.NativeMethodAccessorImpl.invoke0(Native Method) ~[?:1.8.0_461]
	at sun.reflect.NativeMethodAccessorImpl.invoke(NativeMethodAccessorImpl.java:62) ~[?:1.8.0_461]
	at sun.reflect.DelegatingMethodAccessorImpl.invoke(DelegatingMethodAccessorImpl.java:43) ~[?:1.8.0_461]
	at java.lang.reflect.Method.invoke(Method.java:498) ~[?:1.8.0_461]
	at org.springframework.web.method.support.InvocableHandlerMethod.doInvoke(InvocableHandlerMethod.java:190) ~[spring-web-5.2.4.RELEASE.jar:5.2.4.RELEASE]
	at org.springframework.web.method.support.InvocableHandlerMethod.invokeForRequest(InvocableHandlerMethod.java:138) ~[spring-web-5.2.4.RELEASE.jar:5.2.4.RELEASE]
	at org.springframework.web.servlet.mvc.method.annotation.ServletInvocableHandlerMethod.invokeAndHandle(ServletInvocableHandlerMethod.java:106) ~[spring-webmvc-5.2.4.RELEASE.jar:5.2.4.RELEASE]
	at org.springframework.web.servlet.mvc.method.annotation.RequestMappingHandlerAdapter.invokeHandlerMethod(RequestMappingHandlerAdapter.java:879) ~[spring-webmvc-5.2.4.RELEASE.jar:5.2.4.RELEASE]
	at org.springframework.web.servlet.mvc.method.annotation.RequestMappingHandlerAdapter.handleInternal(RequestMappingHandlerAdapter.java:793) ~[spring-webmvc-5.2.4.RELEASE.jar:5.2.4.RELEASE]
	at org.springframework.web.servlet.mvc.method.AbstractHandlerMethodAdapter.handle(AbstractHandlerMethodAdapter.java:87) ~[spring-webmvc-5.2.4.RELEASE.jar:5.2.4.RELEASE]
	at org.springframework.web.servlet.DispatcherServlet.doDispatch(DispatcherServlet.java:1040) [spring-webmvc-5.2.4.RELEASE.jar:5.2.4.RELEASE]
	at org.springframework.web.servlet.DispatcherServlet.doService(DispatcherServlet.java:943) [spring-webmvc-5.2.4.RELEASE.jar:5.2.4.RELEASE]
	at org.springframework.web.servlet.FrameworkServlet.processRequest(FrameworkServlet.java:1006) [spring-webmvc-5.2.4.RELEASE.jar:5.2.4.RELEASE]
	at org.springframework.web.servlet.FrameworkServlet.doGet(FrameworkServlet.java:898) [spring-webmvc-5.2.4.RELEASE.jar:5.2.4.RELEASE]
	at javax.servlet.http.HttpServlet.service(HttpServlet.java:634) [tomcat-embed-core-9.0.31.jar:9.0.31]
	at org.springframework.web.servlet.FrameworkServlet.service(FrameworkServlet.java:883) [spring-webmvc-5.2.4.RELEASE.jar:5.2.4.RELEASE]
	at javax.servlet.http.HttpServlet.service(HttpServlet.java:741) [tomcat-embed-core-9.0.31.jar:9.0.31]
	at org.apache.catalina.core.ApplicationFilterChain.internalDoFilter(ApplicationFilterChain.java:231) [tomcat-embed-core-9.0.31.jar:9.0.31]
	at org.apache.catalina.core.ApplicationFilterChain.doFilter(ApplicationFilterChain.java:166) [tomcat-embed-core-9.0.31.jar:9.0.31]
	at org.apache.tomcat.websocket.server.WsFilter.doFilter(WsFilter.java:53) [tomcat-embed-websocket-9.0.31.jar:9.0.31]
	at org.apache.catalina.core.ApplicationFilterChain.internalDoFilter(ApplicationFilterChain.java:193) [tomcat-embed-core-9.0.31.jar:9.0.31]
	at org.apache.catalina.core.ApplicationFilterChain.doFilter(ApplicationFilterChain.java:166) [tomcat-embed-core-9.0.31.jar:9.0.31]
	at org.springframework.web.filter.RequestContextFilter.doFilterInternal(RequestContextFilter.java:100) [spring-web-5.2.4.RELEASE.jar:5.2.4.RELEASE]
	at org.springframework.web.filter.OncePerRequestFilter.doFilter(OncePerRequestFilter.java:119) [spring-web-5.2.4.RELEASE.jar:5.2.4.RELEASE]
	at org.apache.catalina.core.ApplicationFilterChain.internalDoFilter(ApplicationFilterChain.java:193) [tomcat-embed-core-9.0.31.jar:9.0.31]
	at org.apache.catalina.core.ApplicationFilterChain.doFilter(ApplicationFilterChain.java:166) [tomcat-embed-core-9.0.31.jar:9.0.31]
	at org.springframework.web.filter.FormContentFilter.doFilterInternal(FormContentFilter.java:93) [spring-web-5.2.4.RELEASE.jar:5.2.4.RELEASE]
	at org.springframework.web.filter.OncePerRequestFilter.doFilter(OncePerRequestFilter.java:119) [spring-web-5.2.4.RELEASE.jar:5.2.4.RELEASE]
	at org.apache.catalina.core.ApplicationFilterChain.internalDoFilter(ApplicationFilterChain.java:193) [tomcat-embed-core-9.0.31.jar:9.0.31]
	at org.apache.catalina.core.ApplicationFilterChain.doFilter(ApplicationFilterChain.java:166) [tomcat-embed-core-9.0.31.jar:9.0.31]
	at org.springframework.web.filter.CharacterEncodingFilter.doFilterInternal(CharacterEncodingFilter.java:201) [spring-web-5.2.4.RELEASE.jar:5.2.4.RELEASE]
	at org.springframework.web.filter.OncePerRequestFilter.doFilter(OncePerRequestFilter.java:119) [spring-web-5.2.4.RELEASE.jar:5.2.4.RELEASE]
	at org.apache.catalina.core.ApplicationFilterChain.internalDoFilter(ApplicationFilterChain.java:193) [tomcat-embed-core-9.0.31.jar:9.0.31]
	at org.apache.catalina.core.ApplicationFilterChain.doFilter(ApplicationFilterChain.java:166) [tomcat-embed-core-9.0.31.jar:9.0.31]
	at org.apache.catalina.core.StandardWrapperValve.invoke(StandardWrapperValve.java:202) [tomcat-embed-core-9.0.31.jar:9.0.31]
	at org.apache.catalina.core.StandardContextValve.invoke(StandardContextValve.java:96) [tomcat-embed-core-9.0.31.jar:9.0.31]
	at org.apache.catalina.authenticator.AuthenticatorBase.invoke(AuthenticatorBase.java:541) [tomcat-embed-core-9.0.31.jar:9.0.31]
	at org.apache.catalina.core.StandardHostValve.invoke(StandardHostValve.java:139) [tomcat-embed-core-9.0.31.jar:9.0.31]
	at org.apache.catalina.valves.ErrorReportValve.invoke(ErrorReportValve.java:92) [tomcat-embed-core-9.0.31.jar:9.0.31]
	at org.apache.catalina.core.StandardEngineValve.invoke(StandardEngineValve.java:74) [tomcat-embed-core-9.0.31.jar:9.0.31]
	at org.apache.catalina.connector.CoyoteAdapter.service(CoyoteAdapter.java:343) [tomcat-embed-core-9.0.31.jar:9.0.31]
	at org.apache.coyote.http11.Http11Processor.service(Http11Processor.java:367) [tomcat-embed-core-9.0.31.jar:9.0.31]
	at org.apache.coyote.AbstractProcessorLight.process(AbstractProcessorLight.java:65) [tomcat-embed-core-9.0.31.jar:9.0.31]
	at org.apache.coyote.AbstractProtocol$ConnectionHandler.process(AbstractProtocol.java:868) [tomcat-embed-core-9.0.31.jar:9.0.31]
	at org.apache.tomcat.util.net.NioEndpoint$SocketProcessor.doRun(NioEndpoint.java:1639) [tomcat-embed-core-9.0.31.jar:9.0.31]
	at org.apache.tomcat.util.net.SocketProcessorBase.run(SocketProcessorBase.java:49) [tomcat-embed-core-9.0.31.jar:9.0.31]
	at java.util.concurrent.ThreadPoolExecutor.runWorker(ThreadPoolExecutor.java:1149) [?:1.8.0_461]
	at java.util.concurrent.ThreadPoolExecutor$Worker.run(ThreadPoolExecutor.java:624) [?:1.8.0_461]
	at org.apache.tomcat.util.threads.TaskThread$WrappingRunnable.run(TaskThread.java:61) [tomcat-embed-core-9.0.31.jar:9.0.31]
	at java.lang.Thread.run(Thread.java:750) [?:1.8.0_461]
Caused by: java.sql.SQLSyntaxErrorException: You have an error in your SQL syntax; check the manual that corresponds to your MySQL server version for the right syntax to use near 'by create_time desc  limit 0 , 7' at line 1
	at com.mysql.cj.jdbc.exceptions.SQLError.createSQLException(SQLError.java:118) ~[mysql-connector-java-8.0.11.jar:8.0.11]
	at com.mysql.cj.jdbc.exceptions.SQLError.createSQLException(SQLError.java:95) ~[mysql-connector-java-8.0.11.jar:8.0.11]
	at com.mysql.cj.jdbc.exceptions.SQLExceptionsMapping.translateException(SQLExceptionsMapping.java:122) ~[mysql-connector-java-8.0.11.jar:8.0.11]
	at com.mysql.cj.jdbc.ClientPreparedStatement.executeInternal(ClientPreparedStatement.java:960) ~[mysql-connector-java-8.0.11.jar:8.0.11]
	at com.mysql.cj.jdbc.ClientPreparedStatement.execute(ClientPreparedStatement.java:388) ~[mysql-connector-java-8.0.11.jar:8.0.11]
	at com.alibaba.druid.pool.DruidPooledPreparedStatement.execute(DruidPooledPreparedStatement.java:497) ~[druid-1.2.8.jar:1.2.8]
	at sun.reflect.NativeMethodAccessorImpl.invoke0(Native Method) ~[?:1.8.0_461]
	at sun.reflect.NativeMethodAccessorImpl.invoke(NativeMethodAccessorImpl.java:62) ~[?:1.8.0_461]
	at sun.reflect.DelegatingMethodAccessorImpl.invoke(DelegatingMethodAccessorImpl.java:43) ~[?:1.8.0_461]
	at java.lang.reflect.Method.invoke(Method.java:498) ~[?:1.8.0_461]
	at org.apache.ibatis.logging.jdbc.PreparedStatementLogger.invoke(PreparedStatementLogger.java:59) ~[mybatis-3.4.6.jar:3.4.6]
	at com.sun.proxy.$Proxy152.execute(Unknown Source) ~[?:?]
	at org.apache.ibatis.executor.statement.PreparedStatementHandler.query(PreparedStatementHandler.java:63) ~[mybatis-3.4.6.jar:3.4.6]
	at org.apache.ibatis.executor.statement.RoutingStatementHandler.query(RoutingStatementHandler.java:79) ~[mybatis-3.4.6.jar:3.4.6]
	at sun.reflect.NativeMethodAccessorImpl.invoke0(Native Method) ~[?:1.8.0_461]
	at sun.reflect.NativeMethodAccessorImpl.invoke(NativeMethodAccessorImpl.java:62) ~[?:1.8.0_461]
	at sun.reflect.DelegatingMethodAccessorImpl.invoke(DelegatingMethodAccessorImpl.java:43) ~[?:1.8.0_461]
	at java.lang.reflect.Method.invoke(Method.java:498) ~[?:1.8.0_461]
	at org.apache.ibatis.plugin.Plugin.invoke(Plugin.java:63) ~[mybatis-3.4.6.jar:3.4.6]
	at com.sun.proxy.$Proxy150.query(Unknown Source) ~[?:?]
	at org.apache.ibatis.executor.SimpleExecutor.doQuery(SimpleExecutor.java:63) ~[mybatis-3.4.6.jar:3.4.6]
	at org.apache.ibatis.executor.BaseExecutor.queryFromDatabase(BaseExecutor.java:326) ~[mybatis-3.4.6.jar:3.4.6]
	at org.apache.ibatis.executor.BaseExecutor.query(BaseExecutor.java:156) ~[mybatis-3.4.6.jar:3.4.6]
	at org.apache.ibatis.executor.CachingExecutor.query(CachingExecutor.java:109) ~[mybatis-3.4.6.jar:3.4.6]
	at org.apache.ibatis.executor.CachingExecutor.query(CachingExecutor.java:83) ~[mybatis-3.4.6.jar:3.4.6]
	at org.apache.ibatis.session.defaults.DefaultSqlSession.selectList(DefaultSqlSession.java:148) ~[mybatis-3.4.6.jar:3.4.6]
	at org.apache.ibatis.session.defaults.DefaultSqlSession.selectList(DefaultSqlSession.java:141) ~[mybatis-3.4.6.jar:3.4.6]
	at sun.reflect.NativeMethodAccessorImpl.invoke0(Native Method) ~[?:1.8.0_461]
	at sun.reflect.NativeMethodAccessorImpl.invoke(NativeMethodAccessorImpl.java:62) ~[?:1.8.0_461]
	at sun.reflect.DelegatingMethodAccessorImpl.invoke(DelegatingMethodAccessorImpl.java:43) ~[?:1.8.0_461]
	at java.lang.reflect.Method.invoke(Method.java:498) ~[?:1.8.0_461]
	at org.mybatis.spring.SqlSessionTemplate$SqlSessionInterceptor.invoke(SqlSessionTemplate.java:433) ~[mybatis-spring-1.3.2.jar:1.3.2]
	... 72 more
2026-05-04 22:11:27.438 [http-nio-5000-exec-3] ERROR com.project.demo.exception.GlobalExceptionHandler - 运行时异常: 
org.springframework.jdbc.BadSqlGrammarException: 
### Error querying database.  Cause: java.sql.SQLSyntaxErrorException: You have an error in your SQL syntax; check the manual that corresponds to your MySQL server version for the right syntax to use near 'by create_time desc  limit 0 , 7' at line 1
### The error may exist in file [/home/yuan/Desktop/bishe-main/target/classes/mapper/BaseMapper.xml]
### The error may involve defaultParameterMap
### The error occurred while setting parameters
### SQL: select * from `registered_user` WHERE is_delete = 0order by create_time desc  limit 0 , 7
### Cause: java.sql.SQLSyntaxErrorException: You have an error in your SQL syntax; check the manual that corresponds to your MySQL server version for the right syntax to use near 'by create_time desc  limit 0 , 7' at line 1
; bad SQL grammar []; nested exception is java.sql.SQLSyntaxErrorException: You have an error in your SQL syntax; check the manual that corresponds to your MySQL server version for the right syntax to use near 'by create_time desc  limit 0 , 7' at line 1
	at org.springframework.jdbc.support.SQLErrorCodeSQLExceptionTranslator.doTranslate(SQLErrorCodeSQLExceptionTranslator.java:235) ~[spring-jdbc-5.2.4.RELEASE.jar:5.2.4.RELEASE]
	at org.springframework.jdbc.support.AbstractFallbackSQLExceptionTranslator.translate(AbstractFallbackSQLExceptionTranslator.java:72) ~[spring-jdbc-5.2.4.RELEASE.jar:5.2.4.RELEASE]
	at org.mybatis.spring.MyBatisExceptionTranslator.translateExceptionIfPossible(MyBatisExceptionTranslator.java:73) ~[mybatis-spring-1.3.2.jar:1.3.2]
	at org.mybatis.spring.SqlSessionTemplate$SqlSessionInterceptor.invoke(SqlSessionTemplate.java:446) ~[mybatis-spring-1.3.2.jar:1.3.2]
	at com.sun.proxy.$Proxy114.selectList(Unknown Source) ~[?:?]
	at org.mybatis.spring.SqlSessionTemplate.selectList(SqlSessionTemplate.java:230) ~[mybatis-spring-1.3.2.jar:1.3.2]
	at com.baomidou.mybatisplus.core.override.PageMapperMethod.executeForMany(PageMapperMethod.java:173) ~[mybatis-plus-core-3.0.4.jar:?]
	at com.baomidou.mybatisplus.core.override.PageMapperMethod.execute(PageMapperMethod.java:86) ~[mybatis-plus-core-3.0.4.jar:?]
	at com.baomidou.mybatisplus.core.override.PageMapperProxy.invoke(PageMapperProxy.java:64) ~[mybatis-plus-core-3.0.4.jar:?]
	at com.sun.proxy.$Proxy128.selectBaseList(Unknown Source) ~[?:?]
	at com.project.demo.service.base.BaseService.selectToPage(BaseService.java:77) ~[classes/:?]
	at com.project.demo.service.base.BaseService$$FastClassBySpringCGLIB$$504c7e9.invoke(<generated>) ~[classes/:?]
	at org.springframework.cglib.proxy.MethodProxy.invoke(MethodProxy.java:218) ~[spring-core-5.2.4.RELEASE.jar:5.2.4.RELEASE]
	at org.springframework.aop.framework.CglibAopProxy$CglibMethodInvocation.invokeJoinpoint(CglibAopProxy.java:769) ~[spring-aop-5.2.4.RELEASE.jar:5.2.4.RELEASE]
	at org.springframework.aop.framework.ReflectiveMethodInvocation.proceed(ReflectiveMethodInvocation.java:163) ~[spring-aop-5.2.4.RELEASE.jar:5.2.4.RELEASE]
	at org.springframework.aop.framework.CglibAopProxy$CglibMethodInvocation.proceed(CglibAopProxy.java:747) ~[spring-aop-5.2.4.RELEASE.jar:5.2.4.RELEASE]
	at org.springframework.aop.interceptor.ExposeInvocationInterceptor.invoke(ExposeInvocationInterceptor.java:95) ~[spring-aop-5.2.4.RELEASE.jar:5.2.4.RELEASE]
	at org.springframework.aop.framework.ReflectiveMethodInvocation.proceed(ReflectiveMethodInvocation.java:186) ~[spring-aop-5.2.4.RELEASE.jar:5.2.4.RELEASE]
	at org.springframework.aop.framework.CglibAopProxy$CglibMethodInvocation.proceed(CglibAopProxy.java:747) ~[spring-aop-5.2.4.RELEASE.jar:5.2.4.RELEASE]
	at org.springframework.aop.framework.CglibAopProxy$DynamicAdvisedInterceptor.intercept(CglibAopProxy.java:689) ~[spring-aop-5.2.4.RELEASE.jar:5.2.4.RELEASE]
	at com.project.demo.service.RegisteredUserService$$EnhancerBySpringCGLIB$$bce5f465.selectToPage(<generated>) ~[classes/:?]
	at com.project.demo.controller.base.BaseController.getList(BaseController.java:76) ~[classes/:?]
	at com.project.demo.controller.base.BaseController$$FastClassBySpringCGLIB$$72c28101.invoke(<generated>) ~[classes/:?]
	at org.springframework.cglib.proxy.MethodProxy.invoke(MethodProxy.java:218) ~[spring-core-5.2.4.RELEASE.jar:5.2.4.RELEASE]
	at org.springframework.aop.framework.CglibAopProxy$DynamicAdvisedInterceptor.intercept(CglibAopProxy.java:685) ~[spring-aop-5.2.4.RELEASE.jar:5.2.4.RELEASE]
	at com.project.demo.controller.RegisteredUserController$$EnhancerBySpringCGLIB$$eaca57a7.getList(<generated>) ~[classes/:?]
	at sun.reflect.NativeMethodAccessorImpl.invoke0(Native Method) ~[?:1.8.0_461]
	at sun.reflect.NativeMethodAccessorImpl.invoke(NativeMethodAccessorImpl.java:62) ~[?:1.8.0_461]
	at sun.reflect.DelegatingMethodAccessorImpl.invoke(DelegatingMethodAccessorImpl.java:43) ~[?:1.8.0_461]
	at java.lang.reflect.Method.invoke(Method.java:498) ~[?:1.8.0_461]
	at org.springframework.web.method.support.InvocableHandlerMethod.doInvoke(InvocableHandlerMethod.java:190) ~[spring-web-5.2.4.RELEASE.jar:5.2.4.RELEASE]
	at org.springframework.web.method.support.InvocableHandlerMethod.invokeForRequest(InvocableHandlerMethod.java:138) ~[spring-web-5.2.4.RELEASE.jar:5.2.4.RELEASE]
	at org.springframework.web.servlet.mvc.method.annotation.ServletInvocableHandlerMethod.invokeAndHandle(ServletInvocableHandlerMethod.java:106) ~[spring-webmvc-5.2.4.RELEASE.jar:5.2.4.RELEASE]
	at org.springframework.web.servlet.mvc.method.annotation.RequestMappingHandlerAdapter.invokeHandlerMethod(RequestMappingHandlerAdapter.java:879) ~[spring-webmvc-5.2.4.RELEASE.jar:5.2.4.RELEASE]
	at org.springframework.web.servlet.mvc.method.annotation.RequestMappingHandlerAdapter.handleInternal(RequestMappingHandlerAdapter.java:793) ~[spring-webmvc-5.2.4.RELEASE.jar:5.2.4.RELEASE]
	at org.springframework.web.servlet.mvc.method.AbstractHandlerMethodAdapter.handle(AbstractHandlerMethodAdapter.java:87) ~[spring-webmvc-5.2.4.RELEASE.jar:5.2.4.RELEASE]
	at org.springframework.web.servlet.DispatcherServlet.doDispatch(DispatcherServlet.java:1040) [spring-webmvc-5.2.4.RELEASE.jar:5.2.4.RELEASE]
	at org.springframework.web.servlet.DispatcherServlet.doService(DispatcherServlet.java:943) [spring-webmvc-5.2.4.RELEASE.jar:5.2.4.RELEASE]
	at org.springframework.web.servlet.FrameworkServlet.processRequest(FrameworkServlet.java:1006) [spring-webmvc-5.2.4.RELEASE.jar:5.2.4.RELEASE]
	at org.springframework.web.servlet.FrameworkServlet.doGet(FrameworkServlet.java:898) [spring-webmvc-5.2.4.RELEASE.jar:5.2.4.RELEASE]
	at javax.servlet.http.HttpServlet.service(HttpServlet.java:634) [tomcat-embed-core-9.0.31.jar:9.0.31]
	at org.springframework.web.servlet.FrameworkServlet.service(FrameworkServlet.java:883) [spring-webmvc-5.2.4.RELEASE.jar:5.2.4.RELEASE]
	at javax.servlet.http.HttpServlet.service(HttpServlet.java:741) [tomcat-embed-core-9.0.31.jar:9.0.31]
	at org.apache.catalina.core.ApplicationFilterChain.internalDoFilter(ApplicationFilterChain.java:231) [tomcat-embed-core-9.0.31.jar:9.0.31]
	at org.apache.catalina.core.ApplicationFilterChain.doFilter(ApplicationFilterChain.java:166) [tomcat-embed-core-9.0.31.jar:9.0.31]
	at org.apache.tomcat.websocket.server.WsFilter.doFilter(WsFilter.java:53) [tomcat-embed-websocket-9.0.31.jar:9.0.31]
	at org.apache.catalina.core.ApplicationFilterChain.internalDoFilter(ApplicationFilterChain.java:193) [tomcat-embed-core-9.0.31.jar:9.0.31]
	at org.apache.catalina.core.ApplicationFilterChain.doFilter(ApplicationFilterChain.java:166) [tomcat-embed-core-9.0.31.jar:9.0.31]
	at org.springframework.web.filter.RequestContextFilter.doFilterInternal(RequestContextFilter.java:100) [spring-web-5.2.4.RELEASE.jar:5.2.4.RELEASE]
	at org.springframework.web.filter.OncePerRequestFilter.doFilter(OncePerRequestFilter.java:119) [spring-web-5.2.4.RELEASE.jar:5.2.4.RELEASE]
	at org.apache.catalina.core.ApplicationFilterChain.internalDoFilter(ApplicationFilterChain.java:193) [tomcat-embed-core-9.0.31.jar:9.0.31]
	at org.apache.catalina.core.ApplicationFilterChain.doFilter(ApplicationFilterChain.java:166) [tomcat-embed-core-9.0.31.jar:9.0.31]
	at org.springframework.web.filter.FormContentFilter.doFilterInternal(FormContentFilter.java:93) [spring-web-5.2.4.RELEASE.jar:5.2.4.RELEASE]
	at org.springframework.web.filter.OncePerRequestFilter.doFilter(OncePerRequestFilter.java:119) [spring-web-5.2.4.RELEASE.jar:5.2.4.RELEASE]
	at org.apache.catalina.core.ApplicationFilterChain.internalDoFilter(ApplicationFilterChain.java:193) [tomcat-embed-core-9.0.31.jar:9.0.31]
	at org.apache.catalina.core.ApplicationFilterChain.doFilter(ApplicationFilterChain.java:166) [tomcat-embed-core-9.0.31.jar:9.0.31]
	at org.springframework.web.filter.CharacterEncodingFilter.doFilterInternal(CharacterEncodingFilter.java:201) [spring-web-5.2.4.RELEASE.jar:5.2.4.RELEASE]
	at org.springframework.web.filter.OncePerRequestFilter.doFilter(OncePerRequestFilter.java:119) [spring-web-5.2.4.RELEASE.jar:5.2.4.RELEASE]
	at org.apache.catalina.core.ApplicationFilterChain.internalDoFilter(ApplicationFilterChain.java:193) [tomcat-embed-core-9.0.31.jar:9.0.31]
	at org.apache.catalina.core.ApplicationFilterChain.doFilter(ApplicationFilterChain.java:166) [tomcat-embed-core-9.0.31.jar:9.0.31]
	at org.apache.catalina.core.StandardWrapperValve.invoke(StandardWrapperValve.java:202) [tomcat-embed-core-9.0.31.jar:9.0.31]
	at org.apache.catalina.core.StandardContextValve.invoke(StandardContextValve.java:96) [tomcat-embed-core-9.0.31.jar:9.0.31]
	at org.apache.catalina.authenticator.AuthenticatorBase.invoke(AuthenticatorBase.java:541) [tomcat-embed-core-9.0.31.jar:9.0.31]
	at org.apache.catalina.core.StandardHostValve.invoke(StandardHostValve.java:139) [tomcat-embed-core-9.0.31.jar:9.0.31]
	at org.apache.catalina.valves.ErrorReportValve.invoke(ErrorReportValve.java:92) [tomcat-embed-core-9.0.31.jar:9.0.31]
	at org.apache.catalina.core.StandardEngineValve.invoke(StandardEngineValve.java:74) [tomcat-embed-core-9.0.31.jar:9.0.31]
	at org.apache.catalina.connector.CoyoteAdapter.service(CoyoteAdapter.java:343) [tomcat-embed-core-9.0.31.jar:9.0.31]
	at org.apache.coyote.http11.Http11Processor.service(Http11Processor.java:367) [tomcat-embed-core-9.0.31.jar:9.0.31]
	at org.apache.coyote.AbstractProcessorLight.process(AbstractProcessorLight.java:65) [tomcat-embed-core-9.0.31.jar:9.0.31]
	at org.apache.coyote.AbstractProtocol$ConnectionHandler.process(AbstractProtocol.java:868) [tomcat-embed-core-9.0.31.jar:9.0.31]
	at org.apache.tomcat.util.net.NioEndpoint$SocketProcessor.doRun(NioEndpoint.java:1639) [tomcat-embed-core-9.0.31.jar:9.0.31]
	at org.apache.tomcat.util.net.SocketProcessorBase.run(SocketProcessorBase.java:49) [tomcat-embed-core-9.0.31.jar:9.0.31]
	at java.util.concurrent.ThreadPoolExecutor.runWorker(ThreadPoolExecutor.java:1149) [?:1.8.0_461]
	at java.util.concurrent.ThreadPoolExecutor$Worker.run(ThreadPoolExecutor.java:624) [?:1.8.0_461]
	at org.apache.tomcat.util.threads.TaskThread$WrappingRunnable.run(TaskThread.java:61) [tomcat-embed-core-9.0.31.jar:9.0.31]
	at java.lang.Thread.run(Thread.java:750) [?:1.8.0_461]
Caused by: java.sql.SQLSyntaxErrorException: You have an error in your SQL syntax; check the manual that corresponds to your MySQL server version for the right syntax to use near 'by create_time desc  limit 0 , 7' at line 1
	at com.mysql.cj.jdbc.exceptions.SQLError.createSQLException(SQLError.java:118) ~[mysql-connector-java-8.0.11.jar:8.0.11]
	at com.mysql.cj.jdbc.exceptions.SQLError.createSQLException(SQLError.java:95) ~[mysql-connector-java-8.0.11.jar:8.0.11]
	at com.mysql.cj.jdbc.exceptions.SQLExceptionsMapping.translateException(SQLExceptionsMapping.java:122) ~[mysql-connector-java-8.0.11.jar:8.0.11]
	at com.mysql.cj.jdbc.ClientPreparedStatement.executeInternal(ClientPreparedStatement.java:960) ~[mysql-connector-java-8.0.11.jar:8.0.11]
	at com.mysql.cj.jdbc.ClientPreparedStatement.execute(ClientPreparedStatement.java:388) ~[mysql-connector-java-8.0.11.jar:8.0.11]
	at com.alibaba.druid.pool.DruidPooledPreparedStatement.execute(DruidPooledPreparedStatement.java:497) ~[druid-1.2.8.jar:1.2.8]
	at sun.reflect.NativeMethodAccessorImpl.invoke0(Native Method) ~[?:1.8.0_461]
	at sun.reflect.NativeMethodAccessorImpl.invoke(NativeMethodAccessorImpl.java:62) ~[?:1.8.0_461]
	at sun.reflect.DelegatingMethodAccessorImpl.invoke(DelegatingMethodAccessorImpl.java:43) ~[?:1.8.0_461]
	at java.lang.reflect.Method.invoke(Method.java:498) ~[?:1.8.0_461]
	at org.apache.ibatis.logging.jdbc.PreparedStatementLogger.invoke(PreparedStatementLogger.java:59) ~[mybatis-3.4.6.jar:3.4.6]
	at com.sun.proxy.$Proxy152.execute(Unknown Source) ~[?:?]
	at org.apache.ibatis.executor.statement.PreparedStatementHandler.query(PreparedStatementHandler.java:63) ~[mybatis-3.4.6.jar:3.4.6]
	at org.apache.ibatis.executor.statement.RoutingStatementHandler.query(RoutingStatementHandler.java:79) ~[mybatis-3.4.6.jar:3.4.6]
	at sun.reflect.NativeMethodAccessorImpl.invoke0(Native Method) ~[?:1.8.0_461]
	at sun.reflect.NativeMethodAccessorImpl.invoke(NativeMethodAccessorImpl.java:62) ~[?:1.8.0_461]
	at sun.reflect.DelegatingMethodAccessorImpl.invoke(DelegatingMethodAccessorImpl.java:43) ~[?:1.8.0_461]
	at java.lang.reflect.Method.invoke(Method.java:498) ~[?:1.8.0_461]
	at org.apache.ibatis.plugin.Plugin.invoke(Plugin.java:63) ~[mybatis-3.4.6.jar:3.4.6]
	at com.sun.proxy.$Proxy150.query(Unknown Source) ~[?:?]
	at org.apache.ibatis.executor.SimpleExecutor.doQuery(SimpleExecutor.java:63) ~[mybatis-3.4.6.jar:3.4.6]
	at org.apache.ibatis.executor.BaseExecutor.queryFromDatabase(BaseExecutor.java:326) ~[mybatis-3.4.6.jar:3.4.6]
	at org.apache.ibatis.executor.BaseExecutor.query(BaseExecutor.java:156) ~[mybatis-3.4.6.jar:3.4.6]
	at org.apache.ibatis.executor.CachingExecutor.query(CachingExecutor.java:109) ~[mybatis-3.4.6.jar:3.4.6]
	at org.apache.ibatis.executor.CachingExecutor.query(CachingExecutor.java:83) ~[mybatis-3.4.6.jar:3.4.6]
	at org.apache.ibatis.session.defaults.DefaultSqlSession.selectList(DefaultSqlSession.java:148) ~[mybatis-3.4.6.jar:3.4.6]
	at org.apache.ibatis.session.defaults.DefaultSqlSession.selectList(DefaultSqlSession.java:141) ~[mybatis-3.4.6.jar:3.4.6]
	at sun.reflect.NativeMethodAccessorImpl.invoke0(Native Method) ~[?:1.8.0_461]
	at sun.reflect.NativeMethodAccessorImpl.invoke(NativeMethodAccessorImpl.java:62) ~[?:1.8.0_461]
	at sun.reflect.DelegatingMethodAccessorImpl.invoke(DelegatingMethodAccessorImpl.java:43) ~[?:1.8.0_461]
	at java.lang.reflect.Method.invoke(Method.java:498) ~[?:1.8.0_461]
	at org.mybatis.spring.SqlSessionTemplate$SqlSessionInterceptor.invoke(SqlSessionTemplate.java:433) ~[mybatis-spring-1.3.2.jar:1.3.2]
	... 72 more
2026-05-04 22:11:29.934 [http-nio-5000-exec-4] ERROR com.project.demo.exception.GlobalExceptionHandler - 运行时异常: 
org.springframework.jdbc.BadSqlGrammarException: 
### Error querying database.  Cause: java.sql.SQLSyntaxErrorException: You have an error in your SQL syntax; check the manual that corresponds to your MySQL server version for the right syntax to use near 'by create_time desc  limit 0 , 10' at line 1
### The error may exist in file [/home/yuan/Desktop/bishe-main/target/classes/mapper/BaseMapper.xml]
### The error may involve defaultParameterMap
### The error occurred while setting parameters
### SQL: select * from `user` WHERE `user_group` LIKE '%管理员%'  AND is_delete = 0order by create_time desc  limit 0 , 10
### Cause: java.sql.SQLSyntaxErrorException: You have an error in your SQL syntax; check the manual that corresponds to your MySQL server version for the right syntax to use near 'by create_time desc  limit 0 , 10' at line 1
; bad SQL grammar []; nested exception is java.sql.SQLSyntaxErrorException: You have an error in your SQL syntax; check the manual that corresponds to your MySQL server version for the right syntax to use near 'by create_time desc  limit 0 , 10' at line 1
	at org.springframework.jdbc.support.SQLErrorCodeSQLExceptionTranslator.doTranslate(SQLErrorCodeSQLExceptionTranslator.java:235) ~[spring-jdbc-5.2.4.RELEASE.jar:5.2.4.RELEASE]
	at org.springframework.jdbc.support.AbstractFallbackSQLExceptionTranslator.translate(AbstractFallbackSQLExceptionTranslator.java:72) ~[spring-jdbc-5.2.4.RELEASE.jar:5.2.4.RELEASE]
	at org.mybatis.spring.MyBatisExceptionTranslator.translateExceptionIfPossible(MyBatisExceptionTranslator.java:73) ~[mybatis-spring-1.3.2.jar:1.3.2]
	at org.mybatis.spring.SqlSessionTemplate$SqlSessionInterceptor.invoke(SqlSessionTemplate.java:446) ~[mybatis-spring-1.3.2.jar:1.3.2]
	at com.sun.proxy.$Proxy114.selectList(Unknown Source) ~[?:?]
	at org.mybatis.spring.SqlSessionTemplate.selectList(SqlSessionTemplate.java:230) ~[mybatis-spring-1.3.2.jar:1.3.2]
	at com.baomidou.mybatisplus.core.override.PageMapperMethod.executeForMany(PageMapperMethod.java:173) ~[mybatis-plus-core-3.0.4.jar:?]
	at com.baomidou.mybatisplus.core.override.PageMapperMethod.execute(PageMapperMethod.java:86) ~[mybatis-plus-core-3.0.4.jar:?]
	at com.baomidou.mybatisplus.core.override.PageMapperProxy.invoke(PageMapperProxy.java:64) ~[mybatis-plus-core-3.0.4.jar:?]
	at com.sun.proxy.$Proxy132.selectBaseList(Unknown Source) ~[?:?]
	at com.project.demo.service.base.BaseService.selectToPage(BaseService.java:77) ~[classes/:?]
	at com.project.demo.service.base.BaseService$$FastClassBySpringCGLIB$$504c7e9.invoke(<generated>) ~[classes/:?]
	at org.springframework.cglib.proxy.MethodProxy.invoke(MethodProxy.java:218) ~[spring-core-5.2.4.RELEASE.jar:5.2.4.RELEASE]
	at org.springframework.aop.framework.CglibAopProxy$CglibMethodInvocation.invokeJoinpoint(CglibAopProxy.java:769) ~[spring-aop-5.2.4.RELEASE.jar:5.2.4.RELEASE]
	at org.springframework.aop.framework.ReflectiveMethodInvocation.proceed(ReflectiveMethodInvocation.java:163) ~[spring-aop-5.2.4.RELEASE.jar:5.2.4.RELEASE]
	at org.springframework.aop.framework.CglibAopProxy$CglibMethodInvocation.proceed(CglibAopProxy.java:747) ~[spring-aop-5.2.4.RELEASE.jar:5.2.4.RELEASE]
	at org.springframework.aop.interceptor.ExposeInvocationInterceptor.invoke(ExposeInvocationInterceptor.java:95) ~[spring-aop-5.2.4.RELEASE.jar:5.2.4.RELEASE]
	at org.springframework.aop.framework.ReflectiveMethodInvocation.proceed(ReflectiveMethodInvocation.java:186) ~[spring-aop-5.2.4.RELEASE.jar:5.2.4.RELEASE]
	at org.springframework.aop.framework.CglibAopProxy$CglibMethodInvocation.proceed(CglibAopProxy.java:747) ~[spring-aop-5.2.4.RELEASE.jar:5.2.4.RELEASE]
	at org.springframework.aop.framework.CglibAopProxy$DynamicAdvisedInterceptor.intercept(CglibAopProxy.java:689) ~[spring-aop-5.2.4.RELEASE.jar:5.2.4.RELEASE]
	at com.project.demo.service.UserService$$EnhancerBySpringCGLIB$$baf85dcb.selectToPage(<generated>) ~[classes/:?]
	at com.project.demo.controller.base.BaseController.getList(BaseController.java:76) ~[classes/:?]
	at com.project.demo.controller.base.BaseController$$FastClassBySpringCGLIB$$72c28101.invoke(<generated>) ~[classes/:?]
	at org.springframework.cglib.proxy.MethodProxy.invoke(MethodProxy.java:218) ~[spring-core-5.2.4.RELEASE.jar:5.2.4.RELEASE]
	at org.springframework.aop.framework.CglibAopProxy$DynamicAdvisedInterceptor.intercept(CglibAopProxy.java:685) ~[spring-aop-5.2.4.RELEASE.jar:5.2.4.RELEASE]
	at com.project.demo.controller.UserController$$EnhancerBySpringCGLIB$$fdacaac1.getList(<generated>) ~[classes/:?]
	at sun.reflect.NativeMethodAccessorImpl.invoke0(Native Method) ~[?:1.8.0_461]
	at sun.reflect.NativeMethodAccessorImpl.invoke(NativeMethodAccessorImpl.java:62) ~[?:1.8.0_461]
	at sun.reflect.DelegatingMethodAccessorImpl.invoke(DelegatingMethodAccessorImpl.java:43) ~[?:1.8.0_461]
	at java.lang.reflect.Method.invoke(Method.java:498) ~[?:1.8.0_461]
	at org.springframework.web.method.support.InvocableHandlerMethod.doInvoke(InvocableHandlerMethod.java:190) ~[spring-web-5.2.4.RELEASE.jar:5.2.4.RELEASE]
	at org.springframework.web.method.support.InvocableHandlerMethod.invokeForRequest(InvocableHandlerMethod.java:138) ~[spring-web-5.2.4.RELEASE.jar:5.2.4.RELEASE]
	at org.springframework.web.servlet.mvc.method.annotation.ServletInvocableHandlerMethod.invokeAndHandle(ServletInvocableHandlerMethod.java:106) ~[spring-webmvc-5.2.4.RELEASE.jar:5.2.4.RELEASE]
	at org.springframework.web.servlet.mvc.method.annotation.RequestMappingHandlerAdapter.invokeHandlerMethod(RequestMappingHandlerAdapter.java:879) ~[spring-webmvc-5.2.4.RELEASE.jar:5.2.4.RELEASE]
	at org.springframework.web.servlet.mvc.method.annotation.RequestMappingHandlerAdapter.handleInternal(RequestMappingHandlerAdapter.java:793) ~[spring-webmvc-5.2.4.RELEASE.jar:5.2.4.RELEASE]
	at org.springframework.web.servlet.mvc.method.AbstractHandlerMethodAdapter.handle(AbstractHandlerMethodAdapter.java:87) ~[spring-webmvc-5.2.4.RELEASE.jar:5.2.4.RELEASE]
	at org.springframework.web.servlet.DispatcherServlet.doDispatch(DispatcherServlet.java:1040) [spring-webmvc-5.2.4.RELEASE.jar:5.2.4.RELEASE]
	at org.springframework.web.servlet.DispatcherServlet.doService(DispatcherServlet.java:943) [spring-webmvc-5.2.4.RELEASE.jar:5.2.4.RELEASE]
	at org.springframework.web.servlet.FrameworkServlet.processRequest(FrameworkServlet.java:1006) [spring-webmvc-5.2.4.RELEASE.jar:5.2.4.RELEASE]
	at org.springframework.web.servlet.FrameworkServlet.doGet(FrameworkServlet.java:898) [spring-webmvc-5.2.4.RELEASE.jar:5.2.4.RELEASE]
	at javax.servlet.http.HttpServlet.service(HttpServlet.java:634) [tomcat-embed-core-9.0.31.jar:9.0.31]
	at org.springframework.web.servlet.FrameworkServlet.service(FrameworkServlet.java:883) [spring-webmvc-5.2.4.RELEASE.jar:5.2.4.RELEASE]
	at javax.servlet.http.HttpServlet.service(HttpServlet.java:741) [tomcat-embed-core-9.0.31.jar:9.0.31]
	at org.apache.catalina.core.ApplicationFilterChain.internalDoFilter(ApplicationFilterChain.java:231) [tomcat-embed-core-9.0.31.jar:9.0.31]
	at org.apache.catalina.core.ApplicationFilterChain.doFilter(ApplicationFilterChain.java:166) [tomcat-embed-core-9.0.31.jar:9.0.31]
	at org.apache.tomcat.websocket.server.WsFilter.doFilter(WsFilter.java:53) [tomcat-embed-websocket-9.0.31.jar:9.0.31]
	at org.apache.catalina.core.ApplicationFilterChain.internalDoFilter(ApplicationFilterChain.java:193) [tomcat-embed-core-9.0.31.jar:9.0.31]
	at org.apache.catalina.core.ApplicationFilterChain.doFilter(ApplicationFilterChain.java:166) [tomcat-embed-core-9.0.31.jar:9.0.31]
	at org.springframework.web.filter.RequestContextFilter.doFilterInternal(RequestContextFilter.java:100) [spring-web-5.2.4.RELEASE.jar:5.2.4.RELEASE]
	at org.springframework.web.filter.OncePerRequestFilter.doFilter(OncePerRequestFilter.java:119) [spring-web-5.2.4.RELEASE.jar:5.2.4.RELEASE]
	at org.apache.catalina.core.ApplicationFilterChain.internalDoFilter(ApplicationFilterChain.java:193) [tomcat-embed-core-9.0.31.jar:9.0.31]
	at org.apache.catalina.core.ApplicationFilterChain.doFilter(ApplicationFilterChain.java:166) [tomcat-embed-core-9.0.31.jar:9.0.31]
	at org.springframework.web.filter.FormContentFilter.doFilterInternal(FormContentFilter.java:93) [spring-web-5.2.4.RELEASE.jar:5.2.4.RELEASE]
	at org.springframework.web.filter.OncePerRequestFilter.doFilter(OncePerRequestFilter.java:119) [spring-web-5.2.4.RELEASE.jar:5.2.4.RELEASE]
	at org.apache.catalina.core.ApplicationFilterChain.internalDoFilter(ApplicationFilterChain.java:193) [tomcat-embed-core-9.0.31.jar:9.0.31]
	at org.apache.catalina.core.ApplicationFilterChain.doFilter(ApplicationFilterChain.java:166) [tomcat-embed-core-9.0.31.jar:9.0.31]
	at org.springframework.web.filter.CharacterEncodingFilter.doFilterInternal(CharacterEncodingFilter.java:201) [spring-web-5.2.4.RELEASE.jar:5.2.4.RELEASE]
	at org.springframework.web.filter.OncePerRequestFilter.doFilter(OncePerRequestFilter.java:119) [spring-web-5.2.4.RELEASE.jar:5.2.4.RELEASE]
	at org.apache.catalina.core.ApplicationFilterChain.internalDoFilter(ApplicationFilterChain.java:193) [tomcat-embed-core-9.0.31.jar:9.0.31]
	at org.apache.catalina.core.ApplicationFilterChain.doFilter(ApplicationFilterChain.java:166) [tomcat-embed-core-9.0.31.jar:9.0.31]
	at org.apache.catalina.core.StandardWrapperValve.invoke(StandardWrapperValve.java:202) [tomcat-embed-core-9.0.31.jar:9.0.31]
	at org.apache.catalina.core.StandardContextValve.invoke(StandardContextValve.java:96) [tomcat-embed-core-9.0.31.jar:9.0.31]
	at org.apache.catalina.authenticator.AuthenticatorBase.invoke(AuthenticatorBase.java:541) [tomcat-embed-core-9.0.31.jar:9.0.31]
	at org.apache.catalina.core.StandardHostValve.invoke(StandardHostValve.java:139) [tomcat-embed-core-9.0.31.jar:9.0.31]
	at org.apache.catalina.valves.ErrorReportValve.invoke(ErrorReportValve.java:92) [tomcat-embed-core-9.0.31.jar:9.0.31]
	at org.apache.catalina.core.StandardEngineValve.invoke(StandardEngineValve.java:74) [tomcat-embed-core-9.0.31.jar:9.0.31]
	at org.apache.catalina.connector.CoyoteAdapter.service(CoyoteAdapter.java:343) [tomcat-embed-core-9.0.31.jar:9.0.31]
	at org.apache.coyote.http11.Http11Processor.service(Http11Processor.java:367) [tomcat-embed-core-9.0.31.jar:9.0.31]
	at org.apache.coyote.AbstractProcessorLight.process(AbstractProcessorLight.java:65) [tomcat-embed-core-9.0.31.jar:9.0.31]
	at org.apache.coyote.AbstractProtocol$ConnectionHandler.process(AbstractProtocol.java:868) [tomcat-embed-core-9.0.31.jar:9.0.31]
	at org.apache.tomcat.util.net.NioEndpoint$SocketProcessor.doRun(NioEndpoint.java:1639) [tomcat-embed-core-9.0.31.jar:9.0.31]
	at org.apache.tomcat.util.net.SocketProcessorBase.run(SocketProcessorBase.java:49) [tomcat-embed-core-9.0.31.jar:9.0.31]
	at java.util.concurrent.ThreadPoolExecutor.runWorker(ThreadPoolExecutor.java:1149) [?:1.8.0_461]
	at java.util.concurrent.ThreadPoolExecutor$Worker.run(ThreadPoolExecutor.java:624) [?:1.8.0_461]
	at org.apache.tomcat.util.threads.TaskThread$WrappingRunnable.run(TaskThread.java:61) [tomcat-embed-core-9.0.31.jar:9.0.31]
	at java.lang.Thread.run(Thread.java:750) [?:1.8.0_461]
Caused by: java.sql.SQLSyntaxErrorException: You have an error in your SQL syntax; check the manual that corresponds to your MySQL server version for the right syntax to use near 'by create_time desc  limit 0 , 10' at line 1
	at com.mysql.cj.jdbc.exceptions.SQLError.createSQLException(SQLError.java:118) ~[mysql-connector-java-8.0.11.jar:8.0.11]
	at com.mysql.cj.jdbc.exceptions.SQLError.createSQLException(SQLError.java:95) ~[mysql-connector-java-8.0.11.jar:8.0.11]
	at com.mysql.cj.jdbc.exceptions.SQLExceptionsMapping.translateException(SQLExceptionsMapping.java:122) ~[mysql-connector-java-8.0.11.jar:8.0.11]
	at com.mysql.cj.jdbc.ClientPreparedStatement.executeInternal(ClientPreparedStatement.java:960) ~[mysql-connector-java-8.0.11.jar:8.0.11]
	at com.mysql.cj.jdbc.ClientPreparedStatement.execute(ClientPreparedStatement.java:388) ~[mysql-connector-java-8.0.11.jar:8.0.11]
	at com.alibaba.druid.pool.DruidPooledPreparedStatement.execute(DruidPooledPreparedStatement.java:497) ~[druid-1.2.8.jar:1.2.8]
	at sun.reflect.NativeMethodAccessorImpl.invoke0(Native Method) ~[?:1.8.0_461]
	at sun.reflect.NativeMethodAccessorImpl.invoke(NativeMethodAccessorImpl.java:62) ~[?:1.8.0_461]
	at sun.reflect.DelegatingMethodAccessorImpl.invoke(DelegatingMethodAccessorImpl.java:43) ~[?:1.8.0_461]
	at java.lang.reflect.Method.invoke(Method.java:498) ~[?:1.8.0_461]
	at org.apache.ibatis.logging.jdbc.PreparedStatementLogger.invoke(PreparedStatementLogger.java:59) ~[mybatis-3.4.6.jar:3.4.6]
	at com.sun.proxy.$Proxy152.execute(Unknown Source) ~[?:?]
	at org.apache.ibatis.executor.statement.PreparedStatementHandler.query(PreparedStatementHandler.java:63) ~[mybatis-3.4.6.jar:3.4.6]
	at org.apache.ibatis.executor.statement.RoutingStatementHandler.query(RoutingStatementHandler.java:79) ~[mybatis-3.4.6.jar:3.4.6]
	at sun.reflect.NativeMethodAccessorImpl.invoke0(Native Method) ~[?:1.8.0_461]
	at sun.reflect.NativeMethodAccessorImpl.invoke(NativeMethodAccessorImpl.java:62) ~[?:1.8.0_461]
	at sun.reflect.DelegatingMethodAccessorImpl.invoke(DelegatingMethodAccessorImpl.java:43) ~[?:1.8.0_461]
	at java.lang.reflect.Method.invoke(Method.java:498) ~[?:1.8.0_461]
	at org.apache.ibatis.plugin.Plugin.invoke(Plugin.java:63) ~[mybatis-3.4.6.jar:3.4.6]
	at com.sun.proxy.$Proxy150.query(Unknown Source) ~[?:?]
	at org.apache.ibatis.executor.SimpleExecutor.doQuery(SimpleExecutor.java:63) ~[mybatis-3.4.6.jar:3.4.6]
	at org.apache.ibatis.executor.BaseExecutor.queryFromDatabase(BaseExecutor.java:326) ~[mybatis-3.4.6.jar:3.4.6]
	at org.apache.ibatis.executor.BaseExecutor.query(BaseExecutor.java:156) ~[mybatis-3.4.6.jar:3.4.6]
	at org.apache.ibatis.executor.CachingExecutor.query(CachingExecutor.java:109) ~[mybatis-3.4.6.jar:3.4.6]
	at org.apache.ibatis.executor.CachingExecutor.query(CachingExecutor.java:83) ~[mybatis-3.4.6.jar:3.4.6]
	at org.apache.ibatis.session.defaults.DefaultSqlSession.selectList(DefaultSqlSession.java:148) ~[mybatis-3.4.6.jar:3.4.6]
	at org.apache.ibatis.session.defaults.DefaultSqlSession.selectList(DefaultSqlSession.java:141) ~[mybatis-3.4.6.jar:3.4.6]
	at sun.reflect.NativeMethodAccessorImpl.invoke0(Native Method) ~[?:1.8.0_461]
	at sun.reflect.NativeMethodAccessorImpl.invoke(NativeMethodAccessorImpl.java:62) ~[?:1.8.0_461]
	at sun.reflect.DelegatingMethodAccessorImpl.invoke(DelegatingMethodAccessorImpl.java:43) ~[?:1.8.0_461]
	at java.lang.reflect.Method.invoke(Method.java:498) ~[?:1.8.0_461]
	at org.mybatis.spring.SqlSessionTemplate$SqlSessionInterceptor.invoke(SqlSessionTemplate.java:433) ~[mybatis-spring-1.3.2.jar:1.3.2]
	... 72 more
2026-05-04 22:11:30.436 [http-nio-5000-exec-6] ERROR com.project.demo.exception.GlobalExceptionHandler - 运行时异常: 
org.springframework.jdbc.BadSqlGrammarException: 
### Error querying database.  Cause: java.sql.SQLSyntaxErrorException: You have an error in your SQL syntax; check the manual that corresponds to your MySQL server version for the right syntax to use near 'by create_time desc  limit 0 , 7' at line 1
### The error may exist in file [/home/yuan/Desktop/bishe-main/target/classes/mapper/BaseMapper.xml]
### The error may involve defaultParameterMap
### The error occurred while setting parameters
### SQL: select * from `registered_user` WHERE is_delete = 0order by create_time desc  limit 0 , 7
### Cause: java.sql.SQLSyntaxErrorException: You have an error in your SQL syntax; check the manual that corresponds to your MySQL server version for the right syntax to use near 'by create_time desc  limit 0 , 7' at line 1
; bad SQL grammar []; nested exception is java.sql.SQLSyntaxErrorException: You have an error in your SQL syntax; check the manual that corresponds to your MySQL server version for the right syntax to use near 'by create_time desc  limit 0 , 7' at line 1
	at org.springframework.jdbc.support.SQLErrorCodeSQLExceptionTranslator.doTranslate(SQLErrorCodeSQLExceptionTranslator.java:235) ~[spring-jdbc-5.2.4.RELEASE.jar:5.2.4.RELEASE]
	at org.springframework.jdbc.support.AbstractFallbackSQLExceptionTranslator.translate(AbstractFallbackSQLExceptionTranslator.java:72) ~[spring-jdbc-5.2.4.RELEASE.jar:5.2.4.RELEASE]
	at org.mybatis.spring.MyBatisExceptionTranslator.translateExceptionIfPossible(MyBatisExceptionTranslator.java:73) ~[mybatis-spring-1.3.2.jar:1.3.2]
	at org.mybatis.spring.SqlSessionTemplate$SqlSessionInterceptor.invoke(SqlSessionTemplate.java:446) ~[mybatis-spring-1.3.2.jar:1.3.2]
	at com.sun.proxy.$Proxy114.selectList(Unknown Source) ~[?:?]
	at org.mybatis.spring.SqlSessionTemplate.selectList(SqlSessionTemplate.java:230) ~[mybatis-spring-1.3.2.jar:1.3.2]
	at com.baomidou.mybatisplus.core.override.PageMapperMethod.executeForMany(PageMapperMethod.java:173) ~[mybatis-plus-core-3.0.4.jar:?]
	at com.baomidou.mybatisplus.core.override.PageMapperMethod.execute(PageMapperMethod.java:86) ~[mybatis-plus-core-3.0.4.jar:?]
	at com.baomidou.mybatisplus.core.override.PageMapperProxy.invoke(PageMapperProxy.java:64) ~[mybatis-plus-core-3.0.4.jar:?]
	at com.sun.proxy.$Proxy128.selectBaseList(Unknown Source) ~[?:?]
	at com.project.demo.service.base.BaseService.selectToPage(BaseService.java:77) ~[classes/:?]
	at com.project.demo.service.base.BaseService$$FastClassBySpringCGLIB$$504c7e9.invoke(<generated>) ~[classes/:?]
	at org.springframework.cglib.proxy.MethodProxy.invoke(MethodProxy.java:218) ~[spring-core-5.2.4.RELEASE.jar:5.2.4.RELEASE]
	at org.springframework.aop.framework.CglibAopProxy$CglibMethodInvocation.invokeJoinpoint(CglibAopProxy.java:769) ~[spring-aop-5.2.4.RELEASE.jar:5.2.4.RELEASE]
	at org.springframework.aop.framework.ReflectiveMethodInvocation.proceed(ReflectiveMethodInvocation.java:163) ~[spring-aop-5.2.4.RELEASE.jar:5.2.4.RELEASE]
	at org.springframework.aop.framework.CglibAopProxy$CglibMethodInvocation.proceed(CglibAopProxy.java:747) ~[spring-aop-5.2.4.RELEASE.jar:5.2.4.RELEASE]
	at org.springframework.aop.interceptor.ExposeInvocationInterceptor.invoke(ExposeInvocationInterceptor.java:95) ~[spring-aop-5.2.4.RELEASE.jar:5.2.4.RELEASE]
	at org.springframework.aop.framework.ReflectiveMethodInvocation.proceed(ReflectiveMethodInvocation.java:186) ~[spring-aop-5.2.4.RELEASE.jar:5.2.4.RELEASE]
	at org.springframework.aop.framework.CglibAopProxy$CglibMethodInvocation.proceed(CglibAopProxy.java:747) ~[spring-aop-5.2.4.RELEASE.jar:5.2.4.RELEASE]
	at org.springframework.aop.framework.CglibAopProxy$DynamicAdvisedInterceptor.intercept(CglibAopProxy.java:689) ~[spring-aop-5.2.4.RELEASE.jar:5.2.4.RELEASE]
	at com.project.demo.service.RegisteredUserService$$EnhancerBySpringCGLIB$$bce5f465.selectToPage(<generated>) ~[classes/:?]
	at com.project.demo.controller.base.BaseController.getList(BaseController.java:76) ~[classes/:?]
	at com.project.demo.controller.base.BaseController$$FastClassBySpringCGLIB$$72c28101.invoke(<generated>) ~[classes/:?]
	at org.springframework.cglib.proxy.MethodProxy.invoke(MethodProxy.java:218) ~[spring-core-5.2.4.RELEASE.jar:5.2.4.RELEASE]
	at org.springframework.aop.framework.CglibAopProxy$DynamicAdvisedInterceptor.intercept(CglibAopProxy.java:685) ~[spring-aop-5.2.4.RELEASE.jar:5.2.4.RELEASE]
	at com.project.demo.controller.RegisteredUserController$$EnhancerBySpringCGLIB$$eaca57a7.getList(<generated>) ~[classes/:?]
	at sun.reflect.NativeMethodAccessorImpl.invoke0(Native Method) ~[?:1.8.0_461]
	at sun.reflect.NativeMethodAccessorImpl.invoke(NativeMethodAccessorImpl.java:62) ~[?:1.8.0_461]
	at sun.reflect.DelegatingMethodAccessorImpl.invoke(DelegatingMethodAccessorImpl.java:43) ~[?:1.8.0_461]
	at java.lang.reflect.Method.invoke(Method.java:498) ~[?:1.8.0_461]
	at org.springframework.web.method.support.InvocableHandlerMethod.doInvoke(InvocableHandlerMethod.java:190) ~[spring-web-5.2.4.RELEASE.jar:5.2.4.RELEASE]
	at org.springframework.web.method.support.InvocableHandlerMethod.invokeForRequest(InvocableHandlerMethod.java:138) ~[spring-web-5.2.4.RELEASE.jar:5.2.4.RELEASE]
	at org.springframework.web.servlet.mvc.method.annotation.ServletInvocableHandlerMethod.invokeAndHandle(ServletInvocableHandlerMethod.java:106) ~[spring-webmvc-5.2.4.RELEASE.jar:5.2.4.RELEASE]
	at org.springframework.web.servlet.mvc.method.annotation.RequestMappingHandlerAdapter.invokeHandlerMethod(RequestMappingHandlerAdapter.java:879) ~[spring-webmvc-5.2.4.RELEASE.jar:5.2.4.RELEASE]
	at org.springframework.web.servlet.mvc.method.annotation.RequestMappingHandlerAdapter.handleInternal(RequestMappingHandlerAdapter.java:793) ~[spring-webmvc-5.2.4.RELEASE.jar:5.2.4.RELEASE]
	at org.springframework.web.servlet.mvc.method.AbstractHandlerMethodAdapter.handle(AbstractHandlerMethodAdapter.java:87) ~[spring-webmvc-5.2.4.RELEASE.jar:5.2.4.RELEASE]
	at org.springframework.web.servlet.DispatcherServlet.doDispatch(DispatcherServlet.java:1040) [spring-webmvc-5.2.4.RELEASE.jar:5.2.4.RELEASE]
	at org.springframework.web.servlet.DispatcherServlet.doService(DispatcherServlet.java:943) [spring-webmvc-5.2.4.RELEASE.jar:5.2.4.RELEASE]
	at org.springframework.web.servlet.FrameworkServlet.processRequest(FrameworkServlet.java:1006) [spring-webmvc-5.2.4.RELEASE.jar:5.2.4.RELEASE]
	at org.springframework.web.servlet.FrameworkServlet.doGet(FrameworkServlet.java:898) [spring-webmvc-5.2.4.RELEASE.jar:5.2.4.RELEASE]
	at javax.servlet.http.HttpServlet.service(HttpServlet.java:634) [tomcat-embed-core-9.0.31.jar:9.0.31]
	at org.springframework.web.servlet.FrameworkServlet.service(FrameworkServlet.java:883) [spring-webmvc-5.2.4.RELEASE.jar:5.2.4.RELEASE]
	at javax.servlet.http.HttpServlet.service(HttpServlet.java:741) [tomcat-embed-core-9.0.31.jar:9.0.31]
	at org.apache.catalina.core.ApplicationFilterChain.internalDoFilter(ApplicationFilterChain.java:231) [tomcat-embed-core-9.0.31.jar:9.0.31]
	at org.apache.catalina.core.ApplicationFilterChain.doFilter(ApplicationFilterChain.java:166) [tomcat-embed-core-9.0.31.jar:9.0.31]
	at org.apache.tomcat.websocket.server.WsFilter.doFilter(WsFilter.java:53) [tomcat-embed-websocket-9.0.31.jar:9.0.31]
	at org.apache.catalina.core.ApplicationFilterChain.internalDoFilter(ApplicationFilterChain.java:193) [tomcat-embed-core-9.0.31.jar:9.0.31]
	at org.apache.catalina.core.ApplicationFilterChain.doFilter(ApplicationFilterChain.java:166) [tomcat-embed-core-9.0.31.jar:9.0.31]
	at org.springframework.web.filter.RequestContextFilter.doFilterInternal(RequestContextFilter.java:100) [spring-web-5.2.4.RELEASE.jar:5.2.4.RELEASE]
	at org.springframework.web.filter.OncePerRequestFilter.doFilter(OncePerRequestFilter.java:119) [spring-web-5.2.4.RELEASE.jar:5.2.4.RELEASE]
	at org.apache.catalina.core.ApplicationFilterChain.internalDoFilter(ApplicationFilterChain.java:193) [tomcat-embed-core-9.0.31.jar:9.0.31]
	at org.apache.catalina.core.ApplicationFilterChain.doFilter(ApplicationFilterChain.java:166) [tomcat-embed-core-9.0.31.jar:9.0.31]
	at org.springframework.web.filter.FormContentFilter.doFilterInternal(FormContentFilter.java:93) [spring-web-5.2.4.RELEASE.jar:5.2.4.RELEASE]
	at org.springframework.web.filter.OncePerRequestFilter.doFilter(OncePerRequestFilter.java:119) [spring-web-5.2.4.RELEASE.jar:5.2.4.RELEASE]
	at org.apache.catalina.core.ApplicationFilterChain.internalDoFilter(ApplicationFilterChain.java:193) [tomcat-embed-core-9.0.31.jar:9.0.31]
	at org.apache.catalina.core.ApplicationFilterChain.doFilter(ApplicationFilterChain.java:166) [tomcat-embed-core-9.0.31.jar:9.0.31]
	at org.springframework.web.filter.CharacterEncodingFilter.doFilterInternal(CharacterEncodingFilter.java:201) [spring-web-5.2.4.RELEASE.jar:5.2.4.RELEASE]
	at org.springframework.web.filter.OncePerRequestFilter.doFilter(OncePerRequestFilter.java:119) [spring-web-5.2.4.RELEASE.jar:5.2.4.RELEASE]
	at org.apache.catalina.core.ApplicationFilterChain.internalDoFilter(ApplicationFilterChain.java:193) [tomcat-embed-core-9.0.31.jar:9.0.31]
	at org.apache.catalina.core.ApplicationFilterChain.doFilter(ApplicationFilterChain.java:166) [tomcat-embed-core-9.0.31.jar:9.0.31]
	at org.apache.catalina.core.StandardWrapperValve.invoke(StandardWrapperValve.java:202) [tomcat-embed-core-9.0.31.jar:9.0.31]
	at org.apache.catalina.core.StandardContextValve.invoke(StandardContextValve.java:96) [tomcat-embed-core-9.0.31.jar:9.0.31]
	at org.apache.catalina.authenticator.AuthenticatorBase.invoke(AuthenticatorBase.java:541) [tomcat-embed-core-9.0.31.jar:9.0.31]
	at org.apache.catalina.core.StandardHostValve.invoke(StandardHostValve.java:139) [tomcat-embed-core-9.0.31.jar:9.0.31]
	at org.apache.catalina.valves.ErrorReportValve.invoke(ErrorReportValve.java:92) [tomcat-embed-core-9.0.31.jar:9.0.31]
	at org.apache.catalina.core.StandardEngineValve.invoke(StandardEngineValve.java:74) [tomcat-embed-core-9.0.31.jar:9.0.31]
	at org.apache.catalina.connector.CoyoteAdapter.service(CoyoteAdapter.java:343) [tomcat-embed-core-9.0.31.jar:9.0.31]
	at org.apache.coyote.http11.Http11Processor.service(Http11Processor.java:367) [tomcat-embed-core-9.0.31.jar:9.0.31]
	at org.apache.coyote.AbstractProcessorLight.process(AbstractProcessorLight.java:65) [tomcat-embed-core-9.0.31.jar:9.0.31]
	at org.apache.coyote.AbstractProtocol$ConnectionHandler.process(AbstractProtocol.java:868) [tomcat-embed-core-9.0.31.jar:9.0.31]
	at org.apache.tomcat.util.net.NioEndpoint$SocketProcessor.doRun(NioEndpoint.java:1639) [tomcat-embed-core-9.0.31.jar:9.0.31]
	at org.apache.tomcat.util.net.SocketProcessorBase.run(SocketProcessorBase.java:49) [tomcat-embed-core-9.0.31.jar:9.0.31]
	at java.util.concurrent.ThreadPoolExecutor.runWorker(ThreadPoolExecutor.java:1149) [?:1.8.0_461]
	at java.util.concurrent.ThreadPoolExecutor$Worker.run(ThreadPoolExecutor.java:624) [?:1.8.0_461]
	at org.apache.tomcat.util.threads.TaskThread$WrappingRunnable.run(TaskThread.java:61) [tomcat-embed-core-9.0.31.jar:9.0.31]
	at java.lang.Thread.run(Thread.java:750) [?:1.8.0_461]
Caused by: java.sql.SQLSyntaxErrorException: You have an error in your SQL syntax; check the manual that corresponds to your MySQL server version for the right syntax to use near 'by create_time desc  limit 0 , 7' at line 1
	at com.mysql.cj.jdbc.exceptions.SQLError.createSQLException(SQLError.java:118) ~[mysql-connector-java-8.0.11.jar:8.0.11]
	at com.mysql.cj.jdbc.exceptions.SQLError.createSQLException(SQLError.java:95) ~[mysql-connector-java-8.0.11.jar:8.0.11]
	at com.mysql.cj.jdbc.exceptions.SQLExceptionsMapping.translateException(SQLExceptionsMapping.java:122) ~[mysql-connector-java-8.0.11.jar:8.0.11]
	at com.mysql.cj.jdbc.ClientPreparedStatement.executeInternal(ClientPreparedStatement.java:960) ~[mysql-connector-java-8.0.11.jar:8.0.11]
	at com.mysql.cj.jdbc.ClientPreparedStatement.execute(ClientPreparedStatement.java:388) ~[mysql-connector-java-8.0.11.jar:8.0.11]
	at com.alibaba.druid.pool.DruidPooledPreparedStatement.execute(DruidPooledPreparedStatement.java:497) ~[druid-1.2.8.jar:1.2.8]
	at sun.reflect.GeneratedMethodAccessor82.invoke(Unknown Source) ~[?:?]
	at sun.reflect.DelegatingMethodAccessorImpl.invoke(DelegatingMethodAccessorImpl.java:43) ~[?:1.8.0_461]
	at java.lang.reflect.Method.invoke(Method.java:498) ~[?:1.8.0_461]
	at org.apache.ibatis.logging.jdbc.PreparedStatementLogger.invoke(PreparedStatementLogger.java:59) ~[mybatis-3.4.6.jar:3.4.6]
	at com.sun.proxy.$Proxy152.execute(Unknown Source) ~[?:?]
	at org.apache.ibatis.executor.statement.PreparedStatementHandler.query(PreparedStatementHandler.java:63) ~[mybatis-3.4.6.jar:3.4.6]
	at org.apache.ibatis.executor.statement.RoutingStatementHandler.query(RoutingStatementHandler.java:79) ~[mybatis-3.4.6.jar:3.4.6]
	at sun.reflect.NativeMethodAccessorImpl.invoke0(Native Method) ~[?:1.8.0_461]
	at sun.reflect.NativeMethodAccessorImpl.invoke(NativeMethodAccessorImpl.java:62) ~[?:1.8.0_461]
	at sun.reflect.DelegatingMethodAccessorImpl.invoke(DelegatingMethodAccessorImpl.java:43) ~[?:1.8.0_461]
	at java.lang.reflect.Method.invoke(Method.java:498) ~[?:1.8.0_461]
	at org.apache.ibatis.plugin.Plugin.invoke(Plugin.java:63) ~[mybatis-3.4.6.jar:3.4.6]
	at com.sun.proxy.$Proxy150.query(Unknown Source) ~[?:?]
	at org.apache.ibatis.executor.SimpleExecutor.doQuery(SimpleExecutor.java:63) ~[mybatis-3.4.6.jar:3.4.6]
	at org.apache.ibatis.executor.BaseExecutor.queryFromDatabase(BaseExecutor.java:326) ~[mybatis-3.4.6.jar:3.4.6]
	at org.apache.ibatis.executor.BaseExecutor.query(BaseExecutor.java:156) ~[mybatis-3.4.6.jar:3.4.6]
	at org.apache.ibatis.executor.CachingExecutor.query(CachingExecutor.java:109) ~[mybatis-3.4.6.jar:3.4.6]
	at org.apache.ibatis.executor.CachingExecutor.query(CachingExecutor.java:83) ~[mybatis-3.4.6.jar:3.4.6]
	at org.apache.ibatis.session.defaults.DefaultSqlSession.selectList(DefaultSqlSession.java:148) ~[mybatis-3.4.6.jar:3.4.6]
	at org.apache.ibatis.session.defaults.DefaultSqlSession.selectList(DefaultSqlSession.java:141) ~[mybatis-3.4.6.jar:3.4.6]
	at sun.reflect.NativeMethodAccessorImpl.invoke0(Native Method) ~[?:1.8.0_461]
	at sun.reflect.NativeMethodAccessorImpl.invoke(NativeMethodAccessorImpl.java:62) ~[?:1.8.0_461]
	at sun.reflect.DelegatingMethodAccessorImpl.invoke(DelegatingMethodAccessorImpl.java:43) ~[?:1.8.0_461]
	at java.lang.reflect.Method.invoke(Method.java:498) ~[?:1.8.0_461]
	at org.mybatis.spring.SqlSessionTemplate$SqlSessionInterceptor.invoke(SqlSessionTemplate.java:433) ~[mybatis-spring-1.3.2.jar:1.3.2]
	... 72 more
2026-05-04 22:11:35.074 [http-nio-5000-exec-2] ERROR com.project.demo.exception.GlobalExceptionHandler - 运行时异常: 
org.springframework.jdbc.BadSqlGrammarException: 
### Error querying database.  Cause: java.sql.SQLSyntaxErrorException: You have an error in your SQL syntax; check the manual that corresponds to your MySQL server version for the right syntax to use near 'by product_category' at line 1
### The error may exist in file [/home/yuan/Desktop/bishe-main/target/classes/mapper/BaseMapper.xml]
### The error may involve defaultParameterMap
### The error occurred while setting parameters
### SQL: select COUNT(*) AS count, product_category from `sales_information`  WHERE is_delete = 0group by product_category
### Cause: java.sql.SQLSyntaxErrorException: You have an error in your SQL syntax; check the manual that corresponds to your MySQL server version for the right syntax to use near 'by product_category' at line 1
; bad SQL grammar []; nested exception is java.sql.SQLSyntaxErrorException: You have an error in your SQL syntax; check the manual that corresponds to your MySQL server version for the right syntax to use near 'by product_category' at line 1
	at org.springframework.jdbc.support.SQLErrorCodeSQLExceptionTranslator.doTranslate(SQLErrorCodeSQLExceptionTranslator.java:235) ~[spring-jdbc-5.2.4.RELEASE.jar:5.2.4.RELEASE]
	at org.springframework.jdbc.support.AbstractFallbackSQLExceptionTranslator.translate(AbstractFallbackSQLExceptionTranslator.java:72) ~[spring-jdbc-5.2.4.RELEASE.jar:5.2.4.RELEASE]
	at org.mybatis.spring.MyBatisExceptionTranslator.translateExceptionIfPossible(MyBatisExceptionTranslator.java:73) ~[mybatis-spring-1.3.2.jar:1.3.2]
	at org.mybatis.spring.SqlSessionTemplate$SqlSessionInterceptor.invoke(SqlSessionTemplate.java:446) ~[mybatis-spring-1.3.2.jar:1.3.2]
	at com.sun.proxy.$Proxy114.selectList(Unknown Source) ~[?:?]
	at org.mybatis.spring.SqlSessionTemplate.selectList(SqlSessionTemplate.java:230) ~[mybatis-spring-1.3.2.jar:1.3.2]
	at com.baomidou.mybatisplus.core.override.PageMapperMethod.executeForMany(PageMapperMethod.java:173) ~[mybatis-plus-core-3.0.4.jar:?]
	at com.baomidou.mybatisplus.core.override.PageMapperMethod.execute(PageMapperMethod.java:86) ~[mybatis-plus-core-3.0.4.jar:?]
	at com.baomidou.mybatisplus.core.override.PageMapperProxy.invoke(PageMapperProxy.java:64) ~[mybatis-plus-core-3.0.4.jar:?]
	at com.sun.proxy.$Proxy129.selectBaseList(Unknown Source) ~[?:?]
	at com.project.demo.service.base.BaseService.selectToList(BaseService.java:85) ~[classes/:?]
	at com.project.demo.service.base.BaseService$$FastClassBySpringCGLIB$$504c7e9.invoke(<generated>) ~[classes/:?]
	at org.springframework.cglib.proxy.MethodProxy.invoke(MethodProxy.java:218) ~[spring-core-5.2.4.RELEASE.jar:5.2.4.RELEASE]
	at org.springframework.aop.framework.CglibAopProxy$CglibMethodInvocation.invokeJoinpoint(CglibAopProxy.java:769) ~[spring-aop-5.2.4.RELEASE.jar:5.2.4.RELEASE]
	at org.springframework.aop.framework.ReflectiveMethodInvocation.proceed(ReflectiveMethodInvocation.java:163) ~[spring-aop-5.2.4.RELEASE.jar:5.2.4.RELEASE]
	at org.springframework.aop.framework.CglibAopProxy$CglibMethodInvocation.proceed(CglibAopProxy.java:747) ~[spring-aop-5.2.4.RELEASE.jar:5.2.4.RELEASE]
	at org.springframework.aop.interceptor.ExposeInvocationInterceptor.invoke(ExposeInvocationInterceptor.java:95) ~[spring-aop-5.2.4.RELEASE.jar:5.2.4.RELEASE]
	at org.springframework.aop.framework.ReflectiveMethodInvocation.proceed(ReflectiveMethodInvocation.java:186) ~[spring-aop-5.2.4.RELEASE.jar:5.2.4.RELEASE]
	at org.springframework.aop.framework.CglibAopProxy$CglibMethodInvocation.proceed(CglibAopProxy.java:747) ~[spring-aop-5.2.4.RELEASE.jar:5.2.4.RELEASE]
	at org.springframework.aop.framework.CglibAopProxy$DynamicAdvisedInterceptor.intercept(CglibAopProxy.java:689) ~[spring-aop-5.2.4.RELEASE.jar:5.2.4.RELEASE]
	at com.project.demo.service.SalesInformationService$$EnhancerBySpringCGLIB$$f8cabeac.selectToList(<generated>) ~[classes/:?]
	at com.project.demo.controller.base.BaseController.listGroup(BaseController.java:82) ~[classes/:?]
	at com.project.demo.controller.base.BaseController$$FastClassBySpringCGLIB$$72c28101.invoke(<generated>) ~[classes/:?]
	at org.springframework.cglib.proxy.MethodProxy.invoke(MethodProxy.java:218) ~[spring-core-5.2.4.RELEASE.jar:5.2.4.RELEASE]
	at org.springframework.aop.framework.CglibAopProxy$DynamicAdvisedInterceptor.intercept(CglibAopProxy.java:685) ~[spring-aop-5.2.4.RELEASE.jar:5.2.4.RELEASE]
	at com.project.demo.controller.SalesInformationController$$EnhancerBySpringCGLIB$$b8cceac0.listGroup(<generated>) ~[classes/:?]
	at sun.reflect.NativeMethodAccessorImpl.invoke0(Native Method) ~[?:1.8.0_461]
	at sun.reflect.NativeMethodAccessorImpl.invoke(NativeMethodAccessorImpl.java:62) ~[?:1.8.0_461]
	at sun.reflect.DelegatingMethodAccessorImpl.invoke(DelegatingMethodAccessorImpl.java:43) ~[?:1.8.0_461]
	at java.lang.reflect.Method.invoke(Method.java:498) ~[?:1.8.0_461]
	at org.springframework.web.method.support.InvocableHandlerMethod.doInvoke(InvocableHandlerMethod.java:190) ~[spring-web-5.2.4.RELEASE.jar:5.2.4.RELEASE]
	at org.springframework.web.method.support.InvocableHandlerMethod.invokeForRequest(InvocableHandlerMethod.java:138) ~[spring-web-5.2.4.RELEASE.jar:5.2.4.RELEASE]
	at org.springframework.web.servlet.mvc.method.annotation.ServletInvocableHandlerMethod.invokeAndHandle(ServletInvocableHandlerMethod.java:106) ~[spring-webmvc-5.2.4.RELEASE.jar:5.2.4.RELEASE]
	at org.springframework.web.servlet.mvc.method.annotation.RequestMappingHandlerAdapter.invokeHandlerMethod(RequestMappingHandlerAdapter.java:879) ~[spring-webmvc-5.2.4.RELEASE.jar:5.2.4.RELEASE]
	at org.springframework.web.servlet.mvc.method.annotation.RequestMappingHandlerAdapter.handleInternal(RequestMappingHandlerAdapter.java:793) ~[spring-webmvc-5.2.4.RELEASE.jar:5.2.4.RELEASE]
	at org.springframework.web.servlet.mvc.method.AbstractHandlerMethodAdapter.handle(AbstractHandlerMethodAdapter.java:87) ~[spring-webmvc-5.2.4.RELEASE.jar:5.2.4.RELEASE]
	at org.springframework.web.servlet.DispatcherServlet.doDispatch(DispatcherServlet.java:1040) [spring-webmvc-5.2.4.RELEASE.jar:5.2.4.RELEASE]
	at org.springframework.web.servlet.DispatcherServlet.doService(DispatcherServlet.java:943) [spring-webmvc-5.2.4.RELEASE.jar:5.2.4.RELEASE]
	at org.springframework.web.servlet.FrameworkServlet.processRequest(FrameworkServlet.java:1006) [spring-webmvc-5.2.4.RELEASE.jar:5.2.4.RELEASE]
	at org.springframework.web.servlet.FrameworkServlet.doGet(FrameworkServlet.java:898) [spring-webmvc-5.2.4.RELEASE.jar:5.2.4.RELEASE]
	at javax.servlet.http.HttpServlet.service(HttpServlet.java:634) [tomcat-embed-core-9.0.31.jar:9.0.31]
	at org.springframework.web.servlet.FrameworkServlet.service(FrameworkServlet.java:883) [spring-webmvc-5.2.4.RELEASE.jar:5.2.4.RELEASE]
	at javax.servlet.http.HttpServlet.service(HttpServlet.java:741) [tomcat-embed-core-9.0.31.jar:9.0.31]
	at org.apache.catalina.core.ApplicationFilterChain.internalDoFilter(ApplicationFilterChain.java:231) [tomcat-embed-core-9.0.31.jar:9.0.31]
	at org.apache.catalina.core.ApplicationFilterChain.doFilter(ApplicationFilterChain.java:166) [tomcat-embed-core-9.0.31.jar:9.0.31]
	at org.apache.tomcat.websocket.server.WsFilter.doFilter(WsFilter.java:53) [tomcat-embed-websocket-9.0.31.jar:9.0.31]
	at org.apache.catalina.core.ApplicationFilterChain.internalDoFilter(ApplicationFilterChain.java:193) [tomcat-embed-core-9.0.31.jar:9.0.31]
	at org.apache.catalina.core.ApplicationFilterChain.doFilter(ApplicationFilterChain.java:166) [tomcat-embed-core-9.0.31.jar:9.0.31]
	at org.springframework.web.filter.RequestContextFilter.doFilterInternal(RequestContextFilter.java:100) [spring-web-5.2.4.RELEASE.jar:5.2.4.RELEASE]
	at org.springframework.web.filter.OncePerRequestFilter.doFilter(OncePerRequestFilter.java:119) [spring-web-5.2.4.RELEASE.jar:5.2.4.RELEASE]
	at org.apache.catalina.core.ApplicationFilterChain.internalDoFilter(ApplicationFilterChain.java:193) [tomcat-embed-core-9.0.31.jar:9.0.31]
	at org.apache.catalina.core.ApplicationFilterChain.doFilter(ApplicationFilterChain.java:166) [tomcat-embed-core-9.0.31.jar:9.0.31]
	at org.springframework.web.filter.FormContentFilter.doFilterInternal(FormContentFilter.java:93) [spring-web-5.2.4.RELEASE.jar:5.2.4.RELEASE]
	at org.springframework.web.filter.OncePerRequestFilter.doFilter(OncePerRequestFilter.java:119) [spring-web-5.2.4.RELEASE.jar:5.2.4.RELEASE]
	at org.apache.catalina.core.ApplicationFilterChain.internalDoFilter(ApplicationFilterChain.java:193) [tomcat-embed-core-9.0.31.jar:9.0.31]
	at org.apache.catalina.core.ApplicationFilterChain.doFilter(ApplicationFilterChain.java:166) [tomcat-embed-core-9.0.31.jar:9.0.31]
	at org.springframework.web.filter.CharacterEncodingFilter.doFilterInternal(CharacterEncodingFilter.java:201) [spring-web-5.2.4.RELEASE.jar:5.2.4.RELEASE]
	at org.springframework.web.filter.OncePerRequestFilter.doFilter(OncePerRequestFilter.java:119) [spring-web-5.2.4.RELEASE.jar:5.2.4.RELEASE]
	at org.apache.catalina.core.ApplicationFilterChain.internalDoFilter(ApplicationFilterChain.java:193) [tomcat-embed-core-9.0.31.jar:9.0.31]
	at org.apache.catalina.core.ApplicationFilterChain.doFilter(ApplicationFilterChain.java:166) [tomcat-embed-core-9.0.31.jar:9.0.31]
	at org.apache.catalina.core.StandardWrapperValve.invoke(StandardWrapperValve.java:202) [tomcat-embed-core-9.0.31.jar:9.0.31]
	at org.apache.catalina.core.StandardContextValve.invoke(StandardContextValve.java:96) [tomcat-embed-core-9.0.31.jar:9.0.31]
	at org.apache.catalina.authenticator.AuthenticatorBase.invoke(AuthenticatorBase.java:541) [tomcat-embed-core-9.0.31.jar:9.0.31]
	at org.apache.catalina.core.StandardHostValve.invoke(StandardHostValve.java:139) [tomcat-embed-core-9.0.31.jar:9.0.31]
	at org.apache.catalina.valves.ErrorReportValve.invoke(ErrorReportValve.java:92) [tomcat-embed-core-9.0.31.jar:9.0.31]
	at org.apache.catalina.core.StandardEngineValve.invoke(StandardEngineValve.java:74) [tomcat-embed-core-9.0.31.jar:9.0.31]
	at org.apache.catalina.connector.CoyoteAdapter.service(CoyoteAdapter.java:343) [tomcat-embed-core-9.0.31.jar:9.0.31]
	at org.apache.coyote.http11.Http11Processor.service(Http11Processor.java:367) [tomcat-embed-core-9.0.31.jar:9.0.31]
	at org.apache.coyote.AbstractProcessorLight.process(AbstractProcessorLight.java:65) [tomcat-embed-core-9.0.31.jar:9.0.31]
	at org.apache.coyote.AbstractProtocol$ConnectionHandler.process(AbstractProtocol.java:868) [tomcat-embed-core-9.0.31.jar:9.0.31]
	at org.apache.tomcat.util.net.NioEndpoint$SocketProcessor.doRun(NioEndpoint.java:1639) [tomcat-embed-core-9.0.31.jar:9.0.31]
	at org.apache.tomcat.util.net.SocketProcessorBase.run(SocketProcessorBase.java:49) [tomcat-embed-core-9.0.31.jar:9.0.31]
	at java.util.concurrent.ThreadPoolExecutor.runWorker(ThreadPoolExecutor.java:1149) [?:1.8.0_461]
	at java.util.concurrent.ThreadPoolExecutor$Worker.run(ThreadPoolExecutor.java:624) [?:1.8.0_461]
	at org.apache.tomcat.util.threads.TaskThread$WrappingRunnable.run(TaskThread.java:61) [tomcat-embed-core-9.0.31.jar:9.0.31]
	at java.lang.Thread.run(Thread.java:750) [?:1.8.0_461]
Caused by: java.sql.SQLSyntaxErrorException: You have an error in your SQL syntax; check the manual that corresponds to your MySQL server version for the right syntax to use near 'by product_category' at line 1
	at com.mysql.cj.jdbc.exceptions.SQLError.createSQLException(SQLError.java:118) ~[mysql-connector-java-8.0.11.jar:8.0.11]
	at com.mysql.cj.jdbc.exceptions.SQLError.createSQLException(SQLError.java:95) ~[mysql-connector-java-8.0.11.jar:8.0.11]
	at com.mysql.cj.jdbc.exceptions.SQLExceptionsMapping.translateException(SQLExceptionsMapping.java:122) ~[mysql-connector-java-8.0.11.jar:8.0.11]
	at com.mysql.cj.jdbc.ClientPreparedStatement.executeInternal(ClientPreparedStatement.java:960) ~[mysql-connector-java-8.0.11.jar:8.0.11]
	at com.mysql.cj.jdbc.ClientPreparedStatement.execute(ClientPreparedStatement.java:388) ~[mysql-connector-java-8.0.11.jar:8.0.11]
	at com.alibaba.druid.pool.DruidPooledPreparedStatement.execute(DruidPooledPreparedStatement.java:497) ~[druid-1.2.8.jar:1.2.8]
	at sun.reflect.GeneratedMethodAccessor82.invoke(Unknown Source) ~[?:?]
	at sun.reflect.DelegatingMethodAccessorImpl.invoke(DelegatingMethodAccessorImpl.java:43) ~[?:1.8.0_461]
	at java.lang.reflect.Method.invoke(Method.java:498) ~[?:1.8.0_461]
	at org.apache.ibatis.logging.jdbc.PreparedStatementLogger.invoke(PreparedStatementLogger.java:59) ~[mybatis-3.4.6.jar:3.4.6]
	at com.sun.proxy.$Proxy152.execute(Unknown Source) ~[?:?]
	at org.apache.ibatis.executor.statement.PreparedStatementHandler.query(PreparedStatementHandler.java:63) ~[mybatis-3.4.6.jar:3.4.6]
	at org.apache.ibatis.executor.statement.RoutingStatementHandler.query(RoutingStatementHandler.java:79) ~[mybatis-3.4.6.jar:3.4.6]
	at sun.reflect.GeneratedMethodAccessor89.invoke(Unknown Source) ~[?:?]
	at sun.reflect.DelegatingMethodAccessorImpl.invoke(DelegatingMethodAccessorImpl.java:43) ~[?:1.8.0_461]
	at java.lang.reflect.Method.invoke(Method.java:498) ~[?:1.8.0_461]
	at org.apache.ibatis.plugin.Plugin.invoke(Plugin.java:63) ~[mybatis-3.4.6.jar:3.4.6]
	at com.sun.proxy.$Proxy150.query(Unknown Source) ~[?:?]
	at org.apache.ibatis.executor.SimpleExecutor.doQuery(SimpleExecutor.java:63) ~[mybatis-3.4.6.jar:3.4.6]
	at org.apache.ibatis.executor.BaseExecutor.queryFromDatabase(BaseExecutor.java:326) ~[mybatis-3.4.6.jar:3.4.6]
	at org.apache.ibatis.executor.BaseExecutor.query(BaseExecutor.java:156) ~[mybatis-3.4.6.jar:3.4.6]
	at org.apache.ibatis.executor.CachingExecutor.query(CachingExecutor.java:109) ~[mybatis-3.4.6.jar:3.4.6]
	at org.apache.ibatis.executor.CachingExecutor.query(CachingExecutor.java:83) ~[mybatis-3.4.6.jar:3.4.6]
	at org.apache.ibatis.session.defaults.DefaultSqlSession.selectList(DefaultSqlSession.java:148) ~[mybatis-3.4.6.jar:3.4.6]
	at org.apache.ibatis.session.defaults.DefaultSqlSession.selectList(DefaultSqlSession.java:141) ~[mybatis-3.4.6.jar:3.4.6]
	at sun.reflect.NativeMethodAccessorImpl.invoke0(Native Method) ~[?:1.8.0_461]
	at sun.reflect.NativeMethodAccessorImpl.invoke(NativeMethodAccessorImpl.java:62) ~[?:1.8.0_461]
	at sun.reflect.DelegatingMethodAccessorImpl.invoke(DelegatingMethodAccessorImpl.java:43) ~[?:1.8.0_461]
	at java.lang.reflect.Method.invoke(Method.java:498) ~[?:1.8.0_461]
	at org.mybatis.spring.SqlSessionTemplate$SqlSessionInterceptor.invoke(SqlSessionTemplate.java:433) ~[mybatis-spring-1.3.2.jar:1.3.2]
	... 72 more
2026-05-04 22:11:35.088 [http-nio-5000-exec-7] ERROR com.project.demo.exception.GlobalExceptionHandler - 运行时异常: 
org.springframework.jdbc.BadSqlGrammarException: 
### Error querying database.  Cause: java.sql.SQLSyntaxErrorException: You have an error in your SQL syntax; check the manual that corresponds to your MySQL server version for the right syntax to use near 'by user_gender' at line 1
### The error may exist in file [/home/yuan/Desktop/bishe-main/target/classes/mapper/BaseMapper.xml]
### The error may involve defaultParameterMap
### The error occurred while setting parameters
### SQL: select COUNT(*) AS count, user_gender from `registered_user`  WHERE is_delete = 0group by user_gender
### Cause: java.sql.SQLSyntaxErrorException: You have an error in your SQL syntax; check the manual that corresponds to your MySQL server version for the right syntax to use near 'by user_gender' at line 1
; bad SQL grammar []; nested exception is java.sql.SQLSyntaxErrorException: You have an error in your SQL syntax; check the manual that corresponds to your MySQL server version for the right syntax to use near 'by user_gender' at line 1
	at org.springframework.jdbc.support.SQLErrorCodeSQLExceptionTranslator.doTranslate(SQLErrorCodeSQLExceptionTranslator.java:235) ~[spring-jdbc-5.2.4.RELEASE.jar:5.2.4.RELEASE]
	at org.springframework.jdbc.support.AbstractFallbackSQLExceptionTranslator.translate(AbstractFallbackSQLExceptionTranslator.java:72) ~[spring-jdbc-5.2.4.RELEASE.jar:5.2.4.RELEASE]
	at org.mybatis.spring.MyBatisExceptionTranslator.translateExceptionIfPossible(MyBatisExceptionTranslator.java:73) ~[mybatis-spring-1.3.2.jar:1.3.2]
	at org.mybatis.spring.SqlSessionTemplate$SqlSessionInterceptor.invoke(SqlSessionTemplate.java:446) ~[mybatis-spring-1.3.2.jar:1.3.2]
	at com.sun.proxy.$Proxy114.selectList(Unknown Source) ~[?:?]
	at org.mybatis.spring.SqlSessionTemplate.selectList(SqlSessionTemplate.java:230) ~[mybatis-spring-1.3.2.jar:1.3.2]
	at com.baomidou.mybatisplus.core.override.PageMapperMethod.executeForMany(PageMapperMethod.java:173) ~[mybatis-plus-core-3.0.4.jar:?]
	at com.baomidou.mybatisplus.core.override.PageMapperMethod.execute(PageMapperMethod.java:86) ~[mybatis-plus-core-3.0.4.jar:?]
	at com.baomidou.mybatisplus.core.override.PageMapperProxy.invoke(PageMapperProxy.java:64) ~[mybatis-plus-core-3.0.4.jar:?]
	at com.sun.proxy.$Proxy128.selectBaseList(Unknown Source) ~[?:?]
	at com.project.demo.service.base.BaseService.selectToList(BaseService.java:85) ~[classes/:?]
	at com.project.demo.service.base.BaseService$$FastClassBySpringCGLIB$$504c7e9.invoke(<generated>) ~[classes/:?]
	at org.springframework.cglib.proxy.MethodProxy.invoke(MethodProxy.java:218) ~[spring-core-5.2.4.RELEASE.jar:5.2.4.RELEASE]
	at org.springframework.aop.framework.CglibAopProxy$CglibMethodInvocation.invokeJoinpoint(CglibAopProxy.java:769) ~[spring-aop-5.2.4.RELEASE.jar:5.2.4.RELEASE]
	at org.springframework.aop.framework.ReflectiveMethodInvocation.proceed(ReflectiveMethodInvocation.java:163) ~[spring-aop-5.2.4.RELEASE.jar:5.2.4.RELEASE]
	at org.springframework.aop.framework.CglibAopProxy$CglibMethodInvocation.proceed(CglibAopProxy.java:747) ~[spring-aop-5.2.4.RELEASE.jar:5.2.4.RELEASE]
	at org.springframework.aop.interceptor.ExposeInvocationInterceptor.invoke(ExposeInvocationInterceptor.java:95) ~[spring-aop-5.2.4.RELEASE.jar:5.2.4.RELEASE]
	at org.springframework.aop.framework.ReflectiveMethodInvocation.proceed(ReflectiveMethodInvocation.java:186) ~[spring-aop-5.2.4.RELEASE.jar:5.2.4.RELEASE]
	at org.springframework.aop.framework.CglibAopProxy$CglibMethodInvocation.proceed(CglibAopProxy.java:747) ~[spring-aop-5.2.4.RELEASE.jar:5.2.4.RELEASE]
	at org.springframework.aop.framework.CglibAopProxy$DynamicAdvisedInterceptor.intercept(CglibAopProxy.java:689) ~[spring-aop-5.2.4.RELEASE.jar:5.2.4.RELEASE]
	at com.project.demo.service.RegisteredUserService$$EnhancerBySpringCGLIB$$bce5f465.selectToList(<generated>) ~[classes/:?]
	at com.project.demo.controller.base.BaseController.listGroup(BaseController.java:82) ~[classes/:?]
	at com.project.demo.controller.base.BaseController$$FastClassBySpringCGLIB$$72c28101.invoke(<generated>) ~[classes/:?]
	at org.springframework.cglib.proxy.MethodProxy.invoke(MethodProxy.java:218) ~[spring-core-5.2.4.RELEASE.jar:5.2.4.RELEASE]
	at org.springframework.aop.framework.CglibAopProxy$DynamicAdvisedInterceptor.intercept(CglibAopProxy.java:685) ~[spring-aop-5.2.4.RELEASE.jar:5.2.4.RELEASE]
	at com.project.demo.controller.RegisteredUserController$$EnhancerBySpringCGLIB$$eaca57a7.listGroup(<generated>) ~[classes/:?]
	at sun.reflect.NativeMethodAccessorImpl.invoke0(Native Method) ~[?:1.8.0_461]
	at sun.reflect.NativeMethodAccessorImpl.invoke(NativeMethodAccessorImpl.java:62) ~[?:1.8.0_461]
	at sun.reflect.DelegatingMethodAccessorImpl.invoke(DelegatingMethodAccessorImpl.java:43) ~[?:1.8.0_461]
	at java.lang.reflect.Method.invoke(Method.java:498) ~[?:1.8.0_461]
	at org.springframework.web.method.support.InvocableHandlerMethod.doInvoke(InvocableHandlerMethod.java:190) ~[spring-web-5.2.4.RELEASE.jar:5.2.4.RELEASE]
	at org.springframework.web.method.support.InvocableHandlerMethod.invokeForRequest(InvocableHandlerMethod.java:138) ~[spring-web-5.2.4.RELEASE.jar:5.2.4.RELEASE]
	at org.springframework.web.servlet.mvc.method.annotation.ServletInvocableHandlerMethod.invokeAndHandle(ServletInvocableHandlerMethod.java:106) ~[spring-webmvc-5.2.4.RELEASE.jar:5.2.4.RELEASE]
	at org.springframework.web.servlet.mvc.method.annotation.RequestMappingHandlerAdapter.invokeHandlerMethod(RequestMappingHandlerAdapter.java:879) ~[spring-webmvc-5.2.4.RELEASE.jar:5.2.4.RELEASE]
	at org.springframework.web.servlet.mvc.method.annotation.RequestMappingHandlerAdapter.handleInternal(RequestMappingHandlerAdapter.java:793) ~[spring-webmvc-5.2.4.RELEASE.jar:5.2.4.RELEASE]
	at org.springframework.web.servlet.mvc.method.AbstractHandlerMethodAdapter.handle(AbstractHandlerMethodAdapter.java:87) ~[spring-webmvc-5.2.4.RELEASE.jar:5.2.4.RELEASE]
	at org.springframework.web.servlet.DispatcherServlet.doDispatch(DispatcherServlet.java:1040) [spring-webmvc-5.2.4.RELEASE.jar:5.2.4.RELEASE]
	at org.springframework.web.servlet.DispatcherServlet.doService(DispatcherServlet.java:943) [spring-webmvc-5.2.4.RELEASE.jar:5.2.4.RELEASE]
	at org.springframework.web.servlet.FrameworkServlet.processRequest(FrameworkServlet.java:1006) [spring-webmvc-5.2.4.RELEASE.jar:5.2.4.RELEASE]
	at org.springframework.web.servlet.FrameworkServlet.doGet(FrameworkServlet.java:898) [spring-webmvc-5.2.4.RELEASE.jar:5.2.4.RELEASE]
	at javax.servlet.http.HttpServlet.service(HttpServlet.java:634) [tomcat-embed-core-9.0.31.jar:9.0.31]
	at org.springframework.web.servlet.FrameworkServlet.service(FrameworkServlet.java:883) [spring-webmvc-5.2.4.RELEASE.jar:5.2.4.RELEASE]
	at javax.servlet.http.HttpServlet.service(HttpServlet.java:741) [tomcat-embed-core-9.0.31.jar:9.0.31]
	at org.apache.catalina.core.ApplicationFilterChain.internalDoFilter(ApplicationFilterChain.java:231) [tomcat-embed-core-9.0.31.jar:9.0.31]
	at org.apache.catalina.core.ApplicationFilterChain.doFilter(ApplicationFilterChain.java:166) [tomcat-embed-core-9.0.31.jar:9.0.31]
	at org.apache.tomcat.websocket.server.WsFilter.doFilter(WsFilter.java:53) [tomcat-embed-websocket-9.0.31.jar:9.0.31]
	at org.apache.catalina.core.ApplicationFilterChain.internalDoFilter(ApplicationFilterChain.java:193) [tomcat-embed-core-9.0.31.jar:9.0.31]
	at org.apache.catalina.core.ApplicationFilterChain.doFilter(ApplicationFilterChain.java:166) [tomcat-embed-core-9.0.31.jar:9.0.31]
	at org.springframework.web.filter.RequestContextFilter.doFilterInternal(RequestContextFilter.java:100) [spring-web-5.2.4.RELEASE.jar:5.2.4.RELEASE]
	at org.springframework.web.filter.OncePerRequestFilter.doFilter(OncePerRequestFilter.java:119) [spring-web-5.2.4.RELEASE.jar:5.2.4.RELEASE]
	at org.apache.catalina.core.ApplicationFilterChain.internalDoFilter(ApplicationFilterChain.java:193) [tomcat-embed-core-9.0.31.jar:9.0.31]
	at org.apache.catalina.core.ApplicationFilterChain.doFilter(ApplicationFilterChain.java:166) [tomcat-embed-core-9.0.31.jar:9.0.31]
	at org.springframework.web.filter.FormContentFilter.doFilterInternal(FormContentFilter.java:93) [spring-web-5.2.4.RELEASE.jar:5.2.4.RELEASE]
	at org.springframework.web.filter.OncePerRequestFilter.doFilter(OncePerRequestFilter.java:119) [spring-web-5.2.4.RELEASE.jar:5.2.4.RELEASE]
	at org.apache.catalina.core.ApplicationFilterChain.internalDoFilter(ApplicationFilterChain.java:193) [tomcat-embed-core-9.0.31.jar:9.0.31]
	at org.apache.catalina.core.ApplicationFilterChain.doFilter(ApplicationFilterChain.java:166) [tomcat-embed-core-9.0.31.jar:9.0.31]
	at org.springframework.web.filter.CharacterEncodingFilter.doFilterInternal(CharacterEncodingFilter.java:201) [spring-web-5.2.4.RELEASE.jar:5.2.4.RELEASE]
	at org.springframework.web.filter.OncePerRequestFilter.doFilter(OncePerRequestFilter.java:119) [spring-web-5.2.4.RELEASE.jar:5.2.4.RELEASE]
	at org.apache.catalina.core.ApplicationFilterChain.internalDoFilter(ApplicationFilterChain.java:193) [tomcat-embed-core-9.0.31.jar:9.0.31]
	at org.apache.catalina.core.ApplicationFilterChain.doFilter(ApplicationFilterChain.java:166) [tomcat-embed-core-9.0.31.jar:9.0.31]
	at org.apache.catalina.core.StandardWrapperValve.invoke(StandardWrapperValve.java:202) [tomcat-embed-core-9.0.31.jar:9.0.31]
	at org.apache.catalina.core.StandardContextValve.invoke(StandardContextValve.java:96) [tomcat-embed-core-9.0.31.jar:9.0.31]
	at org.apache.catalina.authenticator.AuthenticatorBase.invoke(AuthenticatorBase.java:541) [tomcat-embed-core-9.0.31.jar:9.0.31]
	at org.apache.catalina.core.StandardHostValve.invoke(StandardHostValve.java:139) [tomcat-embed-core-9.0.31.jar:9.0.31]
	at org.apache.catalina.valves.ErrorReportValve.invoke(ErrorReportValve.java:92) [tomcat-embed-core-9.0.31.jar:9.0.31]
	at org.apache.catalina.core.StandardEngineValve.invoke(StandardEngineValve.java:74) [tomcat-embed-core-9.0.31.jar:9.0.31]
	at org.apache.catalina.connector.CoyoteAdapter.service(CoyoteAdapter.java:343) [tomcat-embed-core-9.0.31.jar:9.0.31]
	at org.apache.coyote.http11.Http11Processor.service(Http11Processor.java:367) [tomcat-embed-core-9.0.31.jar:9.0.31]
	at org.apache.coyote.AbstractProcessorLight.process(AbstractProcessorLight.java:65) [tomcat-embed-core-9.0.31.jar:9.0.31]
	at org.apache.coyote.AbstractProtocol$ConnectionHandler.process(AbstractProtocol.java:868) [tomcat-embed-core-9.0.31.jar:9.0.31]
	at org.apache.tomcat.util.net.NioEndpoint$SocketProcessor.doRun(NioEndpoint.java:1639) [tomcat-embed-core-9.0.31.jar:9.0.31]
	at org.apache.tomcat.util.net.SocketProcessorBase.run(SocketProcessorBase.java:49) [tomcat-embed-core-9.0.31.jar:9.0.31]
	at java.util.concurrent.ThreadPoolExecutor.runWorker(ThreadPoolExecutor.java:1149) [?:1.8.0_461]
	at java.util.concurrent.ThreadPoolExecutor$Worker.run(ThreadPoolExecutor.java:624) [?:1.8.0_461]
	at org.apache.tomcat.util.threads.TaskThread$WrappingRunnable.run(TaskThread.java:61) [tomcat-embed-core-9.0.31.jar:9.0.31]
	at java.lang.Thread.run(Thread.java:750) [?:1.8.0_461]
Caused by: java.sql.SQLSyntaxErrorException: You have an error in your SQL syntax; check the manual that corresponds to your MySQL server version for the right syntax to use near 'by user_gender' at line 1
	at com.mysql.cj.jdbc.exceptions.SQLError.createSQLException(SQLError.java:118) ~[mysql-connector-java-8.0.11.jar:8.0.11]
	at com.mysql.cj.jdbc.exceptions.SQLError.createSQLException(SQLError.java:95) ~[mysql-connector-java-8.0.11.jar:8.0.11]
	at com.mysql.cj.jdbc.exceptions.SQLExceptionsMapping.translateException(SQLExceptionsMapping.java:122) ~[mysql-connector-java-8.0.11.jar:8.0.11]
	at com.mysql.cj.jdbc.ClientPreparedStatement.executeInternal(ClientPreparedStatement.java:960) ~[mysql-connector-java-8.0.11.jar:8.0.11]
	at com.mysql.cj.jdbc.ClientPreparedStatement.execute(ClientPreparedStatement.java:388) ~[mysql-connector-java-8.0.11.jar:8.0.11]
	at com.alibaba.druid.pool.DruidPooledPreparedStatement.execute(DruidPooledPreparedStatement.java:497) ~[druid-1.2.8.jar:1.2.8]
	at sun.reflect.GeneratedMethodAccessor82.invoke(Unknown Source) ~[?:?]
	at sun.reflect.DelegatingMethodAccessorImpl.invoke(DelegatingMethodAccessorImpl.java:43) ~[?:1.8.0_461]
	at java.lang.reflect.Method.invoke(Method.java:498) ~[?:1.8.0_461]
	at org.apache.ibatis.logging.jdbc.PreparedStatementLogger.invoke(PreparedStatementLogger.java:59) ~[mybatis-3.4.6.jar:3.4.6]
	at com.sun.proxy.$Proxy152.execute(Unknown Source) ~[?:?]
	at org.apache.ibatis.executor.statement.PreparedStatementHandler.query(PreparedStatementHandler.java:63) ~[mybatis-3.4.6.jar:3.4.6]
	at org.apache.ibatis.executor.statement.RoutingStatementHandler.query(RoutingStatementHandler.java:79) ~[mybatis-3.4.6.jar:3.4.6]
	at sun.reflect.GeneratedMethodAccessor89.invoke(Unknown Source) ~[?:?]
	at sun.reflect.DelegatingMethodAccessorImpl.invoke(DelegatingMethodAccessorImpl.java:43) ~[?:1.8.0_461]
	at java.lang.reflect.Method.invoke(Method.java:498) ~[?:1.8.0_461]
	at org.apache.ibatis.plugin.Plugin.invoke(Plugin.java:63) ~[mybatis-3.4.6.jar:3.4.6]
	at com.sun.proxy.$Proxy150.query(Unknown Source) ~[?:?]
	at org.apache.ibatis.executor.SimpleExecutor.doQuery(SimpleExecutor.java:63) ~[mybatis-3.4.6.jar:3.4.6]
	at org.apache.ibatis.executor.BaseExecutor.queryFromDatabase(BaseExecutor.java:326) ~[mybatis-3.4.6.jar:3.4.6]
	at org.apache.ibatis.executor.BaseExecutor.query(BaseExecutor.java:156) ~[mybatis-3.4.6.jar:3.4.6]
	at org.apache.ibatis.executor.CachingExecutor.query(CachingExecutor.java:109) ~[mybatis-3.4.6.jar:3.4.6]
	at org.apache.ibatis.executor.CachingExecutor.query(CachingExecutor.java:83) ~[mybatis-3.4.6.jar:3.4.6]
	at org.apache.ibatis.session.defaults.DefaultSqlSession.selectList(DefaultSqlSession.java:148) ~[mybatis-3.4.6.jar:3.4.6]
	at org.apache.ibatis.session.defaults.DefaultSqlSession.selectList(DefaultSqlSession.java:141) ~[mybatis-3.4.6.jar:3.4.6]
	at sun.reflect.NativeMethodAccessorImpl.invoke0(Native Method) ~[?:1.8.0_461]
	at sun.reflect.NativeMethodAccessorImpl.invoke(NativeMethodAccessorImpl.java:62) ~[?:1.8.0_461]
	at sun.reflect.DelegatingMethodAccessorImpl.invoke(DelegatingMethodAccessorImpl.java:43) ~[?:1.8.0_461]
	at java.lang.reflect.Method.invoke(Method.java:498) ~[?:1.8.0_461]
	at org.mybatis.spring.SqlSessionTemplate$SqlSessionInterceptor.invoke(SqlSessionTemplate.java:433) ~[mybatis-spring-1.3.2.jar:1.3.2]
	... 72 more
2026-05-04 22:11:35.123 [http-nio-5000-exec-9] ERROR com.project.demo.exception.GlobalExceptionHandler - 运行时异常: 
org.springframework.jdbc.BadSqlGrammarException: 
### Error querying database.  Cause: java.sql.SQLSyntaxErrorException: You have an error in your SQL syntax; check the manual that corresponds to your MySQL server version for the right syntax to use near 'by product_category' at line 1
### The error may exist in file [/home/yuan/Desktop/bishe-main/target/classes/mapper/BaseMapper.xml]
### The error may involve defaultParameterMap
### The error occurred while setting parameters
### SQL: select COUNT(*) AS count, product_category from `inventory_information`  WHERE is_delete = 0group by product_category
### Cause: java.sql.SQLSyntaxErrorException: You have an error in your SQL syntax; check the manual that corresponds to your MySQL server version for the right syntax to use near 'by product_category' at line 1
; bad SQL grammar []; nested exception is java.sql.SQLSyntaxErrorException: You have an error in your SQL syntax; check the manual that corresponds to your MySQL server version for the right syntax to use near 'by product_category' at line 1
	at org.springframework.jdbc.support.SQLErrorCodeSQLExceptionTranslator.doTranslate(SQLErrorCodeSQLExceptionTranslator.java:235) ~[spring-jdbc-5.2.4.RELEASE.jar:5.2.4.RELEASE]
	at org.springframework.jdbc.support.AbstractFallbackSQLExceptionTranslator.translate(AbstractFallbackSQLExceptionTranslator.java:72) ~[spring-jdbc-5.2.4.RELEASE.jar:5.2.4.RELEASE]
	at org.mybatis.spring.MyBatisExceptionTranslator.translateExceptionIfPossible(MyBatisExceptionTranslator.java:73) ~[mybatis-spring-1.3.2.jar:1.3.2]
	at org.mybatis.spring.SqlSessionTemplate$SqlSessionInterceptor.invoke(SqlSessionTemplate.java:446) ~[mybatis-spring-1.3.2.jar:1.3.2]
	at com.sun.proxy.$Proxy114.selectList(Unknown Source) ~[?:?]
	at org.mybatis.spring.SqlSessionTemplate.selectList(SqlSessionTemplate.java:230) ~[mybatis-spring-1.3.2.jar:1.3.2]
	at com.baomidou.mybatisplus.core.override.PageMapperMethod.executeForMany(PageMapperMethod.java:173) ~[mybatis-plus-core-3.0.4.jar:?]
	at com.baomidou.mybatisplus.core.override.PageMapperMethod.execute(PageMapperMethod.java:86) ~[mybatis-plus-core-3.0.4.jar:?]
	at com.baomidou.mybatisplus.core.override.PageMapperProxy.invoke(PageMapperProxy.java:64) ~[mybatis-plus-core-3.0.4.jar:?]
	at com.sun.proxy.$Proxy125.selectBaseList(Unknown Source) ~[?:?]
	at com.project.demo.service.base.BaseService.selectToList(BaseService.java:85) ~[classes/:?]
	at com.project.demo.service.base.BaseService$$FastClassBySpringCGLIB$$504c7e9.invoke(<generated>) ~[classes/:?]
	at org.springframework.cglib.proxy.MethodProxy.invoke(MethodProxy.java:218) ~[spring-core-5.2.4.RELEASE.jar:5.2.4.RELEASE]
	at org.springframework.aop.framework.CglibAopProxy$CglibMethodInvocation.invokeJoinpoint(CglibAopProxy.java:769) ~[spring-aop-5.2.4.RELEASE.jar:5.2.4.RELEASE]
	at org.springframework.aop.framework.ReflectiveMethodInvocation.proceed(ReflectiveMethodInvocation.java:163) ~[spring-aop-5.2.4.RELEASE.jar:5.2.4.RELEASE]
	at org.springframework.aop.framework.CglibAopProxy$CglibMethodInvocation.proceed(CglibAopProxy.java:747) ~[spring-aop-5.2.4.RELEASE.jar:5.2.4.RELEASE]
	at org.springframework.aop.interceptor.ExposeInvocationInterceptor.invoke(ExposeInvocationInterceptor.java:95) ~[spring-aop-5.2.4.RELEASE.jar:5.2.4.RELEASE]
	at org.springframework.aop.framework.ReflectiveMethodInvocation.proceed(ReflectiveMethodInvocation.java:186) ~[spring-aop-5.2.4.RELEASE.jar:5.2.4.RELEASE]
	at org.springframework.aop.framework.CglibAopProxy$CglibMethodInvocation.proceed(CglibAopProxy.java:747) ~[spring-aop-5.2.4.RELEASE.jar:5.2.4.RELEASE]
	at org.springframework.aop.framework.CglibAopProxy$DynamicAdvisedInterceptor.intercept(CglibAopProxy.java:689) ~[spring-aop-5.2.4.RELEASE.jar:5.2.4.RELEASE]
	at com.project.demo.service.InventoryInformationService$$EnhancerBySpringCGLIB$$2204289c.selectToList(<generated>) ~[classes/:?]
	at com.project.demo.controller.base.BaseController.listGroup(BaseController.java:82) ~[classes/:?]
	at com.project.demo.controller.base.BaseController$$FastClassBySpringCGLIB$$72c28101.invoke(<generated>) ~[classes/:?]
	at org.springframework.cglib.proxy.MethodProxy.invoke(MethodProxy.java:218) ~[spring-core-5.2.4.RELEASE.jar:5.2.4.RELEASE]
	at org.springframework.aop.framework.CglibAopProxy$DynamicAdvisedInterceptor.intercept(CglibAopProxy.java:685) ~[spring-aop-5.2.4.RELEASE.jar:5.2.4.RELEASE]
	at com.project.demo.controller.InventoryInformationController$$EnhancerBySpringCGLIB$$df7e9850.listGroup(<generated>) ~[classes/:?]
	at sun.reflect.NativeMethodAccessorImpl.invoke0(Native Method) ~[?:1.8.0_461]
	at sun.reflect.NativeMethodAccessorImpl.invoke(NativeMethodAccessorImpl.java:62) ~[?:1.8.0_461]
	at sun.reflect.DelegatingMethodAccessorImpl.invoke(DelegatingMethodAccessorImpl.java:43) ~[?:1.8.0_461]
	at java.lang.reflect.Method.invoke(Method.java:498) ~[?:1.8.0_461]
	at org.springframework.web.method.support.InvocableHandlerMethod.doInvoke(InvocableHandlerMethod.java:190) ~[spring-web-5.2.4.RELEASE.jar:5.2.4.RELEASE]
	at org.springframework.web.method.support.InvocableHandlerMethod.invokeForRequest(InvocableHandlerMethod.java:138) ~[spring-web-5.2.4.RELEASE.jar:5.2.4.RELEASE]
	at org.springframework.web.servlet.mvc.method.annotation.ServletInvocableHandlerMethod.invokeAndHandle(ServletInvocableHandlerMethod.java:106) ~[spring-webmvc-5.2.4.RELEASE.jar:5.2.4.RELEASE]
	at org.springframework.web.servlet.mvc.method.annotation.RequestMappingHandlerAdapter.invokeHandlerMethod(RequestMappingHandlerAdapter.java:879) ~[spring-webmvc-5.2.4.RELEASE.jar:5.2.4.RELEASE]
	at org.springframework.web.servlet.mvc.method.annotation.RequestMappingHandlerAdapter.handleInternal(RequestMappingHandlerAdapter.java:793) ~[spring-webmvc-5.2.4.RELEASE.jar:5.2.4.RELEASE]
	at org.springframework.web.servlet.mvc.method.AbstractHandlerMethodAdapter.handle(AbstractHandlerMethodAdapter.java:87) ~[spring-webmvc-5.2.4.RELEASE.jar:5.2.4.RELEASE]
	at org.springframework.web.servlet.DispatcherServlet.doDispatch(DispatcherServlet.java:1040) [spring-webmvc-5.2.4.RELEASE.jar:5.2.4.RELEASE]
	at org.springframework.web.servlet.DispatcherServlet.doService(DispatcherServlet.java:943) [spring-webmvc-5.2.4.RELEASE.jar:5.2.4.RELEASE]
	at org.springframework.web.servlet.FrameworkServlet.processRequest(FrameworkServlet.java:1006) [spring-webmvc-5.2.4.RELEASE.jar:5.2.4.RELEASE]
	at org.springframework.web.servlet.FrameworkServlet.doGet(FrameworkServlet.java:898) [spring-webmvc-5.2.4.RELEASE.jar:5.2.4.RELEASE]
	at javax.servlet.http.HttpServlet.service(HttpServlet.java:634) [tomcat-embed-core-9.0.31.jar:9.0.31]
	at org.springframework.web.servlet.FrameworkServlet.service(FrameworkServlet.java:883) [spring-webmvc-5.2.4.RELEASE.jar:5.2.4.RELEASE]
	at javax.servlet.http.HttpServlet.service(HttpServlet.java:741) [tomcat-embed-core-9.0.31.jar:9.0.31]
	at org.apache.catalina.core.ApplicationFilterChain.internalDoFilter(ApplicationFilterChain.java:231) [tomcat-embed-core-9.0.31.jar:9.0.31]
	at org.apache.catalina.core.ApplicationFilterChain.doFilter(ApplicationFilterChain.java:166) [tomcat-embed-core-9.0.31.jar:9.0.31]
	at org.apache.tomcat.websocket.server.WsFilter.doFilter(WsFilter.java:53) [tomcat-embed-websocket-9.0.31.jar:9.0.31]
	at org.apache.catalina.core.ApplicationFilterChain.internalDoFilter(ApplicationFilterChain.java:193) [tomcat-embed-core-9.0.31.jar:9.0.31]
	at org.apache.catalina.core.ApplicationFilterChain.doFilter(ApplicationFilterChain.java:166) [tomcat-embed-core-9.0.31.jar:9.0.31]
	at org.springframework.web.filter.RequestContextFilter.doFilterInternal(RequestContextFilter.java:100) [spring-web-5.2.4.RELEASE.jar:5.2.4.RELEASE]
	at org.springframework.web.filter.OncePerRequestFilter.doFilter(OncePerRequestFilter.java:119) [spring-web-5.2.4.RELEASE.jar:5.2.4.RELEASE]
	at org.apache.catalina.core.ApplicationFilterChain.internalDoFilter(ApplicationFilterChain.java:193) [tomcat-embed-core-9.0.31.jar:9.0.31]
	at org.apache.catalina.core.ApplicationFilterChain.doFilter(ApplicationFilterChain.java:166) [tomcat-embed-core-9.0.31.jar:9.0.31]
	at org.springframework.web.filter.FormContentFilter.doFilterInternal(FormContentFilter.java:93) [spring-web-5.2.4.RELEASE.jar:5.2.4.RELEASE]
	at org.springframework.web.filter.OncePerRequestFilter.doFilter(OncePerRequestFilter.java:119) [spring-web-5.2.4.RELEASE.jar:5.2.4.RELEASE]
	at org.apache.catalina.core.ApplicationFilterChain.internalDoFilter(ApplicationFilterChain.java:193) [tomcat-embed-core-9.0.31.jar:9.0.31]
	at org.apache.catalina.core.ApplicationFilterChain.doFilter(ApplicationFilterChain.java:166) [tomcat-embed-core-9.0.31.jar:9.0.31]
	at org.springframework.web.filter.CharacterEncodingFilter.doFilterInternal(CharacterEncodingFilter.java:201) [spring-web-5.2.4.RELEASE.jar:5.2.4.RELEASE]
	at org.springframework.web.filter.OncePerRequestFilter.doFilter(OncePerRequestFilter.java:119) [spring-web-5.2.4.RELEASE.jar:5.2.4.RELEASE]
	at org.apache.catalina.core.ApplicationFilterChain.internalDoFilter(ApplicationFilterChain.java:193) [tomcat-embed-core-9.0.31.jar:9.0.31]
	at org.apache.catalina.core.ApplicationFilterChain.doFilter(ApplicationFilterChain.java:166) [tomcat-embed-core-9.0.31.jar:9.0.31]
	at org.apache.catalina.core.StandardWrapperValve.invoke(StandardWrapperValve.java:202) [tomcat-embed-core-9.0.31.jar:9.0.31]
	at org.apache.catalina.core.StandardContextValve.invoke(StandardContextValve.java:96) [tomcat-embed-core-9.0.31.jar:9.0.31]
	at org.apache.catalina.authenticator.AuthenticatorBase.invoke(AuthenticatorBase.java:541) [tomcat-embed-core-9.0.31.jar:9.0.31]
	at org.apache.catalina.core.StandardHostValve.invoke(StandardHostValve.java:139) [tomcat-embed-core-9.0.31.jar:9.0.31]
	at org.apache.catalina.valves.ErrorReportValve.invoke(ErrorReportValve.java:92) [tomcat-embed-core-9.0.31.jar:9.0.31]
	at org.apache.catalina.core.StandardEngineValve.invoke(StandardEngineValve.java:74) [tomcat-embed-core-9.0.31.jar:9.0.31]
	at org.apache.catalina.connector.CoyoteAdapter.service(CoyoteAdapter.java:343) [tomcat-embed-core-9.0.31.jar:9.0.31]
	at org.apache.coyote.http11.Http11Processor.service(Http11Processor.java:367) [tomcat-embed-core-9.0.31.jar:9.0.31]
	at org.apache.coyote.AbstractProcessorLight.process(AbstractProcessorLight.java:65) [tomcat-embed-core-9.0.31.jar:9.0.31]
	at org.apache.coyote.AbstractProtocol$ConnectionHandler.process(AbstractProtocol.java:868) [tomcat-embed-core-9.0.31.jar:9.0.31]
	at org.apache.tomcat.util.net.NioEndpoint$SocketProcessor.doRun(NioEndpoint.java:1639) [tomcat-embed-core-9.0.31.jar:9.0.31]
	at org.apache.tomcat.util.net.SocketProcessorBase.run(SocketProcessorBase.java:49) [tomcat-embed-core-9.0.31.jar:9.0.31]
	at java.util.concurrent.ThreadPoolExecutor.runWorker(ThreadPoolExecutor.java:1149) [?:1.8.0_461]
	at java.util.concurrent.ThreadPoolExecutor$Worker.run(ThreadPoolExecutor.java:624) [?:1.8.0_461]
	at org.apache.tomcat.util.threads.TaskThread$WrappingRunnable.run(TaskThread.java:61) [tomcat-embed-core-9.0.31.jar:9.0.31]
	at java.lang.Thread.run(Thread.java:750) [?:1.8.0_461]
Caused by: java.sql.SQLSyntaxErrorException: You have an error in your SQL syntax; check the manual that corresponds to your MySQL server version for the right syntax to use near 'by product_category' at line 1
	at com.mysql.cj.jdbc.exceptions.SQLError.createSQLException(SQLError.java:118) ~[mysql-connector-java-8.0.11.jar:8.0.11]
	at com.mysql.cj.jdbc.exceptions.SQLError.createSQLException(SQLError.java:95) ~[mysql-connector-java-8.0.11.jar:8.0.11]
	at com.mysql.cj.jdbc.exceptions.SQLExceptionsMapping.translateException(SQLExceptionsMapping.java:122) ~[mysql-connector-java-8.0.11.jar:8.0.11]
	at com.mysql.cj.jdbc.ClientPreparedStatement.executeInternal(ClientPreparedStatement.java:960) ~[mysql-connector-java-8.0.11.jar:8.0.11]
	at com.mysql.cj.jdbc.ClientPreparedStatement.execute(ClientPreparedStatement.java:388) ~[mysql-connector-java-8.0.11.jar:8.0.11]
	at com.alibaba.druid.pool.DruidPooledPreparedStatement.execute(DruidPooledPreparedStatement.java:497) ~[druid-1.2.8.jar:1.2.8]
	at sun.reflect.GeneratedMethodAccessor82.invoke(Unknown Source) ~[?:?]
	at sun.reflect.DelegatingMethodAccessorImpl.invoke(DelegatingMethodAccessorImpl.java:43) ~[?:1.8.0_461]
	at java.lang.reflect.Method.invoke(Method.java:498) ~[?:1.8.0_461]
	at org.apache.ibatis.logging.jdbc.PreparedStatementLogger.invoke(PreparedStatementLogger.java:59) ~[mybatis-3.4.6.jar:3.4.6]
	at com.sun.proxy.$Proxy152.execute(Unknown Source) ~[?:?]
	at org.apache.ibatis.executor.statement.PreparedStatementHandler.query(PreparedStatementHandler.java:63) ~[mybatis-3.4.6.jar:3.4.6]
	at org.apache.ibatis.executor.statement.RoutingStatementHandler.query(RoutingStatementHandler.java:79) ~[mybatis-3.4.6.jar:3.4.6]
	at sun.reflect.GeneratedMethodAccessor89.invoke(Unknown Source) ~[?:?]
	at sun.reflect.DelegatingMethodAccessorImpl.invoke(DelegatingMethodAccessorImpl.java:43) ~[?:1.8.0_461]
	at java.lang.reflect.Method.invoke(Method.java:498) ~[?:1.8.0_461]
	at org.apache.ibatis.plugin.Plugin.invoke(Plugin.java:63) ~[mybatis-3.4.6.jar:3.4.6]
	at com.sun.proxy.$Proxy150.query(Unknown Source) ~[?:?]
	at org.apache.ibatis.executor.SimpleExecutor.doQuery(SimpleExecutor.java:63) ~[mybatis-3.4.6.jar:3.4.6]
	at org.apache.ibatis.executor.BaseExecutor.queryFromDatabase(BaseExecutor.java:326) ~[mybatis-3.4.6.jar:3.4.6]
	at org.apache.ibatis.executor.BaseExecutor.query(BaseExecutor.java:156) ~[mybatis-3.4.6.jar:3.4.6]
	at org.apache.ibatis.executor.CachingExecutor.query(CachingExecutor.java:109) ~[mybatis-3.4.6.jar:3.4.6]
	at org.apache.ibatis.executor.CachingExecutor.query(CachingExecutor.java:83) ~[mybatis-3.4.6.jar:3.4.6]
	at org.apache.ibatis.session.defaults.DefaultSqlSession.selectList(DefaultSqlSession.java:148) ~[mybatis-3.4.6.jar:3.4.6]
	at org.apache.ibatis.session.defaults.DefaultSqlSession.selectList(DefaultSqlSession.java:141) ~[mybatis-3.4.6.jar:3.4.6]
	at sun.reflect.GeneratedMethodAccessor97.invoke(Unknown Source) ~[?:?]
	at sun.reflect.DelegatingMethodAccessorImpl.invoke(DelegatingMethodAccessorImpl.java:43) ~[?:1.8.0_461]
	at java.lang.reflect.Method.invoke(Method.java:498) ~[?:1.8.0_461]
	at org.mybatis.spring.SqlSessionTemplate$SqlSessionInterceptor.invoke(SqlSessionTemplate.java:433) ~[mybatis-spring-1.3.2.jar:1.3.2]
	... 72 more
2026-05-04 22:11:35.180 [http-nio-5000-exec-6] ERROR com.project.demo.exception.GlobalExceptionHandler - 运行时异常: 
org.springframework.jdbc.BadSqlGrammarException: 
### Error querying database.  Cause: java.sql.SQLSyntaxErrorException: You have an error in your SQL syntax; check the manual that corresponds to your MySQL server version for the right syntax to use near 'by product_category' at line 1
### The error may exist in file [/home/yuan/Desktop/bishe-main/target/classes/mapper/BaseMapper.xml]
### The error may involve defaultParameterMap
### The error occurred while setting parameters
### SQL: select COUNT(*) AS count, product_category from `purchasing_information`  WHERE is_delete = 0group by product_category
### Cause: java.sql.SQLSyntaxErrorException: You have an error in your SQL syntax; check the manual that corresponds to your MySQL server version for the right syntax to use near 'by product_category' at line 1
; bad SQL grammar []; nested exception is java.sql.SQLSyntaxErrorException: You have an error in your SQL syntax; check the manual that corresponds to your MySQL server version for the right syntax to use near 'by product_category' at line 1
	at org.springframework.jdbc.support.SQLErrorCodeSQLExceptionTranslator.doTranslate(SQLErrorCodeSQLExceptionTranslator.java:235) ~[spring-jdbc-5.2.4.RELEASE.jar:5.2.4.RELEASE]
	at org.springframework.jdbc.support.AbstractFallbackSQLExceptionTranslator.translate(AbstractFallbackSQLExceptionTranslator.java:72) ~[spring-jdbc-5.2.4.RELEASE.jar:5.2.4.RELEASE]
	at org.mybatis.spring.MyBatisExceptionTranslator.translateExceptionIfPossible(MyBatisExceptionTranslator.java:73) ~[mybatis-spring-1.3.2.jar:1.3.2]
	at org.mybatis.spring.SqlSessionTemplate$SqlSessionInterceptor.invoke(SqlSessionTemplate.java:446) ~[mybatis-spring-1.3.2.jar:1.3.2]
	at com.sun.proxy.$Proxy114.selectList(Unknown Source) ~[?:?]
	at org.mybatis.spring.SqlSessionTemplate.selectList(SqlSessionTemplate.java:230) ~[mybatis-spring-1.3.2.jar:1.3.2]
	at com.baomidou.mybatisplus.core.override.PageMapperMethod.executeForMany(PageMapperMethod.java:173) ~[mybatis-plus-core-3.0.4.jar:?]
	at com.baomidou.mybatisplus.core.override.PageMapperMethod.execute(PageMapperMethod.java:86) ~[mybatis-plus-core-3.0.4.jar:?]
	at com.baomidou.mybatisplus.core.override.PageMapperProxy.invoke(PageMapperProxy.java:64) ~[mybatis-plus-core-3.0.4.jar:?]
	at com.sun.proxy.$Proxy127.selectBaseList(Unknown Source) ~[?:?]
	at com.project.demo.service.base.BaseService.selectToList(BaseService.java:85) ~[classes/:?]
	at com.project.demo.service.base.BaseService$$FastClassBySpringCGLIB$$504c7e9.invoke(<generated>) ~[classes/:?]
	at org.springframework.cglib.proxy.MethodProxy.invoke(MethodProxy.java:218) ~[spring-core-5.2.4.RELEASE.jar:5.2.4.RELEASE]
	at org.springframework.aop.framework.CglibAopProxy$CglibMethodInvocation.invokeJoinpoint(CglibAopProxy.java:769) ~[spring-aop-5.2.4.RELEASE.jar:5.2.4.RELEASE]
	at org.springframework.aop.framework.ReflectiveMethodInvocation.proceed(ReflectiveMethodInvocation.java:163) ~[spring-aop-5.2.4.RELEASE.jar:5.2.4.RELEASE]
	at org.springframework.aop.framework.CglibAopProxy$CglibMethodInvocation.proceed(CglibAopProxy.java:747) ~[spring-aop-5.2.4.RELEASE.jar:5.2.4.RELEASE]
	at org.springframework.aop.interceptor.ExposeInvocationInterceptor.invoke(ExposeInvocationInterceptor.java:95) ~[spring-aop-5.2.4.RELEASE.jar:5.2.4.RELEASE]
	at org.springframework.aop.framework.ReflectiveMethodInvocation.proceed(ReflectiveMethodInvocation.java:186) ~[spring-aop-5.2.4.RELEASE.jar:5.2.4.RELEASE]
	at org.springframework.aop.framework.CglibAopProxy$CglibMethodInvocation.proceed(CglibAopProxy.java:747) ~[spring-aop-5.2.4.RELEASE.jar:5.2.4.RELEASE]
	at org.springframework.aop.framework.CglibAopProxy$DynamicAdvisedInterceptor.intercept(CglibAopProxy.java:689) ~[spring-aop-5.2.4.RELEASE.jar:5.2.4.RELEASE]
	at com.project.demo.service.PurchasingInformationService$$EnhancerBySpringCGLIB$$b6f208ce.selectToList(<generated>) ~[classes/:?]
	at com.project.demo.controller.base.BaseController.listGroup(BaseController.java:82) ~[classes/:?]
	at com.project.demo.controller.base.BaseController$$FastClassBySpringCGLIB$$72c28101.invoke(<generated>) ~[classes/:?]
	at org.springframework.cglib.proxy.MethodProxy.invoke(MethodProxy.java:218) ~[spring-core-5.2.4.RELEASE.jar:5.2.4.RELEASE]
	at org.springframework.aop.framework.CglibAopProxy$DynamicAdvisedInterceptor.intercept(CglibAopProxy.java:685) ~[spring-aop-5.2.4.RELEASE.jar:5.2.4.RELEASE]
	at com.project.demo.controller.PurchasingInformationController$$EnhancerBySpringCGLIB$$d9b1ad14.listGroup(<generated>) ~[classes/:?]
	at sun.reflect.NativeMethodAccessorImpl.invoke0(Native Method) ~[?:1.8.0_461]
	at sun.reflect.NativeMethodAccessorImpl.invoke(NativeMethodAccessorImpl.java:62) ~[?:1.8.0_461]
	at sun.reflect.DelegatingMethodAccessorImpl.invoke(DelegatingMethodAccessorImpl.java:43) ~[?:1.8.0_461]
	at java.lang.reflect.Method.invoke(Method.java:498) ~[?:1.8.0_461]
	at org.springframework.web.method.support.InvocableHandlerMethod.doInvoke(InvocableHandlerMethod.java:190) ~[spring-web-5.2.4.RELEASE.jar:5.2.4.RELEASE]
	at org.springframework.web.method.support.InvocableHandlerMethod.invokeForRequest(InvocableHandlerMethod.java:138) ~[spring-web-5.2.4.RELEASE.jar:5.2.4.RELEASE]
	at org.springframework.web.servlet.mvc.method.annotation.ServletInvocableHandlerMethod.invokeAndHandle(ServletInvocableHandlerMethod.java:106) ~[spring-webmvc-5.2.4.RELEASE.jar:5.2.4.RELEASE]
	at org.springframework.web.servlet.mvc.method.annotation.RequestMappingHandlerAdapter.invokeHandlerMethod(RequestMappingHandlerAdapter.java:879) ~[spring-webmvc-5.2.4.RELEASE.jar:5.2.4.RELEASE]
	at org.springframework.web.servlet.mvc.method.annotation.RequestMappingHandlerAdapter.handleInternal(RequestMappingHandlerAdapter.java:793) ~[spring-webmvc-5.2.4.RELEASE.jar:5.2.4.RELEASE]
	at org.springframework.web.servlet.mvc.method.AbstractHandlerMethodAdapter.handle(AbstractHandlerMethodAdapter.java:87) ~[spring-webmvc-5.2.4.RELEASE.jar:5.2.4.RELEASE]
	at org.springframework.web.servlet.DispatcherServlet.doDispatch(DispatcherServlet.java:1040) [spring-webmvc-5.2.4.RELEASE.jar:5.2.4.RELEASE]
	at org.springframework.web.servlet.DispatcherServlet.doService(DispatcherServlet.java:943) [spring-webmvc-5.2.4.RELEASE.jar:5.2.4.RELEASE]
	at org.springframework.web.servlet.FrameworkServlet.processRequest(FrameworkServlet.java:1006) [spring-webmvc-5.2.4.RELEASE.jar:5.2.4.RELEASE]
	at org.springframework.web.servlet.FrameworkServlet.doGet(FrameworkServlet.java:898) [spring-webmvc-5.2.4.RELEASE.jar:5.2.4.RELEASE]
	at javax.servlet.http.HttpServlet.service(HttpServlet.java:634) [tomcat-embed-core-9.0.31.jar:9.0.31]
	at org.springframework.web.servlet.FrameworkServlet.service(FrameworkServlet.java:883) [spring-webmvc-5.2.4.RELEASE.jar:5.2.4.RELEASE]
	at javax.servlet.http.HttpServlet.service(HttpServlet.java:741) [tomcat-embed-core-9.0.31.jar:9.0.31]
	at org.apache.catalina.core.ApplicationFilterChain.internalDoFilter(ApplicationFilterChain.java:231) [tomcat-embed-core-9.0.31.jar:9.0.31]
	at org.apache.catalina.core.ApplicationFilterChain.doFilter(ApplicationFilterChain.java:166) [tomcat-embed-core-9.0.31.jar:9.0.31]
	at org.apache.tomcat.websocket.server.WsFilter.doFilter(WsFilter.java:53) [tomcat-embed-websocket-9.0.31.jar:9.0.31]
	at org.apache.catalina.core.ApplicationFilterChain.internalDoFilter(ApplicationFilterChain.java:193) [tomcat-embed-core-9.0.31.jar:9.0.31]
	at org.apache.catalina.core.ApplicationFilterChain.doFilter(ApplicationFilterChain.java:166) [tomcat-embed-core-9.0.31.jar:9.0.31]
	at org.springframework.web.filter.RequestContextFilter.doFilterInternal(RequestContextFilter.java:100) [spring-web-5.2.4.RELEASE.jar:5.2.4.RELEASE]
	at org.springframework.web.filter.OncePerRequestFilter.doFilter(OncePerRequestFilter.java:119) [spring-web-5.2.4.RELEASE.jar:5.2.4.RELEASE]
	at org.apache.catalina.core.ApplicationFilterChain.internalDoFilter(ApplicationFilterChain.java:193) [tomcat-embed-core-9.0.31.jar:9.0.31]
	at org.apache.catalina.core.ApplicationFilterChain.doFilter(ApplicationFilterChain.java:166) [tomcat-embed-core-9.0.31.jar:9.0.31]
	at org.springframework.web.filter.FormContentFilter.doFilterInternal(FormContentFilter.java:93) [spring-web-5.2.4.RELEASE.jar:5.2.4.RELEASE]
	at org.springframework.web.filter.OncePerRequestFilter.doFilter(OncePerRequestFilter.java:119) [spring-web-5.2.4.RELEASE.jar:5.2.4.RELEASE]
	at org.apache.catalina.core.ApplicationFilterChain.internalDoFilter(ApplicationFilterChain.java:193) [tomcat-embed-core-9.0.31.jar:9.0.31]
	at org.apache.catalina.core.ApplicationFilterChain.doFilter(ApplicationFilterChain.java:166) [tomcat-embed-core-9.0.31.jar:9.0.31]
	at org.springframework.web.filter.CharacterEncodingFilter.doFilterInternal(CharacterEncodingFilter.java:201) [spring-web-5.2.4.RELEASE.jar:5.2.4.RELEASE]
	at org.springframework.web.filter.OncePerRequestFilter.doFilter(OncePerRequestFilter.java:119) [spring-web-5.2.4.RELEASE.jar:5.2.4.RELEASE]
	at org.apache.catalina.core.ApplicationFilterChain.internalDoFilter(ApplicationFilterChain.java:193) [tomcat-embed-core-9.0.31.jar:9.0.31]
	at org.apache.catalina.core.ApplicationFilterChain.doFilter(ApplicationFilterChain.java:166) [tomcat-embed-core-9.0.31.jar:9.0.31]
	at org.apache.catalina.core.StandardWrapperValve.invoke(StandardWrapperValve.java:202) [tomcat-embed-core-9.0.31.jar:9.0.31]
	at org.apache.catalina.core.StandardContextValve.invoke(StandardContextValve.java:96) [tomcat-embed-core-9.0.31.jar:9.0.31]
	at org.apache.catalina.authenticator.AuthenticatorBase.invoke(AuthenticatorBase.java:541) [tomcat-embed-core-9.0.31.jar:9.0.31]
	at org.apache.catalina.core.StandardHostValve.invoke(StandardHostValve.java:139) [tomcat-embed-core-9.0.31.jar:9.0.31]
	at org.apache.catalina.valves.ErrorReportValve.invoke(ErrorReportValve.java:92) [tomcat-embed-core-9.0.31.jar:9.0.31]
	at org.apache.catalina.core.StandardEngineValve.invoke(StandardEngineValve.java:74) [tomcat-embed-core-9.0.31.jar:9.0.31]
	at org.apache.catalina.connector.CoyoteAdapter.service(CoyoteAdapter.java:343) [tomcat-embed-core-9.0.31.jar:9.0.31]
	at org.apache.coyote.http11.Http11Processor.service(Http11Processor.java:367) [tomcat-embed-core-9.0.31.jar:9.0.31]
	at org.apache.coyote.AbstractProcessorLight.process(AbstractProcessorLight.java:65) [tomcat-embed-core-9.0.31.jar:9.0.31]
	at org.apache.coyote.AbstractProtocol$ConnectionHandler.process(AbstractProtocol.java:868) [tomcat-embed-core-9.0.31.jar:9.0.31]
	at org.apache.tomcat.util.net.NioEndpoint$SocketProcessor.doRun(NioEndpoint.java:1639) [tomcat-embed-core-9.0.31.jar:9.0.31]
	at org.apache.tomcat.util.net.SocketProcessorBase.run(SocketProcessorBase.java:49) [tomcat-embed-core-9.0.31.jar:9.0.31]
	at java.util.concurrent.ThreadPoolExecutor.runWorker(ThreadPoolExecutor.java:1149) [?:1.8.0_461]
	at java.util.concurrent.ThreadPoolExecutor$Worker.run(ThreadPoolExecutor.java:624) [?:1.8.0_461]
	at org.apache.tomcat.util.threads.TaskThread$WrappingRunnable.run(TaskThread.java:61) [tomcat-embed-core-9.0.31.jar:9.0.31]
	at java.lang.Thread.run(Thread.java:750) [?:1.8.0_461]
Caused by: java.sql.SQLSyntaxErrorException: You have an error in your SQL syntax; check the manual that corresponds to your MySQL server version for the right syntax to use near 'by product_category' at line 1
	at com.mysql.cj.jdbc.exceptions.SQLError.createSQLException(SQLError.java:118) ~[mysql-connector-java-8.0.11.jar:8.0.11]
	at com.mysql.cj.jdbc.exceptions.SQLError.createSQLException(SQLError.java:95) ~[mysql-connector-java-8.0.11.jar:8.0.11]
	at com.mysql.cj.jdbc.exceptions.SQLExceptionsMapping.translateException(SQLExceptionsMapping.java:122) ~[mysql-connector-java-8.0.11.jar:8.0.11]
	at com.mysql.cj.jdbc.ClientPreparedStatement.executeInternal(ClientPreparedStatement.java:960) ~[mysql-connector-java-8.0.11.jar:8.0.11]
	at com.mysql.cj.jdbc.ClientPreparedStatement.execute(ClientPreparedStatement.java:388) ~[mysql-connector-java-8.0.11.jar:8.0.11]
	at com.alibaba.druid.pool.DruidPooledPreparedStatement.execute(DruidPooledPreparedStatement.java:497) ~[druid-1.2.8.jar:1.2.8]
	at sun.reflect.GeneratedMethodAccessor82.invoke(Unknown Source) ~[?:?]
	at sun.reflect.DelegatingMethodAccessorImpl.invoke(DelegatingMethodAccessorImpl.java:43) ~[?:1.8.0_461]
	at java.lang.reflect.Method.invoke(Method.java:498) ~[?:1.8.0_461]
	at org.apache.ibatis.logging.jdbc.PreparedStatementLogger.invoke(PreparedStatementLogger.java:59) ~[mybatis-3.4.6.jar:3.4.6]
	at com.sun.proxy.$Proxy152.execute(Unknown Source) ~[?:?]
	at org.apache.ibatis.executor.statement.PreparedStatementHandler.query(PreparedStatementHandler.java:63) ~[mybatis-3.4.6.jar:3.4.6]
	at org.apache.ibatis.executor.statement.RoutingStatementHandler.query(RoutingStatementHandler.java:79) ~[mybatis-3.4.6.jar:3.4.6]
	at sun.reflect.GeneratedMethodAccessor89.invoke(Unknown Source) ~[?:?]
	at sun.reflect.DelegatingMethodAccessorImpl.invoke(DelegatingMethodAccessorImpl.java:43) ~[?:1.8.0_461]
	at java.lang.reflect.Method.invoke(Method.java:498) ~[?:1.8.0_461]
	at org.apache.ibatis.plugin.Plugin.invoke(Plugin.java:63) ~[mybatis-3.4.6.jar:3.4.6]
	at com.sun.proxy.$Proxy150.query(Unknown Source) ~[?:?]
	at org.apache.ibatis.executor.SimpleExecutor.doQuery(SimpleExecutor.java:63) ~[mybatis-3.4.6.jar:3.4.6]
	at org.apache.ibatis.executor.BaseExecutor.queryFromDatabase(BaseExecutor.java:326) ~[mybatis-3.4.6.jar:3.4.6]
	at org.apache.ibatis.executor.BaseExecutor.query(BaseExecutor.java:156) ~[mybatis-3.4.6.jar:3.4.6]
	at org.apache.ibatis.executor.CachingExecutor.query(CachingExecutor.java:109) ~[mybatis-3.4.6.jar:3.4.6]
	at org.apache.ibatis.executor.CachingExecutor.query(CachingExecutor.java:83) ~[mybatis-3.4.6.jar:3.4.6]
	at org.apache.ibatis.session.defaults.DefaultSqlSession.selectList(DefaultSqlSession.java:148) ~[mybatis-3.4.6.jar:3.4.6]
	at org.apache.ibatis.session.defaults.DefaultSqlSession.selectList(DefaultSqlSession.java:141) ~[mybatis-3.4.6.jar:3.4.6]
	at sun.reflect.GeneratedMethodAccessor97.invoke(Unknown Source) ~[?:?]
	at sun.reflect.DelegatingMethodAccessorImpl.invoke(DelegatingMethodAccessorImpl.java:43) ~[?:1.8.0_461]
	at java.lang.reflect.Method.invoke(Method.java:498) ~[?:1.8.0_461]
	at org.mybatis.spring.SqlSessionTemplate$SqlSessionInterceptor.invoke(SqlSessionTemplate.java:433) ~[mybatis-spring-1.3.2.jar:1.3.2]
	... 72 more
2026-05-04 22:11:39.163 [http-nio-5000-exec-3] ERROR com.project.demo.exception.GlobalExceptionHandler - 运行时异常: 
org.springframework.jdbc.BadSqlGrammarException: 
### Error querying database.  Cause: java.sql.SQLSyntaxErrorException: You have an error in your SQL syntax; check the manual that corresponds to your MySQL server version for the right syntax to use near 'by create_time desc  limit 0 , 10' at line 1
### The error may exist in file [/home/yuan/Desktop/bishe-main/target/classes/mapper/BaseMapper.xml]
### The error may involve defaultParameterMap
### The error occurred while setting parameters
### SQL: select * from `user` WHERE `user_group` LIKE '%管理员%'  AND is_delete = 0order by create_time desc  limit 0 , 10
### Cause: java.sql.SQLSyntaxErrorException: You have an error in your SQL syntax; check the manual that corresponds to your MySQL server version for the right syntax to use near 'by create_time desc  limit 0 , 10' at line 1
; bad SQL grammar []; nested exception is java.sql.SQLSyntaxErrorException: You have an error in your SQL syntax; check the manual that corresponds to your MySQL server version for the right syntax to use near 'by create_time desc  limit 0 , 10' at line 1
	at org.springframework.jdbc.support.SQLErrorCodeSQLExceptionTranslator.doTranslate(SQLErrorCodeSQLExceptionTranslator.java:235) ~[spring-jdbc-5.2.4.RELEASE.jar:5.2.4.RELEASE]
	at org.springframework.jdbc.support.AbstractFallbackSQLExceptionTranslator.translate(AbstractFallbackSQLExceptionTranslator.java:72) ~[spring-jdbc-5.2.4.RELEASE.jar:5.2.4.RELEASE]
	at org.mybatis.spring.MyBatisExceptionTranslator.translateExceptionIfPossible(MyBatisExceptionTranslator.java:73) ~[mybatis-spring-1.3.2.jar:1.3.2]
	at org.mybatis.spring.SqlSessionTemplate$SqlSessionInterceptor.invoke(SqlSessionTemplate.java:446) ~[mybatis-spring-1.3.2.jar:1.3.2]
	at com.sun.proxy.$Proxy114.selectList(Unknown Source) ~[?:?]
	at org.mybatis.spring.SqlSessionTemplate.selectList(SqlSessionTemplate.java:230) ~[mybatis-spring-1.3.2.jar:1.3.2]
	at com.baomidou.mybatisplus.core.override.PageMapperMethod.executeForMany(PageMapperMethod.java:173) ~[mybatis-plus-core-3.0.4.jar:?]
	at com.baomidou.mybatisplus.core.override.PageMapperMethod.execute(PageMapperMethod.java:86) ~[mybatis-plus-core-3.0.4.jar:?]
	at com.baomidou.mybatisplus.core.override.PageMapperProxy.invoke(PageMapperProxy.java:64) ~[mybatis-plus-core-3.0.4.jar:?]
	at com.sun.proxy.$Proxy132.selectBaseList(Unknown Source) ~[?:?]
	at com.project.demo.service.base.BaseService.selectToPage(BaseService.java:77) ~[classes/:?]
	at com.project.demo.service.base.BaseService$$FastClassBySpringCGLIB$$504c7e9.invoke(<generated>) ~[classes/:?]
	at org.springframework.cglib.proxy.MethodProxy.invoke(MethodProxy.java:218) ~[spring-core-5.2.4.RELEASE.jar:5.2.4.RELEASE]
	at org.springframework.aop.framework.CglibAopProxy$CglibMethodInvocation.invokeJoinpoint(CglibAopProxy.java:769) ~[spring-aop-5.2.4.RELEASE.jar:5.2.4.RELEASE]
	at org.springframework.aop.framework.ReflectiveMethodInvocation.proceed(ReflectiveMethodInvocation.java:163) ~[spring-aop-5.2.4.RELEASE.jar:5.2.4.RELEASE]
	at org.springframework.aop.framework.CglibAopProxy$CglibMethodInvocation.proceed(CglibAopProxy.java:747) ~[spring-aop-5.2.4.RELEASE.jar:5.2.4.RELEASE]
	at org.springframework.aop.interceptor.ExposeInvocationInterceptor.invoke(ExposeInvocationInterceptor.java:95) ~[spring-aop-5.2.4.RELEASE.jar:5.2.4.RELEASE]
	at org.springframework.aop.framework.ReflectiveMethodInvocation.proceed(ReflectiveMethodInvocation.java:186) ~[spring-aop-5.2.4.RELEASE.jar:5.2.4.RELEASE]
	at org.springframework.aop.framework.CglibAopProxy$CglibMethodInvocation.proceed(CglibAopProxy.java:747) ~[spring-aop-5.2.4.RELEASE.jar:5.2.4.RELEASE]
	at org.springframework.aop.framework.CglibAopProxy$DynamicAdvisedInterceptor.intercept(CglibAopProxy.java:689) ~[spring-aop-5.2.4.RELEASE.jar:5.2.4.RELEASE]
	at com.project.demo.service.UserService$$EnhancerBySpringCGLIB$$baf85dcb.selectToPage(<generated>) ~[classes/:?]
	at com.project.demo.controller.base.BaseController.getList(BaseController.java:76) ~[classes/:?]
	at com.project.demo.controller.base.BaseController$$FastClassBySpringCGLIB$$72c28101.invoke(<generated>) ~[classes/:?]
	at org.springframework.cglib.proxy.MethodProxy.invoke(MethodProxy.java:218) ~[spring-core-5.2.4.RELEASE.jar:5.2.4.RELEASE]
	at org.springframework.aop.framework.CglibAopProxy$DynamicAdvisedInterceptor.intercept(CglibAopProxy.java:685) ~[spring-aop-5.2.4.RELEASE.jar:5.2.4.RELEASE]
	at com.project.demo.controller.UserController$$EnhancerBySpringCGLIB$$fdacaac1.getList(<generated>) ~[classes/:?]
	at sun.reflect.NativeMethodAccessorImpl.invoke0(Native Method) ~[?:1.8.0_461]
	at sun.reflect.NativeMethodAccessorImpl.invoke(NativeMethodAccessorImpl.java:62) ~[?:1.8.0_461]
	at sun.reflect.DelegatingMethodAccessorImpl.invoke(DelegatingMethodAccessorImpl.java:43) ~[?:1.8.0_461]
	at java.lang.reflect.Method.invoke(Method.java:498) ~[?:1.8.0_461]
	at org.springframework.web.method.support.InvocableHandlerMethod.doInvoke(InvocableHandlerMethod.java:190) ~[spring-web-5.2.4.RELEASE.jar:5.2.4.RELEASE]
	at org.springframework.web.method.support.InvocableHandlerMethod.invokeForRequest(InvocableHandlerMethod.java:138) ~[spring-web-5.2.4.RELEASE.jar:5.2.4.RELEASE]
	at org.springframework.web.servlet.mvc.method.annotation.ServletInvocableHandlerMethod.invokeAndHandle(ServletInvocableHandlerMethod.java:106) ~[spring-webmvc-5.2.4.RELEASE.jar:5.2.4.RELEASE]
	at org.springframework.web.servlet.mvc.method.annotation.RequestMappingHandlerAdapter.invokeHandlerMethod(RequestMappingHandlerAdapter.java:879) ~[spring-webmvc-5.2.4.RELEASE.jar:5.2.4.RELEASE]
	at org.springframework.web.servlet.mvc.method.annotation.RequestMappingHandlerAdapter.handleInternal(RequestMappingHandlerAdapter.java:793) ~[spring-webmvc-5.2.4.RELEASE.jar:5.2.4.RELEASE]
	at org.springframework.web.servlet.mvc.method.AbstractHandlerMethodAdapter.handle(AbstractHandlerMethodAdapter.java:87) ~[spring-webmvc-5.2.4.RELEASE.jar:5.2.4.RELEASE]
	at org.springframework.web.servlet.DispatcherServlet.doDispatch(DispatcherServlet.java:1040) [spring-webmvc-5.2.4.RELEASE.jar:5.2.4.RELEASE]
	at org.springframework.web.servlet.DispatcherServlet.doService(DispatcherServlet.java:943) [spring-webmvc-5.2.4.RELEASE.jar:5.2.4.RELEASE]
	at org.springframework.web.servlet.FrameworkServlet.processRequest(FrameworkServlet.java:1006) [spring-webmvc-5.2.4.RELEASE.jar:5.2.4.RELEASE]
	at org.springframework.web.servlet.FrameworkServlet.doGet(FrameworkServlet.java:898) [spring-webmvc-5.2.4.RELEASE.jar:5.2.4.RELEASE]
	at javax.servlet.http.HttpServlet.service(HttpServlet.java:634) [tomcat-embed-core-9.0.31.jar:9.0.31]
	at org.springframework.web.servlet.FrameworkServlet.service(FrameworkServlet.java:883) [spring-webmvc-5.2.4.RELEASE.jar:5.2.4.RELEASE]
	at javax.servlet.http.HttpServlet.service(HttpServlet.java:741) [tomcat-embed-core-9.0.31.jar:9.0.31]
	at org.apache.catalina.core.ApplicationFilterChain.internalDoFilter(ApplicationFilterChain.java:231) [tomcat-embed-core-9.0.31.jar:9.0.31]
	at org.apache.catalina.core.ApplicationFilterChain.doFilter(ApplicationFilterChain.java:166) [tomcat-embed-core-9.0.31.jar:9.0.31]
	at org.apache.tomcat.websocket.server.WsFilter.doFilter(WsFilter.java:53) [tomcat-embed-websocket-9.0.31.jar:9.0.31]
	at org.apache.catalina.core.ApplicationFilterChain.internalDoFilter(ApplicationFilterChain.java:193) [tomcat-embed-core-9.0.31.jar:9.0.31]
	at org.apache.catalina.core.ApplicationFilterChain.doFilter(ApplicationFilterChain.java:166) [tomcat-embed-core-9.0.31.jar:9.0.31]
	at org.springframework.web.filter.RequestContextFilter.doFilterInternal(RequestContextFilter.java:100) [spring-web-5.2.4.RELEASE.jar:5.2.4.RELEASE]
	at org.springframework.web.filter.OncePerRequestFilter.doFilter(OncePerRequestFilter.java:119) [spring-web-5.2.4.RELEASE.jar:5.2.4.RELEASE]
	at org.apache.catalina.core.ApplicationFilterChain.internalDoFilter(ApplicationFilterChain.java:193) [tomcat-embed-core-9.0.31.jar:9.0.31]
	at org.apache.catalina.core.ApplicationFilterChain.doFilter(ApplicationFilterChain.java:166) [tomcat-embed-core-9.0.31.jar:9.0.31]
	at org.springframework.web.filter.FormContentFilter.doFilterInternal(FormContentFilter.java:93) [spring-web-5.2.4.RELEASE.jar:5.2.4.RELEASE]
	at org.springframework.web.filter.OncePerRequestFilter.doFilter(OncePerRequestFilter.java:119) [spring-web-5.2.4.RELEASE.jar:5.2.4.RELEASE]
	at org.apache.catalina.core.ApplicationFilterChain.internalDoFilter(ApplicationFilterChain.java:193) [tomcat-embed-core-9.0.31.jar:9.0.31]
	at org.apache.catalina.core.ApplicationFilterChain.doFilter(ApplicationFilterChain.java:166) [tomcat-embed-core-9.0.31.jar:9.0.31]
	at org.springframework.web.filter.CharacterEncodingFilter.doFilterInternal(CharacterEncodingFilter.java:201) [spring-web-5.2.4.RELEASE.jar:5.2.4.RELEASE]
	at org.springframework.web.filter.OncePerRequestFilter.doFilter(OncePerRequestFilter.java:119) [spring-web-5.2.4.RELEASE.jar:5.2.4.RELEASE]
	at org.apache.catalina.core.ApplicationFilterChain.internalDoFilter(ApplicationFilterChain.java:193) [tomcat-embed-core-9.0.31.jar:9.0.31]
	at org.apache.catalina.core.ApplicationFilterChain.doFilter(ApplicationFilterChain.java:166) [tomcat-embed-core-9.0.31.jar:9.0.31]
	at org.apache.catalina.core.StandardWrapperValve.invoke(StandardWrapperValve.java:202) [tomcat-embed-core-9.0.31.jar:9.0.31]
	at org.apache.catalina.core.StandardContextValve.invoke(StandardContextValve.java:96) [tomcat-embed-core-9.0.31.jar:9.0.31]
	at org.apache.catalina.authenticator.AuthenticatorBase.invoke(AuthenticatorBase.java:541) [tomcat-embed-core-9.0.31.jar:9.0.31]
	at org.apache.catalina.core.StandardHostValve.invoke(StandardHostValve.java:139) [tomcat-embed-core-9.0.31.jar:9.0.31]
	at org.apache.catalina.valves.ErrorReportValve.invoke(ErrorReportValve.java:92) [tomcat-embed-core-9.0.31.jar:9.0.31]
	at org.apache.catalina.core.StandardEngineValve.invoke(StandardEngineValve.java:74) [tomcat-embed-core-9.0.31.jar:9.0.31]
	at org.apache.catalina.connector.CoyoteAdapter.service(CoyoteAdapter.java:343) [tomcat-embed-core-9.0.31.jar:9.0.31]
	at org.apache.coyote.http11.Http11Processor.service(Http11Processor.java:367) [tomcat-embed-core-9.0.31.jar:9.0.31]
	at org.apache.coyote.AbstractProcessorLight.process(AbstractProcessorLight.java:65) [tomcat-embed-core-9.0.31.jar:9.0.31]
	at org.apache.coyote.AbstractProtocol$ConnectionHandler.process(AbstractProtocol.java:868) [tomcat-embed-core-9.0.31.jar:9.0.31]
	at org.apache.tomcat.util.net.NioEndpoint$SocketProcessor.doRun(NioEndpoint.java:1639) [tomcat-embed-core-9.0.31.jar:9.0.31]
	at org.apache.tomcat.util.net.SocketProcessorBase.run(SocketProcessorBase.java:49) [tomcat-embed-core-9.0.31.jar:9.0.31]
	at java.util.concurrent.ThreadPoolExecutor.runWorker(ThreadPoolExecutor.java:1149) [?:1.8.0_461]
	at java.util.concurrent.ThreadPoolExecutor$Worker.run(ThreadPoolExecutor.java:624) [?:1.8.0_461]
	at org.apache.tomcat.util.threads.TaskThread$WrappingRunnable.run(TaskThread.java:61) [tomcat-embed-core-9.0.31.jar:9.0.31]
	at java.lang.Thread.run(Thread.java:750) [?:1.8.0_461]
Caused by: java.sql.SQLSyntaxErrorException: You have an error in your SQL syntax; check the manual that corresponds to your MySQL server version for the right syntax to use near 'by create_time desc  limit 0 , 10' at line 1
	at com.mysql.cj.jdbc.exceptions.SQLError.createSQLException(SQLError.java:118) ~[mysql-connector-java-8.0.11.jar:8.0.11]
	at com.mysql.cj.jdbc.exceptions.SQLError.createSQLException(SQLError.java:95) ~[mysql-connector-java-8.0.11.jar:8.0.11]
	at com.mysql.cj.jdbc.exceptions.SQLExceptionsMapping.translateException(SQLExceptionsMapping.java:122) ~[mysql-connector-java-8.0.11.jar:8.0.11]
	at com.mysql.cj.jdbc.ClientPreparedStatement.executeInternal(ClientPreparedStatement.java:960) ~[mysql-connector-java-8.0.11.jar:8.0.11]
	at com.mysql.cj.jdbc.ClientPreparedStatement.execute(ClientPreparedStatement.java:388) ~[mysql-connector-java-8.0.11.jar:8.0.11]
	at com.alibaba.druid.pool.DruidPooledPreparedStatement.execute(DruidPooledPreparedStatement.java:497) ~[druid-1.2.8.jar:1.2.8]
	at sun.reflect.GeneratedMethodAccessor82.invoke(Unknown Source) ~[?:?]
	at sun.reflect.DelegatingMethodAccessorImpl.invoke(DelegatingMethodAccessorImpl.java:43) ~[?:1.8.0_461]
	at java.lang.reflect.Method.invoke(Method.java:498) ~[?:1.8.0_461]
	at org.apache.ibatis.logging.jdbc.PreparedStatementLogger.invoke(PreparedStatementLogger.java:59) ~[mybatis-3.4.6.jar:3.4.6]
	at com.sun.proxy.$Proxy152.execute(Unknown Source) ~[?:?]
	at org.apache.ibatis.executor.statement.PreparedStatementHandler.query(PreparedStatementHandler.java:63) ~[mybatis-3.4.6.jar:3.4.6]
	at org.apache.ibatis.executor.statement.RoutingStatementHandler.query(RoutingStatementHandler.java:79) ~[mybatis-3.4.6.jar:3.4.6]
	at sun.reflect.GeneratedMethodAccessor89.invoke(Unknown Source) ~[?:?]
	at sun.reflect.DelegatingMethodAccessorImpl.invoke(DelegatingMethodAccessorImpl.java:43) ~[?:1.8.0_461]
	at java.lang.reflect.Method.invoke(Method.java:498) ~[?:1.8.0_461]
	at org.apache.ibatis.plugin.Plugin.invoke(Plugin.java:63) ~[mybatis-3.4.6.jar:3.4.6]
	at com.sun.proxy.$Proxy150.query(Unknown Source) ~[?:?]
	at org.apache.ibatis.executor.SimpleExecutor.doQuery(SimpleExecutor.java:63) ~[mybatis-3.4.6.jar:3.4.6]
	at org.apache.ibatis.executor.BaseExecutor.queryFromDatabase(BaseExecutor.java:326) ~[mybatis-3.4.6.jar:3.4.6]
	at org.apache.ibatis.executor.BaseExecutor.query(BaseExecutor.java:156) ~[mybatis-3.4.6.jar:3.4.6]
	at org.apache.ibatis.executor.CachingExecutor.query(CachingExecutor.java:109) ~[mybatis-3.4.6.jar:3.4.6]
	at org.apache.ibatis.executor.CachingExecutor.query(CachingExecutor.java:83) ~[mybatis-3.4.6.jar:3.4.6]
	at org.apache.ibatis.session.defaults.DefaultSqlSession.selectList(DefaultSqlSession.java:148) ~[mybatis-3.4.6.jar:3.4.6]
	at org.apache.ibatis.session.defaults.DefaultSqlSession.selectList(DefaultSqlSession.java:141) ~[mybatis-3.4.6.jar:3.4.6]
	at sun.reflect.GeneratedMethodAccessor97.invoke(Unknown Source) ~[?:?]
	at sun.reflect.DelegatingMethodAccessorImpl.invoke(DelegatingMethodAccessorImpl.java:43) ~[?:1.8.0_461]
	at java.lang.reflect.Method.invoke(Method.java:498) ~[?:1.8.0_461]
	at org.mybatis.spring.SqlSessionTemplate$SqlSessionInterceptor.invoke(SqlSessionTemplate.java:433) ~[mybatis-spring-1.3.2.jar:1.3.2]
	... 72 more
2026-05-04 22:11:39.707 [http-nio-5000-exec-1] ERROR com.project.demo.exception.GlobalExceptionHandler - 运行时异常: 
org.springframework.jdbc.BadSqlGrammarException: 
### Error querying database.  Cause: java.sql.SQLSyntaxErrorException: You have an error in your SQL syntax; check the manual that corresponds to your MySQL server version for the right syntax to use near 'by create_time desc  limit 0 , 7' at line 1
### The error may exist in file [/home/yuan/Desktop/bishe-main/target/classes/mapper/BaseMapper.xml]
### The error may involve defaultParameterMap
### The error occurred while setting parameters
### SQL: select * from `registered_user` WHERE is_delete = 0order by create_time desc  limit 0 , 7
### Cause: java.sql.SQLSyntaxErrorException: You have an error in your SQL syntax; check the manual that corresponds to your MySQL server version for the right syntax to use near 'by create_time desc  limit 0 , 7' at line 1
; bad SQL grammar []; nested exception is java.sql.SQLSyntaxErrorException: You have an error in your SQL syntax; check the manual that corresponds to your MySQL server version for the right syntax to use near 'by create_time desc  limit 0 , 7' at line 1
	at org.springframework.jdbc.support.SQLErrorCodeSQLExceptionTranslator.doTranslate(SQLErrorCodeSQLExceptionTranslator.java:235) ~[spring-jdbc-5.2.4.RELEASE.jar:5.2.4.RELEASE]
	at org.springframework.jdbc.support.AbstractFallbackSQLExceptionTranslator.translate(AbstractFallbackSQLExceptionTranslator.java:72) ~[spring-jdbc-5.2.4.RELEASE.jar:5.2.4.RELEASE]
	at org.mybatis.spring.MyBatisExceptionTranslator.translateExceptionIfPossible(MyBatisExceptionTranslator.java:73) ~[mybatis-spring-1.3.2.jar:1.3.2]
	at org.mybatis.spring.SqlSessionTemplate$SqlSessionInterceptor.invoke(SqlSessionTemplate.java:446) ~[mybatis-spring-1.3.2.jar:1.3.2]
	at com.sun.proxy.$Proxy114.selectList(Unknown Source) ~[?:?]
	at org.mybatis.spring.SqlSessionTemplate.selectList(SqlSessionTemplate.java:230) ~[mybatis-spring-1.3.2.jar:1.3.2]
	at com.baomidou.mybatisplus.core.override.PageMapperMethod.executeForMany(PageMapperMethod.java:173) ~[mybatis-plus-core-3.0.4.jar:?]
	at com.baomidou.mybatisplus.core.override.PageMapperMethod.execute(PageMapperMethod.java:86) ~[mybatis-plus-core-3.0.4.jar:?]
	at com.baomidou.mybatisplus.core.override.PageMapperProxy.invoke(PageMapperProxy.java:64) ~[mybatis-plus-core-3.0.4.jar:?]
	at com.sun.proxy.$Proxy128.selectBaseList(Unknown Source) ~[?:?]
	at com.project.demo.service.base.BaseService.selectToPage(BaseService.java:77) ~[classes/:?]
	at com.project.demo.service.base.BaseService$$FastClassBySpringCGLIB$$504c7e9.invoke(<generated>) ~[classes/:?]
	at org.springframework.cglib.proxy.MethodProxy.invoke(MethodProxy.java:218) ~[spring-core-5.2.4.RELEASE.jar:5.2.4.RELEASE]
	at org.springframework.aop.framework.CglibAopProxy$CglibMethodInvocation.invokeJoinpoint(CglibAopProxy.java:769) ~[spring-aop-5.2.4.RELEASE.jar:5.2.4.RELEASE]
	at org.springframework.aop.framework.ReflectiveMethodInvocation.proceed(ReflectiveMethodInvocation.java:163) ~[spring-aop-5.2.4.RELEASE.jar:5.2.4.RELEASE]
	at org.springframework.aop.framework.CglibAopProxy$CglibMethodInvocation.proceed(CglibAopProxy.java:747) ~[spring-aop-5.2.4.RELEASE.jar:5.2.4.RELEASE]
	at org.springframework.aop.interceptor.ExposeInvocationInterceptor.invoke(ExposeInvocationInterceptor.java:95) ~[spring-aop-5.2.4.RELEASE.jar:5.2.4.RELEASE]
	at org.springframework.aop.framework.ReflectiveMethodInvocation.proceed(ReflectiveMethodInvocation.java:186) ~[spring-aop-5.2.4.RELEASE.jar:5.2.4.RELEASE]
	at org.springframework.aop.framework.CglibAopProxy$CglibMethodInvocation.proceed(CglibAopProxy.java:747) ~[spring-aop-5.2.4.RELEASE.jar:5.2.4.RELEASE]
	at org.springframework.aop.framework.CglibAopProxy$DynamicAdvisedInterceptor.intercept(CglibAopProxy.java:689) ~[spring-aop-5.2.4.RELEASE.jar:5.2.4.RELEASE]
	at com.project.demo.service.RegisteredUserService$$EnhancerBySpringCGLIB$$bce5f465.selectToPage(<generated>) ~[classes/:?]
	at com.project.demo.controller.base.BaseController.getList(BaseController.java:76) ~[classes/:?]
	at com.project.demo.controller.base.BaseController$$FastClassBySpringCGLIB$$72c28101.invoke(<generated>) ~[classes/:?]
	at org.springframework.cglib.proxy.MethodProxy.invoke(MethodProxy.java:218) ~[spring-core-5.2.4.RELEASE.jar:5.2.4.RELEASE]
	at org.springframework.aop.framework.CglibAopProxy$DynamicAdvisedInterceptor.intercept(CglibAopProxy.java:685) ~[spring-aop-5.2.4.RELEASE.jar:5.2.4.RELEASE]
	at com.project.demo.controller.RegisteredUserController$$EnhancerBySpringCGLIB$$eaca57a7.getList(<generated>) ~[classes/:?]
	at sun.reflect.NativeMethodAccessorImpl.invoke0(Native Method) ~[?:1.8.0_461]
	at sun.reflect.NativeMethodAccessorImpl.invoke(NativeMethodAccessorImpl.java:62) ~[?:1.8.0_461]
	at sun.reflect.DelegatingMethodAccessorImpl.invoke(DelegatingMethodAccessorImpl.java:43) ~[?:1.8.0_461]
	at java.lang.reflect.Method.invoke(Method.java:498) ~[?:1.8.0_461]
	at org.springframework.web.method.support.InvocableHandlerMethod.doInvoke(InvocableHandlerMethod.java:190) ~[spring-web-5.2.4.RELEASE.jar:5.2.4.RELEASE]
	at org.springframework.web.method.support.InvocableHandlerMethod.invokeForRequest(InvocableHandlerMethod.java:138) ~[spring-web-5.2.4.RELEASE.jar:5.2.4.RELEASE]
	at org.springframework.web.servlet.mvc.method.annotation.ServletInvocableHandlerMethod.invokeAndHandle(ServletInvocableHandlerMethod.java:106) ~[spring-webmvc-5.2.4.RELEASE.jar:5.2.4.RELEASE]
	at org.springframework.web.servlet.mvc.method.annotation.RequestMappingHandlerAdapter.invokeHandlerMethod(RequestMappingHandlerAdapter.java:879) ~[spring-webmvc-5.2.4.RELEASE.jar:5.2.4.RELEASE]
	at org.springframework.web.servlet.mvc.method.annotation.RequestMappingHandlerAdapter.handleInternal(RequestMappingHandlerAdapter.java:793) ~[spring-webmvc-5.2.4.RELEASE.jar:5.2.4.RELEASE]
	at org.springframework.web.servlet.mvc.method.AbstractHandlerMethodAdapter.handle(AbstractHandlerMethodAdapter.java:87) ~[spring-webmvc-5.2.4.RELEASE.jar:5.2.4.RELEASE]
	at org.springframework.web.servlet.DispatcherServlet.doDispatch(DispatcherServlet.java:1040) [spring-webmvc-5.2.4.RELEASE.jar:5.2.4.RELEASE]
	at org.springframework.web.servlet.DispatcherServlet.doService(DispatcherServlet.java:943) [spring-webmvc-5.2.4.RELEASE.jar:5.2.4.RELEASE]
	at org.springframework.web.servlet.FrameworkServlet.processRequest(FrameworkServlet.java:1006) [spring-webmvc-5.2.4.RELEASE.jar:5.2.4.RELEASE]
	at org.springframework.web.servlet.FrameworkServlet.doGet(FrameworkServlet.java:898) [spring-webmvc-5.2.4.RELEASE.jar:5.2.4.RELEASE]
	at javax.servlet.http.HttpServlet.service(HttpServlet.java:634) [tomcat-embed-core-9.0.31.jar:9.0.31]
	at org.springframework.web.servlet.FrameworkServlet.service(FrameworkServlet.java:883) [spring-webmvc-5.2.4.RELEASE.jar:5.2.4.RELEASE]
	at javax.servlet.http.HttpServlet.service(HttpServlet.java:741) [tomcat-embed-core-9.0.31.jar:9.0.31]
	at org.apache.catalina.core.ApplicationFilterChain.internalDoFilter(ApplicationFilterChain.java:231) [tomcat-embed-core-9.0.31.jar:9.0.31]
	at org.apache.catalina.core.ApplicationFilterChain.doFilter(ApplicationFilterChain.java:166) [tomcat-embed-core-9.0.31.jar:9.0.31]
	at org.apache.tomcat.websocket.server.WsFilter.doFilter(WsFilter.java:53) [tomcat-embed-websocket-9.0.31.jar:9.0.31]
	at org.apache.catalina.core.ApplicationFilterChain.internalDoFilter(ApplicationFilterChain.java:193) [tomcat-embed-core-9.0.31.jar:9.0.31]
	at org.apache.catalina.core.ApplicationFilterChain.doFilter(ApplicationFilterChain.java:166) [tomcat-embed-core-9.0.31.jar:9.0.31]
	at org.springframework.web.filter.RequestContextFilter.doFilterInternal(RequestContextFilter.java:100) [spring-web-5.2.4.RELEASE.jar:5.2.4.RELEASE]
	at org.springframework.web.filter.OncePerRequestFilter.doFilter(OncePerRequestFilter.java:119) [spring-web-5.2.4.RELEASE.jar:5.2.4.RELEASE]
	at org.apache.catalina.core.ApplicationFilterChain.internalDoFilter(ApplicationFilterChain.java:193) [tomcat-embed-core-9.0.31.jar:9.0.31]
	at org.apache.catalina.core.ApplicationFilterChain.doFilter(ApplicationFilterChain.java:166) [tomcat-embed-core-9.0.31.jar:9.0.31]
	at org.springframework.web.filter.FormContentFilter.doFilterInternal(FormContentFilter.java:93) [spring-web-5.2.4.RELEASE.jar:5.2.4.RELEASE]
	at org.springframework.web.filter.OncePerRequestFilter.doFilter(OncePerRequestFilter.java:119) [spring-web-5.2.4.RELEASE.jar:5.2.4.RELEASE]
	at org.apache.catalina.core.ApplicationFilterChain.internalDoFilter(ApplicationFilterChain.java:193) [tomcat-embed-core-9.0.31.jar:9.0.31]
	at org.apache.catalina.core.ApplicationFilterChain.doFilter(ApplicationFilterChain.java:166) [tomcat-embed-core-9.0.31.jar:9.0.31]
	at org.springframework.web.filter.CharacterEncodingFilter.doFilterInternal(CharacterEncodingFilter.java:201) [spring-web-5.2.4.RELEASE.jar:5.2.4.RELEASE]
	at org.springframework.web.filter.OncePerRequestFilter.doFilter(OncePerRequestFilter.java:119) [spring-web-5.2.4.RELEASE.jar:5.2.4.RELEASE]
	at org.apache.catalina.core.ApplicationFilterChain.internalDoFilter(ApplicationFilterChain.java:193) [tomcat-embed-core-9.0.31.jar:9.0.31]
	at org.apache.catalina.core.ApplicationFilterChain.doFilter(ApplicationFilterChain.java:166) [tomcat-embed-core-9.0.31.jar:9.0.31]
	at org.apache.catalina.core.StandardWrapperValve.invoke(StandardWrapperValve.java:202) [tomcat-embed-core-9.0.31.jar:9.0.31]
	at org.apache.catalina.core.StandardContextValve.invoke(StandardContextValve.java:96) [tomcat-embed-core-9.0.31.jar:9.0.31]
	at org.apache.catalina.authenticator.AuthenticatorBase.invoke(AuthenticatorBase.java:541) [tomcat-embed-core-9.0.31.jar:9.0.31]
	at org.apache.catalina.core.StandardHostValve.invoke(StandardHostValve.java:139) [tomcat-embed-core-9.0.31.jar:9.0.31]
	at org.apache.catalina.valves.ErrorReportValve.invoke(ErrorReportValve.java:92) [tomcat-embed-core-9.0.31.jar:9.0.31]
	at org.apache.catalina.core.StandardEngineValve.invoke(StandardEngineValve.java:74) [tomcat-embed-core-9.0.31.jar:9.0.31]
	at org.apache.catalina.connector.CoyoteAdapter.service(CoyoteAdapter.java:343) [tomcat-embed-core-9.0.31.jar:9.0.31]
	at org.apache.coyote.http11.Http11Processor.service(Http11Processor.java:367) [tomcat-embed-core-9.0.31.jar:9.0.31]
	at org.apache.coyote.AbstractProcessorLight.process(AbstractProcessorLight.java:65) [tomcat-embed-core-9.0.31.jar:9.0.31]
	at org.apache.coyote.AbstractProtocol$ConnectionHandler.process(AbstractProtocol.java:868) [tomcat-embed-core-9.0.31.jar:9.0.31]
	at org.apache.tomcat.util.net.NioEndpoint$SocketProcessor.doRun(NioEndpoint.java:1639) [tomcat-embed-core-9.0.31.jar:9.0.31]
	at org.apache.tomcat.util.net.SocketProcessorBase.run(SocketProcessorBase.java:49) [tomcat-embed-core-9.0.31.jar:9.0.31]
	at java.util.concurrent.ThreadPoolExecutor.runWorker(ThreadPoolExecutor.java:1149) [?:1.8.0_461]
	at java.util.concurrent.ThreadPoolExecutor$Worker.run(ThreadPoolExecutor.java:624) [?:1.8.0_461]
	at org.apache.tomcat.util.threads.TaskThread$WrappingRunnable.run(TaskThread.java:61) [tomcat-embed-core-9.0.31.jar:9.0.31]
	at java.lang.Thread.run(Thread.java:750) [?:1.8.0_461]
Caused by: java.sql.SQLSyntaxErrorException: You have an error in your SQL syntax; check the manual that corresponds to your MySQL server version for the right syntax to use near 'by create_time desc  limit 0 , 7' at line 1
	at com.mysql.cj.jdbc.exceptions.SQLError.createSQLException(SQLError.java:118) ~[mysql-connector-java-8.0.11.jar:8.0.11]
	at com.mysql.cj.jdbc.exceptions.SQLError.createSQLException(SQLError.java:95) ~[mysql-connector-java-8.0.11.jar:8.0.11]
	at com.mysql.cj.jdbc.exceptions.SQLExceptionsMapping.translateException(SQLExceptionsMapping.java:122) ~[mysql-connector-java-8.0.11.jar:8.0.11]
	at com.mysql.cj.jdbc.ClientPreparedStatement.executeInternal(ClientPreparedStatement.java:960) ~[mysql-connector-java-8.0.11.jar:8.0.11]
	at com.mysql.cj.jdbc.ClientPreparedStatement.execute(ClientPreparedStatement.java:388) ~[mysql-connector-java-8.0.11.jar:8.0.11]
	at com.alibaba.druid.pool.DruidPooledPreparedStatement.execute(DruidPooledPreparedStatement.java:497) ~[druid-1.2.8.jar:1.2.8]
	at sun.reflect.GeneratedMethodAccessor82.invoke(Unknown Source) ~[?:?]
	at sun.reflect.DelegatingMethodAccessorImpl.invoke(DelegatingMethodAccessorImpl.java:43) ~[?:1.8.0_461]
	at java.lang.reflect.Method.invoke(Method.java:498) ~[?:1.8.0_461]
	at org.apache.ibatis.logging.jdbc.PreparedStatementLogger.invoke(PreparedStatementLogger.java:59) ~[mybatis-3.4.6.jar:3.4.6]
	at com.sun.proxy.$Proxy152.execute(Unknown Source) ~[?:?]
	at org.apache.ibatis.executor.statement.PreparedStatementHandler.query(PreparedStatementHandler.java:63) ~[mybatis-3.4.6.jar:3.4.6]
	at org.apache.ibatis.executor.statement.RoutingStatementHandler.query(RoutingStatementHandler.java:79) ~[mybatis-3.4.6.jar:3.4.6]
	at sun.reflect.GeneratedMethodAccessor89.invoke(Unknown Source) ~[?:?]
	at sun.reflect.DelegatingMethodAccessorImpl.invoke(DelegatingMethodAccessorImpl.java:43) ~[?:1.8.0_461]
	at java.lang.reflect.Method.invoke(Method.java:498) ~[?:1.8.0_461]
	at org.apache.ibatis.plugin.Plugin.invoke(Plugin.java:63) ~[mybatis-3.4.6.jar:3.4.6]
	at com.sun.proxy.$Proxy150.query(Unknown Source) ~[?:?]
	at org.apache.ibatis.executor.SimpleExecutor.doQuery(SimpleExecutor.java:63) ~[mybatis-3.4.6.jar:3.4.6]
	at org.apache.ibatis.executor.BaseExecutor.queryFromDatabase(BaseExecutor.java:326) ~[mybatis-3.4.6.jar:3.4.6]
	at org.apache.ibatis.executor.BaseExecutor.query(BaseExecutor.java:156) ~[mybatis-3.4.6.jar:3.4.6]
	at org.apache.ibatis.executor.CachingExecutor.query(CachingExecutor.java:109) ~[mybatis-3.4.6.jar:3.4.6]
	at org.apache.ibatis.executor.CachingExecutor.query(CachingExecutor.java:83) ~[mybatis-3.4.6.jar:3.4.6]
	at org.apache.ibatis.session.defaults.DefaultSqlSession.selectList(DefaultSqlSession.java:148) ~[mybatis-3.4.6.jar:3.4.6]
	at org.apache.ibatis.session.defaults.DefaultSqlSession.selectList(DefaultSqlSession.java:141) ~[mybatis-3.4.6.jar:3.4.6]
	at sun.reflect.GeneratedMethodAccessor97.invoke(Unknown Source) ~[?:?]
	at sun.reflect.DelegatingMethodAccessorImpl.invoke(DelegatingMethodAccessorImpl.java:43) ~[?:1.8.0_461]
	at java.lang.reflect.Method.invoke(Method.java:498) ~[?:1.8.0_461]
	at org.mybatis.spring.SqlSessionTemplate$SqlSessionInterceptor.invoke(SqlSessionTemplate.java:433) ~[mybatis-spring-1.3.2.jar:1.3.2]
	... 72 more
2026-05-04 22:11:41.298 [http-nio-5000-exec-7] ERROR com.project.demo.exception.GlobalExceptionHandler - 运行时异常: 
org.springframework.jdbc.BadSqlGrammarException: 
### Error querying database.  Cause: java.sql.SQLSyntaxErrorException: You have an error in your SQL syntax; check the manual that corresponds to your MySQL server version for the right syntax to use near 'by create_time desc  limit 0 , 7' at line 1
### The error may exist in file [/home/yuan/Desktop/bishe-main/target/classes/mapper/BaseMapper.xml]
### The error may involve defaultParameterMap
### The error occurred while setting parameters
### SQL: select * from `registered_user` WHERE is_delete = 0order by create_time desc  limit 0 , 7
### Cause: java.sql.SQLSyntaxErrorException: You have an error in your SQL syntax; check the manual that corresponds to your MySQL server version for the right syntax to use near 'by create_time desc  limit 0 , 7' at line 1
; bad SQL grammar []; nested exception is java.sql.SQLSyntaxErrorException: You have an error in your SQL syntax; check the manual that corresponds to your MySQL server version for the right syntax to use near 'by create_time desc  limit 0 , 7' at line 1
	at org.springframework.jdbc.support.SQLErrorCodeSQLExceptionTranslator.doTranslate(SQLErrorCodeSQLExceptionTranslator.java:235) ~[spring-jdbc-5.2.4.RELEASE.jar:5.2.4.RELEASE]
	at org.springframework.jdbc.support.AbstractFallbackSQLExceptionTranslator.translate(AbstractFallbackSQLExceptionTranslator.java:72) ~[spring-jdbc-5.2.4.RELEASE.jar:5.2.4.RELEASE]
	at org.mybatis.spring.MyBatisExceptionTranslator.translateExceptionIfPossible(MyBatisExceptionTranslator.java:73) ~[mybatis-spring-1.3.2.jar:1.3.2]
	at org.mybatis.spring.SqlSessionTemplate$SqlSessionInterceptor.invoke(SqlSessionTemplate.java:446) ~[mybatis-spring-1.3.2.jar:1.3.2]
	at com.sun.proxy.$Proxy114.selectList(Unknown Source) ~[?:?]
	at org.mybatis.spring.SqlSessionTemplate.selectList(SqlSessionTemplate.java:230) ~[mybatis-spring-1.3.2.jar:1.3.2]
	at com.baomidou.mybatisplus.core.override.PageMapperMethod.executeForMany(PageMapperMethod.java:173) ~[mybatis-plus-core-3.0.4.jar:?]
	at com.baomidou.mybatisplus.core.override.PageMapperMethod.execute(PageMapperMethod.java:86) ~[mybatis-plus-core-3.0.4.jar:?]
	at com.baomidou.mybatisplus.core.override.PageMapperProxy.invoke(PageMapperProxy.java:64) ~[mybatis-plus-core-3.0.4.jar:?]
	at com.sun.proxy.$Proxy128.selectBaseList(Unknown Source) ~[?:?]
	at com.project.demo.service.base.BaseService.selectToPage(BaseService.java:77) ~[classes/:?]
	at com.project.demo.service.base.BaseService$$FastClassBySpringCGLIB$$504c7e9.invoke(<generated>) ~[classes/:?]
	at org.springframework.cglib.proxy.MethodProxy.invoke(MethodProxy.java:218) ~[spring-core-5.2.4.RELEASE.jar:5.2.4.RELEASE]
	at org.springframework.aop.framework.CglibAopProxy$CglibMethodInvocation.invokeJoinpoint(CglibAopProxy.java:769) ~[spring-aop-5.2.4.RELEASE.jar:5.2.4.RELEASE]
	at org.springframework.aop.framework.ReflectiveMethodInvocation.proceed(ReflectiveMethodInvocation.java:163) ~[spring-aop-5.2.4.RELEASE.jar:5.2.4.RELEASE]
	at org.springframework.aop.framework.CglibAopProxy$CglibMethodInvocation.proceed(CglibAopProxy.java:747) ~[spring-aop-5.2.4.RELEASE.jar:5.2.4.RELEASE]
	at org.springframework.aop.interceptor.ExposeInvocationInterceptor.invoke(ExposeInvocationInterceptor.java:95) ~[spring-aop-5.2.4.RELEASE.jar:5.2.4.RELEASE]
	at org.springframework.aop.framework.ReflectiveMethodInvocation.proceed(ReflectiveMethodInvocation.java:186) ~[spring-aop-5.2.4.RELEASE.jar:5.2.4.RELEASE]
	at org.springframework.aop.framework.CglibAopProxy$CglibMethodInvocation.proceed(CglibAopProxy.java:747) ~[spring-aop-5.2.4.RELEASE.jar:5.2.4.RELEASE]
	at org.springframework.aop.framework.CglibAopProxy$DynamicAdvisedInterceptor.intercept(CglibAopProxy.java:689) ~[spring-aop-5.2.4.RELEASE.jar:5.2.4.RELEASE]
	at com.project.demo.service.RegisteredUserService$$EnhancerBySpringCGLIB$$bce5f465.selectToPage(<generated>) ~[classes/:?]
	at com.project.demo.controller.base.BaseController.getList(BaseController.java:76) ~[classes/:?]
	at com.project.demo.controller.base.BaseController$$FastClassBySpringCGLIB$$72c28101.invoke(<generated>) ~[classes/:?]
	at org.springframework.cglib.proxy.MethodProxy.invoke(MethodProxy.java:218) ~[spring-core-5.2.4.RELEASE.jar:5.2.4.RELEASE]
	at org.springframework.aop.framework.CglibAopProxy$DynamicAdvisedInterceptor.intercept(CglibAopProxy.java:685) ~[spring-aop-5.2.4.RELEASE.jar:5.2.4.RELEASE]
	at com.project.demo.controller.RegisteredUserController$$EnhancerBySpringCGLIB$$eaca57a7.getList(<generated>) ~[classes/:?]
	at sun.reflect.NativeMethodAccessorImpl.invoke0(Native Method) ~[?:1.8.0_461]
	at sun.reflect.NativeMethodAccessorImpl.invoke(NativeMethodAccessorImpl.java:62) ~[?:1.8.0_461]
	at sun.reflect.DelegatingMethodAccessorImpl.invoke(DelegatingMethodAccessorImpl.java:43) ~[?:1.8.0_461]
	at java.lang.reflect.Method.invoke(Method.java:498) ~[?:1.8.0_461]
	at org.springframework.web.method.support.InvocableHandlerMethod.doInvoke(InvocableHandlerMethod.java:190) ~[spring-web-5.2.4.RELEASE.jar:5.2.4.RELEASE]
	at org.springframework.web.method.support.InvocableHandlerMethod.invokeForRequest(InvocableHandlerMethod.java:138) ~[spring-web-5.2.4.RELEASE.jar:5.2.4.RELEASE]
	at org.springframework.web.servlet.mvc.method.annotation.ServletInvocableHandlerMethod.invokeAndHandle(ServletInvocableHandlerMethod.java:106) ~[spring-webmvc-5.2.4.RELEASE.jar:5.2.4.RELEASE]
	at org.springframework.web.servlet.mvc.method.annotation.RequestMappingHandlerAdapter.invokeHandlerMethod(RequestMappingHandlerAdapter.java:879) ~[spring-webmvc-5.2.4.RELEASE.jar:5.2.4.RELEASE]
	at org.springframework.web.servlet.mvc.method.annotation.RequestMappingHandlerAdapter.handleInternal(RequestMappingHandlerAdapter.java:793) ~[spring-webmvc-5.2.4.RELEASE.jar:5.2.4.RELEASE]
	at org.springframework.web.servlet.mvc.method.AbstractHandlerMethodAdapter.handle(AbstractHandlerMethodAdapter.java:87) ~[spring-webmvc-5.2.4.RELEASE.jar:5.2.4.RELEASE]
	at org.springframework.web.servlet.DispatcherServlet.doDispatch(DispatcherServlet.java:1040) [spring-webmvc-5.2.4.RELEASE.jar:5.2.4.RELEASE]
	at org.springframework.web.servlet.DispatcherServlet.doService(DispatcherServlet.java:943) [spring-webmvc-5.2.4.RELEASE.jar:5.2.4.RELEASE]
	at org.springframework.web.servlet.FrameworkServlet.processRequest(FrameworkServlet.java:1006) [spring-webmvc-5.2.4.RELEASE.jar:5.2.4.RELEASE]
	at org.springframework.web.servlet.FrameworkServlet.doGet(FrameworkServlet.java:898) [spring-webmvc-5.2.4.RELEASE.jar:5.2.4.RELEASE]
	at javax.servlet.http.HttpServlet.service(HttpServlet.java:634) [tomcat-embed-core-9.0.31.jar:9.0.31]
	at org.springframework.web.servlet.FrameworkServlet.service(FrameworkServlet.java:883) [spring-webmvc-5.2.4.RELEASE.jar:5.2.4.RELEASE]
	at javax.servlet.http.HttpServlet.service(HttpServlet.java:741) [tomcat-embed-core-9.0.31.jar:9.0.31]
	at org.apache.catalina.core.ApplicationFilterChain.internalDoFilter(ApplicationFilterChain.java:231) [tomcat-embed-core-9.0.31.jar:9.0.31]
	at org.apache.catalina.core.ApplicationFilterChain.doFilter(ApplicationFilterChain.java:166) [tomcat-embed-core-9.0.31.jar:9.0.31]
	at org.apache.tomcat.websocket.server.WsFilter.doFilter(WsFilter.java:53) [tomcat-embed-websocket-9.0.31.jar:9.0.31]
	at org.apache.catalina.core.ApplicationFilterChain.internalDoFilter(ApplicationFilterChain.java:193) [tomcat-embed-core-9.0.31.jar:9.0.31]
	at org.apache.catalina.core.ApplicationFilterChain.doFilter(ApplicationFilterChain.java:166) [tomcat-embed-core-9.0.31.jar:9.0.31]
	at org.springframework.web.filter.RequestContextFilter.doFilterInternal(RequestContextFilter.java:100) [spring-web-5.2.4.RELEASE.jar:5.2.4.RELEASE]
	at org.springframework.web.filter.OncePerRequestFilter.doFilter(OncePerRequestFilter.java:119) [spring-web-5.2.4.RELEASE.jar:5.2.4.RELEASE]
	at org.apache.catalina.core.ApplicationFilterChain.internalDoFilter(ApplicationFilterChain.java:193) [tomcat-embed-core-9.0.31.jar:9.0.31]
	at org.apache.catalina.core.ApplicationFilterChain.doFilter(ApplicationFilterChain.java:166) [tomcat-embed-core-9.0.31.jar:9.0.31]
	at org.springframework.web.filter.FormContentFilter.doFilterInternal(FormContentFilter.java:93) [spring-web-5.2.4.RELEASE.jar:5.2.4.RELEASE]
	at org.springframework.web.filter.OncePerRequestFilter.doFilter(OncePerRequestFilter.java:119) [spring-web-5.2.4.RELEASE.jar:5.2.4.RELEASE]
	at org.apache.catalina.core.ApplicationFilterChain.internalDoFilter(ApplicationFilterChain.java:193) [tomcat-embed-core-9.0.31.jar:9.0.31]
	at org.apache.catalina.core.ApplicationFilterChain.doFilter(ApplicationFilterChain.java:166) [tomcat-embed-core-9.0.31.jar:9.0.31]
	at org.springframework.web.filter.CharacterEncodingFilter.doFilterInternal(CharacterEncodingFilter.java:201) [spring-web-5.2.4.RELEASE.jar:5.2.4.RELEASE]
	at org.springframework.web.filter.OncePerRequestFilter.doFilter(OncePerRequestFilter.java:119) [spring-web-5.2.4.RELEASE.jar:5.2.4.RELEASE]
	at org.apache.catalina.core.ApplicationFilterChain.internalDoFilter(ApplicationFilterChain.java:193) [tomcat-embed-core-9.0.31.jar:9.0.31]
	at org.apache.catalina.core.ApplicationFilterChain.doFilter(ApplicationFilterChain.java:166) [tomcat-embed-core-9.0.31.jar:9.0.31]
	at org.apache.catalina.core.StandardWrapperValve.invoke(StandardWrapperValve.java:202) [tomcat-embed-core-9.0.31.jar:9.0.31]
	at org.apache.catalina.core.StandardContextValve.invoke(StandardContextValve.java:96) [tomcat-embed-core-9.0.31.jar:9.0.31]
	at org.apache.catalina.authenticator.AuthenticatorBase.invoke(AuthenticatorBase.java:541) [tomcat-embed-core-9.0.31.jar:9.0.31]
	at org.apache.catalina.core.StandardHostValve.invoke(StandardHostValve.java:139) [tomcat-embed-core-9.0.31.jar:9.0.31]
	at org.apache.catalina.valves.ErrorReportValve.invoke(ErrorReportValve.java:92) [tomcat-embed-core-9.0.31.jar:9.0.31]
	at org.apache.catalina.core.StandardEngineValve.invoke(StandardEngineValve.java:74) [tomcat-embed-core-9.0.31.jar:9.0.31]
	at org.apache.catalina.connector.CoyoteAdapter.service(CoyoteAdapter.java:343) [tomcat-embed-core-9.0.31.jar:9.0.31]
	at org.apache.coyote.http11.Http11Processor.service(Http11Processor.java:367) [tomcat-embed-core-9.0.31.jar:9.0.31]
	at org.apache.coyote.AbstractProcessorLight.process(AbstractProcessorLight.java:65) [tomcat-embed-core-9.0.31.jar:9.0.31]
	at org.apache.coyote.AbstractProtocol$ConnectionHandler.process(AbstractProtocol.java:868) [tomcat-embed-core-9.0.31.jar:9.0.31]
	at org.apache.tomcat.util.net.NioEndpoint$SocketProcessor.doRun(NioEndpoint.java:1639) [tomcat-embed-core-9.0.31.jar:9.0.31]
	at org.apache.tomcat.util.net.SocketProcessorBase.run(SocketProcessorBase.java:49) [tomcat-embed-core-9.0.31.jar:9.0.31]
	at java.util.concurrent.ThreadPoolExecutor.runWorker(ThreadPoolExecutor.java:1149) [?:1.8.0_461]
	at java.util.concurrent.ThreadPoolExecutor$Worker.run(ThreadPoolExecutor.java:624) [?:1.8.0_461]
	at org.apache.tomcat.util.threads.TaskThread$WrappingRunnable.run(TaskThread.java:61) [tomcat-embed-core-9.0.31.jar:9.0.31]
	at java.lang.Thread.run(Thread.java:750) [?:1.8.0_461]
Caused by: java.sql.SQLSyntaxErrorException: You have an error in your SQL syntax; check the manual that corresponds to your MySQL server version for the right syntax to use near 'by create_time desc  limit 0 , 7' at line 1
	at com.mysql.cj.jdbc.exceptions.SQLError.createSQLException(SQLError.java:118) ~[mysql-connector-java-8.0.11.jar:8.0.11]
	at com.mysql.cj.jdbc.exceptions.SQLError.createSQLException(SQLError.java:95) ~[mysql-connector-java-8.0.11.jar:8.0.11]
	at com.mysql.cj.jdbc.exceptions.SQLExceptionsMapping.translateException(SQLExceptionsMapping.java:122) ~[mysql-connector-java-8.0.11.jar:8.0.11]
	at com.mysql.cj.jdbc.ClientPreparedStatement.executeInternal(ClientPreparedStatement.java:960) ~[mysql-connector-java-8.0.11.jar:8.0.11]
	at com.mysql.cj.jdbc.ClientPreparedStatement.execute(ClientPreparedStatement.java:388) ~[mysql-connector-java-8.0.11.jar:8.0.11]
	at com.alibaba.druid.pool.DruidPooledPreparedStatement.execute(DruidPooledPreparedStatement.java:497) ~[druid-1.2.8.jar:1.2.8]
	at sun.reflect.GeneratedMethodAccessor82.invoke(Unknown Source) ~[?:?]
	at sun.reflect.DelegatingMethodAccessorImpl.invoke(DelegatingMethodAccessorImpl.java:43) ~[?:1.8.0_461]
	at java.lang.reflect.Method.invoke(Method.java:498) ~[?:1.8.0_461]
	at org.apache.ibatis.logging.jdbc.PreparedStatementLogger.invoke(PreparedStatementLogger.java:59) ~[mybatis-3.4.6.jar:3.4.6]
	at com.sun.proxy.$Proxy152.execute(Unknown Source) ~[?:?]
	at org.apache.ibatis.executor.statement.PreparedStatementHandler.query(PreparedStatementHandler.java:63) ~[mybatis-3.4.6.jar:3.4.6]
	at org.apache.ibatis.executor.statement.RoutingStatementHandler.query(RoutingStatementHandler.java:79) ~[mybatis-3.4.6.jar:3.4.6]
	at sun.reflect.GeneratedMethodAccessor89.invoke(Unknown Source) ~[?:?]
	at sun.reflect.DelegatingMethodAccessorImpl.invoke(DelegatingMethodAccessorImpl.java:43) ~[?:1.8.0_461]
	at java.lang.reflect.Method.invoke(Method.java:498) ~[?:1.8.0_461]
	at org.apache.ibatis.plugin.Plugin.invoke(Plugin.java:63) ~[mybatis-3.4.6.jar:3.4.6]
	at com.sun.proxy.$Proxy150.query(Unknown Source) ~[?:?]
	at org.apache.ibatis.executor.SimpleExecutor.doQuery(SimpleExecutor.java:63) ~[mybatis-3.4.6.jar:3.4.6]
	at org.apache.ibatis.executor.BaseExecutor.queryFromDatabase(BaseExecutor.java:326) ~[mybatis-3.4.6.jar:3.4.6]
	at org.apache.ibatis.executor.BaseExecutor.query(BaseExecutor.java:156) ~[mybatis-3.4.6.jar:3.4.6]
	at org.apache.ibatis.executor.CachingExecutor.query(CachingExecutor.java:109) ~[mybatis-3.4.6.jar:3.4.6]
	at org.apache.ibatis.executor.CachingExecutor.query(CachingExecutor.java:83) ~[mybatis-3.4.6.jar:3.4.6]
	at org.apache.ibatis.session.defaults.DefaultSqlSession.selectList(DefaultSqlSession.java:148) ~[mybatis-3.4.6.jar:3.4.6]
	at org.apache.ibatis.session.defaults.DefaultSqlSession.selectList(DefaultSqlSession.java:141) ~[mybatis-3.4.6.jar:3.4.6]
	at sun.reflect.GeneratedMethodAccessor97.invoke(Unknown Source) ~[?:?]
	at sun.reflect.DelegatingMethodAccessorImpl.invoke(DelegatingMethodAccessorImpl.java:43) ~[?:1.8.0_461]
	at java.lang.reflect.Method.invoke(Method.java:498) ~[?:1.8.0_461]
	at org.mybatis.spring.SqlSessionTemplate$SqlSessionInterceptor.invoke(SqlSessionTemplate.java:433) ~[mybatis-spring-1.3.2.jar:1.3.2]
	... 72 more
2026-05-04 22:11:41.771 [http-nio-5000-exec-4] ERROR com.project.demo.exception.GlobalExceptionHandler - 运行时异常: 
org.springframework.jdbc.BadSqlGrammarException: 
### Error querying database.  Cause: java.sql.SQLSyntaxErrorException: You have an error in your SQL syntax; check the manual that corresponds to your MySQL server version for the right syntax to use near 'by create_time desc  limit 0 , 10' at line 1
### The error may exist in file [/home/yuan/Desktop/bishe-main/target/classes/mapper/BaseMapper.xml]
### The error may involve defaultParameterMap
### The error occurred while setting parameters
### SQL: select * from `user` WHERE `user_group` LIKE '%管理员%'  AND is_delete = 0order by create_time desc  limit 0 , 10
### Cause: java.sql.SQLSyntaxErrorException: You have an error in your SQL syntax; check the manual that corresponds to your MySQL server version for the right syntax to use near 'by create_time desc  limit 0 , 10' at line 1
; bad SQL grammar []; nested exception is java.sql.SQLSyntaxErrorException: You have an error in your SQL syntax; check the manual that corresponds to your MySQL server version for the right syntax to use near 'by create_time desc  limit 0 , 10' at line 1
	at org.springframework.jdbc.support.SQLErrorCodeSQLExceptionTranslator.doTranslate(SQLErrorCodeSQLExceptionTranslator.java:235) ~[spring-jdbc-5.2.4.RELEASE.jar:5.2.4.RELEASE]
	at org.springframework.jdbc.support.AbstractFallbackSQLExceptionTranslator.translate(AbstractFallbackSQLExceptionTranslator.java:72) ~[spring-jdbc-5.2.4.RELEASE.jar:5.2.4.RELEASE]
	at org.mybatis.spring.MyBatisExceptionTranslator.translateExceptionIfPossible(MyBatisExceptionTranslator.java:73) ~[mybatis-spring-1.3.2.jar:1.3.2]
	at org.mybatis.spring.SqlSessionTemplate$SqlSessionInterceptor.invoke(SqlSessionTemplate.java:446) ~[mybatis-spring-1.3.2.jar:1.3.2]
	at com.sun.proxy.$Proxy114.selectList(Unknown Source) ~[?:?]
	at org.mybatis.spring.SqlSessionTemplate.selectList(SqlSessionTemplate.java:230) ~[mybatis-spring-1.3.2.jar:1.3.2]
	at com.baomidou.mybatisplus.core.override.PageMapperMethod.executeForMany(PageMapperMethod.java:173) ~[mybatis-plus-core-3.0.4.jar:?]
	at com.baomidou.mybatisplus.core.override.PageMapperMethod.execute(PageMapperMethod.java:86) ~[mybatis-plus-core-3.0.4.jar:?]
	at com.baomidou.mybatisplus.core.override.PageMapperProxy.invoke(PageMapperProxy.java:64) ~[mybatis-plus-core-3.0.4.jar:?]
	at com.sun.proxy.$Proxy132.selectBaseList(Unknown Source) ~[?:?]
	at com.project.demo.service.base.BaseService.selectToPage(BaseService.java:77) ~[classes/:?]
	at com.project.demo.service.base.BaseService$$FastClassBySpringCGLIB$$504c7e9.invoke(<generated>) ~[classes/:?]
	at org.springframework.cglib.proxy.MethodProxy.invoke(MethodProxy.java:218) ~[spring-core-5.2.4.RELEASE.jar:5.2.4.RELEASE]
	at org.springframework.aop.framework.CglibAopProxy$CglibMethodInvocation.invokeJoinpoint(CglibAopProxy.java:769) ~[spring-aop-5.2.4.RELEASE.jar:5.2.4.RELEASE]
	at org.springframework.aop.framework.ReflectiveMethodInvocation.proceed(ReflectiveMethodInvocation.java:163) ~[spring-aop-5.2.4.RELEASE.jar:5.2.4.RELEASE]
	at org.springframework.aop.framework.CglibAopProxy$CglibMethodInvocation.proceed(CglibAopProxy.java:747) ~[spring-aop-5.2.4.RELEASE.jar:5.2.4.RELEASE]
	at org.springframework.aop.interceptor.ExposeInvocationInterceptor.invoke(ExposeInvocationInterceptor.java:95) ~[spring-aop-5.2.4.RELEASE.jar:5.2.4.RELEASE]
	at org.springframework.aop.framework.ReflectiveMethodInvocation.proceed(ReflectiveMethodInvocation.java:186) ~[spring-aop-5.2.4.RELEASE.jar:5.2.4.RELEASE]
	at org.springframework.aop.framework.CglibAopProxy$CglibMethodInvocation.proceed(CglibAopProxy.java:747) ~[spring-aop-5.2.4.RELEASE.jar:5.2.4.RELEASE]
	at org.springframework.aop.framework.CglibAopProxy$DynamicAdvisedInterceptor.intercept(CglibAopProxy.java:689) ~[spring-aop-5.2.4.RELEASE.jar:5.2.4.RELEASE]
	at com.project.demo.service.UserService$$EnhancerBySpringCGLIB$$baf85dcb.selectToPage(<generated>) ~[classes/:?]
	at com.project.demo.controller.base.BaseController.getList(BaseController.java:76) ~[classes/:?]
	at com.project.demo.controller.base.BaseController$$FastClassBySpringCGLIB$$72c28101.invoke(<generated>) ~[classes/:?]
	at org.springframework.cglib.proxy.MethodProxy.invoke(MethodProxy.java:218) ~[spring-core-5.2.4.RELEASE.jar:5.2.4.RELEASE]
	at org.springframework.aop.framework.CglibAopProxy$DynamicAdvisedInterceptor.intercept(CglibAopProxy.java:685) ~[spring-aop-5.2.4.RELEASE.jar:5.2.4.RELEASE]
	at com.project.demo.controller.UserController$$EnhancerBySpringCGLIB$$fdacaac1.getList(<generated>) ~[classes/:?]
	at sun.reflect.GeneratedMethodAccessor99.invoke(Unknown Source) ~[?:?]
	at sun.reflect.DelegatingMethodAccessorImpl.invoke(DelegatingMethodAccessorImpl.java:43) ~[?:1.8.0_461]
	at java.lang.reflect.Method.invoke(Method.java:498) ~[?:1.8.0_461]
	at org.springframework.web.method.support.InvocableHandlerMethod.doInvoke(InvocableHandlerMethod.java:190) ~[spring-web-5.2.4.RELEASE.jar:5.2.4.RELEASE]
	at org.springframework.web.method.support.InvocableHandlerMethod.invokeForRequest(InvocableHandlerMethod.java:138) ~[spring-web-5.2.4.RELEASE.jar:5.2.4.RELEASE]
	at org.springframework.web.servlet.mvc.method.annotation.ServletInvocableHandlerMethod.invokeAndHandle(ServletInvocableHandlerMethod.java:106) ~[spring-webmvc-5.2.4.RELEASE.jar:5.2.4.RELEASE]
	at org.springframework.web.servlet.mvc.method.annotation.RequestMappingHandlerAdapter.invokeHandlerMethod(RequestMappingHandlerAdapter.java:879) ~[spring-webmvc-5.2.4.RELEASE.jar:5.2.4.RELEASE]
	at org.springframework.web.servlet.mvc.method.annotation.RequestMappingHandlerAdapter.handleInternal(RequestMappingHandlerAdapter.java:793) ~[spring-webmvc-5.2.4.RELEASE.jar:5.2.4.RELEASE]
	at org.springframework.web.servlet.mvc.method.AbstractHandlerMethodAdapter.handle(AbstractHandlerMethodAdapter.java:87) ~[spring-webmvc-5.2.4.RELEASE.jar:5.2.4.RELEASE]
	at org.springframework.web.servlet.DispatcherServlet.doDispatch(DispatcherServlet.java:1040) [spring-webmvc-5.2.4.RELEASE.jar:5.2.4.RELEASE]
	at org.springframework.web.servlet.DispatcherServlet.doService(DispatcherServlet.java:943) [spring-webmvc-5.2.4.RELEASE.jar:5.2.4.RELEASE]
	at org.springframework.web.servlet.FrameworkServlet.processRequest(FrameworkServlet.java:1006) [spring-webmvc-5.2.4.RELEASE.jar:5.2.4.RELEASE]
	at org.springframework.web.servlet.FrameworkServlet.doGet(FrameworkServlet.java:898) [spring-webmvc-5.2.4.RELEASE.jar:5.2.4.RELEASE]
	at javax.servlet.http.HttpServlet.service(HttpServlet.java:634) [tomcat-embed-core-9.0.31.jar:9.0.31]
	at org.springframework.web.servlet.FrameworkServlet.service(FrameworkServlet.java:883) [spring-webmvc-5.2.4.RELEASE.jar:5.2.4.RELEASE]
	at javax.servlet.http.HttpServlet.service(HttpServlet.java:741) [tomcat-embed-core-9.0.31.jar:9.0.31]
	at org.apache.catalina.core.ApplicationFilterChain.internalDoFilter(ApplicationFilterChain.java:231) [tomcat-embed-core-9.0.31.jar:9.0.31]
	at org.apache.catalina.core.ApplicationFilterChain.doFilter(ApplicationFilterChain.java:166) [tomcat-embed-core-9.0.31.jar:9.0.31]
	at org.apache.tomcat.websocket.server.WsFilter.doFilter(WsFilter.java:53) [tomcat-embed-websocket-9.0.31.jar:9.0.31]
	at org.apache.catalina.core.ApplicationFilterChain.internalDoFilter(ApplicationFilterChain.java:193) [tomcat-embed-core-9.0.31.jar:9.0.31]
	at org.apache.catalina.core.ApplicationFilterChain.doFilter(ApplicationFilterChain.java:166) [tomcat-embed-core-9.0.31.jar:9.0.31]
	at org.springframework.web.filter.RequestContextFilter.doFilterInternal(RequestContextFilter.java:100) [spring-web-5.2.4.RELEASE.jar:5.2.4.RELEASE]
	at org.springframework.web.filter.OncePerRequestFilter.doFilter(OncePerRequestFilter.java:119) [spring-web-5.2.4.RELEASE.jar:5.2.4.RELEASE]
	at org.apache.catalina.core.ApplicationFilterChain.internalDoFilter(ApplicationFilterChain.java:193) [tomcat-embed-core-9.0.31.jar:9.0.31]
	at org.apache.catalina.core.ApplicationFilterChain.doFilter(ApplicationFilterChain.java:166) [tomcat-embed-core-9.0.31.jar:9.0.31]
	at org.springframework.web.filter.FormContentFilter.doFilterInternal(FormContentFilter.java:93) [spring-web-5.2.4.RELEASE.jar:5.2.4.RELEASE]
	at org.springframework.web.filter.OncePerRequestFilter.doFilter(OncePerRequestFilter.java:119) [spring-web-5.2.4.RELEASE.jar:5.2.4.RELEASE]
	at org.apache.catalina.core.ApplicationFilterChain.internalDoFilter(ApplicationFilterChain.java:193) [tomcat-embed-core-9.0.31.jar:9.0.31]
	at org.apache.catalina.core.ApplicationFilterChain.doFilter(ApplicationFilterChain.java:166) [tomcat-embed-core-9.0.31.jar:9.0.31]
	at org.springframework.web.filter.CharacterEncodingFilter.doFilterInternal(CharacterEncodingFilter.java:201) [spring-web-5.2.4.RELEASE.jar:5.2.4.RELEASE]
	at org.springframework.web.filter.OncePerRequestFilter.doFilter(OncePerRequestFilter.java:119) [spring-web-5.2.4.RELEASE.jar:5.2.4.RELEASE]
	at org.apache.catalina.core.ApplicationFilterChain.internalDoFilter(ApplicationFilterChain.java:193) [tomcat-embed-core-9.0.31.jar:9.0.31]
	at org.apache.catalina.core.ApplicationFilterChain.doFilter(ApplicationFilterChain.java:166) [tomcat-embed-core-9.0.31.jar:9.0.31]
	at org.apache.catalina.core.StandardWrapperValve.invoke(StandardWrapperValve.java:202) [tomcat-embed-core-9.0.31.jar:9.0.31]
	at org.apache.catalina.core.StandardContextValve.invoke(StandardContextValve.java:96) [tomcat-embed-core-9.0.31.jar:9.0.31]
	at org.apache.catalina.authenticator.AuthenticatorBase.invoke(AuthenticatorBase.java:541) [tomcat-embed-core-9.0.31.jar:9.0.31]
	at org.apache.catalina.core.StandardHostValve.invoke(StandardHostValve.java:139) [tomcat-embed-core-9.0.31.jar:9.0.31]
	at org.apache.catalina.valves.ErrorReportValve.invoke(ErrorReportValve.java:92) [tomcat-embed-core-9.0.31.jar:9.0.31]
	at org.apache.catalina.core.StandardEngineValve.invoke(StandardEngineValve.java:74) [tomcat-embed-core-9.0.31.jar:9.0.31]
	at org.apache.catalina.connector.CoyoteAdapter.service(CoyoteAdapter.java:343) [tomcat-embed-core-9.0.31.jar:9.0.31]
	at org.apache.coyote.http11.Http11Processor.service(Http11Processor.java:367) [tomcat-embed-core-9.0.31.jar:9.0.31]
	at org.apache.coyote.AbstractProcessorLight.process(AbstractProcessorLight.java:65) [tomcat-embed-core-9.0.31.jar:9.0.31]
	at org.apache.coyote.AbstractProtocol$ConnectionHandler.process(AbstractProtocol.java:868) [tomcat-embed-core-9.0.31.jar:9.0.31]
	at org.apache.tomcat.util.net.NioEndpoint$SocketProcessor.doRun(NioEndpoint.java:1639) [tomcat-embed-core-9.0.31.jar:9.0.31]
	at org.apache.tomcat.util.net.SocketProcessorBase.run(SocketProcessorBase.java:49) [tomcat-embed-core-9.0.31.jar:9.0.31]
	at java.util.concurrent.ThreadPoolExecutor.runWorker(ThreadPoolExecutor.java:1149) [?:1.8.0_461]
	at java.util.concurrent.ThreadPoolExecutor$Worker.run(ThreadPoolExecutor.java:624) [?:1.8.0_461]
	at org.apache.tomcat.util.threads.TaskThread$WrappingRunnable.run(TaskThread.java:61) [tomcat-embed-core-9.0.31.jar:9.0.31]
	at java.lang.Thread.run(Thread.java:750) [?:1.8.0_461]
Caused by: java.sql.SQLSyntaxErrorException: You have an error in your SQL syntax; check the manual that corresponds to your MySQL server version for the right syntax to use near 'by create_time desc  limit 0 , 10' at line 1
	at com.mysql.cj.jdbc.exceptions.SQLError.createSQLException(SQLError.java:118) ~[mysql-connector-java-8.0.11.jar:8.0.11]
	at com.mysql.cj.jdbc.exceptions.SQLError.createSQLException(SQLError.java:95) ~[mysql-connector-java-8.0.11.jar:8.0.11]
	at com.mysql.cj.jdbc.exceptions.SQLExceptionsMapping.translateException(SQLExceptionsMapping.java:122) ~[mysql-connector-java-8.0.11.jar:8.0.11]
	at com.mysql.cj.jdbc.ClientPreparedStatement.executeInternal(ClientPreparedStatement.java:960) ~[mysql-connector-java-8.0.11.jar:8.0.11]
	at com.mysql.cj.jdbc.ClientPreparedStatement.execute(ClientPreparedStatement.java:388) ~[mysql-connector-java-8.0.11.jar:8.0.11]
	at com.alibaba.druid.pool.DruidPooledPreparedStatement.execute(DruidPooledPreparedStatement.java:497) ~[druid-1.2.8.jar:1.2.8]
	at sun.reflect.GeneratedMethodAccessor82.invoke(Unknown Source) ~[?:?]
	at sun.reflect.DelegatingMethodAccessorImpl.invoke(DelegatingMethodAccessorImpl.java:43) ~[?:1.8.0_461]
	at java.lang.reflect.Method.invoke(Method.java:498) ~[?:1.8.0_461]
	at org.apache.ibatis.logging.jdbc.PreparedStatementLogger.invoke(PreparedStatementLogger.java:59) ~[mybatis-3.4.6.jar:3.4.6]
	at com.sun.proxy.$Proxy152.execute(Unknown Source) ~[?:?]
	at org.apache.ibatis.executor.statement.PreparedStatementHandler.query(PreparedStatementHandler.java:63) ~[mybatis-3.4.6.jar:3.4.6]
	at org.apache.ibatis.executor.statement.RoutingStatementHandler.query(RoutingStatementHandler.java:79) ~[mybatis-3.4.6.jar:3.4.6]
	at sun.reflect.GeneratedMethodAccessor89.invoke(Unknown Source) ~[?:?]
	at sun.reflect.DelegatingMethodAccessorImpl.invoke(DelegatingMethodAccessorImpl.java:43) ~[?:1.8.0_461]
	at java.lang.reflect.Method.invoke(Method.java:498) ~[?:1.8.0_461]
	at org.apache.ibatis.plugin.Plugin.invoke(Plugin.java:63) ~[mybatis-3.4.6.jar:3.4.6]
	at com.sun.proxy.$Proxy150.query(Unknown Source) ~[?:?]
	at org.apache.ibatis.executor.SimpleExecutor.doQuery(SimpleExecutor.java:63) ~[mybatis-3.4.6.jar:3.4.6]
	at org.apache.ibatis.executor.BaseExecutor.queryFromDatabase(BaseExecutor.java:326) ~[mybatis-3.4.6.jar:3.4.6]
	at org.apache.ibatis.executor.BaseExecutor.query(BaseExecutor.java:156) ~[mybatis-3.4.6.jar:3.4.6]
	at org.apache.ibatis.executor.CachingExecutor.query(CachingExecutor.java:109) ~[mybatis-3.4.6.jar:3.4.6]
	at org.apache.ibatis.executor.CachingExecutor.query(CachingExecutor.java:83) ~[mybatis-3.4.6.jar:3.4.6]
	at org.apache.ibatis.session.defaults.DefaultSqlSession.selectList(DefaultSqlSession.java:148) ~[mybatis-3.4.6.jar:3.4.6]
	at org.apache.ibatis.session.defaults.DefaultSqlSession.selectList(DefaultSqlSession.java:141) ~[mybatis-3.4.6.jar:3.4.6]
	at sun.reflect.GeneratedMethodAccessor97.invoke(Unknown Source) ~[?:?]
	at sun.reflect.DelegatingMethodAccessorImpl.invoke(DelegatingMethodAccessorImpl.java:43) ~[?:1.8.0_461]
	at java.lang.reflect.Method.invoke(Method.java:498) ~[?:1.8.0_461]
	at org.mybatis.spring.SqlSessionTemplate$SqlSessionInterceptor.invoke(SqlSessionTemplate.java:433) ~[mybatis-spring-1.3.2.jar:1.3.2]
	... 71 more
2026-05-04 22:11:42.467 [http-nio-5000-exec-10] ERROR com.project.demo.exception.GlobalExceptionHandler - 运行时异常: 
org.springframework.jdbc.BadSqlGrammarException: 
### Error querying database.  Cause: java.sql.SQLSyntaxErrorException: You have an error in your SQL syntax; check the manual that corresponds to your MySQL server version for the right syntax to use near 'by create_time desc  limit 0 , 7' at line 1
### The error may exist in file [/home/yuan/Desktop/bishe-main/target/classes/mapper/BaseMapper.xml]
### The error may involve defaultParameterMap
### The error occurred while setting parameters
### SQL: select * from `registered_user` WHERE is_delete = 0order by create_time desc  limit 0 , 7
### Cause: java.sql.SQLSyntaxErrorException: You have an error in your SQL syntax; check the manual that corresponds to your MySQL server version for the right syntax to use near 'by create_time desc  limit 0 , 7' at line 1
; bad SQL grammar []; nested exception is java.sql.SQLSyntaxErrorException: You have an error in your SQL syntax; check the manual that corresponds to your MySQL server version for the right syntax to use near 'by create_time desc  limit 0 , 7' at line 1
	at org.springframework.jdbc.support.SQLErrorCodeSQLExceptionTranslator.doTranslate(SQLErrorCodeSQLExceptionTranslator.java:235) ~[spring-jdbc-5.2.4.RELEASE.jar:5.2.4.RELEASE]
	at org.springframework.jdbc.support.AbstractFallbackSQLExceptionTranslator.translate(AbstractFallbackSQLExceptionTranslator.java:72) ~[spring-jdbc-5.2.4.RELEASE.jar:5.2.4.RELEASE]
	at org.mybatis.spring.MyBatisExceptionTranslator.translateExceptionIfPossible(MyBatisExceptionTranslator.java:73) ~[mybatis-spring-1.3.2.jar:1.3.2]
	at org.mybatis.spring.SqlSessionTemplate$SqlSessionInterceptor.invoke(SqlSessionTemplate.java:446) ~[mybatis-spring-1.3.2.jar:1.3.2]
	at com.sun.proxy.$Proxy114.selectList(Unknown Source) ~[?:?]
	at org.mybatis.spring.SqlSessionTemplate.selectList(SqlSessionTemplate.java:230) ~[mybatis-spring-1.3.2.jar:1.3.2]
	at com.baomidou.mybatisplus.core.override.PageMapperMethod.executeForMany(PageMapperMethod.java:173) ~[mybatis-plus-core-3.0.4.jar:?]
	at com.baomidou.mybatisplus.core.override.PageMapperMethod.execute(PageMapperMethod.java:86) ~[mybatis-plus-core-3.0.4.jar:?]
	at com.baomidou.mybatisplus.core.override.PageMapperProxy.invoke(PageMapperProxy.java:64) ~[mybatis-plus-core-3.0.4.jar:?]
	at com.sun.proxy.$Proxy128.selectBaseList(Unknown Source) ~[?:?]
	at com.project.demo.service.base.BaseService.selectToPage(BaseService.java:77) ~[classes/:?]
	at com.project.demo.service.base.BaseService$$FastClassBySpringCGLIB$$504c7e9.invoke(<generated>) ~[classes/:?]
	at org.springframework.cglib.proxy.MethodProxy.invoke(MethodProxy.java:218) ~[spring-core-5.2.4.RELEASE.jar:5.2.4.RELEASE]
	at org.springframework.aop.framework.CglibAopProxy$CglibMethodInvocation.invokeJoinpoint(CglibAopProxy.java:769) ~[spring-aop-5.2.4.RELEASE.jar:5.2.4.RELEASE]
	at org.springframework.aop.framework.ReflectiveMethodInvocation.proceed(ReflectiveMethodInvocation.java:163) ~[spring-aop-5.2.4.RELEASE.jar:5.2.4.RELEASE]
	at org.springframework.aop.framework.CglibAopProxy$CglibMethodInvocation.proceed(CglibAopProxy.java:747) ~[spring-aop-5.2.4.RELEASE.jar:5.2.4.RELEASE]
	at org.springframework.aop.interceptor.ExposeInvocationInterceptor.invoke(ExposeInvocationInterceptor.java:95) ~[spring-aop-5.2.4.RELEASE.jar:5.2.4.RELEASE]
	at org.springframework.aop.framework.ReflectiveMethodInvocation.proceed(ReflectiveMethodInvocation.java:186) ~[spring-aop-5.2.4.RELEASE.jar:5.2.4.RELEASE]
	at org.springframework.aop.framework.CglibAopProxy$CglibMethodInvocation.proceed(CglibAopProxy.java:747) ~[spring-aop-5.2.4.RELEASE.jar:5.2.4.RELEASE]
	at org.springframework.aop.framework.CglibAopProxy$DynamicAdvisedInterceptor.intercept(CglibAopProxy.java:689) ~[spring-aop-5.2.4.RELEASE.jar:5.2.4.RELEASE]
	at com.project.demo.service.RegisteredUserService$$EnhancerBySpringCGLIB$$bce5f465.selectToPage(<generated>) ~[classes/:?]
	at com.project.demo.controller.base.BaseController.getList(BaseController.java:76) ~[classes/:?]
	at com.project.demo.controller.base.BaseController$$FastClassBySpringCGLIB$$72c28101.invoke(<generated>) ~[classes/:?]
	at org.springframework.cglib.proxy.MethodProxy.invoke(MethodProxy.java:218) ~[spring-core-5.2.4.RELEASE.jar:5.2.4.RELEASE]
	at org.springframework.aop.framework.CglibAopProxy$DynamicAdvisedInterceptor.intercept(CglibAopProxy.java:685) ~[spring-aop-5.2.4.RELEASE.jar:5.2.4.RELEASE]
	at com.project.demo.controller.RegisteredUserController$$EnhancerBySpringCGLIB$$eaca57a7.getList(<generated>) ~[classes/:?]
	at sun.reflect.GeneratedMethodAccessor99.invoke(Unknown Source) ~[?:?]
	at sun.reflect.DelegatingMethodAccessorImpl.invoke(DelegatingMethodAccessorImpl.java:43) ~[?:1.8.0_461]
	at java.lang.reflect.Method.invoke(Method.java:498) ~[?:1.8.0_461]
	at org.springframework.web.method.support.InvocableHandlerMethod.doInvoke(InvocableHandlerMethod.java:190) ~[spring-web-5.2.4.RELEASE.jar:5.2.4.RELEASE]
	at org.springframework.web.method.support.InvocableHandlerMethod.invokeForRequest(InvocableHandlerMethod.java:138) ~[spring-web-5.2.4.RELEASE.jar:5.2.4.RELEASE]
	at org.springframework.web.servlet.mvc.method.annotation.ServletInvocableHandlerMethod.invokeAndHandle(ServletInvocableHandlerMethod.java:106) ~[spring-webmvc-5.2.4.RELEASE.jar:5.2.4.RELEASE]
	at org.springframework.web.servlet.mvc.method.annotation.RequestMappingHandlerAdapter.invokeHandlerMethod(RequestMappingHandlerAdapter.java:879) ~[spring-webmvc-5.2.4.RELEASE.jar:5.2.4.RELEASE]
	at org.springframework.web.servlet.mvc.method.annotation.RequestMappingHandlerAdapter.handleInternal(RequestMappingHandlerAdapter.java:793) ~[spring-webmvc-5.2.4.RELEASE.jar:5.2.4.RELEASE]
	at org.springframework.web.servlet.mvc.method.AbstractHandlerMethodAdapter.handle(AbstractHandlerMethodAdapter.java:87) ~[spring-webmvc-5.2.4.RELEASE.jar:5.2.4.RELEASE]
	at org.springframework.web.servlet.DispatcherServlet.doDispatch(DispatcherServlet.java:1040) [spring-webmvc-5.2.4.RELEASE.jar:5.2.4.RELEASE]
	at org.springframework.web.servlet.DispatcherServlet.doService(DispatcherServlet.java:943) [spring-webmvc-5.2.4.RELEASE.jar:5.2.4.RELEASE]
	at org.springframework.web.servlet.FrameworkServlet.processRequest(FrameworkServlet.java:1006) [spring-webmvc-5.2.4.RELEASE.jar:5.2.4.RELEASE]
	at org.springframework.web.servlet.FrameworkServlet.doGet(FrameworkServlet.java:898) [spring-webmvc-5.2.4.RELEASE.jar:5.2.4.RELEASE]
	at javax.servlet.http.HttpServlet.service(HttpServlet.java:634) [tomcat-embed-core-9.0.31.jar:9.0.31]
	at org.springframework.web.servlet.FrameworkServlet.service(FrameworkServlet.java:883) [spring-webmvc-5.2.4.RELEASE.jar:5.2.4.RELEASE]
	at javax.servlet.http.HttpServlet.service(HttpServlet.java:741) [tomcat-embed-core-9.0.31.jar:9.0.31]
	at org.apache.catalina.core.ApplicationFilterChain.internalDoFilter(ApplicationFilterChain.java:231) [tomcat-embed-core-9.0.31.jar:9.0.31]
	at org.apache.catalina.core.ApplicationFilterChain.doFilter(ApplicationFilterChain.java:166) [tomcat-embed-core-9.0.31.jar:9.0.31]
	at org.apache.tomcat.websocket.server.WsFilter.doFilter(WsFilter.java:53) [tomcat-embed-websocket-9.0.31.jar:9.0.31]
	at org.apache.catalina.core.ApplicationFilterChain.internalDoFilter(ApplicationFilterChain.java:193) [tomcat-embed-core-9.0.31.jar:9.0.31]
	at org.apache.catalina.core.ApplicationFilterChain.doFilter(ApplicationFilterChain.java:166) [tomcat-embed-core-9.0.31.jar:9.0.31]
	at org.springframework.web.filter.RequestContextFilter.doFilterInternal(RequestContextFilter.java:100) [spring-web-5.2.4.RELEASE.jar:5.2.4.RELEASE]
	at org.springframework.web.filter.OncePerRequestFilter.doFilter(OncePerRequestFilter.java:119) [spring-web-5.2.4.RELEASE.jar:5.2.4.RELEASE]
	at org.apache.catalina.core.ApplicationFilterChain.internalDoFilter(ApplicationFilterChain.java:193) [tomcat-embed-core-9.0.31.jar:9.0.31]
	at org.apache.catalina.core.ApplicationFilterChain.doFilter(ApplicationFilterChain.java:166) [tomcat-embed-core-9.0.31.jar:9.0.31]
	at org.springframework.web.filter.FormContentFilter.doFilterInternal(FormContentFilter.java:93) [spring-web-5.2.4.RELEASE.jar:5.2.4.RELEASE]
	at org.springframework.web.filter.OncePerRequestFilter.doFilter(OncePerRequestFilter.java:119) [spring-web-5.2.4.RELEASE.jar:5.2.4.RELEASE]
	at org.apache.catalina.core.ApplicationFilterChain.internalDoFilter(ApplicationFilterChain.java:193) [tomcat-embed-core-9.0.31.jar:9.0.31]
	at org.apache.catalina.core.ApplicationFilterChain.doFilter(ApplicationFilterChain.java:166) [tomcat-embed-core-9.0.31.jar:9.0.31]
	at org.springframework.web.filter.CharacterEncodingFilter.doFilterInternal(CharacterEncodingFilter.java:201) [spring-web-5.2.4.RELEASE.jar:5.2.4.RELEASE]
	at org.springframework.web.filter.OncePerRequestFilter.doFilter(OncePerRequestFilter.java:119) [spring-web-5.2.4.RELEASE.jar:5.2.4.RELEASE]
	at org.apache.catalina.core.ApplicationFilterChain.internalDoFilter(ApplicationFilterChain.java:193) [tomcat-embed-core-9.0.31.jar:9.0.31]
	at org.apache.catalina.core.ApplicationFilterChain.doFilter(ApplicationFilterChain.java:166) [tomcat-embed-core-9.0.31.jar:9.0.31]
	at org.apache.catalina.core.StandardWrapperValve.invoke(StandardWrapperValve.java:202) [tomcat-embed-core-9.0.31.jar:9.0.31]
	at org.apache.catalina.core.StandardContextValve.invoke(StandardContextValve.java:96) [tomcat-embed-core-9.0.31.jar:9.0.31]
	at org.apache.catalina.authenticator.AuthenticatorBase.invoke(AuthenticatorBase.java:541) [tomcat-embed-core-9.0.31.jar:9.0.31]
	at org.apache.catalina.core.StandardHostValve.invoke(StandardHostValve.java:139) [tomcat-embed-core-9.0.31.jar:9.0.31]
	at org.apache.catalina.valves.ErrorReportValve.invoke(ErrorReportValve.java:92) [tomcat-embed-core-9.0.31.jar:9.0.31]
	at org.apache.catalina.core.StandardEngineValve.invoke(StandardEngineValve.java:74) [tomcat-embed-core-9.0.31.jar:9.0.31]
	at org.apache.catalina.connector.CoyoteAdapter.service(CoyoteAdapter.java:343) [tomcat-embed-core-9.0.31.jar:9.0.31]
	at org.apache.coyote.http11.Http11Processor.service(Http11Processor.java:367) [tomcat-embed-core-9.0.31.jar:9.0.31]
	at org.apache.coyote.AbstractProcessorLight.process(AbstractProcessorLight.java:65) [tomcat-embed-core-9.0.31.jar:9.0.31]
	at org.apache.coyote.AbstractProtocol$ConnectionHandler.process(AbstractProtocol.java:868) [tomcat-embed-core-9.0.31.jar:9.0.31]
	at org.apache.tomcat.util.net.NioEndpoint$SocketProcessor.doRun(NioEndpoint.java:1639) [tomcat-embed-core-9.0.31.jar:9.0.31]
	at org.apache.tomcat.util.net.SocketProcessorBase.run(SocketProcessorBase.java:49) [tomcat-embed-core-9.0.31.jar:9.0.31]
	at java.util.concurrent.ThreadPoolExecutor.runWorker(ThreadPoolExecutor.java:1149) [?:1.8.0_461]
	at java.util.concurrent.ThreadPoolExecutor$Worker.run(ThreadPoolExecutor.java:624) [?:1.8.0_461]
	at org.apache.tomcat.util.threads.TaskThread$WrappingRunnable.run(TaskThread.java:61) [tomcat-embed-core-9.0.31.jar:9.0.31]
	at java.lang.Thread.run(Thread.java:750) [?:1.8.0_461]
Caused by: java.sql.SQLSyntaxErrorException: You have an error in your SQL syntax; check the manual that corresponds to your MySQL server version for the right syntax to use near 'by create_time desc  limit 0 , 7' at line 1
	at com.mysql.cj.jdbc.exceptions.SQLError.createSQLException(SQLError.java:118) ~[mysql-connector-java-8.0.11.jar:8.0.11]
	at com.mysql.cj.jdbc.exceptions.SQLError.createSQLException(SQLError.java:95) ~[mysql-connector-java-8.0.11.jar:8.0.11]
	at com.mysql.cj.jdbc.exceptions.SQLExceptionsMapping.translateException(SQLExceptionsMapping.java:122) ~[mysql-connector-java-8.0.11.jar:8.0.11]
	at com.mysql.cj.jdbc.ClientPreparedStatement.executeInternal(ClientPreparedStatement.java:960) ~[mysql-connector-java-8.0.11.jar:8.0.11]
	at com.mysql.cj.jdbc.ClientPreparedStatement.execute(ClientPreparedStatement.java:388) ~[mysql-connector-java-8.0.11.jar:8.0.11]
	at com.alibaba.druid.pool.DruidPooledPreparedStatement.execute(DruidPooledPreparedStatement.java:497) ~[druid-1.2.8.jar:1.2.8]
	at sun.reflect.GeneratedMethodAccessor82.invoke(Unknown Source) ~[?:?]
	at sun.reflect.DelegatingMethodAccessorImpl.invoke(DelegatingMethodAccessorImpl.java:43) ~[?:1.8.0_461]
	at java.lang.reflect.Method.invoke(Method.java:498) ~[?:1.8.0_461]
	at org.apache.ibatis.logging.jdbc.PreparedStatementLogger.invoke(PreparedStatementLogger.java:59) ~[mybatis-3.4.6.jar:3.4.6]
	at com.sun.proxy.$Proxy152.execute(Unknown Source) ~[?:?]
	at org.apache.ibatis.executor.statement.PreparedStatementHandler.query(PreparedStatementHandler.java:63) ~[mybatis-3.4.6.jar:3.4.6]
	at org.apache.ibatis.executor.statement.RoutingStatementHandler.query(RoutingStatementHandler.java:79) ~[mybatis-3.4.6.jar:3.4.6]
	at sun.reflect.GeneratedMethodAccessor89.invoke(Unknown Source) ~[?:?]
	at sun.reflect.DelegatingMethodAccessorImpl.invoke(DelegatingMethodAccessorImpl.java:43) ~[?:1.8.0_461]
	at java.lang.reflect.Method.invoke(Method.java:498) ~[?:1.8.0_461]
	at org.apache.ibatis.plugin.Plugin.invoke(Plugin.java:63) ~[mybatis-3.4.6.jar:3.4.6]
	at com.sun.proxy.$Proxy150.query(Unknown Source) ~[?:?]
	at org.apache.ibatis.executor.SimpleExecutor.doQuery(SimpleExecutor.java:63) ~[mybatis-3.4.6.jar:3.4.6]
	at org.apache.ibatis.executor.BaseExecutor.queryFromDatabase(BaseExecutor.java:326) ~[mybatis-3.4.6.jar:3.4.6]
	at org.apache.ibatis.executor.BaseExecutor.query(BaseExecutor.java:156) ~[mybatis-3.4.6.jar:3.4.6]
	at org.apache.ibatis.executor.CachingExecutor.query(CachingExecutor.java:109) ~[mybatis-3.4.6.jar:3.4.6]
	at org.apache.ibatis.executor.CachingExecutor.query(CachingExecutor.java:83) ~[mybatis-3.4.6.jar:3.4.6]
	at org.apache.ibatis.session.defaults.DefaultSqlSession.selectList(DefaultSqlSession.java:148) ~[mybatis-3.4.6.jar:3.4.6]
	at org.apache.ibatis.session.defaults.DefaultSqlSession.selectList(DefaultSqlSession.java:141) ~[mybatis-3.4.6.jar:3.4.6]
	at sun.reflect.GeneratedMethodAccessor97.invoke(Unknown Source) ~[?:?]
	at sun.reflect.DelegatingMethodAccessorImpl.invoke(DelegatingMethodAccessorImpl.java:43) ~[?:1.8.0_461]
	at java.lang.reflect.Method.invoke(Method.java:498) ~[?:1.8.0_461]
	at org.mybatis.spring.SqlSessionTemplate$SqlSessionInterceptor.invoke(SqlSessionTemplate.java:433) ~[mybatis-spring-1.3.2.jar:1.3.2]
	... 71 more
2026-05-04 22:11:43.451 [http-nio-5000-exec-6] ERROR com.project.demo.exception.GlobalExceptionHandler - 运行时异常: 
org.springframework.jdbc.BadSqlGrammarException: 
### Error querying database.  Cause: java.sql.SQLSyntaxErrorException: You have an error in your SQL syntax; check the manual that corresponds to your MySQL server version for the right syntax to use near 'by create_time desc  limit 0 , 10' at line 1
### The error may exist in file [/home/yuan/Desktop/bishe-main/target/classes/mapper/BaseMapper.xml]
### The error may involve defaultParameterMap
### The error occurred while setting parameters
### SQL: select * from `user` WHERE `user_group` LIKE '%管理员%'  AND is_delete = 0order by create_time desc  limit 0 , 10
### Cause: java.sql.SQLSyntaxErrorException: You have an error in your SQL syntax; check the manual that corresponds to your MySQL server version for the right syntax to use near 'by create_time desc  limit 0 , 10' at line 1
; bad SQL grammar []; nested exception is java.sql.SQLSyntaxErrorException: You have an error in your SQL syntax; check the manual that corresponds to your MySQL server version for the right syntax to use near 'by create_time desc  limit 0 , 10' at line 1
	at org.springframework.jdbc.support.SQLErrorCodeSQLExceptionTranslator.doTranslate(SQLErrorCodeSQLExceptionTranslator.java:235) ~[spring-jdbc-5.2.4.RELEASE.jar:5.2.4.RELEASE]
	at org.springframework.jdbc.support.AbstractFallbackSQLExceptionTranslator.translate(AbstractFallbackSQLExceptionTranslator.java:72) ~[spring-jdbc-5.2.4.RELEASE.jar:5.2.4.RELEASE]
	at org.mybatis.spring.MyBatisExceptionTranslator.translateExceptionIfPossible(MyBatisExceptionTranslator.java:73) ~[mybatis-spring-1.3.2.jar:1.3.2]
	at org.mybatis.spring.SqlSessionTemplate$SqlSessionInterceptor.invoke(SqlSessionTemplate.java:446) ~[mybatis-spring-1.3.2.jar:1.3.2]
	at com.sun.proxy.$Proxy114.selectList(Unknown Source) ~[?:?]
	at org.mybatis.spring.SqlSessionTemplate.selectList(SqlSessionTemplate.java:230) ~[mybatis-spring-1.3.2.jar:1.3.2]
	at com.baomidou.mybatisplus.core.override.PageMapperMethod.executeForMany(PageMapperMethod.java:173) ~[mybatis-plus-core-3.0.4.jar:?]
	at com.baomidou.mybatisplus.core.override.PageMapperMethod.execute(PageMapperMethod.java:86) ~[mybatis-plus-core-3.0.4.jar:?]
	at com.baomidou.mybatisplus.core.override.PageMapperProxy.invoke(PageMapperProxy.java:64) ~[mybatis-plus-core-3.0.4.jar:?]
	at com.sun.proxy.$Proxy132.selectBaseList(Unknown Source) ~[?:?]
	at com.project.demo.service.base.BaseService.selectToPage(BaseService.java:77) ~[classes/:?]
	at com.project.demo.service.base.BaseService$$FastClassBySpringCGLIB$$504c7e9.invoke(<generated>) ~[classes/:?]
	at org.springframework.cglib.proxy.MethodProxy.invoke(MethodProxy.java:218) ~[spring-core-5.2.4.RELEASE.jar:5.2.4.RELEASE]
	at org.springframework.aop.framework.CglibAopProxy$CglibMethodInvocation.invokeJoinpoint(CglibAopProxy.java:769) ~[spring-aop-5.2.4.RELEASE.jar:5.2.4.RELEASE]
	at org.springframework.aop.framework.ReflectiveMethodInvocation.proceed(ReflectiveMethodInvocation.java:163) ~[spring-aop-5.2.4.RELEASE.jar:5.2.4.RELEASE]
	at org.springframework.aop.framework.CglibAopProxy$CglibMethodInvocation.proceed(CglibAopProxy.java:747) ~[spring-aop-5.2.4.RELEASE.jar:5.2.4.RELEASE]
	at org.springframework.aop.interceptor.ExposeInvocationInterceptor.invoke(ExposeInvocationInterceptor.java:95) ~[spring-aop-5.2.4.RELEASE.jar:5.2.4.RELEASE]
	at org.springframework.aop.framework.ReflectiveMethodInvocation.proceed(ReflectiveMethodInvocation.java:186) ~[spring-aop-5.2.4.RELEASE.jar:5.2.4.RELEASE]
	at org.springframework.aop.framework.CglibAopProxy$CglibMethodInvocation.proceed(CglibAopProxy.java:747) ~[spring-aop-5.2.4.RELEASE.jar:5.2.4.RELEASE]
	at org.springframework.aop.framework.CglibAopProxy$DynamicAdvisedInterceptor.intercept(CglibAopProxy.java:689) ~[spring-aop-5.2.4.RELEASE.jar:5.2.4.RELEASE]
	at com.project.demo.service.UserService$$EnhancerBySpringCGLIB$$baf85dcb.selectToPage(<generated>) ~[classes/:?]
	at com.project.demo.controller.base.BaseController.getList(BaseController.java:76) ~[classes/:?]
	at com.project.demo.controller.base.BaseController$$FastClassBySpringCGLIB$$72c28101.invoke(<generated>) ~[classes/:?]
	at org.springframework.cglib.proxy.MethodProxy.invoke(MethodProxy.java:218) ~[spring-core-5.2.4.RELEASE.jar:5.2.4.RELEASE]
	at org.springframework.aop.framework.CglibAopProxy$DynamicAdvisedInterceptor.intercept(CglibAopProxy.java:685) ~[spring-aop-5.2.4.RELEASE.jar:5.2.4.RELEASE]
	at com.project.demo.controller.UserController$$EnhancerBySpringCGLIB$$fdacaac1.getList(<generated>) ~[classes/:?]
	at sun.reflect.GeneratedMethodAccessor99.invoke(Unknown Source) ~[?:?]
	at sun.reflect.DelegatingMethodAccessorImpl.invoke(DelegatingMethodAccessorImpl.java:43) ~[?:1.8.0_461]
	at java.lang.reflect.Method.invoke(Method.java:498) ~[?:1.8.0_461]
	at org.springframework.web.method.support.InvocableHandlerMethod.doInvoke(InvocableHandlerMethod.java:190) ~[spring-web-5.2.4.RELEASE.jar:5.2.4.RELEASE]
	at org.springframework.web.method.support.InvocableHandlerMethod.invokeForRequest(InvocableHandlerMethod.java:138) ~[spring-web-5.2.4.RELEASE.jar:5.2.4.RELEASE]
	at org.springframework.web.servlet.mvc.method.annotation.ServletInvocableHandlerMethod.invokeAndHandle(ServletInvocableHandlerMethod.java:106) ~[spring-webmvc-5.2.4.RELEASE.jar:5.2.4.RELEASE]
	at org.springframework.web.servlet.mvc.method.annotation.RequestMappingHandlerAdapter.invokeHandlerMethod(RequestMappingHandlerAdapter.java:879) ~[spring-webmvc-5.2.4.RELEASE.jar:5.2.4.RELEASE]
	at org.springframework.web.servlet.mvc.method.annotation.RequestMappingHandlerAdapter.handleInternal(RequestMappingHandlerAdapter.java:793) ~[spring-webmvc-5.2.4.RELEASE.jar:5.2.4.RELEASE]
	at org.springframework.web.servlet.mvc.method.AbstractHandlerMethodAdapter.handle(AbstractHandlerMethodAdapter.java:87) ~[spring-webmvc-5.2.4.RELEASE.jar:5.2.4.RELEASE]
	at org.springframework.web.servlet.DispatcherServlet.doDispatch(DispatcherServlet.java:1040) [spring-webmvc-5.2.4.RELEASE.jar:5.2.4.RELEASE]
	at org.springframework.web.servlet.DispatcherServlet.doService(DispatcherServlet.java:943) [spring-webmvc-5.2.4.RELEASE.jar:5.2.4.RELEASE]
	at org.springframework.web.servlet.FrameworkServlet.processRequest(FrameworkServlet.java:1006) [spring-webmvc-5.2.4.RELEASE.jar:5.2.4.RELEASE]
	at org.springframework.web.servlet.FrameworkServlet.doGet(FrameworkServlet.java:898) [spring-webmvc-5.2.4.RELEASE.jar:5.2.4.RELEASE]
	at javax.servlet.http.HttpServlet.service(HttpServlet.java:634) [tomcat-embed-core-9.0.31.jar:9.0.31]
	at org.springframework.web.servlet.FrameworkServlet.service(FrameworkServlet.java:883) [spring-webmvc-5.2.4.RELEASE.jar:5.2.4.RELEASE]
	at javax.servlet.http.HttpServlet.service(HttpServlet.java:741) [tomcat-embed-core-9.0.31.jar:9.0.31]
	at org.apache.catalina.core.ApplicationFilterChain.internalDoFilter(ApplicationFilterChain.java:231) [tomcat-embed-core-9.0.31.jar:9.0.31]
	at org.apache.catalina.core.ApplicationFilterChain.doFilter(ApplicationFilterChain.java:166) [tomcat-embed-core-9.0.31.jar:9.0.31]
	at org.apache.tomcat.websocket.server.WsFilter.doFilter(WsFilter.java:53) [tomcat-embed-websocket-9.0.31.jar:9.0.31]
	at org.apache.catalina.core.ApplicationFilterChain.internalDoFilter(ApplicationFilterChain.java:193) [tomcat-embed-core-9.0.31.jar:9.0.31]
	at org.apache.catalina.core.ApplicationFilterChain.doFilter(ApplicationFilterChain.java:166) [tomcat-embed-core-9.0.31.jar:9.0.31]
	at org.springframework.web.filter.RequestContextFilter.doFilterInternal(RequestContextFilter.java:100) [spring-web-5.2.4.RELEASE.jar:5.2.4.RELEASE]
	at org.springframework.web.filter.OncePerRequestFilter.doFilter(OncePerRequestFilter.java:119) [spring-web-5.2.4.RELEASE.jar:5.2.4.RELEASE]
	at org.apache.catalina.core.ApplicationFilterChain.internalDoFilter(ApplicationFilterChain.java:193) [tomcat-embed-core-9.0.31.jar:9.0.31]
	at org.apache.catalina.core.ApplicationFilterChain.doFilter(ApplicationFilterChain.java:166) [tomcat-embed-core-9.0.31.jar:9.0.31]
	at org.springframework.web.filter.FormContentFilter.doFilterInternal(FormContentFilter.java:93) [spring-web-5.2.4.RELEASE.jar:5.2.4.RELEASE]
	at org.springframework.web.filter.OncePerRequestFilter.doFilter(OncePerRequestFilter.java:119) [spring-web-5.2.4.RELEASE.jar:5.2.4.RELEASE]
	at org.apache.catalina.core.ApplicationFilterChain.internalDoFilter(ApplicationFilterChain.java:193) [tomcat-embed-core-9.0.31.jar:9.0.31]
	at org.apache.catalina.core.ApplicationFilterChain.doFilter(ApplicationFilterChain.java:166) [tomcat-embed-core-9.0.31.jar:9.0.31]
	at org.springframework.web.filter.CharacterEncodingFilter.doFilterInternal(CharacterEncodingFilter.java:201) [spring-web-5.2.4.RELEASE.jar:5.2.4.RELEASE]
	at org.springframework.web.filter.OncePerRequestFilter.doFilter(OncePerRequestFilter.java:119) [spring-web-5.2.4.RELEASE.jar:5.2.4.RELEASE]
	at org.apache.catalina.core.ApplicationFilterChain.internalDoFilter(ApplicationFilterChain.java:193) [tomcat-embed-core-9.0.31.jar:9.0.31]
	at org.apache.catalina.core.ApplicationFilterChain.doFilter(ApplicationFilterChain.java:166) [tomcat-embed-core-9.0.31.jar:9.0.31]
	at org.apache.catalina.core.StandardWrapperValve.invoke(StandardWrapperValve.java:202) [tomcat-embed-core-9.0.31.jar:9.0.31]
	at org.apache.catalina.core.StandardContextValve.invoke(StandardContextValve.java:96) [tomcat-embed-core-9.0.31.jar:9.0.31]
	at org.apache.catalina.authenticator.AuthenticatorBase.invoke(AuthenticatorBase.java:541) [tomcat-embed-core-9.0.31.jar:9.0.31]
	at org.apache.catalina.core.StandardHostValve.invoke(StandardHostValve.java:139) [tomcat-embed-core-9.0.31.jar:9.0.31]
	at org.apache.catalina.valves.ErrorReportValve.invoke(ErrorReportValve.java:92) [tomcat-embed-core-9.0.31.jar:9.0.31]
	at org.apache.catalina.core.StandardEngineValve.invoke(StandardEngineValve.java:74) [tomcat-embed-core-9.0.31.jar:9.0.31]
	at org.apache.catalina.connector.CoyoteAdapter.service(CoyoteAdapter.java:343) [tomcat-embed-core-9.0.31.jar:9.0.31]
	at org.apache.coyote.http11.Http11Processor.service(Http11Processor.java:367) [tomcat-embed-core-9.0.31.jar:9.0.31]
	at org.apache.coyote.AbstractProcessorLight.process(AbstractProcessorLight.java:65) [tomcat-embed-core-9.0.31.jar:9.0.31]
	at org.apache.coyote.AbstractProtocol$ConnectionHandler.process(AbstractProtocol.java:868) [tomcat-embed-core-9.0.31.jar:9.0.31]
	at org.apache.tomcat.util.net.NioEndpoint$SocketProcessor.doRun(NioEndpoint.java:1639) [tomcat-embed-core-9.0.31.jar:9.0.31]
	at org.apache.tomcat.util.net.SocketProcessorBase.run(SocketProcessorBase.java:49) [tomcat-embed-core-9.0.31.jar:9.0.31]
	at java.util.concurrent.ThreadPoolExecutor.runWorker(ThreadPoolExecutor.java:1149) [?:1.8.0_461]
	at java.util.concurrent.ThreadPoolExecutor$Worker.run(ThreadPoolExecutor.java:624) [?:1.8.0_461]
	at org.apache.tomcat.util.threads.TaskThread$WrappingRunnable.run(TaskThread.java:61) [tomcat-embed-core-9.0.31.jar:9.0.31]
	at java.lang.Thread.run(Thread.java:750) [?:1.8.0_461]
Caused by: java.sql.SQLSyntaxErrorException: You have an error in your SQL syntax; check the manual that corresponds to your MySQL server version for the right syntax to use near 'by create_time desc  limit 0 , 10' at line 1
	at com.mysql.cj.jdbc.exceptions.SQLError.createSQLException(SQLError.java:118) ~[mysql-connector-java-8.0.11.jar:8.0.11]
	at com.mysql.cj.jdbc.exceptions.SQLError.createSQLException(SQLError.java:95) ~[mysql-connector-java-8.0.11.jar:8.0.11]
	at com.mysql.cj.jdbc.exceptions.SQLExceptionsMapping.translateException(SQLExceptionsMapping.java:122) ~[mysql-connector-java-8.0.11.jar:8.0.11]
	at com.mysql.cj.jdbc.ClientPreparedStatement.executeInternal(ClientPreparedStatement.java:960) ~[mysql-connector-java-8.0.11.jar:8.0.11]
	at com.mysql.cj.jdbc.ClientPreparedStatement.execute(ClientPreparedStatement.java:388) ~[mysql-connector-java-8.0.11.jar:8.0.11]
	at com.alibaba.druid.pool.DruidPooledPreparedStatement.execute(DruidPooledPreparedStatement.java:497) ~[druid-1.2.8.jar:1.2.8]
	at sun.reflect.GeneratedMethodAccessor82.invoke(Unknown Source) ~[?:?]
	at sun.reflect.DelegatingMethodAccessorImpl.invoke(DelegatingMethodAccessorImpl.java:43) ~[?:1.8.0_461]
	at java.lang.reflect.Method.invoke(Method.java:498) ~[?:1.8.0_461]
	at org.apache.ibatis.logging.jdbc.PreparedStatementLogger.invoke(PreparedStatementLogger.java:59) ~[mybatis-3.4.6.jar:3.4.6]
	at com.sun.proxy.$Proxy152.execute(Unknown Source) ~[?:?]
	at org.apache.ibatis.executor.statement.PreparedStatementHandler.query(PreparedStatementHandler.java:63) ~[mybatis-3.4.6.jar:3.4.6]
	at org.apache.ibatis.executor.statement.RoutingStatementHandler.query(RoutingStatementHandler.java:79) ~[mybatis-3.4.6.jar:3.4.6]
	at sun.reflect.GeneratedMethodAccessor89.invoke(Unknown Source) ~[?:?]
	at sun.reflect.DelegatingMethodAccessorImpl.invoke(DelegatingMethodAccessorImpl.java:43) ~[?:1.8.0_461]
	at java.lang.reflect.Method.invoke(Method.java:498) ~[?:1.8.0_461]
	at org.apache.ibatis.plugin.Plugin.invoke(Plugin.java:63) ~[mybatis-3.4.6.jar:3.4.6]
	at com.sun.proxy.$Proxy150.query(Unknown Source) ~[?:?]
	at org.apache.ibatis.executor.SimpleExecutor.doQuery(SimpleExecutor.java:63) ~[mybatis-3.4.6.jar:3.4.6]
	at org.apache.ibatis.executor.BaseExecutor.queryFromDatabase(BaseExecutor.java:326) ~[mybatis-3.4.6.jar:3.4.6]
	at org.apache.ibatis.executor.BaseExecutor.query(BaseExecutor.java:156) ~[mybatis-3.4.6.jar:3.4.6]
	at org.apache.ibatis.executor.CachingExecutor.query(CachingExecutor.java:109) ~[mybatis-3.4.6.jar:3.4.6]
	at org.apache.ibatis.executor.CachingExecutor.query(CachingExecutor.java:83) ~[mybatis-3.4.6.jar:3.4.6]
	at org.apache.ibatis.session.defaults.DefaultSqlSession.selectList(DefaultSqlSession.java:148) ~[mybatis-3.4.6.jar:3.4.6]
	at org.apache.ibatis.session.defaults.DefaultSqlSession.selectList(DefaultSqlSession.java:141) ~[mybatis-3.4.6.jar:3.4.6]
	at sun.reflect.GeneratedMethodAccessor97.invoke(Unknown Source) ~[?:?]
	at sun.reflect.DelegatingMethodAccessorImpl.invoke(DelegatingMethodAccessorImpl.java:43) ~[?:1.8.0_461]
	at java.lang.reflect.Method.invoke(Method.java:498) ~[?:1.8.0_461]
	at org.mybatis.spring.SqlSessionTemplate$SqlSessionInterceptor.invoke(SqlSessionTemplate.java:433) ~[mybatis-spring-1.3.2.jar:1.3.2]
	... 71 more
2026-05-04 22:11:43.841 [http-nio-5000-exec-5] ERROR com.project.demo.exception.GlobalExceptionHandler - 运行时异常: 
org.springframework.jdbc.BadSqlGrammarException: 
### Error querying database.  Cause: java.sql.SQLSyntaxErrorException: You have an error in your SQL syntax; check the manual that corresponds to your MySQL server version for the right syntax to use near 'by create_time desc  limit 0 , 7' at line 1
### The error may exist in file [/home/yuan/Desktop/bishe-main/target/classes/mapper/BaseMapper.xml]
### The error may involve defaultParameterMap
### The error occurred while setting parameters
### SQL: select * from `registered_user` WHERE is_delete = 0order by create_time desc  limit 0 , 7
### Cause: java.sql.SQLSyntaxErrorException: You have an error in your SQL syntax; check the manual that corresponds to your MySQL server version for the right syntax to use near 'by create_time desc  limit 0 , 7' at line 1
; bad SQL grammar []; nested exception is java.sql.SQLSyntaxErrorException: You have an error in your SQL syntax; check the manual that corresponds to your MySQL server version for the right syntax to use near 'by create_time desc  limit 0 , 7' at line 1
	at org.springframework.jdbc.support.SQLErrorCodeSQLExceptionTranslator.doTranslate(SQLErrorCodeSQLExceptionTranslator.java:235) ~[spring-jdbc-5.2.4.RELEASE.jar:5.2.4.RELEASE]
	at org.springframework.jdbc.support.AbstractFallbackSQLExceptionTranslator.translate(AbstractFallbackSQLExceptionTranslator.java:72) ~[spring-jdbc-5.2.4.RELEASE.jar:5.2.4.RELEASE]
	at org.mybatis.spring.MyBatisExceptionTranslator.translateExceptionIfPossible(MyBatisExceptionTranslator.java:73) ~[mybatis-spring-1.3.2.jar:1.3.2]
	at org.mybatis.spring.SqlSessionTemplate$SqlSessionInterceptor.invoke(SqlSessionTemplate.java:446) ~[mybatis-spring-1.3.2.jar:1.3.2]
	at com.sun.proxy.$Proxy114.selectList(Unknown Source) ~[?:?]
	at org.mybatis.spring.SqlSessionTemplate.selectList(SqlSessionTemplate.java:230) ~[mybatis-spring-1.3.2.jar:1.3.2]
	at com.baomidou.mybatisplus.core.override.PageMapperMethod.executeForMany(PageMapperMethod.java:173) ~[mybatis-plus-core-3.0.4.jar:?]
	at com.baomidou.mybatisplus.core.override.PageMapperMethod.execute(PageMapperMethod.java:86) ~[mybatis-plus-core-3.0.4.jar:?]
	at com.baomidou.mybatisplus.core.override.PageMapperProxy.invoke(PageMapperProxy.java:64) ~[mybatis-plus-core-3.0.4.jar:?]
	at com.sun.proxy.$Proxy128.selectBaseList(Unknown Source) ~[?:?]
	at com.project.demo.service.base.BaseService.selectToPage(BaseService.java:77) ~[classes/:?]
	at com.project.demo.service.base.BaseService$$FastClassBySpringCGLIB$$504c7e9.invoke(<generated>) ~[classes/:?]
	at org.springframework.cglib.proxy.MethodProxy.invoke(MethodProxy.java:218) ~[spring-core-5.2.4.RELEASE.jar:5.2.4.RELEASE]
	at org.springframework.aop.framework.CglibAopProxy$CglibMethodInvocation.invokeJoinpoint(CglibAopProxy.java:769) ~[spring-aop-5.2.4.RELEASE.jar:5.2.4.RELEASE]
	at org.springframework.aop.framework.ReflectiveMethodInvocation.proceed(ReflectiveMethodInvocation.java:163) ~[spring-aop-5.2.4.RELEASE.jar:5.2.4.RELEASE]
	at org.springframework.aop.framework.CglibAopProxy$CglibMethodInvocation.proceed(CglibAopProxy.java:747) ~[spring-aop-5.2.4.RELEASE.jar:5.2.4.RELEASE]
	at org.springframework.aop.interceptor.ExposeInvocationInterceptor.invoke(ExposeInvocationInterceptor.java:95) ~[spring-aop-5.2.4.RELEASE.jar:5.2.4.RELEASE]
	at org.springframework.aop.framework.ReflectiveMethodInvocation.proceed(ReflectiveMethodInvocation.java:186) ~[spring-aop-5.2.4.RELEASE.jar:5.2.4.RELEASE]
	at org.springframework.aop.framework.CglibAopProxy$CglibMethodInvocation.proceed(CglibAopProxy.java:747) ~[spring-aop-5.2.4.RELEASE.jar:5.2.4.RELEASE]
	at org.springframework.aop.framework.CglibAopProxy$DynamicAdvisedInterceptor.intercept(CglibAopProxy.java:689) ~[spring-aop-5.2.4.RELEASE.jar:5.2.4.RELEASE]
	at com.project.demo.service.RegisteredUserService$$EnhancerBySpringCGLIB$$bce5f465.selectToPage(<generated>) ~[classes/:?]
	at com.project.demo.controller.base.BaseController.getList(BaseController.java:76) ~[classes/:?]
	at com.project.demo.controller.base.BaseController$$FastClassBySpringCGLIB$$72c28101.invoke(<generated>) ~[classes/:?]
	at org.springframework.cglib.proxy.MethodProxy.invoke(MethodProxy.java:218) ~[spring-core-5.2.4.RELEASE.jar:5.2.4.RELEASE]
	at org.springframework.aop.framework.CglibAopProxy$DynamicAdvisedInterceptor.intercept(CglibAopProxy.java:685) ~[spring-aop-5.2.4.RELEASE.jar:5.2.4.RELEASE]
	at com.project.demo.controller.RegisteredUserController$$EnhancerBySpringCGLIB$$eaca57a7.getList(<generated>) ~[classes/:?]
	at sun.reflect.GeneratedMethodAccessor99.invoke(Unknown Source) ~[?:?]
	at sun.reflect.DelegatingMethodAccessorImpl.invoke(DelegatingMethodAccessorImpl.java:43) ~[?:1.8.0_461]
	at java.lang.reflect.Method.invoke(Method.java:498) ~[?:1.8.0_461]
	at org.springframework.web.method.support.InvocableHandlerMethod.doInvoke(InvocableHandlerMethod.java:190) ~[spring-web-5.2.4.RELEASE.jar:5.2.4.RELEASE]
	at org.springframework.web.method.support.InvocableHandlerMethod.invokeForRequest(InvocableHandlerMethod.java:138) ~[spring-web-5.2.4.RELEASE.jar:5.2.4.RELEASE]
	at org.springframework.web.servlet.mvc.method.annotation.ServletInvocableHandlerMethod.invokeAndHandle(ServletInvocableHandlerMethod.java:106) ~[spring-webmvc-5.2.4.RELEASE.jar:5.2.4.RELEASE]
	at org.springframework.web.servlet.mvc.method.annotation.RequestMappingHandlerAdapter.invokeHandlerMethod(RequestMappingHandlerAdapter.java:879) ~[spring-webmvc-5.2.4.RELEASE.jar:5.2.4.RELEASE]
	at org.springframework.web.servlet.mvc.method.annotation.RequestMappingHandlerAdapter.handleInternal(RequestMappingHandlerAdapter.java:793) ~[spring-webmvc-5.2.4.RELEASE.jar:5.2.4.RELEASE]
	at org.springframework.web.servlet.mvc.method.AbstractHandlerMethodAdapter.handle(AbstractHandlerMethodAdapter.java:87) ~[spring-webmvc-5.2.4.RELEASE.jar:5.2.4.RELEASE]
	at org.springframework.web.servlet.DispatcherServlet.doDispatch(DispatcherServlet.java:1040) [spring-webmvc-5.2.4.RELEASE.jar:5.2.4.RELEASE]
	at org.springframework.web.servlet.DispatcherServlet.doService(DispatcherServlet.java:943) [spring-webmvc-5.2.4.RELEASE.jar:5.2.4.RELEASE]
	at org.springframework.web.servlet.FrameworkServlet.processRequest(FrameworkServlet.java:1006) [spring-webmvc-5.2.4.RELEASE.jar:5.2.4.RELEASE]
	at org.springframework.web.servlet.FrameworkServlet.doGet(FrameworkServlet.java:898) [spring-webmvc-5.2.4.RELEASE.jar:5.2.4.RELEASE]
	at javax.servlet.http.HttpServlet.service(HttpServlet.java:634) [tomcat-embed-core-9.0.31.jar:9.0.31]
	at org.springframework.web.servlet.FrameworkServlet.service(FrameworkServlet.java:883) [spring-webmvc-5.2.4.RELEASE.jar:5.2.4.RELEASE]
	at javax.servlet.http.HttpServlet.service(HttpServlet.java:741) [tomcat-embed-core-9.0.31.jar:9.0.31]
	at org.apache.catalina.core.ApplicationFilterChain.internalDoFilter(ApplicationFilterChain.java:231) [tomcat-embed-core-9.0.31.jar:9.0.31]
	at org.apache.catalina.core.ApplicationFilterChain.doFilter(ApplicationFilterChain.java:166) [tomcat-embed-core-9.0.31.jar:9.0.31]
	at org.apache.tomcat.websocket.server.WsFilter.doFilter(WsFilter.java:53) [tomcat-embed-websocket-9.0.31.jar:9.0.31]
	at org.apache.catalina.core.ApplicationFilterChain.internalDoFilter(ApplicationFilterChain.java:193) [tomcat-embed-core-9.0.31.jar:9.0.31]
	at org.apache.catalina.core.ApplicationFilterChain.doFilter(ApplicationFilterChain.java:166) [tomcat-embed-core-9.0.31.jar:9.0.31]
	at org.springframework.web.filter.RequestContextFilter.doFilterInternal(RequestContextFilter.java:100) [spring-web-5.2.4.RELEASE.jar:5.2.4.RELEASE]
	at org.springframework.web.filter.OncePerRequestFilter.doFilter(OncePerRequestFilter.java:119) [spring-web-5.2.4.RELEASE.jar:5.2.4.RELEASE]
	at org.apache.catalina.core.ApplicationFilterChain.internalDoFilter(ApplicationFilterChain.java:193) [tomcat-embed-core-9.0.31.jar:9.0.31]
	at org.apache.catalina.core.ApplicationFilterChain.doFilter(ApplicationFilterChain.java:166) [tomcat-embed-core-9.0.31.jar:9.0.31]
	at org.springframework.web.filter.FormContentFilter.doFilterInternal(FormContentFilter.java:93) [spring-web-5.2.4.RELEASE.jar:5.2.4.RELEASE]
	at org.springframework.web.filter.OncePerRequestFilter.doFilter(OncePerRequestFilter.java:119) [spring-web-5.2.4.RELEASE.jar:5.2.4.RELEASE]
	at org.apache.catalina.core.ApplicationFilterChain.internalDoFilter(ApplicationFilterChain.java:193) [tomcat-embed-core-9.0.31.jar:9.0.31]
	at org.apache.catalina.core.ApplicationFilterChain.doFilter(ApplicationFilterChain.java:166) [tomcat-embed-core-9.0.31.jar:9.0.31]
	at org.springframework.web.filter.CharacterEncodingFilter.doFilterInternal(CharacterEncodingFilter.java:201) [spring-web-5.2.4.RELEASE.jar:5.2.4.RELEASE]
	at org.springframework.web.filter.OncePerRequestFilter.doFilter(OncePerRequestFilter.java:119) [spring-web-5.2.4.RELEASE.jar:5.2.4.RELEASE]
	at org.apache.catalina.core.ApplicationFilterChain.internalDoFilter(ApplicationFilterChain.java:193) [tomcat-embed-core-9.0.31.jar:9.0.31]
	at org.apache.catalina.core.ApplicationFilterChain.doFilter(ApplicationFilterChain.java:166) [tomcat-embed-core-9.0.31.jar:9.0.31]
	at org.apache.catalina.core.StandardWrapperValve.invoke(StandardWrapperValve.java:202) [tomcat-embed-core-9.0.31.jar:9.0.31]
	at org.apache.catalina.core.StandardContextValve.invoke(StandardContextValve.java:96) [tomcat-embed-core-9.0.31.jar:9.0.31]
	at org.apache.catalina.authenticator.AuthenticatorBase.invoke(AuthenticatorBase.java:541) [tomcat-embed-core-9.0.31.jar:9.0.31]
	at org.apache.catalina.core.StandardHostValve.invoke(StandardHostValve.java:139) [tomcat-embed-core-9.0.31.jar:9.0.31]
	at org.apache.catalina.valves.ErrorReportValve.invoke(ErrorReportValve.java:92) [tomcat-embed-core-9.0.31.jar:9.0.31]
	at org.apache.catalina.core.StandardEngineValve.invoke(StandardEngineValve.java:74) [tomcat-embed-core-9.0.31.jar:9.0.31]
	at org.apache.catalina.connector.CoyoteAdapter.service(CoyoteAdapter.java:343) [tomcat-embed-core-9.0.31.jar:9.0.31]
	at org.apache.coyote.http11.Http11Processor.service(Http11Processor.java:367) [tomcat-embed-core-9.0.31.jar:9.0.31]
	at org.apache.coyote.AbstractProcessorLight.process(AbstractProcessorLight.java:65) [tomcat-embed-core-9.0.31.jar:9.0.31]
	at org.apache.coyote.AbstractProtocol$ConnectionHandler.process(AbstractProtocol.java:868) [tomcat-embed-core-9.0.31.jar:9.0.31]
	at org.apache.tomcat.util.net.NioEndpoint$SocketProcessor.doRun(NioEndpoint.java:1639) [tomcat-embed-core-9.0.31.jar:9.0.31]
	at org.apache.tomcat.util.net.SocketProcessorBase.run(SocketProcessorBase.java:49) [tomcat-embed-core-9.0.31.jar:9.0.31]
	at java.util.concurrent.ThreadPoolExecutor.runWorker(ThreadPoolExecutor.java:1149) [?:1.8.0_461]
	at java.util.concurrent.ThreadPoolExecutor$Worker.run(ThreadPoolExecutor.java:624) [?:1.8.0_461]
	at org.apache.tomcat.util.threads.TaskThread$WrappingRunnable.run(TaskThread.java:61) [tomcat-embed-core-9.0.31.jar:9.0.31]
	at java.lang.Thread.run(Thread.java:750) [?:1.8.0_461]
Caused by: java.sql.SQLSyntaxErrorException: You have an error in your SQL syntax; check the manual that corresponds to your MySQL server version for the right syntax to use near 'by create_time desc  limit 0 , 7' at line 1
	at com.mysql.cj.jdbc.exceptions.SQLError.createSQLException(SQLError.java:118) ~[mysql-connector-java-8.0.11.jar:8.0.11]
	at com.mysql.cj.jdbc.exceptions.SQLError.createSQLException(SQLError.java:95) ~[mysql-connector-java-8.0.11.jar:8.0.11]
	at com.mysql.cj.jdbc.exceptions.SQLExceptionsMapping.translateException(SQLExceptionsMapping.java:122) ~[mysql-connector-java-8.0.11.jar:8.0.11]
	at com.mysql.cj.jdbc.ClientPreparedStatement.executeInternal(ClientPreparedStatement.java:960) ~[mysql-connector-java-8.0.11.jar:8.0.11]
	at com.mysql.cj.jdbc.ClientPreparedStatement.execute(ClientPreparedStatement.java:388) ~[mysql-connector-java-8.0.11.jar:8.0.11]
	at com.alibaba.druid.pool.DruidPooledPreparedStatement.execute(DruidPooledPreparedStatement.java:497) ~[druid-1.2.8.jar:1.2.8]
	at sun.reflect.GeneratedMethodAccessor82.invoke(Unknown Source) ~[?:?]
	at sun.reflect.DelegatingMethodAccessorImpl.invoke(DelegatingMethodAccessorImpl.java:43) ~[?:1.8.0_461]
	at java.lang.reflect.Method.invoke(Method.java:498) ~[?:1.8.0_461]
	at org.apache.ibatis.logging.jdbc.PreparedStatementLogger.invoke(PreparedStatementLogger.java:59) ~[mybatis-3.4.6.jar:3.4.6]
	at com.sun.proxy.$Proxy152.execute(Unknown Source) ~[?:?]
	at org.apache.ibatis.executor.statement.PreparedStatementHandler.query(PreparedStatementHandler.java:63) ~[mybatis-3.4.6.jar:3.4.6]
	at org.apache.ibatis.executor.statement.RoutingStatementHandler.query(RoutingStatementHandler.java:79) ~[mybatis-3.4.6.jar:3.4.6]
	at sun.reflect.GeneratedMethodAccessor89.invoke(Unknown Source) ~[?:?]
	at sun.reflect.DelegatingMethodAccessorImpl.invoke(DelegatingMethodAccessorImpl.java:43) ~[?:1.8.0_461]
	at java.lang.reflect.Method.invoke(Method.java:498) ~[?:1.8.0_461]
	at org.apache.ibatis.plugin.Plugin.invoke(Plugin.java:63) ~[mybatis-3.4.6.jar:3.4.6]
	at com.sun.proxy.$Proxy150.query(Unknown Source) ~[?:?]
	at org.apache.ibatis.executor.SimpleExecutor.doQuery(SimpleExecutor.java:63) ~[mybatis-3.4.6.jar:3.4.6]
	at org.apache.ibatis.executor.BaseExecutor.queryFromDatabase(BaseExecutor.java:326) ~[mybatis-3.4.6.jar:3.4.6]
	at org.apache.ibatis.executor.BaseExecutor.query(BaseExecutor.java:156) ~[mybatis-3.4.6.jar:3.4.6]
	at org.apache.ibatis.executor.CachingExecutor.query(CachingExecutor.java:109) ~[mybatis-3.4.6.jar:3.4.6]
	at org.apache.ibatis.executor.CachingExecutor.query(CachingExecutor.java:83) ~[mybatis-3.4.6.jar:3.4.6]
	at org.apache.ibatis.session.defaults.DefaultSqlSession.selectList(DefaultSqlSession.java:148) ~[mybatis-3.4.6.jar:3.4.6]
	at org.apache.ibatis.session.defaults.DefaultSqlSession.selectList(DefaultSqlSession.java:141) ~[mybatis-3.4.6.jar:3.4.6]
	at sun.reflect.GeneratedMethodAccessor97.invoke(Unknown Source) ~[?:?]
	at sun.reflect.DelegatingMethodAccessorImpl.invoke(DelegatingMethodAccessorImpl.java:43) ~[?:1.8.0_461]
	at java.lang.reflect.Method.invoke(Method.java:498) ~[?:1.8.0_461]
	at org.mybatis.spring.SqlSessionTemplate$SqlSessionInterceptor.invoke(SqlSessionTemplate.java:433) ~[mybatis-spring-1.3.2.jar:1.3.2]
	... 71 more
2026-05-04 22:11:45.143 [http-nio-5000-exec-2] ERROR com.project.demo.exception.GlobalExceptionHandler - 运行时异常: 
org.springframework.jdbc.BadSqlGrammarException: 
### Error querying database.  Cause: java.sql.SQLSyntaxErrorException: You have an error in your SQL syntax; check the manual that corresponds to your MySQL server version for the right syntax to use near 'by create_time desc  limit 0 , 7' at line 1
### The error may exist in file [/home/yuan/Desktop/bishe-main/target/classes/mapper/BaseMapper.xml]
### The error may involve defaultParameterMap
### The error occurred while setting parameters
### SQL: select * from `registered_user` WHERE is_delete = 0order by create_time desc  limit 0 , 7
### Cause: java.sql.SQLSyntaxErrorException: You have an error in your SQL syntax; check the manual that corresponds to your MySQL server version for the right syntax to use near 'by create_time desc  limit 0 , 7' at line 1
; bad SQL grammar []; nested exception is java.sql.SQLSyntaxErrorException: You have an error in your SQL syntax; check the manual that corresponds to your MySQL server version for the right syntax to use near 'by create_time desc  limit 0 , 7' at line 1
	at org.springframework.jdbc.support.SQLErrorCodeSQLExceptionTranslator.doTranslate(SQLErrorCodeSQLExceptionTranslator.java:235) ~[spring-jdbc-5.2.4.RELEASE.jar:5.2.4.RELEASE]
	at org.springframework.jdbc.support.AbstractFallbackSQLExceptionTranslator.translate(AbstractFallbackSQLExceptionTranslator.java:72) ~[spring-jdbc-5.2.4.RELEASE.jar:5.2.4.RELEASE]
	at org.mybatis.spring.MyBatisExceptionTranslator.translateExceptionIfPossible(MyBatisExceptionTranslator.java:73) ~[mybatis-spring-1.3.2.jar:1.3.2]
	at org.mybatis.spring.SqlSessionTemplate$SqlSessionInterceptor.invoke(SqlSessionTemplate.java:446) ~[mybatis-spring-1.3.2.jar:1.3.2]
	at com.sun.proxy.$Proxy114.selectList(Unknown Source) ~[?:?]
	at org.mybatis.spring.SqlSessionTemplate.selectList(SqlSessionTemplate.java:230) ~[mybatis-spring-1.3.2.jar:1.3.2]
	at com.baomidou.mybatisplus.core.override.PageMapperMethod.executeForMany(PageMapperMethod.java:173) ~[mybatis-plus-core-3.0.4.jar:?]
	at com.baomidou.mybatisplus.core.override.PageMapperMethod.execute(PageMapperMethod.java:86) ~[mybatis-plus-core-3.0.4.jar:?]
	at com.baomidou.mybatisplus.core.override.PageMapperProxy.invoke(PageMapperProxy.java:64) ~[mybatis-plus-core-3.0.4.jar:?]
	at com.sun.proxy.$Proxy128.selectBaseList(Unknown Source) ~[?:?]
	at com.project.demo.service.base.BaseService.selectToPage(BaseService.java:77) ~[classes/:?]
	at com.project.demo.service.base.BaseService$$FastClassBySpringCGLIB$$504c7e9.invoke(<generated>) ~[classes/:?]
	at org.springframework.cglib.proxy.MethodProxy.invoke(MethodProxy.java:218) ~[spring-core-5.2.4.RELEASE.jar:5.2.4.RELEASE]
	at org.springframework.aop.framework.CglibAopProxy$CglibMethodInvocation.invokeJoinpoint(CglibAopProxy.java:769) ~[spring-aop-5.2.4.RELEASE.jar:5.2.4.RELEASE]
	at org.springframework.aop.framework.ReflectiveMethodInvocation.proceed(ReflectiveMethodInvocation.java:163) ~[spring-aop-5.2.4.RELEASE.jar:5.2.4.RELEASE]
	at org.springframework.aop.framework.CglibAopProxy$CglibMethodInvocation.proceed(CglibAopProxy.java:747) ~[spring-aop-5.2.4.RELEASE.jar:5.2.4.RELEASE]
	at org.springframework.aop.interceptor.ExposeInvocationInterceptor.invoke(ExposeInvocationInterceptor.java:95) ~[spring-aop-5.2.4.RELEASE.jar:5.2.4.RELEASE]
	at org.springframework.aop.framework.ReflectiveMethodInvocation.proceed(ReflectiveMethodInvocation.java:186) ~[spring-aop-5.2.4.RELEASE.jar:5.2.4.RELEASE]
	at org.springframework.aop.framework.CglibAopProxy$CglibMethodInvocation.proceed(CglibAopProxy.java:747) ~[spring-aop-5.2.4.RELEASE.jar:5.2.4.RELEASE]
	at org.springframework.aop.framework.CglibAopProxy$DynamicAdvisedInterceptor.intercept(CglibAopProxy.java:689) ~[spring-aop-5.2.4.RELEASE.jar:5.2.4.RELEASE]
	at com.project.demo.service.RegisteredUserService$$EnhancerBySpringCGLIB$$bce5f465.selectToPage(<generated>) ~[classes/:?]
	at com.project.demo.controller.base.BaseController.getList(BaseController.java:76) ~[classes/:?]
	at com.project.demo.controller.base.BaseController$$FastClassBySpringCGLIB$$72c28101.invoke(<generated>) ~[classes/:?]
	at org.springframework.cglib.proxy.MethodProxy.invoke(MethodProxy.java:218) ~[spring-core-5.2.4.RELEASE.jar:5.2.4.RELEASE]
	at org.springframework.aop.framework.CglibAopProxy$DynamicAdvisedInterceptor.intercept(CglibAopProxy.java:685) ~[spring-aop-5.2.4.RELEASE.jar:5.2.4.RELEASE]
	at com.project.demo.controller.RegisteredUserController$$EnhancerBySpringCGLIB$$eaca57a7.getList(<generated>) ~[classes/:?]
	at sun.reflect.GeneratedMethodAccessor99.invoke(Unknown Source) ~[?:?]
	at sun.reflect.DelegatingMethodAccessorImpl.invoke(DelegatingMethodAccessorImpl.java:43) ~[?:1.8.0_461]
	at java.lang.reflect.Method.invoke(Method.java:498) ~[?:1.8.0_461]
	at org.springframework.web.method.support.InvocableHandlerMethod.doInvoke(InvocableHandlerMethod.java:190) ~[spring-web-5.2.4.RELEASE.jar:5.2.4.RELEASE]
	at org.springframework.web.method.support.InvocableHandlerMethod.invokeForRequest(InvocableHandlerMethod.java:138) ~[spring-web-5.2.4.RELEASE.jar:5.2.4.RELEASE]
	at org.springframework.web.servlet.mvc.method.annotation.ServletInvocableHandlerMethod.invokeAndHandle(ServletInvocableHandlerMethod.java:106) ~[spring-webmvc-5.2.4.RELEASE.jar:5.2.4.RELEASE]
	at org.springframework.web.servlet.mvc.method.annotation.RequestMappingHandlerAdapter.invokeHandlerMethod(RequestMappingHandlerAdapter.java:879) ~[spring-webmvc-5.2.4.RELEASE.jar:5.2.4.RELEASE]
	at org.springframework.web.servlet.mvc.method.annotation.RequestMappingHandlerAdapter.handleInternal(RequestMappingHandlerAdapter.java:793) ~[spring-webmvc-5.2.4.RELEASE.jar:5.2.4.RELEASE]
	at org.springframework.web.servlet.mvc.method.AbstractHandlerMethodAdapter.handle(AbstractHandlerMethodAdapter.java:87) ~[spring-webmvc-5.2.4.RELEASE.jar:5.2.4.RELEASE]
	at org.springframework.web.servlet.DispatcherServlet.doDispatch(DispatcherServlet.java:1040) [spring-webmvc-5.2.4.RELEASE.jar:5.2.4.RELEASE]
	at org.springframework.web.servlet.DispatcherServlet.doService(DispatcherServlet.java:943) [spring-webmvc-5.2.4.RELEASE.jar:5.2.4.RELEASE]
	at org.springframework.web.servlet.FrameworkServlet.processRequest(FrameworkServlet.java:1006) [spring-webmvc-5.2.4.RELEASE.jar:5.2.4.RELEASE]
	at org.springframework.web.servlet.FrameworkServlet.doGet(FrameworkServlet.java:898) [spring-webmvc-5.2.4.RELEASE.jar:5.2.4.RELEASE]
	at javax.servlet.http.HttpServlet.service(HttpServlet.java:634) [tomcat-embed-core-9.0.31.jar:9.0.31]
	at org.springframework.web.servlet.FrameworkServlet.service(FrameworkServlet.java:883) [spring-webmvc-5.2.4.RELEASE.jar:5.2.4.RELEASE]
	at javax.servlet.http.HttpServlet.service(HttpServlet.java:741) [tomcat-embed-core-9.0.31.jar:9.0.31]
	at org.apache.catalina.core.ApplicationFilterChain.internalDoFilter(ApplicationFilterChain.java:231) [tomcat-embed-core-9.0.31.jar:9.0.31]
	at org.apache.catalina.core.ApplicationFilterChain.doFilter(ApplicationFilterChain.java:166) [tomcat-embed-core-9.0.31.jar:9.0.31]
	at org.apache.tomcat.websocket.server.WsFilter.doFilter(WsFilter.java:53) [tomcat-embed-websocket-9.0.31.jar:9.0.31]
	at org.apache.catalina.core.ApplicationFilterChain.internalDoFilter(ApplicationFilterChain.java:193) [tomcat-embed-core-9.0.31.jar:9.0.31]
	at org.apache.catalina.core.ApplicationFilterChain.doFilter(ApplicationFilterChain.java:166) [tomcat-embed-core-9.0.31.jar:9.0.31]
	at org.springframework.web.filter.RequestContextFilter.doFilterInternal(RequestContextFilter.java:100) [spring-web-5.2.4.RELEASE.jar:5.2.4.RELEASE]
	at org.springframework.web.filter.OncePerRequestFilter.doFilter(OncePerRequestFilter.java:119) [spring-web-5.2.4.RELEASE.jar:5.2.4.RELEASE]
	at org.apache.catalina.core.ApplicationFilterChain.internalDoFilter(ApplicationFilterChain.java:193) [tomcat-embed-core-9.0.31.jar:9.0.31]
	at org.apache.catalina.core.ApplicationFilterChain.doFilter(ApplicationFilterChain.java:166) [tomcat-embed-core-9.0.31.jar:9.0.31]
	at org.springframework.web.filter.FormContentFilter.doFilterInternal(FormContentFilter.java:93) [spring-web-5.2.4.RELEASE.jar:5.2.4.RELEASE]
	at org.springframework.web.filter.OncePerRequestFilter.doFilter(OncePerRequestFilter.java:119) [spring-web-5.2.4.RELEASE.jar:5.2.4.RELEASE]
	at org.apache.catalina.core.ApplicationFilterChain.internalDoFilter(ApplicationFilterChain.java:193) [tomcat-embed-core-9.0.31.jar:9.0.31]
	at org.apache.catalina.core.ApplicationFilterChain.doFilter(ApplicationFilterChain.java:166) [tomcat-embed-core-9.0.31.jar:9.0.31]
	at org.springframework.web.filter.CharacterEncodingFilter.doFilterInternal(CharacterEncodingFilter.java:201) [spring-web-5.2.4.RELEASE.jar:5.2.4.RELEASE]
	at org.springframework.web.filter.OncePerRequestFilter.doFilter(OncePerRequestFilter.java:119) [spring-web-5.2.4.RELEASE.jar:5.2.4.RELEASE]
	at org.apache.catalina.core.ApplicationFilterChain.internalDoFilter(ApplicationFilterChain.java:193) [tomcat-embed-core-9.0.31.jar:9.0.31]
	at org.apache.catalina.core.ApplicationFilterChain.doFilter(ApplicationFilterChain.java:166) [tomcat-embed-core-9.0.31.jar:9.0.31]
	at org.apache.catalina.core.StandardWrapperValve.invoke(StandardWrapperValve.java:202) [tomcat-embed-core-9.0.31.jar:9.0.31]
	at org.apache.catalina.core.StandardContextValve.invoke(StandardContextValve.java:96) [tomcat-embed-core-9.0.31.jar:9.0.31]
	at org.apache.catalina.authenticator.AuthenticatorBase.invoke(AuthenticatorBase.java:541) [tomcat-embed-core-9.0.31.jar:9.0.31]
	at org.apache.catalina.core.StandardHostValve.invoke(StandardHostValve.java:139) [tomcat-embed-core-9.0.31.jar:9.0.31]
	at org.apache.catalina.valves.ErrorReportValve.invoke(ErrorReportValve.java:92) [tomcat-embed-core-9.0.31.jar:9.0.31]
	at org.apache.catalina.core.StandardEngineValve.invoke(StandardEngineValve.java:74) [tomcat-embed-core-9.0.31.jar:9.0.31]
	at org.apache.catalina.connector.CoyoteAdapter.service(CoyoteAdapter.java:343) [tomcat-embed-core-9.0.31.jar:9.0.31]
	at org.apache.coyote.http11.Http11Processor.service(Http11Processor.java:367) [tomcat-embed-core-9.0.31.jar:9.0.31]
	at org.apache.coyote.AbstractProcessorLight.process(AbstractProcessorLight.java:65) [tomcat-embed-core-9.0.31.jar:9.0.31]
	at org.apache.coyote.AbstractProtocol$ConnectionHandler.process(AbstractProtocol.java:868) [tomcat-embed-core-9.0.31.jar:9.0.31]
	at org.apache.tomcat.util.net.NioEndpoint$SocketProcessor.doRun(NioEndpoint.java:1639) [tomcat-embed-core-9.0.31.jar:9.0.31]
	at org.apache.tomcat.util.net.SocketProcessorBase.run(SocketProcessorBase.java:49) [tomcat-embed-core-9.0.31.jar:9.0.31]
	at java.util.concurrent.ThreadPoolExecutor.runWorker(ThreadPoolExecutor.java:1149) [?:1.8.0_461]
	at java.util.concurrent.ThreadPoolExecutor$Worker.run(ThreadPoolExecutor.java:624) [?:1.8.0_461]
	at org.apache.tomcat.util.threads.TaskThread$WrappingRunnable.run(TaskThread.java:61) [tomcat-embed-core-9.0.31.jar:9.0.31]
	at java.lang.Thread.run(Thread.java:750) [?:1.8.0_461]
Caused by: java.sql.SQLSyntaxErrorException: You have an error in your SQL syntax; check the manual that corresponds to your MySQL server version for the right syntax to use near 'by create_time desc  limit 0 , 7' at line 1
	at com.mysql.cj.jdbc.exceptions.SQLError.createSQLException(SQLError.java:118) ~[mysql-connector-java-8.0.11.jar:8.0.11]
	at com.mysql.cj.jdbc.exceptions.SQLError.createSQLException(SQLError.java:95) ~[mysql-connector-java-8.0.11.jar:8.0.11]
	at com.mysql.cj.jdbc.exceptions.SQLExceptionsMapping.translateException(SQLExceptionsMapping.java:122) ~[mysql-connector-java-8.0.11.jar:8.0.11]
	at com.mysql.cj.jdbc.ClientPreparedStatement.executeInternal(ClientPreparedStatement.java:960) ~[mysql-connector-java-8.0.11.jar:8.0.11]
	at com.mysql.cj.jdbc.ClientPreparedStatement.execute(ClientPreparedStatement.java:388) ~[mysql-connector-java-8.0.11.jar:8.0.11]
	at com.alibaba.druid.pool.DruidPooledPreparedStatement.execute(DruidPooledPreparedStatement.java:497) ~[druid-1.2.8.jar:1.2.8]
	at sun.reflect.GeneratedMethodAccessor82.invoke(Unknown Source) ~[?:?]
	at sun.reflect.DelegatingMethodAccessorImpl.invoke(DelegatingMethodAccessorImpl.java:43) ~[?:1.8.0_461]
	at java.lang.reflect.Method.invoke(Method.java:498) ~[?:1.8.0_461]
	at org.apache.ibatis.logging.jdbc.PreparedStatementLogger.invoke(PreparedStatementLogger.java:59) ~[mybatis-3.4.6.jar:3.4.6]
	at com.sun.proxy.$Proxy152.execute(Unknown Source) ~[?:?]
	at org.apache.ibatis.executor.statement.PreparedStatementHandler.query(PreparedStatementHandler.java:63) ~[mybatis-3.4.6.jar:3.4.6]
	at org.apache.ibatis.executor.statement.RoutingStatementHandler.query(RoutingStatementHandler.java:79) ~[mybatis-3.4.6.jar:3.4.6]
	at sun.reflect.GeneratedMethodAccessor89.invoke(Unknown Source) ~[?:?]
	at sun.reflect.DelegatingMethodAccessorImpl.invoke(DelegatingMethodAccessorImpl.java:43) ~[?:1.8.0_461]
	at java.lang.reflect.Method.invoke(Method.java:498) ~[?:1.8.0_461]
	at org.apache.ibatis.plugin.Plugin.invoke(Plugin.java:63) ~[mybatis-3.4.6.jar:3.4.6]
	at com.sun.proxy.$Proxy150.query(Unknown Source) ~[?:?]
	at org.apache.ibatis.executor.SimpleExecutor.doQuery(SimpleExecutor.java:63) ~[mybatis-3.4.6.jar:3.4.6]
	at org.apache.ibatis.executor.BaseExecutor.queryFromDatabase(BaseExecutor.java:326) ~[mybatis-3.4.6.jar:3.4.6]
	at org.apache.ibatis.executor.BaseExecutor.query(BaseExecutor.java:156) ~[mybatis-3.4.6.jar:3.4.6]
	at org.apache.ibatis.executor.CachingExecutor.query(CachingExecutor.java:109) ~[mybatis-3.4.6.jar:3.4.6]
	at org.apache.ibatis.executor.CachingExecutor.query(CachingExecutor.java:83) ~[mybatis-3.4.6.jar:3.4.6]
	at org.apache.ibatis.session.defaults.DefaultSqlSession.selectList(DefaultSqlSession.java:148) ~[mybatis-3.4.6.jar:3.4.6]
	at org.apache.ibatis.session.defaults.DefaultSqlSession.selectList(DefaultSqlSession.java:141) ~[mybatis-3.4.6.jar:3.4.6]
	at sun.reflect.GeneratedMethodAccessor97.invoke(Unknown Source) ~[?:?]
	at sun.reflect.DelegatingMethodAccessorImpl.invoke(DelegatingMethodAccessorImpl.java:43) ~[?:1.8.0_461]
	at java.lang.reflect.Method.invoke(Method.java:498) ~[?:1.8.0_461]
	at org.mybatis.spring.SqlSessionTemplate$SqlSessionInterceptor.invoke(SqlSessionTemplate.java:433) ~[mybatis-spring-1.3.2.jar:1.3.2]
	... 71 more
2026-05-04 22:11:45.509 [http-nio-5000-exec-7] ERROR com.project.demo.exception.GlobalExceptionHandler - 运行时异常: 
org.springframework.jdbc.BadSqlGrammarException: 
### Error querying database.  Cause: java.sql.SQLSyntaxErrorException: You have an error in your SQL syntax; check the manual that corresponds to your MySQL server version for the right syntax to use near 'by create_time desc  limit 0 , 10' at line 1
### The error may exist in file [/home/yuan/Desktop/bishe-main/target/classes/mapper/BaseMapper.xml]
### The error may involve defaultParameterMap
### The error occurred while setting parameters
### SQL: select * from `user` WHERE `user_group` LIKE '%管理员%'  AND is_delete = 0order by create_time desc  limit 0 , 10
### Cause: java.sql.SQLSyntaxErrorException: You have an error in your SQL syntax; check the manual that corresponds to your MySQL server version for the right syntax to use near 'by create_time desc  limit 0 , 10' at line 1
; bad SQL grammar []; nested exception is java.sql.SQLSyntaxErrorException: You have an error in your SQL syntax; check the manual that corresponds to your MySQL server version for the right syntax to use near 'by create_time desc  limit 0 , 10' at line 1
	at org.springframework.jdbc.support.SQLErrorCodeSQLExceptionTranslator.doTranslate(SQLErrorCodeSQLExceptionTranslator.java:235) ~[spring-jdbc-5.2.4.RELEASE.jar:5.2.4.RELEASE]
	at org.springframework.jdbc.support.AbstractFallbackSQLExceptionTranslator.translate(AbstractFallbackSQLExceptionTranslator.java:72) ~[spring-jdbc-5.2.4.RELEASE.jar:5.2.4.RELEASE]
	at org.mybatis.spring.MyBatisExceptionTranslator.translateExceptionIfPossible(MyBatisExceptionTranslator.java:73) ~[mybatis-spring-1.3.2.jar:1.3.2]
	at org.mybatis.spring.SqlSessionTemplate$SqlSessionInterceptor.invoke(SqlSessionTemplate.java:446) ~[mybatis-spring-1.3.2.jar:1.3.2]
	at com.sun.proxy.$Proxy114.selectList(Unknown Source) ~[?:?]
	at org.mybatis.spring.SqlSessionTemplate.selectList(SqlSessionTemplate.java:230) ~[mybatis-spring-1.3.2.jar:1.3.2]
	at com.baomidou.mybatisplus.core.override.PageMapperMethod.executeForMany(PageMapperMethod.java:173) ~[mybatis-plus-core-3.0.4.jar:?]
	at com.baomidou.mybatisplus.core.override.PageMapperMethod.execute(PageMapperMethod.java:86) ~[mybatis-plus-core-3.0.4.jar:?]
	at com.baomidou.mybatisplus.core.override.PageMapperProxy.invoke(PageMapperProxy.java:64) ~[mybatis-plus-core-3.0.4.jar:?]
	at com.sun.proxy.$Proxy132.selectBaseList(Unknown Source) ~[?:?]
	at com.project.demo.service.base.BaseService.selectToPage(BaseService.java:77) ~[classes/:?]
	at com.project.demo.service.base.BaseService$$FastClassBySpringCGLIB$$504c7e9.invoke(<generated>) ~[classes/:?]
	at org.springframework.cglib.proxy.MethodProxy.invoke(MethodProxy.java:218) ~[spring-core-5.2.4.RELEASE.jar:5.2.4.RELEASE]
	at org.springframework.aop.framework.CglibAopProxy$CglibMethodInvocation.invokeJoinpoint(CglibAopProxy.java:769) ~[spring-aop-5.2.4.RELEASE.jar:5.2.4.RELEASE]
	at org.springframework.aop.framework.ReflectiveMethodInvocation.proceed(ReflectiveMethodInvocation.java:163) ~[spring-aop-5.2.4.RELEASE.jar:5.2.4.RELEASE]
	at org.springframework.aop.framework.CglibAopProxy$CglibMethodInvocation.proceed(CglibAopProxy.java:747) ~[spring-aop-5.2.4.RELEASE.jar:5.2.4.RELEASE]
	at org.springframework.aop.interceptor.ExposeInvocationInterceptor.invoke(ExposeInvocationInterceptor.java:95) ~[spring-aop-5.2.4.RELEASE.jar:5.2.4.RELEASE]
	at org.springframework.aop.framework.ReflectiveMethodInvocation.proceed(ReflectiveMethodInvocation.java:186) ~[spring-aop-5.2.4.RELEASE.jar:5.2.4.RELEASE]
	at org.springframework.aop.framework.CglibAopProxy$CglibMethodInvocation.proceed(CglibAopProxy.java:747) ~[spring-aop-5.2.4.RELEASE.jar:5.2.4.RELEASE]
	at org.springframework.aop.framework.CglibAopProxy$DynamicAdvisedInterceptor.intercept(CglibAopProxy.java:689) ~[spring-aop-5.2.4.RELEASE.jar:5.2.4.RELEASE]
	at com.project.demo.service.UserService$$EnhancerBySpringCGLIB$$baf85dcb.selectToPage(<generated>) ~[classes/:?]
	at com.project.demo.controller.base.BaseController.getList(BaseController.java:76) ~[classes/:?]
	at com.project.demo.controller.base.BaseController$$FastClassBySpringCGLIB$$72c28101.invoke(<generated>) ~[classes/:?]
	at org.springframework.cglib.proxy.MethodProxy.invoke(MethodProxy.java:218) ~[spring-core-5.2.4.RELEASE.jar:5.2.4.RELEASE]
	at org.springframework.aop.framework.CglibAopProxy$DynamicAdvisedInterceptor.intercept(CglibAopProxy.java:685) ~[spring-aop-5.2.4.RELEASE.jar:5.2.4.RELEASE]
	at com.project.demo.controller.UserController$$EnhancerBySpringCGLIB$$fdacaac1.getList(<generated>) ~[classes/:?]
	at sun.reflect.GeneratedMethodAccessor99.invoke(Unknown Source) ~[?:?]
	at sun.reflect.DelegatingMethodAccessorImpl.invoke(DelegatingMethodAccessorImpl.java:43) ~[?:1.8.0_461]
	at java.lang.reflect.Method.invoke(Method.java:498) ~[?:1.8.0_461]
	at org.springframework.web.method.support.InvocableHandlerMethod.doInvoke(InvocableHandlerMethod.java:190) ~[spring-web-5.2.4.RELEASE.jar:5.2.4.RELEASE]
	at org.springframework.web.method.support.InvocableHandlerMethod.invokeForRequest(InvocableHandlerMethod.java:138) ~[spring-web-5.2.4.RELEASE.jar:5.2.4.RELEASE]
	at org.springframework.web.servlet.mvc.method.annotation.ServletInvocableHandlerMethod.invokeAndHandle(ServletInvocableHandlerMethod.java:106) ~[spring-webmvc-5.2.4.RELEASE.jar:5.2.4.RELEASE]
	at org.springframework.web.servlet.mvc.method.annotation.RequestMappingHandlerAdapter.invokeHandlerMethod(RequestMappingHandlerAdapter.java:879) ~[spring-webmvc-5.2.4.RELEASE.jar:5.2.4.RELEASE]
	at org.springframework.web.servlet.mvc.method.annotation.RequestMappingHandlerAdapter.handleInternal(RequestMappingHandlerAdapter.java:793) ~[spring-webmvc-5.2.4.RELEASE.jar:5.2.4.RELEASE]
	at org.springframework.web.servlet.mvc.method.AbstractHandlerMethodAdapter.handle(AbstractHandlerMethodAdapter.java:87) ~[spring-webmvc-5.2.4.RELEASE.jar:5.2.4.RELEASE]
	at org.springframework.web.servlet.DispatcherServlet.doDispatch(DispatcherServlet.java:1040) [spring-webmvc-5.2.4.RELEASE.jar:5.2.4.RELEASE]
	at org.springframework.web.servlet.DispatcherServlet.doService(DispatcherServlet.java:943) [spring-webmvc-5.2.4.RELEASE.jar:5.2.4.RELEASE]
	at org.springframework.web.servlet.FrameworkServlet.processRequest(FrameworkServlet.java:1006) [spring-webmvc-5.2.4.RELEASE.jar:5.2.4.RELEASE]
	at org.springframework.web.servlet.FrameworkServlet.doGet(FrameworkServlet.java:898) [spring-webmvc-5.2.4.RELEASE.jar:5.2.4.RELEASE]
	at javax.servlet.http.HttpServlet.service(HttpServlet.java:634) [tomcat-embed-core-9.0.31.jar:9.0.31]
	at org.springframework.web.servlet.FrameworkServlet.service(FrameworkServlet.java:883) [spring-webmvc-5.2.4.RELEASE.jar:5.2.4.RELEASE]
	at javax.servlet.http.HttpServlet.service(HttpServlet.java:741) [tomcat-embed-core-9.0.31.jar:9.0.31]
	at org.apache.catalina.core.ApplicationFilterChain.internalDoFilter(ApplicationFilterChain.java:231) [tomcat-embed-core-9.0.31.jar:9.0.31]
	at org.apache.catalina.core.ApplicationFilterChain.doFilter(ApplicationFilterChain.java:166) [tomcat-embed-core-9.0.31.jar:9.0.31]
	at org.apache.tomcat.websocket.server.WsFilter.doFilter(WsFilter.java:53) [tomcat-embed-websocket-9.0.31.jar:9.0.31]
	at org.apache.catalina.core.ApplicationFilterChain.internalDoFilter(ApplicationFilterChain.java:193) [tomcat-embed-core-9.0.31.jar:9.0.31]
	at org.apache.catalina.core.ApplicationFilterChain.doFilter(ApplicationFilterChain.java:166) [tomcat-embed-core-9.0.31.jar:9.0.31]
	at org.springframework.web.filter.RequestContextFilter.doFilterInternal(RequestContextFilter.java:100) [spring-web-5.2.4.RELEASE.jar:5.2.4.RELEASE]
	at org.springframework.web.filter.OncePerRequestFilter.doFilter(OncePerRequestFilter.java:119) [spring-web-5.2.4.RELEASE.jar:5.2.4.RELEASE]
	at org.apache.catalina.core.ApplicationFilterChain.internalDoFilter(ApplicationFilterChain.java:193) [tomcat-embed-core-9.0.31.jar:9.0.31]
	at org.apache.catalina.core.ApplicationFilterChain.doFilter(ApplicationFilterChain.java:166) [tomcat-embed-core-9.0.31.jar:9.0.31]
	at org.springframework.web.filter.FormContentFilter.doFilterInternal(FormContentFilter.java:93) [spring-web-5.2.4.RELEASE.jar:5.2.4.RELEASE]
	at org.springframework.web.filter.OncePerRequestFilter.doFilter(OncePerRequestFilter.java:119) [spring-web-5.2.4.RELEASE.jar:5.2.4.RELEASE]
	at org.apache.catalina.core.ApplicationFilterChain.internalDoFilter(ApplicationFilterChain.java:193) [tomcat-embed-core-9.0.31.jar:9.0.31]
	at org.apache.catalina.core.ApplicationFilterChain.doFilter(ApplicationFilterChain.java:166) [tomcat-embed-core-9.0.31.jar:9.0.31]
	at org.springframework.web.filter.CharacterEncodingFilter.doFilterInternal(CharacterEncodingFilter.java:201) [spring-web-5.2.4.RELEASE.jar:5.2.4.RELEASE]
	at org.springframework.web.filter.OncePerRequestFilter.doFilter(OncePerRequestFilter.java:119) [spring-web-5.2.4.RELEASE.jar:5.2.4.RELEASE]
	at org.apache.catalina.core.ApplicationFilterChain.internalDoFilter(ApplicationFilterChain.java:193) [tomcat-embed-core-9.0.31.jar:9.0.31]
	at org.apache.catalina.core.ApplicationFilterChain.doFilter(ApplicationFilterChain.java:166) [tomcat-embed-core-9.0.31.jar:9.0.31]
	at org.apache.catalina.core.StandardWrapperValve.invoke(StandardWrapperValve.java:202) [tomcat-embed-core-9.0.31.jar:9.0.31]
	at org.apache.catalina.core.StandardContextValve.invoke(StandardContextValve.java:96) [tomcat-embed-core-9.0.31.jar:9.0.31]
	at org.apache.catalina.authenticator.AuthenticatorBase.invoke(AuthenticatorBase.java:541) [tomcat-embed-core-9.0.31.jar:9.0.31]
	at org.apache.catalina.core.StandardHostValve.invoke(StandardHostValve.java:139) [tomcat-embed-core-9.0.31.jar:9.0.31]
	at org.apache.catalina.valves.ErrorReportValve.invoke(ErrorReportValve.java:92) [tomcat-embed-core-9.0.31.jar:9.0.31]
	at org.apache.catalina.core.StandardEngineValve.invoke(StandardEngineValve.java:74) [tomcat-embed-core-9.0.31.jar:9.0.31]
	at org.apache.catalina.connector.CoyoteAdapter.service(CoyoteAdapter.java:343) [tomcat-embed-core-9.0.31.jar:9.0.31]
	at org.apache.coyote.http11.Http11Processor.service(Http11Processor.java:367) [tomcat-embed-core-9.0.31.jar:9.0.31]
	at org.apache.coyote.AbstractProcessorLight.process(AbstractProcessorLight.java:65) [tomcat-embed-core-9.0.31.jar:9.0.31]
	at org.apache.coyote.AbstractProtocol$ConnectionHandler.process(AbstractProtocol.java:868) [tomcat-embed-core-9.0.31.jar:9.0.31]
	at org.apache.tomcat.util.net.NioEndpoint$SocketProcessor.doRun(NioEndpoint.java:1639) [tomcat-embed-core-9.0.31.jar:9.0.31]
	at org.apache.tomcat.util.net.SocketProcessorBase.run(SocketProcessorBase.java:49) [tomcat-embed-core-9.0.31.jar:9.0.31]
	at java.util.concurrent.ThreadPoolExecutor.runWorker(ThreadPoolExecutor.java:1149) [?:1.8.0_461]
	at java.util.concurrent.ThreadPoolExecutor$Worker.run(ThreadPoolExecutor.java:624) [?:1.8.0_461]
	at org.apache.tomcat.util.threads.TaskThread$WrappingRunnable.run(TaskThread.java:61) [tomcat-embed-core-9.0.31.jar:9.0.31]
	at java.lang.Thread.run(Thread.java:750) [?:1.8.0_461]
Caused by: java.sql.SQLSyntaxErrorException: You have an error in your SQL syntax; check the manual that corresponds to your MySQL server version for the right syntax to use near 'by create_time desc  limit 0 , 10' at line 1
	at com.mysql.cj.jdbc.exceptions.SQLError.createSQLException(SQLError.java:118) ~[mysql-connector-java-8.0.11.jar:8.0.11]
	at com.mysql.cj.jdbc.exceptions.SQLError.createSQLException(SQLError.java:95) ~[mysql-connector-java-8.0.11.jar:8.0.11]
	at com.mysql.cj.jdbc.exceptions.SQLExceptionsMapping.translateException(SQLExceptionsMapping.java:122) ~[mysql-connector-java-8.0.11.jar:8.0.11]
	at com.mysql.cj.jdbc.ClientPreparedStatement.executeInternal(ClientPreparedStatement.java:960) ~[mysql-connector-java-8.0.11.jar:8.0.11]
	at com.mysql.cj.jdbc.ClientPreparedStatement.execute(ClientPreparedStatement.java:388) ~[mysql-connector-java-8.0.11.jar:8.0.11]
	at com.alibaba.druid.pool.DruidPooledPreparedStatement.execute(DruidPooledPreparedStatement.java:497) ~[druid-1.2.8.jar:1.2.8]
	at sun.reflect.GeneratedMethodAccessor82.invoke(Unknown Source) ~[?:?]
	at sun.reflect.DelegatingMethodAccessorImpl.invoke(DelegatingMethodAccessorImpl.java:43) ~[?:1.8.0_461]
	at java.lang.reflect.Method.invoke(Method.java:498) ~[?:1.8.0_461]
	at org.apache.ibatis.logging.jdbc.PreparedStatementLogger.invoke(PreparedStatementLogger.java:59) ~[mybatis-3.4.6.jar:3.4.6]
	at com.sun.proxy.$Proxy152.execute(Unknown Source) ~[?:?]
	at org.apache.ibatis.executor.statement.PreparedStatementHandler.query(PreparedStatementHandler.java:63) ~[mybatis-3.4.6.jar:3.4.6]
	at org.apache.ibatis.executor.statement.RoutingStatementHandler.query(RoutingStatementHandler.java:79) ~[mybatis-3.4.6.jar:3.4.6]
	at sun.reflect.GeneratedMethodAccessor89.invoke(Unknown Source) ~[?:?]
	at sun.reflect.DelegatingMethodAccessorImpl.invoke(DelegatingMethodAccessorImpl.java:43) ~[?:1.8.0_461]
	at java.lang.reflect.Method.invoke(Method.java:498) ~[?:1.8.0_461]
	at org.apache.ibatis.plugin.Plugin.invoke(Plugin.java:63) ~[mybatis-3.4.6.jar:3.4.6]
	at com.sun.proxy.$Proxy150.query(Unknown Source) ~[?:?]
	at org.apache.ibatis.executor.SimpleExecutor.doQuery(SimpleExecutor.java:63) ~[mybatis-3.4.6.jar:3.4.6]
	at org.apache.ibatis.executor.BaseExecutor.queryFromDatabase(BaseExecutor.java:326) ~[mybatis-3.4.6.jar:3.4.6]
	at org.apache.ibatis.executor.BaseExecutor.query(BaseExecutor.java:156) ~[mybatis-3.4.6.jar:3.4.6]
	at org.apache.ibatis.executor.CachingExecutor.query(CachingExecutor.java:109) ~[mybatis-3.4.6.jar:3.4.6]
	at org.apache.ibatis.executor.CachingExecutor.query(CachingExecutor.java:83) ~[mybatis-3.4.6.jar:3.4.6]
	at org.apache.ibatis.session.defaults.DefaultSqlSession.selectList(DefaultSqlSession.java:148) ~[mybatis-3.4.6.jar:3.4.6]
	at org.apache.ibatis.session.defaults.DefaultSqlSession.selectList(DefaultSqlSession.java:141) ~[mybatis-3.4.6.jar:3.4.6]
	at sun.reflect.GeneratedMethodAccessor97.invoke(Unknown Source) ~[?:?]
	at sun.reflect.DelegatingMethodAccessorImpl.invoke(DelegatingMethodAccessorImpl.java:43) ~[?:1.8.0_461]
	at java.lang.reflect.Method.invoke(Method.java:498) ~[?:1.8.0_461]
	at org.mybatis.spring.SqlSessionTemplate$SqlSessionInterceptor.invoke(SqlSessionTemplate.java:433) ~[mybatis-spring-1.3.2.jar:1.3.2]
	... 71 more
2026-05-04 22:12:54.848 [restartedMain] ERROR org.springframework.boot.SpringApplication - Application run failed
java.lang.IllegalStateException: Error processing condition on org.springframework.boot.autoconfigure.context.PropertyPlaceholderAutoConfiguration.propertySourcesPlaceholderConfigurer
	at org.springframework.boot.autoconfigure.condition.SpringBootCondition.matches(SpringBootCondition.java:60) ~[spring-boot-autoconfigure-2.2.5.RELEASE.jar:2.2.5.RELEASE]
	at org.springframework.context.annotation.ConditionEvaluator.shouldSkip(ConditionEvaluator.java:108) ~[spring-context-5.2.4.RELEASE.jar:5.2.4.RELEASE]
	at org.springframework.context.annotation.ConfigurationClassBeanDefinitionReader.loadBeanDefinitionsForBeanMethod(ConfigurationClassBeanDefinitionReader.java:184) ~[spring-context-5.2.4.RELEASE.jar:5.2.4.RELEASE]
	at org.springframework.context.annotation.ConfigurationClassBeanDefinitionReader.loadBeanDefinitionsForConfigurationClass(ConfigurationClassBeanDefinitionReader.java:144) ~[spring-context-5.2.4.RELEASE.jar:5.2.4.RELEASE]
	at org.springframework.context.annotation.ConfigurationClassBeanDefinitionReader.loadBeanDefinitions(ConfigurationClassBeanDefinitionReader.java:120) ~[spring-context-5.2.4.RELEASE.jar:5.2.4.RELEASE]
	at org.springframework.context.annotation.ConfigurationClassPostProcessor.processConfigBeanDefinitions(ConfigurationClassPostProcessor.java:331) ~[spring-context-5.2.4.RELEASE.jar:5.2.4.RELEASE]
	at org.springframework.context.annotation.ConfigurationClassPostProcessor.postProcessBeanDefinitionRegistry(ConfigurationClassPostProcessor.java:236) ~[spring-context-5.2.4.RELEASE.jar:5.2.4.RELEASE]
	at org.springframework.context.support.PostProcessorRegistrationDelegate.invokeBeanDefinitionRegistryPostProcessors(PostProcessorRegistrationDelegate.java:275) ~[spring-context-5.2.4.RELEASE.jar:5.2.4.RELEASE]
	at org.springframework.context.support.PostProcessorRegistrationDelegate.invokeBeanFactoryPostProcessors(PostProcessorRegistrationDelegate.java:95) ~[spring-context-5.2.4.RELEASE.jar:5.2.4.RELEASE]
	at org.springframework.context.support.AbstractApplicationContext.invokeBeanFactoryPostProcessors(AbstractApplicationContext.java:706) ~[spring-context-5.2.4.RELEASE.jar:5.2.4.RELEASE]
	at org.springframework.context.support.AbstractApplicationContext.refresh(AbstractApplicationContext.java:532) ~[spring-context-5.2.4.RELEASE.jar:5.2.4.RELEASE]
	at org.springframework.boot.web.servlet.context.ServletWebServerApplicationContext.refresh(ServletWebServerApplicationContext.java:141) ~[spring-boot-2.2.5.RELEASE.jar:2.2.5.RELEASE]
	at org.springframework.boot.SpringApplication.refresh(SpringApplication.java:747) [spring-boot-2.2.5.RELEASE.jar:2.2.5.RELEASE]
	at org.springframework.boot.SpringApplication.refreshContext(SpringApplication.java:397) [spring-boot-2.2.5.RELEASE.jar:2.2.5.RELEASE]
	at org.springframework.boot.SpringApplication.run(SpringApplication.java:315) [spring-boot-2.2.5.RELEASE.jar:2.2.5.RELEASE]
	at org.springframework.boot.SpringApplication.run(SpringApplication.java:1226) [spring-boot-2.2.5.RELEASE.jar:2.2.5.RELEASE]
	at org.springframework.boot.SpringApplication.run(SpringApplication.java:1215) [spring-boot-2.2.5.RELEASE.jar:2.2.5.RELEASE]
	at com.project.demo.Application.main(Application.java:17) [classes/:?]
	at sun.reflect.NativeMethodAccessorImpl.invoke0(Native Method) ~[?:1.8.0_461]
	at sun.reflect.NativeMethodAccessorImpl.invoke(NativeMethodAccessorImpl.java:62) ~[?:1.8.0_461]
	at sun.reflect.DelegatingMethodAccessorImpl.invoke(DelegatingMethodAccessorImpl.java:43) ~[?:1.8.0_461]
	at java.lang.reflect.Method.invoke(Method.java:498) ~[?:1.8.0_461]
	at org.springframework.boot.devtools.restart.RestartLauncher.run(RestartLauncher.java:49) [spring-boot-devtools-2.2.5.RELEASE.jar:2.2.5.RELEASE]
Caused by: java.lang.IllegalStateException: Failed to introspect Class [com.project.demo.config.MybatisPlusConfig] from ClassLoader [org.springframework.boot.devtools.restart.classloader.RestartClassLoader@6d7e0e3]
	at org.springframework.util.ReflectionUtils.getDeclaredMethods(ReflectionUtils.java:481) ~[spring-core-5.2.4.RELEASE.jar:5.2.4.RELEASE]
	at org.springframework.util.ReflectionUtils.doWithMethods(ReflectionUtils.java:358) ~[spring-core-5.2.4.RELEASE.jar:5.2.4.RELEASE]
	at org.springframework.util.ReflectionUtils.getUniqueDeclaredMethods(ReflectionUtils.java:414) ~[spring-core-5.2.4.RELEASE.jar:5.2.4.RELEASE]
	at org.springframework.beans.factory.support.AbstractAutowireCapableBeanFactory.lambda$getTypeForFactoryMethod$2(AbstractAutowireCapableBeanFactory.java:743) ~[spring-beans-5.2.4.RELEASE.jar:5.2.4.RELEASE]
	at java.util.concurrent.ConcurrentHashMap.computeIfAbsent(ConcurrentHashMap.java:1660) ~[?:1.8.0_461]
	at org.springframework.beans.factory.support.AbstractAutowireCapableBeanFactory.getTypeForFactoryMethod(AbstractAutowireCapableBeanFactory.java:742) ~[spring-beans-5.2.4.RELEASE.jar:5.2.4.RELEASE]
	at org.springframework.beans.factory.support.AbstractAutowireCapableBeanFactory.determineTargetType(AbstractAutowireCapableBeanFactory.java:681) ~[spring-beans-5.2.4.RELEASE.jar:5.2.4.RELEASE]
	at org.springframework.beans.factory.support.AbstractAutowireCapableBeanFactory.predictBeanType(AbstractAutowireCapableBeanFactory.java:649) ~[spring-beans-5.2.4.RELEASE.jar:5.2.4.RELEASE]
	at org.springframework.beans.factory.support.AbstractBeanFactory.isFactoryBean(AbstractBeanFactory.java:1605) ~[spring-beans-5.2.4.RELEASE.jar:5.2.4.RELEASE]
	at org.springframework.beans.factory.support.DefaultListableBeanFactory.doGetBeanNamesForType(DefaultListableBeanFactory.java:520) ~[spring-beans-5.2.4.RELEASE.jar:5.2.4.RELEASE]
	at org.springframework.beans.factory.support.DefaultListableBeanFactory.getBeanNamesForType(DefaultListableBeanFactory.java:491) ~[spring-beans-5.2.4.RELEASE.jar:5.2.4.RELEASE]
	at org.springframework.boot.autoconfigure.condition.OnBeanCondition.collectBeanNamesForType(OnBeanCondition.java:230) ~[spring-boot-autoconfigure-2.2.5.RELEASE.jar:2.2.5.RELEASE]
	at org.springframework.boot.autoconfigure.condition.OnBeanCondition.getBeanNamesForType(OnBeanCondition.java:223) ~[spring-boot-autoconfigure-2.2.5.RELEASE.jar:2.2.5.RELEASE]
	at org.springframework.boot.autoconfigure.condition.OnBeanCondition.getBeanNamesForType(OnBeanCondition.java:213) ~[spring-boot-autoconfigure-2.2.5.RELEASE.jar:2.2.5.RELEASE]
	at org.springframework.boot.autoconfigure.condition.OnBeanCondition.getMatchingBeans(OnBeanCondition.java:167) ~[spring-boot-autoconfigure-2.2.5.RELEASE.jar:2.2.5.RELEASE]
	at org.springframework.boot.autoconfigure.condition.OnBeanCondition.getMatchOutcome(OnBeanCondition.java:142) ~[spring-boot-autoconfigure-2.2.5.RELEASE.jar:2.2.5.RELEASE]
	at org.springframework.boot.autoconfigure.condition.SpringBootCondition.matches(SpringBootCondition.java:47) ~[spring-boot-autoconfigure-2.2.5.RELEASE.jar:2.2.5.RELEASE]
	... 22 more
Caused by: java.lang.NoClassDefFoundError: com/baomidou/mybatisplus/extension/plugins/inner/InnerInterceptor
	at java.lang.Class.getDeclaredMethods0(Native Method) ~[?:1.8.0_461]
	at java.lang.Class.privateGetDeclaredMethods(Class.java:2701) ~[?:1.8.0_461]
	at java.lang.Class.getDeclaredMethods(Class.java:1975) ~[?:1.8.0_461]
	at org.springframework.util.ReflectionUtils.getDeclaredMethods(ReflectionUtils.java:463) ~[spring-core-5.2.4.RELEASE.jar:5.2.4.RELEASE]
	at org.springframework.util.ReflectionUtils.doWithMethods(ReflectionUtils.java:358) ~[spring-core-5.2.4.RELEASE.jar:5.2.4.RELEASE]
	at org.springframework.util.ReflectionUtils.getUniqueDeclaredMethods(ReflectionUtils.java:414) ~[spring-core-5.2.4.RELEASE.jar:5.2.4.RELEASE]
	at org.springframework.beans.factory.support.AbstractAutowireCapableBeanFactory.lambda$getTypeForFactoryMethod$2(AbstractAutowireCapableBeanFactory.java:743) ~[spring-beans-5.2.4.RELEASE.jar:5.2.4.RELEASE]
	at java.util.concurrent.ConcurrentHashMap.computeIfAbsent(ConcurrentHashMap.java:1660) ~[?:1.8.0_461]
	at org.springframework.beans.factory.support.AbstractAutowireCapableBeanFactory.getTypeForFactoryMethod(AbstractAutowireCapableBeanFactory.java:742) ~[spring-beans-5.2.4.RELEASE.jar:5.2.4.RELEASE]
	at org.springframework.beans.factory.support.AbstractAutowireCapableBeanFactory.determineTargetType(AbstractAutowireCapableBeanFactory.java:681) ~[spring-beans-5.2.4.RELEASE.jar:5.2.4.RELEASE]
	at org.springframework.beans.factory.support.AbstractAutowireCapableBeanFactory.predictBeanType(AbstractAutowireCapableBeanFactory.java:649) ~[spring-beans-5.2.4.RELEASE.jar:5.2.4.RELEASE]
	at org.springframework.beans.factory.support.AbstractBeanFactory.isFactoryBean(AbstractBeanFactory.java:1605) ~[spring-beans-5.2.4.RELEASE.jar:5.2.4.RELEASE]
	at org.springframework.beans.factory.support.DefaultListableBeanFactory.doGetBeanNamesForType(DefaultListableBeanFactory.java:520) ~[spring-beans-5.2.4.RELEASE.jar:5.2.4.RELEASE]
	at org.springframework.beans.factory.support.DefaultListableBeanFactory.getBeanNamesForType(DefaultListableBeanFactory.java:491) ~[spring-beans-5.2.4.RELEASE.jar:5.2.4.RELEASE]
	at org.springframework.boot.autoconfigure.condition.OnBeanCondition.collectBeanNamesForType(OnBeanCondition.java:230) ~[spring-boot-autoconfigure-2.2.5.RELEASE.jar:2.2.5.RELEASE]
	at org.springframework.boot.autoconfigure.condition.OnBeanCondition.getBeanNamesForType(OnBeanCondition.java:223) ~[spring-boot-autoconfigure-2.2.5.RELEASE.jar:2.2.5.RELEASE]
	at org.springframework.boot.autoconfigure.condition.OnBeanCondition.getBeanNamesForType(OnBeanCondition.java:213) ~[spring-boot-autoconfigure-2.2.5.RELEASE.jar:2.2.5.RELEASE]
	at org.springframework.boot.autoconfigure.condition.OnBeanCondition.getMatchingBeans(OnBeanCondition.java:167) ~[spring-boot-autoconfigure-2.2.5.RELEASE.jar:2.2.5.RELEASE]
	at org.springframework.boot.autoconfigure.condition.OnBeanCondition.getMatchOutcome(OnBeanCondition.java:142) ~[spring-boot-autoconfigure-2.2.5.RELEASE.jar:2.2.5.RELEASE]
	at org.springframework.boot.autoconfigure.condition.SpringBootCondition.matches(SpringBootCondition.java:47) ~[spring-boot-autoconfigure-2.2.5.RELEASE.jar:2.2.5.RELEASE]
	... 22 more
Caused by: java.lang.ClassNotFoundException: com.baomidou.mybatisplus.extension.plugins.inner.InnerInterceptor
	at java.net.URLClassLoader.findClass(URLClassLoader.java:387) ~[?:1.8.0_461]
	at java.lang.ClassLoader.loadClass(ClassLoader.java:418) ~[?:1.8.0_461]
	at sun.misc.Launcher$AppClassLoader.loadClass(Launcher.java:371) ~[?:1.8.0_461]
	at java.lang.ClassLoader.loadClass(ClassLoader.java:351) ~[?:1.8.0_461]
	at org.springframework.boot.devtools.restart.classloader.RestartClassLoader.loadClass(RestartClassLoader.java:144) ~[spring-boot-devtools-2.2.5.RELEASE.jar:2.2.5.RELEASE]
	at java.lang.ClassLoader.loadClass(ClassLoader.java:351) ~[?:1.8.0_461]
	at java.lang.Class.getDeclaredMethods0(Native Method) ~[?:1.8.0_461]
	at java.lang.Class.privateGetDeclaredMethods(Class.java:2701) ~[?:1.8.0_461]
	at java.lang.Class.getDeclaredMethods(Class.java:1975) ~[?:1.8.0_461]
	at org.springframework.util.ReflectionUtils.getDeclaredMethods(ReflectionUtils.java:463) ~[spring-core-5.2.4.RELEASE.jar:5.2.4.RELEASE]
	at org.springframework.util.ReflectionUtils.doWithMethods(ReflectionUtils.java:358) ~[spring-core-5.2.4.RELEASE.jar:5.2.4.RELEASE]
	at org.springframework.util.ReflectionUtils.getUniqueDeclaredMethods(ReflectionUtils.java:414) ~[spring-core-5.2.4.RELEASE.jar:5.2.4.RELEASE]
	at org.springframework.beans.factory.support.AbstractAutowireCapableBeanFactory.lambda$getTypeForFactoryMethod$2(AbstractAutowireCapableBeanFactory.java:743) ~[spring-beans-5.2.4.RELEASE.jar:5.2.4.RELEASE]
	at java.util.concurrent.ConcurrentHashMap.computeIfAbsent(ConcurrentHashMap.java:1660) ~[?:1.8.0_461]
	at org.springframework.beans.factory.support.AbstractAutowireCapableBeanFactory.getTypeForFactoryMethod(AbstractAutowireCapableBeanFactory.java:742) ~[spring-beans-5.2.4.RELEASE.jar:5.2.4.RELEASE]
	at org.springframework.beans.factory.support.AbstractAutowireCapableBeanFactory.determineTargetType(AbstractAutowireCapableBeanFactory.java:681) ~[spring-beans-5.2.4.RELEASE.jar:5.2.4.RELEASE]
	at org.springframework.beans.factory.support.AbstractAutowireCapableBeanFactory.predictBeanType(AbstractAutowireCapableBeanFactory.java:649) ~[spring-beans-5.2.4.RELEASE.jar:5.2.4.RELEASE]
	at org.springframework.beans.factory.support.AbstractBeanFactory.isFactoryBean(AbstractBeanFactory.java:1605) ~[spring-beans-5.2.4.RELEASE.jar:5.2.4.RELEASE]
	at org.springframework.beans.factory.support.DefaultListableBeanFactory.doGetBeanNamesForType(DefaultListableBeanFactory.java:520) ~[spring-beans-5.2.4.RELEASE.jar:5.2.4.RELEASE]
	at org.springframework.beans.factory.support.DefaultListableBeanFactory.getBeanNamesForType(DefaultListableBeanFactory.java:491) ~[spring-beans-5.2.4.RELEASE.jar:5.2.4.RELEASE]
	at org.springframework.boot.autoconfigure.condition.OnBeanCondition.collectBeanNamesForType(OnBeanCondition.java:230) ~[spring-boot-autoconfigure-2.2.5.RELEASE.jar:2.2.5.RELEASE]
	at org.springframework.boot.autoconfigure.condition.OnBeanCondition.getBeanNamesForType(OnBeanCondition.java:223) ~[spring-boot-autoconfigure-2.2.5.RELEASE.jar:2.2.5.RELEASE]
	at org.springframework.boot.autoconfigure.condition.OnBeanCondition.getBeanNamesForType(OnBeanCondition.java:213) ~[spring-boot-autoconfigure-2.2.5.RELEASE.jar:2.2.5.RELEASE]
	at org.springframework.boot.autoconfigure.condition.OnBeanCondition.getMatchingBeans(OnBeanCondition.java:167) ~[spring-boot-autoconfigure-2.2.5.RELEASE.jar:2.2.5.RELEASE]
	at org.springframework.boot.autoconfigure.condition.OnBeanCondition.getMatchOutcome(OnBeanCondition.java:142) ~[spring-boot-autoconfigure-2.2.5.RELEASE.jar:2.2.5.RELEASE]
	at org.springframework.boot.autoconfigure.condition.SpringBootCondition.matches(SpringBootCondition.java:47) ~[spring-boot-autoconfigure-2.2.5.RELEASE.jar:2.2.5.RELEASE]
	... 22 more
2026-05-04 22:13:08.648 [restartedMain] ERROR org.springframework.boot.SpringApplication - Application run failed
java.lang.IllegalStateException: Error processing condition on org.springframework.boot.autoconfigure.context.PropertyPlaceholderAutoConfiguration.propertySourcesPlaceholderConfigurer
	at org.springframework.boot.autoconfigure.condition.SpringBootCondition.matches(SpringBootCondition.java:60) ~[spring-boot-autoconfigure-2.2.5.RELEASE.jar:2.2.5.RELEASE]
	at org.springframework.context.annotation.ConditionEvaluator.shouldSkip(ConditionEvaluator.java:108) ~[spring-context-5.2.4.RELEASE.jar:5.2.4.RELEASE]
	at org.springframework.context.annotation.ConfigurationClassBeanDefinitionReader.loadBeanDefinitionsForBeanMethod(ConfigurationClassBeanDefinitionReader.java:184) ~[spring-context-5.2.4.RELEASE.jar:5.2.4.RELEASE]
	at org.springframework.context.annotation.ConfigurationClassBeanDefinitionReader.loadBeanDefinitionsForConfigurationClass(ConfigurationClassBeanDefinitionReader.java:144) ~[spring-context-5.2.4.RELEASE.jar:5.2.4.RELEASE]
	at org.springframework.context.annotation.ConfigurationClassBeanDefinitionReader.loadBeanDefinitions(ConfigurationClassBeanDefinitionReader.java:120) ~[spring-context-5.2.4.RELEASE.jar:5.2.4.RELEASE]
	at org.springframework.context.annotation.ConfigurationClassPostProcessor.processConfigBeanDefinitions(ConfigurationClassPostProcessor.java:331) ~[spring-context-5.2.4.RELEASE.jar:5.2.4.RELEASE]
	at org.springframework.context.annotation.ConfigurationClassPostProcessor.postProcessBeanDefinitionRegistry(ConfigurationClassPostProcessor.java:236) ~[spring-context-5.2.4.RELEASE.jar:5.2.4.RELEASE]
	at org.springframework.context.support.PostProcessorRegistrationDelegate.invokeBeanDefinitionRegistryPostProcessors(PostProcessorRegistrationDelegate.java:275) ~[spring-context-5.2.4.RELEASE.jar:5.2.4.RELEASE]
	at org.springframework.context.support.PostProcessorRegistrationDelegate.invokeBeanFactoryPostProcessors(PostProcessorRegistrationDelegate.java:95) ~[spring-context-5.2.4.RELEASE.jar:5.2.4.RELEASE]
	at org.springframework.context.support.AbstractApplicationContext.invokeBeanFactoryPostProcessors(AbstractApplicationContext.java:706) ~[spring-context-5.2.4.RELEASE.jar:5.2.4.RELEASE]
	at org.springframework.context.support.AbstractApplicationContext.refresh(AbstractApplicationContext.java:532) ~[spring-context-5.2.4.RELEASE.jar:5.2.4.RELEASE]
	at org.springframework.boot.web.servlet.context.ServletWebServerApplicationContext.refresh(ServletWebServerApplicationContext.java:141) ~[spring-boot-2.2.5.RELEASE.jar:2.2.5.RELEASE]
	at org.springframework.boot.SpringApplication.refresh(SpringApplication.java:747) [spring-boot-2.2.5.RELEASE.jar:2.2.5.RELEASE]
	at org.springframework.boot.SpringApplication.refreshContext(SpringApplication.java:397) [spring-boot-2.2.5.RELEASE.jar:2.2.5.RELEASE]
	at org.springframework.boot.SpringApplication.run(SpringApplication.java:315) [spring-boot-2.2.5.RELEASE.jar:2.2.5.RELEASE]
	at org.springframework.boot.SpringApplication.run(SpringApplication.java:1226) [spring-boot-2.2.5.RELEASE.jar:2.2.5.RELEASE]
	at org.springframework.boot.SpringApplication.run(SpringApplication.java:1215) [spring-boot-2.2.5.RELEASE.jar:2.2.5.RELEASE]
	at com.project.demo.Application.main(Application.java:17) [classes/:?]
	at sun.reflect.NativeMethodAccessorImpl.invoke0(Native Method) ~[?:1.8.0_461]
	at sun.reflect.NativeMethodAccessorImpl.invoke(NativeMethodAccessorImpl.java:62) ~[?:1.8.0_461]
	at sun.reflect.DelegatingMethodAccessorImpl.invoke(DelegatingMethodAccessorImpl.java:43) ~[?:1.8.0_461]
	at java.lang.reflect.Method.invoke(Method.java:498) ~[?:1.8.0_461]
	at org.springframework.boot.devtools.restart.RestartLauncher.run(RestartLauncher.java:49) [spring-boot-devtools-2.2.5.RELEASE.jar:2.2.5.RELEASE]
Caused by: java.lang.IllegalStateException: Failed to introspect Class [com.project.demo.config.MybatisPlusConfig] from ClassLoader [org.springframework.boot.devtools.restart.classloader.RestartClassLoader@159b05e9]
	at org.springframework.util.ReflectionUtils.getDeclaredMethods(ReflectionUtils.java:481) ~[spring-core-5.2.4.RELEASE.jar:5.2.4.RELEASE]
	at org.springframework.util.ReflectionUtils.doWithMethods(ReflectionUtils.java:358) ~[spring-core-5.2.4.RELEASE.jar:5.2.4.RELEASE]
	at org.springframework.util.ReflectionUtils.getUniqueDeclaredMethods(ReflectionUtils.java:414) ~[spring-core-5.2.4.RELEASE.jar:5.2.4.RELEASE]
	at org.springframework.beans.factory.support.AbstractAutowireCapableBeanFactory.lambda$getTypeForFactoryMethod$2(AbstractAutowireCapableBeanFactory.java:743) ~[spring-beans-5.2.4.RELEASE.jar:5.2.4.RELEASE]
	at java.util.concurrent.ConcurrentHashMap.computeIfAbsent(ConcurrentHashMap.java:1660) ~[?:1.8.0_461]
	at org.springframework.beans.factory.support.AbstractAutowireCapableBeanFactory.getTypeForFactoryMethod(AbstractAutowireCapableBeanFactory.java:742) ~[spring-beans-5.2.4.RELEASE.jar:5.2.4.RELEASE]
	at org.springframework.beans.factory.support.AbstractAutowireCapableBeanFactory.determineTargetType(AbstractAutowireCapableBeanFactory.java:681) ~[spring-beans-5.2.4.RELEASE.jar:5.2.4.RELEASE]
	at org.springframework.beans.factory.support.AbstractAutowireCapableBeanFactory.predictBeanType(AbstractAutowireCapableBeanFactory.java:649) ~[spring-beans-5.2.4.RELEASE.jar:5.2.4.RELEASE]
	at org.springframework.beans.factory.support.AbstractBeanFactory.isFactoryBean(AbstractBeanFactory.java:1605) ~[spring-beans-5.2.4.RELEASE.jar:5.2.4.RELEASE]
	at org.springframework.beans.factory.support.DefaultListableBeanFactory.doGetBeanNamesForType(DefaultListableBeanFactory.java:520) ~[spring-beans-5.2.4.RELEASE.jar:5.2.4.RELEASE]
	at org.springframework.beans.factory.support.DefaultListableBeanFactory.getBeanNamesForType(DefaultListableBeanFactory.java:491) ~[spring-beans-5.2.4.RELEASE.jar:5.2.4.RELEASE]
	at org.springframework.boot.autoconfigure.condition.OnBeanCondition.collectBeanNamesForType(OnBeanCondition.java:230) ~[spring-boot-autoconfigure-2.2.5.RELEASE.jar:2.2.5.RELEASE]
	at org.springframework.boot.autoconfigure.condition.OnBeanCondition.getBeanNamesForType(OnBeanCondition.java:223) ~[spring-boot-autoconfigure-2.2.5.RELEASE.jar:2.2.5.RELEASE]
	at org.springframework.boot.autoconfigure.condition.OnBeanCondition.getBeanNamesForType(OnBeanCondition.java:213) ~[spring-boot-autoconfigure-2.2.5.RELEASE.jar:2.2.5.RELEASE]
	at org.springframework.boot.autoconfigure.condition.OnBeanCondition.getMatchingBeans(OnBeanCondition.java:167) ~[spring-boot-autoconfigure-2.2.5.RELEASE.jar:2.2.5.RELEASE]
	at org.springframework.boot.autoconfigure.condition.OnBeanCondition.getMatchOutcome(OnBeanCondition.java:142) ~[spring-boot-autoconfigure-2.2.5.RELEASE.jar:2.2.5.RELEASE]
	at org.springframework.boot.autoconfigure.condition.SpringBootCondition.matches(SpringBootCondition.java:47) ~[spring-boot-autoconfigure-2.2.5.RELEASE.jar:2.2.5.RELEASE]
	... 22 more
Caused by: java.lang.NoClassDefFoundError: com/baomidou/mybatisplus/extension/plugins/inner/InnerInterceptor
	at java.lang.Class.getDeclaredMethods0(Native Method) ~[?:1.8.0_461]
	at java.lang.Class.privateGetDeclaredMethods(Class.java:2701) ~[?:1.8.0_461]
	at java.lang.Class.getDeclaredMethods(Class.java:1975) ~[?:1.8.0_461]
	at org.springframework.util.ReflectionUtils.getDeclaredMethods(ReflectionUtils.java:463) ~[spring-core-5.2.4.RELEASE.jar:5.2.4.RELEASE]
	at org.springframework.util.ReflectionUtils.doWithMethods(ReflectionUtils.java:358) ~[spring-core-5.2.4.RELEASE.jar:5.2.4.RELEASE]
	at org.springframework.util.ReflectionUtils.getUniqueDeclaredMethods(ReflectionUtils.java:414) ~[spring-core-5.2.4.RELEASE.jar:5.2.4.RELEASE]
	at org.springframework.beans.factory.support.AbstractAutowireCapableBeanFactory.lambda$getTypeForFactoryMethod$2(AbstractAutowireCapableBeanFactory.java:743) ~[spring-beans-5.2.4.RELEASE.jar:5.2.4.RELEASE]
	at java.util.concurrent.ConcurrentHashMap.computeIfAbsent(ConcurrentHashMap.java:1660) ~[?:1.8.0_461]
	at org.springframework.beans.factory.support.AbstractAutowireCapableBeanFactory.getTypeForFactoryMethod(AbstractAutowireCapableBeanFactory.java:742) ~[spring-beans-5.2.4.RELEASE.jar:5.2.4.RELEASE]
	at org.springframework.beans.factory.support.AbstractAutowireCapableBeanFactory.determineTargetType(AbstractAutowireCapableBeanFactory.java:681) ~[spring-beans-5.2.4.RELEASE.jar:5.2.4.RELEASE]
	at org.springframework.beans.factory.support.AbstractAutowireCapableBeanFactory.predictBeanType(AbstractAutowireCapableBeanFactory.java:649) ~[spring-beans-5.2.4.RELEASE.jar:5.2.4.RELEASE]
	at org.springframework.beans.factory.support.AbstractBeanFactory.isFactoryBean(AbstractBeanFactory.java:1605) ~[spring-beans-5.2.4.RELEASE.jar:5.2.4.RELEASE]
	at org.springframework.beans.factory.support.DefaultListableBeanFactory.doGetBeanNamesForType(DefaultListableBeanFactory.java:520) ~[spring-beans-5.2.4.RELEASE.jar:5.2.4.RELEASE]
	at org.springframework.beans.factory.support.DefaultListableBeanFactory.getBeanNamesForType(DefaultListableBeanFactory.java:491) ~[spring-beans-5.2.4.RELEASE.jar:5.2.4.RELEASE]
	at org.springframework.boot.autoconfigure.condition.OnBeanCondition.collectBeanNamesForType(OnBeanCondition.java:230) ~[spring-boot-autoconfigure-2.2.5.RELEASE.jar:2.2.5.RELEASE]
	at org.springframework.boot.autoconfigure.condition.OnBeanCondition.getBeanNamesForType(OnBeanCondition.java:223) ~[spring-boot-autoconfigure-2.2.5.RELEASE.jar:2.2.5.RELEASE]
	at org.springframework.boot.autoconfigure.condition.OnBeanCondition.getBeanNamesForType(OnBeanCondition.java:213) ~[spring-boot-autoconfigure-2.2.5.RELEASE.jar:2.2.5.RELEASE]
	at org.springframework.boot.autoconfigure.condition.OnBeanCondition.getMatchingBeans(OnBeanCondition.java:167) ~[spring-boot-autoconfigure-2.2.5.RELEASE.jar:2.2.5.RELEASE]
	at org.springframework.boot.autoconfigure.condition.OnBeanCondition.getMatchOutcome(OnBeanCondition.java:142) ~[spring-boot-autoconfigure-2.2.5.RELEASE.jar:2.2.5.RELEASE]
	at org.springframework.boot.autoconfigure.condition.SpringBootCondition.matches(SpringBootCondition.java:47) ~[spring-boot-autoconfigure-2.2.5.RELEASE.jar:2.2.5.RELEASE]
	... 22 more
Caused by: java.lang.ClassNotFoundException: com.baomidou.mybatisplus.extension.plugins.inner.InnerInterceptor
	at java.net.URLClassLoader.findClass(URLClassLoader.java:387) ~[?:1.8.0_461]
	at java.lang.ClassLoader.loadClass(ClassLoader.java:418) ~[?:1.8.0_461]
	at sun.misc.Launcher$AppClassLoader.loadClass(Launcher.java:371) ~[?:1.8.0_461]
	at java.lang.ClassLoader.loadClass(ClassLoader.java:351) ~[?:1.8.0_461]
	at org.springframework.boot.devtools.restart.classloader.RestartClassLoader.loadClass(RestartClassLoader.java:144) ~[spring-boot-devtools-2.2.5.RELEASE.jar:2.2.5.RELEASE]
	at java.lang.ClassLoader.loadClass(ClassLoader.java:351) ~[?:1.8.0_461]
	at java.lang.Class.getDeclaredMethods0(Native Method) ~[?:1.8.0_461]
	at java.lang.Class.privateGetDeclaredMethods(Class.java:2701) ~[?:1.8.0_461]
	at java.lang.Class.getDeclaredMethods(Class.java:1975) ~[?:1.8.0_461]
	at org.springframework.util.ReflectionUtils.getDeclaredMethods(ReflectionUtils.java:463) ~[spring-core-5.2.4.RELEASE.jar:5.2.4.RELEASE]
	at org.springframework.util.ReflectionUtils.doWithMethods(ReflectionUtils.java:358) ~[spring-core-5.2.4.RELEASE.jar:5.2.4.RELEASE]
	at org.springframework.util.ReflectionUtils.getUniqueDeclaredMethods(ReflectionUtils.java:414) ~[spring-core-5.2.4.RELEASE.jar:5.2.4.RELEASE]
	at org.springframework.beans.factory.support.AbstractAutowireCapableBeanFactory.lambda$getTypeForFactoryMethod$2(AbstractAutowireCapableBeanFactory.java:743) ~[spring-beans-5.2.4.RELEASE.jar:5.2.4.RELEASE]
	at java.util.concurrent.ConcurrentHashMap.computeIfAbsent(ConcurrentHashMap.java:1660) ~[?:1.8.0_461]
	at org.springframework.beans.factory.support.AbstractAutowireCapableBeanFactory.getTypeForFactoryMethod(AbstractAutowireCapableBeanFactory.java:742) ~[spring-beans-5.2.4.RELEASE.jar:5.2.4.RELEASE]
	at org.springframework.beans.factory.support.AbstractAutowireCapableBeanFactory.determineTargetType(AbstractAutowireCapableBeanFactory.java:681) ~[spring-beans-5.2.4.RELEASE.jar:5.2.4.RELEASE]
	at org.springframework.beans.factory.support.AbstractAutowireCapableBeanFactory.predictBeanType(AbstractAutowireCapableBeanFactory.java:649) ~[spring-beans-5.2.4.RELEASE.jar:5.2.4.RELEASE]
	at org.springframework.beans.factory.support.AbstractBeanFactory.isFactoryBean(AbstractBeanFactory.java:1605) ~[spring-beans-5.2.4.RELEASE.jar:5.2.4.RELEASE]
	at org.springframework.beans.factory.support.DefaultListableBeanFactory.doGetBeanNamesForType(DefaultListableBeanFactory.java:520) ~[spring-beans-5.2.4.RELEASE.jar:5.2.4.RELEASE]
	at org.springframework.beans.factory.support.DefaultListableBeanFactory.getBeanNamesForType(DefaultListableBeanFactory.java:491) ~[spring-beans-5.2.4.RELEASE.jar:5.2.4.RELEASE]
	at org.springframework.boot.autoconfigure.condition.OnBeanCondition.collectBeanNamesForType(OnBeanCondition.java:230) ~[spring-boot-autoconfigure-2.2.5.RELEASE.jar:2.2.5.RELEASE]
	at org.springframework.boot.autoconfigure.condition.OnBeanCondition.getBeanNamesForType(OnBeanCondition.java:223) ~[spring-boot-autoconfigure-2.2.5.RELEASE.jar:2.2.5.RELEASE]
	at org.springframework.boot.autoconfigure.condition.OnBeanCondition.getBeanNamesForType(OnBeanCondition.java:213) ~[spring-boot-autoconfigure-2.2.5.RELEASE.jar:2.2.5.RELEASE]
	at org.springframework.boot.autoconfigure.condition.OnBeanCondition.getMatchingBeans(OnBeanCondition.java:167) ~[spring-boot-autoconfigure-2.2.5.RELEASE.jar:2.2.5.RELEASE]
	at org.springframework.boot.autoconfigure.condition.OnBeanCondition.getMatchOutcome(OnBeanCondition.java:142) ~[spring-boot-autoconfigure-2.2.5.RELEASE.jar:2.2.5.RELEASE]
	at org.springframework.boot.autoconfigure.condition.SpringBootCondition.matches(SpringBootCondition.java:47) ~[spring-boot-autoconfigure-2.2.5.RELEASE.jar:2.2.5.RELEASE]
	... 22 more
2026-05-04 22:13:12.680 [restartedMain] ERROR org.springframework.boot.SpringApplication - Application run failed
java.lang.IllegalStateException: Error processing condition on org.springframework.boot.autoconfigure.context.PropertyPlaceholderAutoConfiguration.propertySourcesPlaceholderConfigurer
	at org.springframework.boot.autoconfigure.condition.SpringBootCondition.matches(SpringBootCondition.java:60) ~[spring-boot-autoconfigure-2.2.5.RELEASE.jar:2.2.5.RELEASE]
	at org.springframework.context.annotation.ConditionEvaluator.shouldSkip(ConditionEvaluator.java:108) ~[spring-context-5.2.4.RELEASE.jar:5.2.4.RELEASE]
	at org.springframework.context.annotation.ConfigurationClassBeanDefinitionReader.loadBeanDefinitionsForBeanMethod(ConfigurationClassBeanDefinitionReader.java:184) ~[spring-context-5.2.4.RELEASE.jar:5.2.4.RELEASE]
	at org.springframework.context.annotation.ConfigurationClassBeanDefinitionReader.loadBeanDefinitionsForConfigurationClass(ConfigurationClassBeanDefinitionReader.java:144) ~[spring-context-5.2.4.RELEASE.jar:5.2.4.RELEASE]
	at org.springframework.context.annotation.ConfigurationClassBeanDefinitionReader.loadBeanDefinitions(ConfigurationClassBeanDefinitionReader.java:120) ~[spring-context-5.2.4.RELEASE.jar:5.2.4.RELEASE]
	at org.springframework.context.annotation.ConfigurationClassPostProcessor.processConfigBeanDefinitions(ConfigurationClassPostProcessor.java:331) ~[spring-context-5.2.4.RELEASE.jar:5.2.4.RELEASE]
	at org.springframework.context.annotation.ConfigurationClassPostProcessor.postProcessBeanDefinitionRegistry(ConfigurationClassPostProcessor.java:236) ~[spring-context-5.2.4.RELEASE.jar:5.2.4.RELEASE]
	at org.springframework.context.support.PostProcessorRegistrationDelegate.invokeBeanDefinitionRegistryPostProcessors(PostProcessorRegistrationDelegate.java:275) ~[spring-context-5.2.4.RELEASE.jar:5.2.4.RELEASE]
	at org.springframework.context.support.PostProcessorRegistrationDelegate.invokeBeanFactoryPostProcessors(PostProcessorRegistrationDelegate.java:95) ~[spring-context-5.2.4.RELEASE.jar:5.2.4.RELEASE]
	at org.springframework.context.support.AbstractApplicationContext.invokeBeanFactoryPostProcessors(AbstractApplicationContext.java:706) ~[spring-context-5.2.4.RELEASE.jar:5.2.4.RELEASE]
	at org.springframework.context.support.AbstractApplicationContext.refresh(AbstractApplicationContext.java:532) ~[spring-context-5.2.4.RELEASE.jar:5.2.4.RELEASE]
	at org.springframework.boot.web.servlet.context.ServletWebServerApplicationContext.refresh(ServletWebServerApplicationContext.java:141) ~[spring-boot-2.2.5.RELEASE.jar:2.2.5.RELEASE]
	at org.springframework.boot.SpringApplication.refresh(SpringApplication.java:747) [spring-boot-2.2.5.RELEASE.jar:2.2.5.RELEASE]
	at org.springframework.boot.SpringApplication.refreshContext(SpringApplication.java:397) [spring-boot-2.2.5.RELEASE.jar:2.2.5.RELEASE]
	at org.springframework.boot.SpringApplication.run(SpringApplication.java:315) [spring-boot-2.2.5.RELEASE.jar:2.2.5.RELEASE]
	at org.springframework.boot.SpringApplication.run(SpringApplication.java:1226) [spring-boot-2.2.5.RELEASE.jar:2.2.5.RELEASE]
	at org.springframework.boot.SpringApplication.run(SpringApplication.java:1215) [spring-boot-2.2.5.RELEASE.jar:2.2.5.RELEASE]
	at com.project.demo.Application.main(Application.java:17) [classes/:?]
	at sun.reflect.NativeMethodAccessorImpl.invoke0(Native Method) ~[?:1.8.0_461]
	at sun.reflect.NativeMethodAccessorImpl.invoke(NativeMethodAccessorImpl.java:62) ~[?:1.8.0_461]
	at sun.reflect.DelegatingMethodAccessorImpl.invoke(DelegatingMethodAccessorImpl.java:43) ~[?:1.8.0_461]
	at java.lang.reflect.Method.invoke(Method.java:498) ~[?:1.8.0_461]
	at org.springframework.boot.devtools.restart.RestartLauncher.run(RestartLauncher.java:49) [spring-boot-devtools-2.2.5.RELEASE.jar:2.2.5.RELEASE]
Caused by: java.lang.IllegalStateException: Failed to introspect Class [com.project.demo.config.MybatisPlusConfig] from ClassLoader [org.springframework.boot.devtools.restart.classloader.RestartClassLoader@203d7507]
	at org.springframework.util.ReflectionUtils.getDeclaredMethods(ReflectionUtils.java:481) ~[spring-core-5.2.4.RELEASE.jar:5.2.4.RELEASE]
	at org.springframework.util.ReflectionUtils.doWithMethods(ReflectionUtils.java:358) ~[spring-core-5.2.4.RELEASE.jar:5.2.4.RELEASE]
	at org.springframework.util.ReflectionUtils.getUniqueDeclaredMethods(ReflectionUtils.java:414) ~[spring-core-5.2.4.RELEASE.jar:5.2.4.RELEASE]
	at org.springframework.beans.factory.support.AbstractAutowireCapableBeanFactory.lambda$getTypeForFactoryMethod$2(AbstractAutowireCapableBeanFactory.java:743) ~[spring-beans-5.2.4.RELEASE.jar:5.2.4.RELEASE]
	at java.util.concurrent.ConcurrentHashMap.computeIfAbsent(ConcurrentHashMap.java:1660) ~[?:1.8.0_461]
	at org.springframework.beans.factory.support.AbstractAutowireCapableBeanFactory.getTypeForFactoryMethod(AbstractAutowireCapableBeanFactory.java:742) ~[spring-beans-5.2.4.RELEASE.jar:5.2.4.RELEASE]
	at org.springframework.beans.factory.support.AbstractAutowireCapableBeanFactory.determineTargetType(AbstractAutowireCapableBeanFactory.java:681) ~[spring-beans-5.2.4.RELEASE.jar:5.2.4.RELEASE]
	at org.springframework.beans.factory.support.AbstractAutowireCapableBeanFactory.predictBeanType(AbstractAutowireCapableBeanFactory.java:649) ~[spring-beans-5.2.4.RELEASE.jar:5.2.4.RELEASE]
	at org.springframework.beans.factory.support.AbstractBeanFactory.isFactoryBean(AbstractBeanFactory.java:1605) ~[spring-beans-5.2.4.RELEASE.jar:5.2.4.RELEASE]
	at org.springframework.beans.factory.support.DefaultListableBeanFactory.doGetBeanNamesForType(DefaultListableBeanFactory.java:520) ~[spring-beans-5.2.4.RELEASE.jar:5.2.4.RELEASE]
	at org.springframework.beans.factory.support.DefaultListableBeanFactory.getBeanNamesForType(DefaultListableBeanFactory.java:491) ~[spring-beans-5.2.4.RELEASE.jar:5.2.4.RELEASE]
	at org.springframework.boot.autoconfigure.condition.OnBeanCondition.collectBeanNamesForType(OnBeanCondition.java:230) ~[spring-boot-autoconfigure-2.2.5.RELEASE.jar:2.2.5.RELEASE]
	at org.springframework.boot.autoconfigure.condition.OnBeanCondition.getBeanNamesForType(OnBeanCondition.java:223) ~[spring-boot-autoconfigure-2.2.5.RELEASE.jar:2.2.5.RELEASE]
	at org.springframework.boot.autoconfigure.condition.OnBeanCondition.getBeanNamesForType(OnBeanCondition.java:213) ~[spring-boot-autoconfigure-2.2.5.RELEASE.jar:2.2.5.RELEASE]
	at org.springframework.boot.autoconfigure.condition.OnBeanCondition.getMatchingBeans(OnBeanCondition.java:167) ~[spring-boot-autoconfigure-2.2.5.RELEASE.jar:2.2.5.RELEASE]
	at org.springframework.boot.autoconfigure.condition.OnBeanCondition.getMatchOutcome(OnBeanCondition.java:142) ~[spring-boot-autoconfigure-2.2.5.RELEASE.jar:2.2.5.RELEASE]
	at org.springframework.boot.autoconfigure.condition.SpringBootCondition.matches(SpringBootCondition.java:47) ~[spring-boot-autoconfigure-2.2.5.RELEASE.jar:2.2.5.RELEASE]
	... 22 more
Caused by: java.lang.NoClassDefFoundError: com/baomidou/mybatisplus/extension/plugins/inner/InnerInterceptor
	at java.lang.Class.getDeclaredMethods0(Native Method) ~[?:1.8.0_461]
	at java.lang.Class.privateGetDeclaredMethods(Class.java:2701) ~[?:1.8.0_461]
	at java.lang.Class.getDeclaredMethods(Class.java:1975) ~[?:1.8.0_461]
	at org.springframework.util.ReflectionUtils.getDeclaredMethods(ReflectionUtils.java:463) ~[spring-core-5.2.4.RELEASE.jar:5.2.4.RELEASE]
	at org.springframework.util.ReflectionUtils.doWithMethods(ReflectionUtils.java:358) ~[spring-core-5.2.4.RELEASE.jar:5.2.4.RELEASE]
	at org.springframework.util.ReflectionUtils.getUniqueDeclaredMethods(ReflectionUtils.java:414) ~[spring-core-5.2.4.RELEASE.jar:5.2.4.RELEASE]
	at org.springframework.beans.factory.support.AbstractAutowireCapableBeanFactory.lambda$getTypeForFactoryMethod$2(AbstractAutowireCapableBeanFactory.java:743) ~[spring-beans-5.2.4.RELEASE.jar:5.2.4.RELEASE]
	at java.util.concurrent.ConcurrentHashMap.computeIfAbsent(ConcurrentHashMap.java:1660) ~[?:1.8.0_461]
	at org.springframework.beans.factory.support.AbstractAutowireCapableBeanFactory.getTypeForFactoryMethod(AbstractAutowireCapableBeanFactory.java:742) ~[spring-beans-5.2.4.RELEASE.jar:5.2.4.RELEASE]
	at org.springframework.beans.factory.support.AbstractAutowireCapableBeanFactory.determineTargetType(AbstractAutowireCapableBeanFactory.java:681) ~[spring-beans-5.2.4.RELEASE.jar:5.2.4.RELEASE]
	at org.springframework.beans.factory.support.AbstractAutowireCapableBeanFactory.predictBeanType(AbstractAutowireCapableBeanFactory.java:649) ~[spring-beans-5.2.4.RELEASE.jar:5.2.4.RELEASE]
	at org.springframework.beans.factory.support.AbstractBeanFactory.isFactoryBean(AbstractBeanFactory.java:1605) ~[spring-beans-5.2.4.RELEASE.jar:5.2.4.RELEASE]
	at org.springframework.beans.factory.support.DefaultListableBeanFactory.doGetBeanNamesForType(DefaultListableBeanFactory.java:520) ~[spring-beans-5.2.4.RELEASE.jar:5.2.4.RELEASE]
	at org.springframework.beans.factory.support.DefaultListableBeanFactory.getBeanNamesForType(DefaultListableBeanFactory.java:491) ~[spring-beans-5.2.4.RELEASE.jar:5.2.4.RELEASE]
	at org.springframework.boot.autoconfigure.condition.OnBeanCondition.collectBeanNamesForType(OnBeanCondition.java:230) ~[spring-boot-autoconfigure-2.2.5.RELEASE.jar:2.2.5.RELEASE]
	at org.springframework.boot.autoconfigure.condition.OnBeanCondition.getBeanNamesForType(OnBeanCondition.java:223) ~[spring-boot-autoconfigure-2.2.5.RELEASE.jar:2.2.5.RELEASE]
	at org.springframework.boot.autoconfigure.condition.OnBeanCondition.getBeanNamesForType(OnBeanCondition.java:213) ~[spring-boot-autoconfigure-2.2.5.RELEASE.jar:2.2.5.RELEASE]
	at org.springframework.boot.autoconfigure.condition.OnBeanCondition.getMatchingBeans(OnBeanCondition.java:167) ~[spring-boot-autoconfigure-2.2.5.RELEASE.jar:2.2.5.RELEASE]
	at org.springframework.boot.autoconfigure.condition.OnBeanCondition.getMatchOutcome(OnBeanCondition.java:142) ~[spring-boot-autoconfigure-2.2.5.RELEASE.jar:2.2.5.RELEASE]
	at org.springframework.boot.autoconfigure.condition.SpringBootCondition.matches(SpringBootCondition.java:47) ~[spring-boot-autoconfigure-2.2.5.RELEASE.jar:2.2.5.RELEASE]
	... 22 more
Caused by: java.lang.ClassNotFoundException: com.baomidou.mybatisplus.extension.plugins.inner.InnerInterceptor
	at java.net.URLClassLoader.findClass(URLClassLoader.java:387) ~[?:1.8.0_461]
	at java.lang.ClassLoader.loadClass(ClassLoader.java:418) ~[?:1.8.0_461]
	at sun.misc.Launcher$AppClassLoader.loadClass(Launcher.java:371) ~[?:1.8.0_461]
	at java.lang.ClassLoader.loadClass(ClassLoader.java:351) ~[?:1.8.0_461]
	at org.springframework.boot.devtools.restart.classloader.RestartClassLoader.loadClass(RestartClassLoader.java:144) ~[spring-boot-devtools-2.2.5.RELEASE.jar:2.2.5.RELEASE]
	at java.lang.ClassLoader.loadClass(ClassLoader.java:351) ~[?:1.8.0_461]
	at java.lang.Class.getDeclaredMethods0(Native Method) ~[?:1.8.0_461]
	at java.lang.Class.privateGetDeclaredMethods(Class.java:2701) ~[?:1.8.0_461]
	at java.lang.Class.getDeclaredMethods(Class.java:1975) ~[?:1.8.0_461]
	at org.springframework.util.ReflectionUtils.getDeclaredMethods(ReflectionUtils.java:463) ~[spring-core-5.2.4.RELEASE.jar:5.2.4.RELEASE]
	at org.springframework.util.ReflectionUtils.doWithMethods(ReflectionUtils.java:358) ~[spring-core-5.2.4.RELEASE.jar:5.2.4.RELEASE]
	at org.springframework.util.ReflectionUtils.getUniqueDeclaredMethods(ReflectionUtils.java:414) ~[spring-core-5.2.4.RELEASE.jar:5.2.4.RELEASE]
	at org.springframework.beans.factory.support.AbstractAutowireCapableBeanFactory.lambda$getTypeForFactoryMethod$2(AbstractAutowireCapableBeanFactory.java:743) ~[spring-beans-5.2.4.RELEASE.jar:5.2.4.RELEASE]
	at java.util.concurrent.ConcurrentHashMap.computeIfAbsent(ConcurrentHashMap.java:1660) ~[?:1.8.0_461]
	at org.springframework.beans.factory.support.AbstractAutowireCapableBeanFactory.getTypeForFactoryMethod(AbstractAutowireCapableBeanFactory.java:742) ~[spring-beans-5.2.4.RELEASE.jar:5.2.4.RELEASE]
	at org.springframework.beans.factory.support.AbstractAutowireCapableBeanFactory.determineTargetType(AbstractAutowireCapableBeanFactory.java:681) ~[spring-beans-5.2.4.RELEASE.jar:5.2.4.RELEASE]
	at org.springframework.beans.factory.support.AbstractAutowireCapableBeanFactory.predictBeanType(AbstractAutowireCapableBeanFactory.java:649) ~[spring-beans-5.2.4.RELEASE.jar:5.2.4.RELEASE]
	at org.springframework.beans.factory.support.AbstractBeanFactory.isFactoryBean(AbstractBeanFactory.java:1605) ~[spring-beans-5.2.4.RELEASE.jar:5.2.4.RELEASE]
	at org.springframework.beans.factory.support.DefaultListableBeanFactory.doGetBeanNamesForType(DefaultListableBeanFactory.java:520) ~[spring-beans-5.2.4.RELEASE.jar:5.2.4.RELEASE]
	at org.springframework.beans.factory.support.DefaultListableBeanFactory.getBeanNamesForType(DefaultListableBeanFactory.java:491) ~[spring-beans-5.2.4.RELEASE.jar:5.2.4.RELEASE]
	at org.springframework.boot.autoconfigure.condition.OnBeanCondition.collectBeanNamesForType(OnBeanCondition.java:230) ~[spring-boot-autoconfigure-2.2.5.RELEASE.jar:2.2.5.RELEASE]
	at org.springframework.boot.autoconfigure.condition.OnBeanCondition.getBeanNamesForType(OnBeanCondition.java:223) ~[spring-boot-autoconfigure-2.2.5.RELEASE.jar:2.2.5.RELEASE]
	at org.springframework.boot.autoconfigure.condition.OnBeanCondition.getBeanNamesForType(OnBeanCondition.java:213) ~[spring-boot-autoconfigure-2.2.5.RELEASE.jar:2.2.5.RELEASE]
	at org.springframework.boot.autoconfigure.condition.OnBeanCondition.getMatchingBeans(OnBeanCondition.java:167) ~[spring-boot-autoconfigure-2.2.5.RELEASE.jar:2.2.5.RELEASE]
	at org.springframework.boot.autoconfigure.condition.OnBeanCondition.getMatchOutcome(OnBeanCondition.java:142) ~[spring-boot-autoconfigure-2.2.5.RELEASE.jar:2.2.5.RELEASE]
	at org.springframework.boot.autoconfigure.condition.SpringBootCondition.matches(SpringBootCondition.java:47) ~[spring-boot-autoconfigure-2.2.5.RELEASE.jar:2.2.5.RELEASE]
	... 22 more
2026-05-04 22:21:25.594 [http-nio-5000-exec-5] ERROR com.project.demo.exception.GlobalExceptionHandler - 运行时异常: 
org.springframework.jdbc.BadSqlGrammarException: 
### Error querying database.  Cause: java.sql.SQLSyntaxErrorException: You have an error in your SQL syntax; check the manual that corresponds to your MySQL server version for the right syntax to use near 'by create_time desc  limit 0 , 10' at line 1
### The error may exist in file [/home/yuan/Desktop/bishe-main/target/classes/mapper/BaseMapper.xml]
### The error may involve defaultParameterMap
### The error occurred while setting parameters
### SQL: select * from `user` WHERE `user_group` LIKE '%管理员%'  AND is_delete = 0order by create_time desc  limit 0 , 10
### Cause: java.sql.SQLSyntaxErrorException: You have an error in your SQL syntax; check the manual that corresponds to your MySQL server version for the right syntax to use near 'by create_time desc  limit 0 , 10' at line 1
; bad SQL grammar []; nested exception is java.sql.SQLSyntaxErrorException: You have an error in your SQL syntax; check the manual that corresponds to your MySQL server version for the right syntax to use near 'by create_time desc  limit 0 , 10' at line 1
	at org.springframework.jdbc.support.SQLErrorCodeSQLExceptionTranslator.doTranslate(SQLErrorCodeSQLExceptionTranslator.java:235) ~[spring-jdbc-5.2.4.RELEASE.jar:5.2.4.RELEASE]
	at org.springframework.jdbc.support.AbstractFallbackSQLExceptionTranslator.translate(AbstractFallbackSQLExceptionTranslator.java:72) ~[spring-jdbc-5.2.4.RELEASE.jar:5.2.4.RELEASE]
	at org.mybatis.spring.MyBatisExceptionTranslator.translateExceptionIfPossible(MyBatisExceptionTranslator.java:91) ~[mybatis-spring-2.0.6.jar:2.0.6]
	at org.mybatis.spring.SqlSessionTemplate$SqlSessionInterceptor.invoke(SqlSessionTemplate.java:441) ~[mybatis-spring-2.0.6.jar:2.0.6]
	at com.sun.proxy.$Proxy113.selectList(Unknown Source) ~[?:?]
	at org.mybatis.spring.SqlSessionTemplate.selectList(SqlSessionTemplate.java:224) ~[mybatis-spring-2.0.6.jar:2.0.6]
	at com.baomidou.mybatisplus.core.override.MybatisMapperMethod.executeForMany(MybatisMapperMethod.java:166) ~[mybatis-plus-core-3.4.3.1.jar:3.4.3.1]
	at com.baomidou.mybatisplus.core.override.MybatisMapperMethod.execute(MybatisMapperMethod.java:77) ~[mybatis-plus-core-3.4.3.1.jar:3.4.3.1]
	at com.baomidou.mybatisplus.core.override.MybatisMapperProxy$PlainMethodInvoker.invoke(MybatisMapperProxy.java:148) ~[mybatis-plus-core-3.4.3.1.jar:3.4.3.1]
	at com.baomidou.mybatisplus.core.override.MybatisMapperProxy.invoke(MybatisMapperProxy.java:89) ~[mybatis-plus-core-3.4.3.1.jar:3.4.3.1]
	at com.sun.proxy.$Proxy131.selectBaseList(Unknown Source) ~[?:?]
	at com.project.demo.service.base.BaseService.selectToPage(BaseService.java:77) ~[classes/:?]
	at com.project.demo.service.base.BaseService$$FastClassBySpringCGLIB$$504c7e9.invoke(<generated>) ~[classes/:?]
	at org.springframework.cglib.proxy.MethodProxy.invoke(MethodProxy.java:218) ~[spring-core-5.2.4.RELEASE.jar:5.2.4.RELEASE]
	at org.springframework.aop.framework.CglibAopProxy$CglibMethodInvocation.invokeJoinpoint(CglibAopProxy.java:769) ~[spring-aop-5.2.4.RELEASE.jar:5.2.4.RELEASE]
	at org.springframework.aop.framework.ReflectiveMethodInvocation.proceed(ReflectiveMethodInvocation.java:163) ~[spring-aop-5.2.4.RELEASE.jar:5.2.4.RELEASE]
	at org.springframework.aop.framework.CglibAopProxy$CglibMethodInvocation.proceed(CglibAopProxy.java:747) ~[spring-aop-5.2.4.RELEASE.jar:5.2.4.RELEASE]
	at org.springframework.aop.interceptor.ExposeInvocationInterceptor.invoke(ExposeInvocationInterceptor.java:95) ~[spring-aop-5.2.4.RELEASE.jar:5.2.4.RELEASE]
	at org.springframework.aop.framework.ReflectiveMethodInvocation.proceed(ReflectiveMethodInvocation.java:186) ~[spring-aop-5.2.4.RELEASE.jar:5.2.4.RELEASE]
	at org.springframework.aop.framework.CglibAopProxy$CglibMethodInvocation.proceed(CglibAopProxy.java:747) ~[spring-aop-5.2.4.RELEASE.jar:5.2.4.RELEASE]
	at org.springframework.aop.framework.CglibAopProxy$DynamicAdvisedInterceptor.intercept(CglibAopProxy.java:689) ~[spring-aop-5.2.4.RELEASE.jar:5.2.4.RELEASE]
	at com.project.demo.service.UserService$$EnhancerBySpringCGLIB$$a5130571.selectToPage(<generated>) ~[classes/:?]
	at com.project.demo.controller.base.BaseController.getList(BaseController.java:76) ~[classes/:?]
	at com.project.demo.controller.base.BaseController$$FastClassBySpringCGLIB$$72c28101.invoke(<generated>) ~[classes/:?]
	at org.springframework.cglib.proxy.MethodProxy.invoke(MethodProxy.java:218) ~[spring-core-5.2.4.RELEASE.jar:5.2.4.RELEASE]
	at org.springframework.aop.framework.CglibAopProxy$DynamicAdvisedInterceptor.intercept(CglibAopProxy.java:685) ~[spring-aop-5.2.4.RELEASE.jar:5.2.4.RELEASE]
	at com.project.demo.controller.UserController$$EnhancerBySpringCGLIB$$64902b39.getList(<generated>) ~[classes/:?]
	at sun.reflect.NativeMethodAccessorImpl.invoke0(Native Method) ~[?:1.8.0_461]
	at sun.reflect.NativeMethodAccessorImpl.invoke(NativeMethodAccessorImpl.java:62) ~[?:1.8.0_461]
	at sun.reflect.DelegatingMethodAccessorImpl.invoke(DelegatingMethodAccessorImpl.java:43) ~[?:1.8.0_461]
	at java.lang.reflect.Method.invoke(Method.java:498) ~[?:1.8.0_461]
	at org.springframework.web.method.support.InvocableHandlerMethod.doInvoke(InvocableHandlerMethod.java:190) ~[spring-web-5.2.4.RELEASE.jar:5.2.4.RELEASE]
	at org.springframework.web.method.support.InvocableHandlerMethod.invokeForRequest(InvocableHandlerMethod.java:138) ~[spring-web-5.2.4.RELEASE.jar:5.2.4.RELEASE]
	at org.springframework.web.servlet.mvc.method.annotation.ServletInvocableHandlerMethod.invokeAndHandle(ServletInvocableHandlerMethod.java:106) ~[spring-webmvc-5.2.4.RELEASE.jar:5.2.4.RELEASE]
	at org.springframework.web.servlet.mvc.method.annotation.RequestMappingHandlerAdapter.invokeHandlerMethod(RequestMappingHandlerAdapter.java:879) ~[spring-webmvc-5.2.4.RELEASE.jar:5.2.4.RELEASE]
	at org.springframework.web.servlet.mvc.method.annotation.RequestMappingHandlerAdapter.handleInternal(RequestMappingHandlerAdapter.java:793) ~[spring-webmvc-5.2.4.RELEASE.jar:5.2.4.RELEASE]
	at org.springframework.web.servlet.mvc.method.AbstractHandlerMethodAdapter.handle(AbstractHandlerMethodAdapter.java:87) ~[spring-webmvc-5.2.4.RELEASE.jar:5.2.4.RELEASE]
	at org.springframework.web.servlet.DispatcherServlet.doDispatch(DispatcherServlet.java:1040) [spring-webmvc-5.2.4.RELEASE.jar:5.2.4.RELEASE]
	at org.springframework.web.servlet.DispatcherServlet.doService(DispatcherServlet.java:943) [spring-webmvc-5.2.4.RELEASE.jar:5.2.4.RELEASE]
	at org.springframework.web.servlet.FrameworkServlet.processRequest(FrameworkServlet.java:1006) [spring-webmvc-5.2.4.RELEASE.jar:5.2.4.RELEASE]
	at org.springframework.web.servlet.FrameworkServlet.doGet(FrameworkServlet.java:898) [spring-webmvc-5.2.4.RELEASE.jar:5.2.4.RELEASE]
	at javax.servlet.http.HttpServlet.service(HttpServlet.java:634) [tomcat-embed-core-9.0.31.jar:9.0.31]
	at org.springframework.web.servlet.FrameworkServlet.service(FrameworkServlet.java:883) [spring-webmvc-5.2.4.RELEASE.jar:5.2.4.RELEASE]
	at javax.servlet.http.HttpServlet.service(HttpServlet.java:741) [tomcat-embed-core-9.0.31.jar:9.0.31]
	at org.apache.catalina.core.ApplicationFilterChain.internalDoFilter(ApplicationFilterChain.java:231) [tomcat-embed-core-9.0.31.jar:9.0.31]
	at org.apache.catalina.core.ApplicationFilterChain.doFilter(ApplicationFilterChain.java:166) [tomcat-embed-core-9.0.31.jar:9.0.31]
	at org.apache.tomcat.websocket.server.WsFilter.doFilter(WsFilter.java:53) [tomcat-embed-websocket-9.0.31.jar:9.0.31]
	at org.apache.catalina.core.ApplicationFilterChain.internalDoFilter(ApplicationFilterChain.java:193) [tomcat-embed-core-9.0.31.jar:9.0.31]
	at org.apache.catalina.core.ApplicationFilterChain.doFilter(ApplicationFilterChain.java:166) [tomcat-embed-core-9.0.31.jar:9.0.31]
	at org.springframework.web.filter.RequestContextFilter.doFilterInternal(RequestContextFilter.java:100) [spring-web-5.2.4.RELEASE.jar:5.2.4.RELEASE]
	at org.springframework.web.filter.OncePerRequestFilter.doFilter(OncePerRequestFilter.java:119) [spring-web-5.2.4.RELEASE.jar:5.2.4.RELEASE]
	at org.apache.catalina.core.ApplicationFilterChain.internalDoFilter(ApplicationFilterChain.java:193) [tomcat-embed-core-9.0.31.jar:9.0.31]
	at org.apache.catalina.core.ApplicationFilterChain.doFilter(ApplicationFilterChain.java:166) [tomcat-embed-core-9.0.31.jar:9.0.31]
	at org.springframework.web.filter.FormContentFilter.doFilterInternal(FormContentFilter.java:93) [spring-web-5.2.4.RELEASE.jar:5.2.4.RELEASE]
	at org.springframework.web.filter.OncePerRequestFilter.doFilter(OncePerRequestFilter.java:119) [spring-web-5.2.4.RELEASE.jar:5.2.4.RELEASE]
	at org.apache.catalina.core.ApplicationFilterChain.internalDoFilter(ApplicationFilterChain.java:193) [tomcat-embed-core-9.0.31.jar:9.0.31]
	at org.apache.catalina.core.ApplicationFilterChain.doFilter(ApplicationFilterChain.java:166) [tomcat-embed-core-9.0.31.jar:9.0.31]
	at org.springframework.web.filter.CharacterEncodingFilter.doFilterInternal(CharacterEncodingFilter.java:201) [spring-web-5.2.4.RELEASE.jar:5.2.4.RELEASE]
	at org.springframework.web.filter.OncePerRequestFilter.doFilter(OncePerRequestFilter.java:119) [spring-web-5.2.4.RELEASE.jar:5.2.4.RELEASE]
	at org.apache.catalina.core.ApplicationFilterChain.internalDoFilter(ApplicationFilterChain.java:193) [tomcat-embed-core-9.0.31.jar:9.0.31]
	at org.apache.catalina.core.ApplicationFilterChain.doFilter(ApplicationFilterChain.java:166) [tomcat-embed-core-9.0.31.jar:9.0.31]
	at org.apache.catalina.core.StandardWrapperValve.invoke(StandardWrapperValve.java:202) [tomcat-embed-core-9.0.31.jar:9.0.31]
	at org.apache.catalina.core.StandardContextValve.invoke(StandardContextValve.java:96) [tomcat-embed-core-9.0.31.jar:9.0.31]
	at org.apache.catalina.authenticator.AuthenticatorBase.invoke(AuthenticatorBase.java:541) [tomcat-embed-core-9.0.31.jar:9.0.31]
	at org.apache.catalina.core.StandardHostValve.invoke(StandardHostValve.java:139) [tomcat-embed-core-9.0.31.jar:9.0.31]
	at org.apache.catalina.valves.ErrorReportValve.invoke(ErrorReportValve.java:92) [tomcat-embed-core-9.0.31.jar:9.0.31]
	at org.apache.catalina.core.StandardEngineValve.invoke(StandardEngineValve.java:74) [tomcat-embed-core-9.0.31.jar:9.0.31]
	at org.apache.catalina.connector.CoyoteAdapter.service(CoyoteAdapter.java:343) [tomcat-embed-core-9.0.31.jar:9.0.31]
	at org.apache.coyote.http11.Http11Processor.service(Http11Processor.java:367) [tomcat-embed-core-9.0.31.jar:9.0.31]
	at org.apache.coyote.AbstractProcessorLight.process(AbstractProcessorLight.java:65) [tomcat-embed-core-9.0.31.jar:9.0.31]
	at org.apache.coyote.AbstractProtocol$ConnectionHandler.process(AbstractProtocol.java:868) [tomcat-embed-core-9.0.31.jar:9.0.31]
	at org.apache.tomcat.util.net.NioEndpoint$SocketProcessor.doRun(NioEndpoint.java:1639) [tomcat-embed-core-9.0.31.jar:9.0.31]
	at org.apache.tomcat.util.net.SocketProcessorBase.run(SocketProcessorBase.java:49) [tomcat-embed-core-9.0.31.jar:9.0.31]
	at java.util.concurrent.ThreadPoolExecutor.runWorker(ThreadPoolExecutor.java:1149) [?:1.8.0_461]
	at java.util.concurrent.ThreadPoolExecutor$Worker.run(ThreadPoolExecutor.java:624) [?:1.8.0_461]
	at org.apache.tomcat.util.threads.TaskThread$WrappingRunnable.run(TaskThread.java:61) [tomcat-embed-core-9.0.31.jar:9.0.31]
	at java.lang.Thread.run(Thread.java:750) [?:1.8.0_461]
Caused by: java.sql.SQLSyntaxErrorException: You have an error in your SQL syntax; check the manual that corresponds to your MySQL server version for the right syntax to use near 'by create_time desc  limit 0 , 10' at line 1
	at com.mysql.cj.jdbc.exceptions.SQLError.createSQLException(SQLError.java:118) ~[mysql-connector-java-8.0.11.jar:8.0.11]
	at com.mysql.cj.jdbc.exceptions.SQLError.createSQLException(SQLError.java:95) ~[mysql-connector-java-8.0.11.jar:8.0.11]
	at com.mysql.cj.jdbc.exceptions.SQLExceptionsMapping.translateException(SQLExceptionsMapping.java:122) ~[mysql-connector-java-8.0.11.jar:8.0.11]
	at com.mysql.cj.jdbc.ClientPreparedStatement.executeInternal(ClientPreparedStatement.java:960) ~[mysql-connector-java-8.0.11.jar:8.0.11]
	at com.mysql.cj.jdbc.ClientPreparedStatement.execute(ClientPreparedStatement.java:388) ~[mysql-connector-java-8.0.11.jar:8.0.11]
	at com.alibaba.druid.pool.DruidPooledPreparedStatement.execute(DruidPooledPreparedStatement.java:497) ~[druid-1.2.8.jar:1.2.8]
	at sun.reflect.NativeMethodAccessorImpl.invoke0(Native Method) ~[?:1.8.0_461]
	at sun.reflect.NativeMethodAccessorImpl.invoke(NativeMethodAccessorImpl.java:62) ~[?:1.8.0_461]
	at sun.reflect.DelegatingMethodAccessorImpl.invoke(DelegatingMethodAccessorImpl.java:43) ~[?:1.8.0_461]
	at java.lang.reflect.Method.invoke(Method.java:498) ~[?:1.8.0_461]
	at org.apache.ibatis.logging.jdbc.PreparedStatementLogger.invoke(PreparedStatementLogger.java:59) ~[mybatis-3.5.7.jar:3.5.7]
	at com.sun.proxy.$Proxy150.execute(Unknown Source) ~[?:?]
	at org.apache.ibatis.executor.statement.PreparedStatementHandler.query(PreparedStatementHandler.java:64) ~[mybatis-3.5.7.jar:3.5.7]
	at org.apache.ibatis.executor.statement.RoutingStatementHandler.query(RoutingStatementHandler.java:79) ~[mybatis-3.5.7.jar:3.5.7]
	at sun.reflect.NativeMethodAccessorImpl.invoke0(Native Method) ~[?:1.8.0_461]
	at sun.reflect.NativeMethodAccessorImpl.invoke(NativeMethodAccessorImpl.java:62) ~[?:1.8.0_461]
	at sun.reflect.DelegatingMethodAccessorImpl.invoke(DelegatingMethodAccessorImpl.java:43) ~[?:1.8.0_461]
	at java.lang.reflect.Method.invoke(Method.java:498) ~[?:1.8.0_461]
	at org.apache.ibatis.plugin.Plugin.invoke(Plugin.java:64) ~[mybatis-3.5.7.jar:3.5.7]
	at com.sun.proxy.$Proxy147.query(Unknown Source) ~[?:?]
	at org.apache.ibatis.executor.SimpleExecutor.doQuery(SimpleExecutor.java:63) ~[mybatis-3.5.7.jar:3.5.7]
	at org.apache.ibatis.executor.BaseExecutor.queryFromDatabase(BaseExecutor.java:325) ~[mybatis-3.5.7.jar:3.5.7]
	at org.apache.ibatis.executor.BaseExecutor.query(BaseExecutor.java:156) ~[mybatis-3.5.7.jar:3.5.7]
	at org.apache.ibatis.executor.CachingExecutor.query(CachingExecutor.java:109) ~[mybatis-3.5.7.jar:3.5.7]
	at com.baomidou.mybatisplus.extension.plugins.MybatisPlusInterceptor.intercept(MybatisPlusInterceptor.java:81) ~[mybatis-plus-extension-3.4.3.1.jar:3.4.3.1]
	at org.apache.ibatis.plugin.Plugin.invoke(Plugin.java:62) ~[mybatis-3.5.7.jar:3.5.7]
	at com.sun.proxy.$Proxy146.query(Unknown Source) ~[?:?]
	at org.apache.ibatis.session.defaults.DefaultSqlSession.selectList(DefaultSqlSession.java:151) ~[mybatis-3.5.7.jar:3.5.7]
	at org.apache.ibatis.session.defaults.DefaultSqlSession.selectList(DefaultSqlSession.java:145) ~[mybatis-3.5.7.jar:3.5.7]
	at org.apache.ibatis.session.defaults.DefaultSqlSession.selectList(DefaultSqlSession.java:140) ~[mybatis-3.5.7.jar:3.5.7]
	at sun.reflect.NativeMethodAccessorImpl.invoke0(Native Method) ~[?:1.8.0_461]
	at sun.reflect.NativeMethodAccessorImpl.invoke(NativeMethodAccessorImpl.java:62) ~[?:1.8.0_461]
	at sun.reflect.DelegatingMethodAccessorImpl.invoke(DelegatingMethodAccessorImpl.java:43) ~[?:1.8.0_461]
	at java.lang.reflect.Method.invoke(Method.java:498) ~[?:1.8.0_461]
	at org.mybatis.spring.SqlSessionTemplate$SqlSessionInterceptor.invoke(SqlSessionTemplate.java:427) ~[mybatis-spring-2.0.6.jar:2.0.6]
	... 73 more
2026-05-04 22:21:25.628 [http-nio-5000-exec-10] ERROR com.project.demo.exception.GlobalExceptionHandler - 运行时异常: 
org.springframework.jdbc.BadSqlGrammarException: 
### Error querying database.  Cause: java.sql.SQLSyntaxErrorException: You have an error in your SQL syntax; check the manual that corresponds to your MySQL server version for the right syntax to use near 'by create_time desc  limit 0 , 10' at line 1
### The error may exist in file [/home/yuan/Desktop/bishe-main/target/classes/mapper/BaseMapper.xml]
### The error may involve defaultParameterMap
### The error occurred while setting parameters
### SQL: select * from `user` WHERE `user_group` LIKE '%管理员%'  AND is_delete = 0order by create_time desc  limit 0 , 10
### Cause: java.sql.SQLSyntaxErrorException: You have an error in your SQL syntax; check the manual that corresponds to your MySQL server version for the right syntax to use near 'by create_time desc  limit 0 , 10' at line 1
; bad SQL grammar []; nested exception is java.sql.SQLSyntaxErrorException: You have an error in your SQL syntax; check the manual that corresponds to your MySQL server version for the right syntax to use near 'by create_time desc  limit 0 , 10' at line 1
	at org.springframework.jdbc.support.SQLErrorCodeSQLExceptionTranslator.doTranslate(SQLErrorCodeSQLExceptionTranslator.java:235) ~[spring-jdbc-5.2.4.RELEASE.jar:5.2.4.RELEASE]
	at org.springframework.jdbc.support.AbstractFallbackSQLExceptionTranslator.translate(AbstractFallbackSQLExceptionTranslator.java:72) ~[spring-jdbc-5.2.4.RELEASE.jar:5.2.4.RELEASE]
	at org.mybatis.spring.MyBatisExceptionTranslator.translateExceptionIfPossible(MyBatisExceptionTranslator.java:91) ~[mybatis-spring-2.0.6.jar:2.0.6]
	at org.mybatis.spring.SqlSessionTemplate$SqlSessionInterceptor.invoke(SqlSessionTemplate.java:441) ~[mybatis-spring-2.0.6.jar:2.0.6]
	at com.sun.proxy.$Proxy113.selectList(Unknown Source) ~[?:?]
	at org.mybatis.spring.SqlSessionTemplate.selectList(SqlSessionTemplate.java:224) ~[mybatis-spring-2.0.6.jar:2.0.6]
	at com.baomidou.mybatisplus.core.override.MybatisMapperMethod.executeForMany(MybatisMapperMethod.java:166) ~[mybatis-plus-core-3.4.3.1.jar:3.4.3.1]
	at com.baomidou.mybatisplus.core.override.MybatisMapperMethod.execute(MybatisMapperMethod.java:77) ~[mybatis-plus-core-3.4.3.1.jar:3.4.3.1]
	at com.baomidou.mybatisplus.core.override.MybatisMapperProxy$PlainMethodInvoker.invoke(MybatisMapperProxy.java:148) ~[mybatis-plus-core-3.4.3.1.jar:3.4.3.1]
	at com.baomidou.mybatisplus.core.override.MybatisMapperProxy.invoke(MybatisMapperProxy.java:89) ~[mybatis-plus-core-3.4.3.1.jar:3.4.3.1]
	at com.sun.proxy.$Proxy131.selectBaseList(Unknown Source) ~[?:?]
	at com.project.demo.service.base.BaseService.selectToPage(BaseService.java:77) ~[classes/:?]
	at com.project.demo.service.base.BaseService$$FastClassBySpringCGLIB$$504c7e9.invoke(<generated>) ~[classes/:?]
	at org.springframework.cglib.proxy.MethodProxy.invoke(MethodProxy.java:218) ~[spring-core-5.2.4.RELEASE.jar:5.2.4.RELEASE]
	at org.springframework.aop.framework.CglibAopProxy$CglibMethodInvocation.invokeJoinpoint(CglibAopProxy.java:769) ~[spring-aop-5.2.4.RELEASE.jar:5.2.4.RELEASE]
	at org.springframework.aop.framework.ReflectiveMethodInvocation.proceed(ReflectiveMethodInvocation.java:163) ~[spring-aop-5.2.4.RELEASE.jar:5.2.4.RELEASE]
	at org.springframework.aop.framework.CglibAopProxy$CglibMethodInvocation.proceed(CglibAopProxy.java:747) ~[spring-aop-5.2.4.RELEASE.jar:5.2.4.RELEASE]
	at org.springframework.aop.interceptor.ExposeInvocationInterceptor.invoke(ExposeInvocationInterceptor.java:95) ~[spring-aop-5.2.4.RELEASE.jar:5.2.4.RELEASE]
	at org.springframework.aop.framework.ReflectiveMethodInvocation.proceed(ReflectiveMethodInvocation.java:186) ~[spring-aop-5.2.4.RELEASE.jar:5.2.4.RELEASE]
	at org.springframework.aop.framework.CglibAopProxy$CglibMethodInvocation.proceed(CglibAopProxy.java:747) ~[spring-aop-5.2.4.RELEASE.jar:5.2.4.RELEASE]
	at org.springframework.aop.framework.CglibAopProxy$DynamicAdvisedInterceptor.intercept(CglibAopProxy.java:689) ~[spring-aop-5.2.4.RELEASE.jar:5.2.4.RELEASE]
	at com.project.demo.service.UserService$$EnhancerBySpringCGLIB$$a5130571.selectToPage(<generated>) ~[classes/:?]
	at com.project.demo.controller.base.BaseController.getList(BaseController.java:76) ~[classes/:?]
	at com.project.demo.controller.base.BaseController$$FastClassBySpringCGLIB$$72c28101.invoke(<generated>) ~[classes/:?]
	at org.springframework.cglib.proxy.MethodProxy.invoke(MethodProxy.java:218) ~[spring-core-5.2.4.RELEASE.jar:5.2.4.RELEASE]
	at org.springframework.aop.framework.CglibAopProxy$DynamicAdvisedInterceptor.intercept(CglibAopProxy.java:685) ~[spring-aop-5.2.4.RELEASE.jar:5.2.4.RELEASE]
	at com.project.demo.controller.UserController$$EnhancerBySpringCGLIB$$64902b39.getList(<generated>) ~[classes/:?]
	at sun.reflect.NativeMethodAccessorImpl.invoke0(Native Method) ~[?:1.8.0_461]
	at sun.reflect.NativeMethodAccessorImpl.invoke(NativeMethodAccessorImpl.java:62) ~[?:1.8.0_461]
	at sun.reflect.DelegatingMethodAccessorImpl.invoke(DelegatingMethodAccessorImpl.java:43) ~[?:1.8.0_461]
	at java.lang.reflect.Method.invoke(Method.java:498) ~[?:1.8.0_461]
	at org.springframework.web.method.support.InvocableHandlerMethod.doInvoke(InvocableHandlerMethod.java:190) ~[spring-web-5.2.4.RELEASE.jar:5.2.4.RELEASE]
	at org.springframework.web.method.support.InvocableHandlerMethod.invokeForRequest(InvocableHandlerMethod.java:138) ~[spring-web-5.2.4.RELEASE.jar:5.2.4.RELEASE]
	at org.springframework.web.servlet.mvc.method.annotation.ServletInvocableHandlerMethod.invokeAndHandle(ServletInvocableHandlerMethod.java:106) ~[spring-webmvc-5.2.4.RELEASE.jar:5.2.4.RELEASE]
	at org.springframework.web.servlet.mvc.method.annotation.RequestMappingHandlerAdapter.invokeHandlerMethod(RequestMappingHandlerAdapter.java:879) ~[spring-webmvc-5.2.4.RELEASE.jar:5.2.4.RELEASE]
	at org.springframework.web.servlet.mvc.method.annotation.RequestMappingHandlerAdapter.handleInternal(RequestMappingHandlerAdapter.java:793) ~[spring-webmvc-5.2.4.RELEASE.jar:5.2.4.RELEASE]
	at org.springframework.web.servlet.mvc.method.AbstractHandlerMethodAdapter.handle(AbstractHandlerMethodAdapter.java:87) ~[spring-webmvc-5.2.4.RELEASE.jar:5.2.4.RELEASE]
	at org.springframework.web.servlet.DispatcherServlet.doDispatch(DispatcherServlet.java:1040) [spring-webmvc-5.2.4.RELEASE.jar:5.2.4.RELEASE]
	at org.springframework.web.servlet.DispatcherServlet.doService(DispatcherServlet.java:943) [spring-webmvc-5.2.4.RELEASE.jar:5.2.4.RELEASE]
	at org.springframework.web.servlet.FrameworkServlet.processRequest(FrameworkServlet.java:1006) [spring-webmvc-5.2.4.RELEASE.jar:5.2.4.RELEASE]
	at org.springframework.web.servlet.FrameworkServlet.doGet(FrameworkServlet.java:898) [spring-webmvc-5.2.4.RELEASE.jar:5.2.4.RELEASE]
	at javax.servlet.http.HttpServlet.service(HttpServlet.java:634) [tomcat-embed-core-9.0.31.jar:9.0.31]
	at org.springframework.web.servlet.FrameworkServlet.service(FrameworkServlet.java:883) [spring-webmvc-5.2.4.RELEASE.jar:5.2.4.RELEASE]
	at javax.servlet.http.HttpServlet.service(HttpServlet.java:741) [tomcat-embed-core-9.0.31.jar:9.0.31]
	at org.apache.catalina.core.ApplicationFilterChain.internalDoFilter(ApplicationFilterChain.java:231) [tomcat-embed-core-9.0.31.jar:9.0.31]
	at org.apache.catalina.core.ApplicationFilterChain.doFilter(ApplicationFilterChain.java:166) [tomcat-embed-core-9.0.31.jar:9.0.31]
	at org.apache.tomcat.websocket.server.WsFilter.doFilter(WsFilter.java:53) [tomcat-embed-websocket-9.0.31.jar:9.0.31]
	at org.apache.catalina.core.ApplicationFilterChain.internalDoFilter(ApplicationFilterChain.java:193) [tomcat-embed-core-9.0.31.jar:9.0.31]
	at org.apache.catalina.core.ApplicationFilterChain.doFilter(ApplicationFilterChain.java:166) [tomcat-embed-core-9.0.31.jar:9.0.31]
	at org.springframework.web.filter.RequestContextFilter.doFilterInternal(RequestContextFilter.java:100) [spring-web-5.2.4.RELEASE.jar:5.2.4.RELEASE]
	at org.springframework.web.filter.OncePerRequestFilter.doFilter(OncePerRequestFilter.java:119) [spring-web-5.2.4.RELEASE.jar:5.2.4.RELEASE]
	at org.apache.catalina.core.ApplicationFilterChain.internalDoFilter(ApplicationFilterChain.java:193) [tomcat-embed-core-9.0.31.jar:9.0.31]
	at org.apache.catalina.core.ApplicationFilterChain.doFilter(ApplicationFilterChain.java:166) [tomcat-embed-core-9.0.31.jar:9.0.31]
	at org.springframework.web.filter.FormContentFilter.doFilterInternal(FormContentFilter.java:93) [spring-web-5.2.4.RELEASE.jar:5.2.4.RELEASE]
	at org.springframework.web.filter.OncePerRequestFilter.doFilter(OncePerRequestFilter.java:119) [spring-web-5.2.4.RELEASE.jar:5.2.4.RELEASE]
	at org.apache.catalina.core.ApplicationFilterChain.internalDoFilter(ApplicationFilterChain.java:193) [tomcat-embed-core-9.0.31.jar:9.0.31]
	at org.apache.catalina.core.ApplicationFilterChain.doFilter(ApplicationFilterChain.java:166) [tomcat-embed-core-9.0.31.jar:9.0.31]
	at org.springframework.web.filter.CharacterEncodingFilter.doFilterInternal(CharacterEncodingFilter.java:201) [spring-web-5.2.4.RELEASE.jar:5.2.4.RELEASE]
	at org.springframework.web.filter.OncePerRequestFilter.doFilter(OncePerRequestFilter.java:119) [spring-web-5.2.4.RELEASE.jar:5.2.4.RELEASE]
	at org.apache.catalina.core.ApplicationFilterChain.internalDoFilter(ApplicationFilterChain.java:193) [tomcat-embed-core-9.0.31.jar:9.0.31]
	at org.apache.catalina.core.ApplicationFilterChain.doFilter(ApplicationFilterChain.java:166) [tomcat-embed-core-9.0.31.jar:9.0.31]
	at org.apache.catalina.core.StandardWrapperValve.invoke(StandardWrapperValve.java:202) [tomcat-embed-core-9.0.31.jar:9.0.31]
	at org.apache.catalina.core.StandardContextValve.invoke(StandardContextValve.java:96) [tomcat-embed-core-9.0.31.jar:9.0.31]
	at org.apache.catalina.authenticator.AuthenticatorBase.invoke(AuthenticatorBase.java:541) [tomcat-embed-core-9.0.31.jar:9.0.31]
	at org.apache.catalina.core.StandardHostValve.invoke(StandardHostValve.java:139) [tomcat-embed-core-9.0.31.jar:9.0.31]
	at org.apache.catalina.valves.ErrorReportValve.invoke(ErrorReportValve.java:92) [tomcat-embed-core-9.0.31.jar:9.0.31]
	at org.apache.catalina.core.StandardEngineValve.invoke(StandardEngineValve.java:74) [tomcat-embed-core-9.0.31.jar:9.0.31]
	at org.apache.catalina.connector.CoyoteAdapter.service(CoyoteAdapter.java:343) [tomcat-embed-core-9.0.31.jar:9.0.31]
	at org.apache.coyote.http11.Http11Processor.service(Http11Processor.java:367) [tomcat-embed-core-9.0.31.jar:9.0.31]
	at org.apache.coyote.AbstractProcessorLight.process(AbstractProcessorLight.java:65) [tomcat-embed-core-9.0.31.jar:9.0.31]
	at org.apache.coyote.AbstractProtocol$ConnectionHandler.process(AbstractProtocol.java:868) [tomcat-embed-core-9.0.31.jar:9.0.31]
	at org.apache.tomcat.util.net.NioEndpoint$SocketProcessor.doRun(NioEndpoint.java:1639) [tomcat-embed-core-9.0.31.jar:9.0.31]
	at org.apache.tomcat.util.net.SocketProcessorBase.run(SocketProcessorBase.java:49) [tomcat-embed-core-9.0.31.jar:9.0.31]
	at java.util.concurrent.ThreadPoolExecutor.runWorker(ThreadPoolExecutor.java:1149) [?:1.8.0_461]
	at java.util.concurrent.ThreadPoolExecutor$Worker.run(ThreadPoolExecutor.java:624) [?:1.8.0_461]
	at org.apache.tomcat.util.threads.TaskThread$WrappingRunnable.run(TaskThread.java:61) [tomcat-embed-core-9.0.31.jar:9.0.31]
	at java.lang.Thread.run(Thread.java:750) [?:1.8.0_461]
Caused by: java.sql.SQLSyntaxErrorException: You have an error in your SQL syntax; check the manual that corresponds to your MySQL server version for the right syntax to use near 'by create_time desc  limit 0 , 10' at line 1
	at com.mysql.cj.jdbc.exceptions.SQLError.createSQLException(SQLError.java:118) ~[mysql-connector-java-8.0.11.jar:8.0.11]
	at com.mysql.cj.jdbc.exceptions.SQLError.createSQLException(SQLError.java:95) ~[mysql-connector-java-8.0.11.jar:8.0.11]
	at com.mysql.cj.jdbc.exceptions.SQLExceptionsMapping.translateException(SQLExceptionsMapping.java:122) ~[mysql-connector-java-8.0.11.jar:8.0.11]
	at com.mysql.cj.jdbc.ClientPreparedStatement.executeInternal(ClientPreparedStatement.java:960) ~[mysql-connector-java-8.0.11.jar:8.0.11]
	at com.mysql.cj.jdbc.ClientPreparedStatement.execute(ClientPreparedStatement.java:388) ~[mysql-connector-java-8.0.11.jar:8.0.11]
	at com.alibaba.druid.pool.DruidPooledPreparedStatement.execute(DruidPooledPreparedStatement.java:497) ~[druid-1.2.8.jar:1.2.8]
	at sun.reflect.NativeMethodAccessorImpl.invoke0(Native Method) ~[?:1.8.0_461]
	at sun.reflect.NativeMethodAccessorImpl.invoke(NativeMethodAccessorImpl.java:62) ~[?:1.8.0_461]
	at sun.reflect.DelegatingMethodAccessorImpl.invoke(DelegatingMethodAccessorImpl.java:43) ~[?:1.8.0_461]
	at java.lang.reflect.Method.invoke(Method.java:498) ~[?:1.8.0_461]
	at org.apache.ibatis.logging.jdbc.PreparedStatementLogger.invoke(PreparedStatementLogger.java:59) ~[mybatis-3.5.7.jar:3.5.7]
	at com.sun.proxy.$Proxy150.execute(Unknown Source) ~[?:?]
	at org.apache.ibatis.executor.statement.PreparedStatementHandler.query(PreparedStatementHandler.java:64) ~[mybatis-3.5.7.jar:3.5.7]
	at org.apache.ibatis.executor.statement.RoutingStatementHandler.query(RoutingStatementHandler.java:79) ~[mybatis-3.5.7.jar:3.5.7]
	at sun.reflect.NativeMethodAccessorImpl.invoke0(Native Method) ~[?:1.8.0_461]
	at sun.reflect.NativeMethodAccessorImpl.invoke(NativeMethodAccessorImpl.java:62) ~[?:1.8.0_461]
	at sun.reflect.DelegatingMethodAccessorImpl.invoke(DelegatingMethodAccessorImpl.java:43) ~[?:1.8.0_461]
	at java.lang.reflect.Method.invoke(Method.java:498) ~[?:1.8.0_461]
	at org.apache.ibatis.plugin.Plugin.invoke(Plugin.java:64) ~[mybatis-3.5.7.jar:3.5.7]
	at com.sun.proxy.$Proxy147.query(Unknown Source) ~[?:?]
	at org.apache.ibatis.executor.SimpleExecutor.doQuery(SimpleExecutor.java:63) ~[mybatis-3.5.7.jar:3.5.7]
	at org.apache.ibatis.executor.BaseExecutor.queryFromDatabase(BaseExecutor.java:325) ~[mybatis-3.5.7.jar:3.5.7]
	at org.apache.ibatis.executor.BaseExecutor.query(BaseExecutor.java:156) ~[mybatis-3.5.7.jar:3.5.7]
	at org.apache.ibatis.executor.CachingExecutor.query(CachingExecutor.java:109) ~[mybatis-3.5.7.jar:3.5.7]
	at com.baomidou.mybatisplus.extension.plugins.MybatisPlusInterceptor.intercept(MybatisPlusInterceptor.java:81) ~[mybatis-plus-extension-3.4.3.1.jar:3.4.3.1]
	at org.apache.ibatis.plugin.Plugin.invoke(Plugin.java:62) ~[mybatis-3.5.7.jar:3.5.7]
	at com.sun.proxy.$Proxy146.query(Unknown Source) ~[?:?]
	at org.apache.ibatis.session.defaults.DefaultSqlSession.selectList(DefaultSqlSession.java:151) ~[mybatis-3.5.7.jar:3.5.7]
	at org.apache.ibatis.session.defaults.DefaultSqlSession.selectList(DefaultSqlSession.java:145) ~[mybatis-3.5.7.jar:3.5.7]
	at org.apache.ibatis.session.defaults.DefaultSqlSession.selectList(DefaultSqlSession.java:140) ~[mybatis-3.5.7.jar:3.5.7]
	at sun.reflect.NativeMethodAccessorImpl.invoke0(Native Method) ~[?:1.8.0_461]
	at sun.reflect.NativeMethodAccessorImpl.invoke(NativeMethodAccessorImpl.java:62) ~[?:1.8.0_461]
	at sun.reflect.DelegatingMethodAccessorImpl.invoke(DelegatingMethodAccessorImpl.java:43) ~[?:1.8.0_461]
	at java.lang.reflect.Method.invoke(Method.java:498) ~[?:1.8.0_461]
	at org.mybatis.spring.SqlSessionTemplate$SqlSessionInterceptor.invoke(SqlSessionTemplate.java:427) ~[mybatis-spring-2.0.6.jar:2.0.6]
	... 73 more
2026-05-04 22:21:28.114 [http-nio-5000-exec-7] ERROR com.project.demo.exception.GlobalExceptionHandler - 运行时异常: 
org.springframework.jdbc.BadSqlGrammarException: 
### Error querying database.  Cause: java.sql.SQLSyntaxErrorException: You have an error in your SQL syntax; check the manual that corresponds to your MySQL server version for the right syntax to use near 'by create_time desc  limit 0 , 10' at line 1
### The error may exist in file [/home/yuan/Desktop/bishe-main/target/classes/mapper/BaseMapper.xml]
### The error may involve defaultParameterMap
### The error occurred while setting parameters
### SQL: select * from `user` WHERE `user_group` LIKE '%管理员%'  AND is_delete = 0order by create_time desc  limit 0 , 10
### Cause: java.sql.SQLSyntaxErrorException: You have an error in your SQL syntax; check the manual that corresponds to your MySQL server version for the right syntax to use near 'by create_time desc  limit 0 , 10' at line 1
; bad SQL grammar []; nested exception is java.sql.SQLSyntaxErrorException: You have an error in your SQL syntax; check the manual that corresponds to your MySQL server version for the right syntax to use near 'by create_time desc  limit 0 , 10' at line 1
	at org.springframework.jdbc.support.SQLErrorCodeSQLExceptionTranslator.doTranslate(SQLErrorCodeSQLExceptionTranslator.java:235) ~[spring-jdbc-5.2.4.RELEASE.jar:5.2.4.RELEASE]
	at org.springframework.jdbc.support.AbstractFallbackSQLExceptionTranslator.translate(AbstractFallbackSQLExceptionTranslator.java:72) ~[spring-jdbc-5.2.4.RELEASE.jar:5.2.4.RELEASE]
	at org.mybatis.spring.MyBatisExceptionTranslator.translateExceptionIfPossible(MyBatisExceptionTranslator.java:91) ~[mybatis-spring-2.0.6.jar:2.0.6]
	at org.mybatis.spring.SqlSessionTemplate$SqlSessionInterceptor.invoke(SqlSessionTemplate.java:441) ~[mybatis-spring-2.0.6.jar:2.0.6]
	at com.sun.proxy.$Proxy113.selectList(Unknown Source) ~[?:?]
	at org.mybatis.spring.SqlSessionTemplate.selectList(SqlSessionTemplate.java:224) ~[mybatis-spring-2.0.6.jar:2.0.6]
	at com.baomidou.mybatisplus.core.override.MybatisMapperMethod.executeForMany(MybatisMapperMethod.java:166) ~[mybatis-plus-core-3.4.3.1.jar:3.4.3.1]
	at com.baomidou.mybatisplus.core.override.MybatisMapperMethod.execute(MybatisMapperMethod.java:77) ~[mybatis-plus-core-3.4.3.1.jar:3.4.3.1]
	at com.baomidou.mybatisplus.core.override.MybatisMapperProxy$PlainMethodInvoker.invoke(MybatisMapperProxy.java:148) ~[mybatis-plus-core-3.4.3.1.jar:3.4.3.1]
	at com.baomidou.mybatisplus.core.override.MybatisMapperProxy.invoke(MybatisMapperProxy.java:89) ~[mybatis-plus-core-3.4.3.1.jar:3.4.3.1]
	at com.sun.proxy.$Proxy131.selectBaseList(Unknown Source) ~[?:?]
	at com.project.demo.service.base.BaseService.selectToPage(BaseService.java:77) ~[classes/:?]
	at com.project.demo.service.base.BaseService$$FastClassBySpringCGLIB$$504c7e9.invoke(<generated>) ~[classes/:?]
	at org.springframework.cglib.proxy.MethodProxy.invoke(MethodProxy.java:218) ~[spring-core-5.2.4.RELEASE.jar:5.2.4.RELEASE]
	at org.springframework.aop.framework.CglibAopProxy$CglibMethodInvocation.invokeJoinpoint(CglibAopProxy.java:769) ~[spring-aop-5.2.4.RELEASE.jar:5.2.4.RELEASE]
	at org.springframework.aop.framework.ReflectiveMethodInvocation.proceed(ReflectiveMethodInvocation.java:163) ~[spring-aop-5.2.4.RELEASE.jar:5.2.4.RELEASE]
	at org.springframework.aop.framework.CglibAopProxy$CglibMethodInvocation.proceed(CglibAopProxy.java:747) ~[spring-aop-5.2.4.RELEASE.jar:5.2.4.RELEASE]
	at org.springframework.aop.interceptor.ExposeInvocationInterceptor.invoke(ExposeInvocationInterceptor.java:95) ~[spring-aop-5.2.4.RELEASE.jar:5.2.4.RELEASE]
	at org.springframework.aop.framework.ReflectiveMethodInvocation.proceed(ReflectiveMethodInvocation.java:186) ~[spring-aop-5.2.4.RELEASE.jar:5.2.4.RELEASE]
	at org.springframework.aop.framework.CglibAopProxy$CglibMethodInvocation.proceed(CglibAopProxy.java:747) ~[spring-aop-5.2.4.RELEASE.jar:5.2.4.RELEASE]
	at org.springframework.aop.framework.CglibAopProxy$DynamicAdvisedInterceptor.intercept(CglibAopProxy.java:689) ~[spring-aop-5.2.4.RELEASE.jar:5.2.4.RELEASE]
	at com.project.demo.service.UserService$$EnhancerBySpringCGLIB$$a5130571.selectToPage(<generated>) ~[classes/:?]
	at com.project.demo.controller.base.BaseController.getList(BaseController.java:76) ~[classes/:?]
	at com.project.demo.controller.base.BaseController$$FastClassBySpringCGLIB$$72c28101.invoke(<generated>) ~[classes/:?]
	at org.springframework.cglib.proxy.MethodProxy.invoke(MethodProxy.java:218) ~[spring-core-5.2.4.RELEASE.jar:5.2.4.RELEASE]
	at org.springframework.aop.framework.CglibAopProxy$DynamicAdvisedInterceptor.intercept(CglibAopProxy.java:685) ~[spring-aop-5.2.4.RELEASE.jar:5.2.4.RELEASE]
	at com.project.demo.controller.UserController$$EnhancerBySpringCGLIB$$64902b39.getList(<generated>) ~[classes/:?]
	at sun.reflect.NativeMethodAccessorImpl.invoke0(Native Method) ~[?:1.8.0_461]
	at sun.reflect.NativeMethodAccessorImpl.invoke(NativeMethodAccessorImpl.java:62) ~[?:1.8.0_461]
	at sun.reflect.DelegatingMethodAccessorImpl.invoke(DelegatingMethodAccessorImpl.java:43) ~[?:1.8.0_461]
	at java.lang.reflect.Method.invoke(Method.java:498) ~[?:1.8.0_461]
	at org.springframework.web.method.support.InvocableHandlerMethod.doInvoke(InvocableHandlerMethod.java:190) ~[spring-web-5.2.4.RELEASE.jar:5.2.4.RELEASE]
	at org.springframework.web.method.support.InvocableHandlerMethod.invokeForRequest(InvocableHandlerMethod.java:138) ~[spring-web-5.2.4.RELEASE.jar:5.2.4.RELEASE]
	at org.springframework.web.servlet.mvc.method.annotation.ServletInvocableHandlerMethod.invokeAndHandle(ServletInvocableHandlerMethod.java:106) ~[spring-webmvc-5.2.4.RELEASE.jar:5.2.4.RELEASE]
	at org.springframework.web.servlet.mvc.method.annotation.RequestMappingHandlerAdapter.invokeHandlerMethod(RequestMappingHandlerAdapter.java:879) ~[spring-webmvc-5.2.4.RELEASE.jar:5.2.4.RELEASE]
	at org.springframework.web.servlet.mvc.method.annotation.RequestMappingHandlerAdapter.handleInternal(RequestMappingHandlerAdapter.java:793) ~[spring-webmvc-5.2.4.RELEASE.jar:5.2.4.RELEASE]
	at org.springframework.web.servlet.mvc.method.AbstractHandlerMethodAdapter.handle(AbstractHandlerMethodAdapter.java:87) ~[spring-webmvc-5.2.4.RELEASE.jar:5.2.4.RELEASE]
	at org.springframework.web.servlet.DispatcherServlet.doDispatch(DispatcherServlet.java:1040) [spring-webmvc-5.2.4.RELEASE.jar:5.2.4.RELEASE]
	at org.springframework.web.servlet.DispatcherServlet.doService(DispatcherServlet.java:943) [spring-webmvc-5.2.4.RELEASE.jar:5.2.4.RELEASE]
	at org.springframework.web.servlet.FrameworkServlet.processRequest(FrameworkServlet.java:1006) [spring-webmvc-5.2.4.RELEASE.jar:5.2.4.RELEASE]
	at org.springframework.web.servlet.FrameworkServlet.doGet(FrameworkServlet.java:898) [spring-webmvc-5.2.4.RELEASE.jar:5.2.4.RELEASE]
	at javax.servlet.http.HttpServlet.service(HttpServlet.java:634) [tomcat-embed-core-9.0.31.jar:9.0.31]
	at org.springframework.web.servlet.FrameworkServlet.service(FrameworkServlet.java:883) [spring-webmvc-5.2.4.RELEASE.jar:5.2.4.RELEASE]
	at javax.servlet.http.HttpServlet.service(HttpServlet.java:741) [tomcat-embed-core-9.0.31.jar:9.0.31]
	at org.apache.catalina.core.ApplicationFilterChain.internalDoFilter(ApplicationFilterChain.java:231) [tomcat-embed-core-9.0.31.jar:9.0.31]
	at org.apache.catalina.core.ApplicationFilterChain.doFilter(ApplicationFilterChain.java:166) [tomcat-embed-core-9.0.31.jar:9.0.31]
	at org.apache.tomcat.websocket.server.WsFilter.doFilter(WsFilter.java:53) [tomcat-embed-websocket-9.0.31.jar:9.0.31]
	at org.apache.catalina.core.ApplicationFilterChain.internalDoFilter(ApplicationFilterChain.java:193) [tomcat-embed-core-9.0.31.jar:9.0.31]
	at org.apache.catalina.core.ApplicationFilterChain.doFilter(ApplicationFilterChain.java:166) [tomcat-embed-core-9.0.31.jar:9.0.31]
	at org.springframework.web.filter.RequestContextFilter.doFilterInternal(RequestContextFilter.java:100) [spring-web-5.2.4.RELEASE.jar:5.2.4.RELEASE]
	at org.springframework.web.filter.OncePerRequestFilter.doFilter(OncePerRequestFilter.java:119) [spring-web-5.2.4.RELEASE.jar:5.2.4.RELEASE]
	at org.apache.catalina.core.ApplicationFilterChain.internalDoFilter(ApplicationFilterChain.java:193) [tomcat-embed-core-9.0.31.jar:9.0.31]
	at org.apache.catalina.core.ApplicationFilterChain.doFilter(ApplicationFilterChain.java:166) [tomcat-embed-core-9.0.31.jar:9.0.31]
	at org.springframework.web.filter.FormContentFilter.doFilterInternal(FormContentFilter.java:93) [spring-web-5.2.4.RELEASE.jar:5.2.4.RELEASE]
	at org.springframework.web.filter.OncePerRequestFilter.doFilter(OncePerRequestFilter.java:119) [spring-web-5.2.4.RELEASE.jar:5.2.4.RELEASE]
	at org.apache.catalina.core.ApplicationFilterChain.internalDoFilter(ApplicationFilterChain.java:193) [tomcat-embed-core-9.0.31.jar:9.0.31]
	at org.apache.catalina.core.ApplicationFilterChain.doFilter(ApplicationFilterChain.java:166) [tomcat-embed-core-9.0.31.jar:9.0.31]
	at org.springframework.web.filter.CharacterEncodingFilter.doFilterInternal(CharacterEncodingFilter.java:201) [spring-web-5.2.4.RELEASE.jar:5.2.4.RELEASE]
	at org.springframework.web.filter.OncePerRequestFilter.doFilter(OncePerRequestFilter.java:119) [spring-web-5.2.4.RELEASE.jar:5.2.4.RELEASE]
	at org.apache.catalina.core.ApplicationFilterChain.internalDoFilter(ApplicationFilterChain.java:193) [tomcat-embed-core-9.0.31.jar:9.0.31]
	at org.apache.catalina.core.ApplicationFilterChain.doFilter(ApplicationFilterChain.java:166) [tomcat-embed-core-9.0.31.jar:9.0.31]
	at org.apache.catalina.core.StandardWrapperValve.invoke(StandardWrapperValve.java:202) [tomcat-embed-core-9.0.31.jar:9.0.31]
	at org.apache.catalina.core.StandardContextValve.invoke(StandardContextValve.java:96) [tomcat-embed-core-9.0.31.jar:9.0.31]
	at org.apache.catalina.authenticator.AuthenticatorBase.invoke(AuthenticatorBase.java:541) [tomcat-embed-core-9.0.31.jar:9.0.31]
	at org.apache.catalina.core.StandardHostValve.invoke(StandardHostValve.java:139) [tomcat-embed-core-9.0.31.jar:9.0.31]
	at org.apache.catalina.valves.ErrorReportValve.invoke(ErrorReportValve.java:92) [tomcat-embed-core-9.0.31.jar:9.0.31]
	at org.apache.catalina.core.StandardEngineValve.invoke(StandardEngineValve.java:74) [tomcat-embed-core-9.0.31.jar:9.0.31]
	at org.apache.catalina.connector.CoyoteAdapter.service(CoyoteAdapter.java:343) [tomcat-embed-core-9.0.31.jar:9.0.31]
	at org.apache.coyote.http11.Http11Processor.service(Http11Processor.java:367) [tomcat-embed-core-9.0.31.jar:9.0.31]
	at org.apache.coyote.AbstractProcessorLight.process(AbstractProcessorLight.java:65) [tomcat-embed-core-9.0.31.jar:9.0.31]
	at org.apache.coyote.AbstractProtocol$ConnectionHandler.process(AbstractProtocol.java:868) [tomcat-embed-core-9.0.31.jar:9.0.31]
	at org.apache.tomcat.util.net.NioEndpoint$SocketProcessor.doRun(NioEndpoint.java:1639) [tomcat-embed-core-9.0.31.jar:9.0.31]
	at org.apache.tomcat.util.net.SocketProcessorBase.run(SocketProcessorBase.java:49) [tomcat-embed-core-9.0.31.jar:9.0.31]
	at java.util.concurrent.ThreadPoolExecutor.runWorker(ThreadPoolExecutor.java:1149) [?:1.8.0_461]
	at java.util.concurrent.ThreadPoolExecutor$Worker.run(ThreadPoolExecutor.java:624) [?:1.8.0_461]
	at org.apache.tomcat.util.threads.TaskThread$WrappingRunnable.run(TaskThread.java:61) [tomcat-embed-core-9.0.31.jar:9.0.31]
	at java.lang.Thread.run(Thread.java:750) [?:1.8.0_461]
Caused by: java.sql.SQLSyntaxErrorException: You have an error in your SQL syntax; check the manual that corresponds to your MySQL server version for the right syntax to use near 'by create_time desc  limit 0 , 10' at line 1
	at com.mysql.cj.jdbc.exceptions.SQLError.createSQLException(SQLError.java:118) ~[mysql-connector-java-8.0.11.jar:8.0.11]
	at com.mysql.cj.jdbc.exceptions.SQLError.createSQLException(SQLError.java:95) ~[mysql-connector-java-8.0.11.jar:8.0.11]
	at com.mysql.cj.jdbc.exceptions.SQLExceptionsMapping.translateException(SQLExceptionsMapping.java:122) ~[mysql-connector-java-8.0.11.jar:8.0.11]
	at com.mysql.cj.jdbc.ClientPreparedStatement.executeInternal(ClientPreparedStatement.java:960) ~[mysql-connector-java-8.0.11.jar:8.0.11]
	at com.mysql.cj.jdbc.ClientPreparedStatement.execute(ClientPreparedStatement.java:388) ~[mysql-connector-java-8.0.11.jar:8.0.11]
	at com.alibaba.druid.pool.DruidPooledPreparedStatement.execute(DruidPooledPreparedStatement.java:497) ~[druid-1.2.8.jar:1.2.8]
	at sun.reflect.GeneratedMethodAccessor81.invoke(Unknown Source) ~[?:?]
	at sun.reflect.DelegatingMethodAccessorImpl.invoke(DelegatingMethodAccessorImpl.java:43) ~[?:1.8.0_461]
	at java.lang.reflect.Method.invoke(Method.java:498) ~[?:1.8.0_461]
	at org.apache.ibatis.logging.jdbc.PreparedStatementLogger.invoke(PreparedStatementLogger.java:59) ~[mybatis-3.5.7.jar:3.5.7]
	at com.sun.proxy.$Proxy150.execute(Unknown Source) ~[?:?]
	at org.apache.ibatis.executor.statement.PreparedStatementHandler.query(PreparedStatementHandler.java:64) ~[mybatis-3.5.7.jar:3.5.7]
	at org.apache.ibatis.executor.statement.RoutingStatementHandler.query(RoutingStatementHandler.java:79) ~[mybatis-3.5.7.jar:3.5.7]
	at sun.reflect.GeneratedMethodAccessor83.invoke(Unknown Source) ~[?:?]
	at sun.reflect.DelegatingMethodAccessorImpl.invoke(DelegatingMethodAccessorImpl.java:43) ~[?:1.8.0_461]
	at java.lang.reflect.Method.invoke(Method.java:498) ~[?:1.8.0_461]
	at org.apache.ibatis.plugin.Plugin.invoke(Plugin.java:64) ~[mybatis-3.5.7.jar:3.5.7]
	at com.sun.proxy.$Proxy147.query(Unknown Source) ~[?:?]
	at org.apache.ibatis.executor.SimpleExecutor.doQuery(SimpleExecutor.java:63) ~[mybatis-3.5.7.jar:3.5.7]
	at org.apache.ibatis.executor.BaseExecutor.queryFromDatabase(BaseExecutor.java:325) ~[mybatis-3.5.7.jar:3.5.7]
	at org.apache.ibatis.executor.BaseExecutor.query(BaseExecutor.java:156) ~[mybatis-3.5.7.jar:3.5.7]
	at org.apache.ibatis.executor.CachingExecutor.query(CachingExecutor.java:109) ~[mybatis-3.5.7.jar:3.5.7]
	at com.baomidou.mybatisplus.extension.plugins.MybatisPlusInterceptor.intercept(MybatisPlusInterceptor.java:81) ~[mybatis-plus-extension-3.4.3.1.jar:3.4.3.1]
	at org.apache.ibatis.plugin.Plugin.invoke(Plugin.java:62) ~[mybatis-3.5.7.jar:3.5.7]
	at com.sun.proxy.$Proxy146.query(Unknown Source) ~[?:?]
	at org.apache.ibatis.session.defaults.DefaultSqlSession.selectList(DefaultSqlSession.java:151) ~[mybatis-3.5.7.jar:3.5.7]
	at org.apache.ibatis.session.defaults.DefaultSqlSession.selectList(DefaultSqlSession.java:145) ~[mybatis-3.5.7.jar:3.5.7]
	at org.apache.ibatis.session.defaults.DefaultSqlSession.selectList(DefaultSqlSession.java:140) ~[mybatis-3.5.7.jar:3.5.7]
	at sun.reflect.NativeMethodAccessorImpl.invoke0(Native Method) ~[?:1.8.0_461]
	at sun.reflect.NativeMethodAccessorImpl.invoke(NativeMethodAccessorImpl.java:62) ~[?:1.8.0_461]
	at sun.reflect.DelegatingMethodAccessorImpl.invoke(DelegatingMethodAccessorImpl.java:43) ~[?:1.8.0_461]
	at java.lang.reflect.Method.invoke(Method.java:498) ~[?:1.8.0_461]
	at org.mybatis.spring.SqlSessionTemplate$SqlSessionInterceptor.invoke(SqlSessionTemplate.java:427) ~[mybatis-spring-2.0.6.jar:2.0.6]
	... 73 more
2026-05-04 22:21:28.194 [http-nio-5000-exec-5] ERROR com.project.demo.exception.GlobalExceptionHandler - 运行时异常: 
org.springframework.jdbc.BadSqlGrammarException: 
### Error querying database.  Cause: java.sql.SQLSyntaxErrorException: You have an error in your SQL syntax; check the manual that corresponds to your MySQL server version for the right syntax to use near 'by create_time desc  limit 0 , 10' at line 1
### The error may exist in file [/home/yuan/Desktop/bishe-main/target/classes/mapper/BaseMapper.xml]
### The error may involve defaultParameterMap
### The error occurred while setting parameters
### SQL: select * from `user` WHERE `user_group` LIKE '%管理员%'  AND is_delete = 0order by create_time desc  limit 0 , 10
### Cause: java.sql.SQLSyntaxErrorException: You have an error in your SQL syntax; check the manual that corresponds to your MySQL server version for the right syntax to use near 'by create_time desc  limit 0 , 10' at line 1
; bad SQL grammar []; nested exception is java.sql.SQLSyntaxErrorException: You have an error in your SQL syntax; check the manual that corresponds to your MySQL server version for the right syntax to use near 'by create_time desc  limit 0 , 10' at line 1
	at org.springframework.jdbc.support.SQLErrorCodeSQLExceptionTranslator.doTranslate(SQLErrorCodeSQLExceptionTranslator.java:235) ~[spring-jdbc-5.2.4.RELEASE.jar:5.2.4.RELEASE]
	at org.springframework.jdbc.support.AbstractFallbackSQLExceptionTranslator.translate(AbstractFallbackSQLExceptionTranslator.java:72) ~[spring-jdbc-5.2.4.RELEASE.jar:5.2.4.RELEASE]
	at org.mybatis.spring.MyBatisExceptionTranslator.translateExceptionIfPossible(MyBatisExceptionTranslator.java:91) ~[mybatis-spring-2.0.6.jar:2.0.6]
	at org.mybatis.spring.SqlSessionTemplate$SqlSessionInterceptor.invoke(SqlSessionTemplate.java:441) ~[mybatis-spring-2.0.6.jar:2.0.6]
	at com.sun.proxy.$Proxy113.selectList(Unknown Source) ~[?:?]
	at org.mybatis.spring.SqlSessionTemplate.selectList(SqlSessionTemplate.java:224) ~[mybatis-spring-2.0.6.jar:2.0.6]
	at com.baomidou.mybatisplus.core.override.MybatisMapperMethod.executeForMany(MybatisMapperMethod.java:166) ~[mybatis-plus-core-3.4.3.1.jar:3.4.3.1]
	at com.baomidou.mybatisplus.core.override.MybatisMapperMethod.execute(MybatisMapperMethod.java:77) ~[mybatis-plus-core-3.4.3.1.jar:3.4.3.1]
	at com.baomidou.mybatisplus.core.override.MybatisMapperProxy$PlainMethodInvoker.invoke(MybatisMapperProxy.java:148) ~[mybatis-plus-core-3.4.3.1.jar:3.4.3.1]
	at com.baomidou.mybatisplus.core.override.MybatisMapperProxy.invoke(MybatisMapperProxy.java:89) ~[mybatis-plus-core-3.4.3.1.jar:3.4.3.1]
	at com.sun.proxy.$Proxy131.selectBaseList(Unknown Source) ~[?:?]
	at com.project.demo.service.base.BaseService.selectToPage(BaseService.java:77) ~[classes/:?]
	at com.project.demo.service.base.BaseService$$FastClassBySpringCGLIB$$504c7e9.invoke(<generated>) ~[classes/:?]
	at org.springframework.cglib.proxy.MethodProxy.invoke(MethodProxy.java:218) ~[spring-core-5.2.4.RELEASE.jar:5.2.4.RELEASE]
	at org.springframework.aop.framework.CglibAopProxy$CglibMethodInvocation.invokeJoinpoint(CglibAopProxy.java:769) ~[spring-aop-5.2.4.RELEASE.jar:5.2.4.RELEASE]
	at org.springframework.aop.framework.ReflectiveMethodInvocation.proceed(ReflectiveMethodInvocation.java:163) ~[spring-aop-5.2.4.RELEASE.jar:5.2.4.RELEASE]
	at org.springframework.aop.framework.CglibAopProxy$CglibMethodInvocation.proceed(CglibAopProxy.java:747) ~[spring-aop-5.2.4.RELEASE.jar:5.2.4.RELEASE]
	at org.springframework.aop.interceptor.ExposeInvocationInterceptor.invoke(ExposeInvocationInterceptor.java:95) ~[spring-aop-5.2.4.RELEASE.jar:5.2.4.RELEASE]
	at org.springframework.aop.framework.ReflectiveMethodInvocation.proceed(ReflectiveMethodInvocation.java:186) ~[spring-aop-5.2.4.RELEASE.jar:5.2.4.RELEASE]
	at org.springframework.aop.framework.CglibAopProxy$CglibMethodInvocation.proceed(CglibAopProxy.java:747) ~[spring-aop-5.2.4.RELEASE.jar:5.2.4.RELEASE]
	at org.springframework.aop.framework.CglibAopProxy$DynamicAdvisedInterceptor.intercept(CglibAopProxy.java:689) ~[spring-aop-5.2.4.RELEASE.jar:5.2.4.RELEASE]
	at com.project.demo.service.UserService$$EnhancerBySpringCGLIB$$a5130571.selectToPage(<generated>) ~[classes/:?]
	at com.project.demo.controller.base.BaseController.getList(BaseController.java:76) ~[classes/:?]
	at com.project.demo.controller.base.BaseController$$FastClassBySpringCGLIB$$72c28101.invoke(<generated>) ~[classes/:?]
	at org.springframework.cglib.proxy.MethodProxy.invoke(MethodProxy.java:218) ~[spring-core-5.2.4.RELEASE.jar:5.2.4.RELEASE]
	at org.springframework.aop.framework.CglibAopProxy$DynamicAdvisedInterceptor.intercept(CglibAopProxy.java:685) ~[spring-aop-5.2.4.RELEASE.jar:5.2.4.RELEASE]
	at com.project.demo.controller.UserController$$EnhancerBySpringCGLIB$$64902b39.getList(<generated>) ~[classes/:?]
	at sun.reflect.NativeMethodAccessorImpl.invoke0(Native Method) ~[?:1.8.0_461]
	at sun.reflect.NativeMethodAccessorImpl.invoke(NativeMethodAccessorImpl.java:62) ~[?:1.8.0_461]
	at sun.reflect.DelegatingMethodAccessorImpl.invoke(DelegatingMethodAccessorImpl.java:43) ~[?:1.8.0_461]
	at java.lang.reflect.Method.invoke(Method.java:498) ~[?:1.8.0_461]
	at org.springframework.web.method.support.InvocableHandlerMethod.doInvoke(InvocableHandlerMethod.java:190) ~[spring-web-5.2.4.RELEASE.jar:5.2.4.RELEASE]
	at org.springframework.web.method.support.InvocableHandlerMethod.invokeForRequest(InvocableHandlerMethod.java:138) ~[spring-web-5.2.4.RELEASE.jar:5.2.4.RELEASE]
	at org.springframework.web.servlet.mvc.method.annotation.ServletInvocableHandlerMethod.invokeAndHandle(ServletInvocableHandlerMethod.java:106) ~[spring-webmvc-5.2.4.RELEASE.jar:5.2.4.RELEASE]
	at org.springframework.web.servlet.mvc.method.annotation.RequestMappingHandlerAdapter.invokeHandlerMethod(RequestMappingHandlerAdapter.java:879) ~[spring-webmvc-5.2.4.RELEASE.jar:5.2.4.RELEASE]
	at org.springframework.web.servlet.mvc.method.annotation.RequestMappingHandlerAdapter.handleInternal(RequestMappingHandlerAdapter.java:793) ~[spring-webmvc-5.2.4.RELEASE.jar:5.2.4.RELEASE]
	at org.springframework.web.servlet.mvc.method.AbstractHandlerMethodAdapter.handle(AbstractHandlerMethodAdapter.java:87) ~[spring-webmvc-5.2.4.RELEASE.jar:5.2.4.RELEASE]
	at org.springframework.web.servlet.DispatcherServlet.doDispatch(DispatcherServlet.java:1040) [spring-webmvc-5.2.4.RELEASE.jar:5.2.4.RELEASE]
	at org.springframework.web.servlet.DispatcherServlet.doService(DispatcherServlet.java:943) [spring-webmvc-5.2.4.RELEASE.jar:5.2.4.RELEASE]
	at org.springframework.web.servlet.FrameworkServlet.processRequest(FrameworkServlet.java:1006) [spring-webmvc-5.2.4.RELEASE.jar:5.2.4.RELEASE]
	at org.springframework.web.servlet.FrameworkServlet.doGet(FrameworkServlet.java:898) [spring-webmvc-5.2.4.RELEASE.jar:5.2.4.RELEASE]
	at javax.servlet.http.HttpServlet.service(HttpServlet.java:634) [tomcat-embed-core-9.0.31.jar:9.0.31]
	at org.springframework.web.servlet.FrameworkServlet.service(FrameworkServlet.java:883) [spring-webmvc-5.2.4.RELEASE.jar:5.2.4.RELEASE]
	at javax.servlet.http.HttpServlet.service(HttpServlet.java:741) [tomcat-embed-core-9.0.31.jar:9.0.31]
	at org.apache.catalina.core.ApplicationFilterChain.internalDoFilter(ApplicationFilterChain.java:231) [tomcat-embed-core-9.0.31.jar:9.0.31]
	at org.apache.catalina.core.ApplicationFilterChain.doFilter(ApplicationFilterChain.java:166) [tomcat-embed-core-9.0.31.jar:9.0.31]
	at org.apache.tomcat.websocket.server.WsFilter.doFilter(WsFilter.java:53) [tomcat-embed-websocket-9.0.31.jar:9.0.31]
	at org.apache.catalina.core.ApplicationFilterChain.internalDoFilter(ApplicationFilterChain.java:193) [tomcat-embed-core-9.0.31.jar:9.0.31]
	at org.apache.catalina.core.ApplicationFilterChain.doFilter(ApplicationFilterChain.java:166) [tomcat-embed-core-9.0.31.jar:9.0.31]
	at org.springframework.web.filter.RequestContextFilter.doFilterInternal(RequestContextFilter.java:100) [spring-web-5.2.4.RELEASE.jar:5.2.4.RELEASE]
	at org.springframework.web.filter.OncePerRequestFilter.doFilter(OncePerRequestFilter.java:119) [spring-web-5.2.4.RELEASE.jar:5.2.4.RELEASE]
	at org.apache.catalina.core.ApplicationFilterChain.internalDoFilter(ApplicationFilterChain.java:193) [tomcat-embed-core-9.0.31.jar:9.0.31]
	at org.apache.catalina.core.ApplicationFilterChain.doFilter(ApplicationFilterChain.java:166) [tomcat-embed-core-9.0.31.jar:9.0.31]
	at org.springframework.web.filter.FormContentFilter.doFilterInternal(FormContentFilter.java:93) [spring-web-5.2.4.RELEASE.jar:5.2.4.RELEASE]
	at org.springframework.web.filter.OncePerRequestFilter.doFilter(OncePerRequestFilter.java:119) [spring-web-5.2.4.RELEASE.jar:5.2.4.RELEASE]
	at org.apache.catalina.core.ApplicationFilterChain.internalDoFilter(ApplicationFilterChain.java:193) [tomcat-embed-core-9.0.31.jar:9.0.31]
	at org.apache.catalina.core.ApplicationFilterChain.doFilter(ApplicationFilterChain.java:166) [tomcat-embed-core-9.0.31.jar:9.0.31]
	at org.springframework.web.filter.CharacterEncodingFilter.doFilterInternal(CharacterEncodingFilter.java:201) [spring-web-5.2.4.RELEASE.jar:5.2.4.RELEASE]
	at org.springframework.web.filter.OncePerRequestFilter.doFilter(OncePerRequestFilter.java:119) [spring-web-5.2.4.RELEASE.jar:5.2.4.RELEASE]
	at org.apache.catalina.core.ApplicationFilterChain.internalDoFilter(ApplicationFilterChain.java:193) [tomcat-embed-core-9.0.31.jar:9.0.31]
	at org.apache.catalina.core.ApplicationFilterChain.doFilter(ApplicationFilterChain.java:166) [tomcat-embed-core-9.0.31.jar:9.0.31]
	at org.apache.catalina.core.StandardWrapperValve.invoke(StandardWrapperValve.java:202) [tomcat-embed-core-9.0.31.jar:9.0.31]
	at org.apache.catalina.core.StandardContextValve.invoke(StandardContextValve.java:96) [tomcat-embed-core-9.0.31.jar:9.0.31]
	at org.apache.catalina.authenticator.AuthenticatorBase.invoke(AuthenticatorBase.java:541) [tomcat-embed-core-9.0.31.jar:9.0.31]
	at org.apache.catalina.core.StandardHostValve.invoke(StandardHostValve.java:139) [tomcat-embed-core-9.0.31.jar:9.0.31]
	at org.apache.catalina.valves.ErrorReportValve.invoke(ErrorReportValve.java:92) [tomcat-embed-core-9.0.31.jar:9.0.31]
	at org.apache.catalina.core.StandardEngineValve.invoke(StandardEngineValve.java:74) [tomcat-embed-core-9.0.31.jar:9.0.31]
	at org.apache.catalina.connector.CoyoteAdapter.service(CoyoteAdapter.java:343) [tomcat-embed-core-9.0.31.jar:9.0.31]
	at org.apache.coyote.http11.Http11Processor.service(Http11Processor.java:367) [tomcat-embed-core-9.0.31.jar:9.0.31]
	at org.apache.coyote.AbstractProcessorLight.process(AbstractProcessorLight.java:65) [tomcat-embed-core-9.0.31.jar:9.0.31]
	at org.apache.coyote.AbstractProtocol$ConnectionHandler.process(AbstractProtocol.java:868) [tomcat-embed-core-9.0.31.jar:9.0.31]
	at org.apache.tomcat.util.net.NioEndpoint$SocketProcessor.doRun(NioEndpoint.java:1639) [tomcat-embed-core-9.0.31.jar:9.0.31]
	at org.apache.tomcat.util.net.SocketProcessorBase.run(SocketProcessorBase.java:49) [tomcat-embed-core-9.0.31.jar:9.0.31]
	at java.util.concurrent.ThreadPoolExecutor.runWorker(ThreadPoolExecutor.java:1149) [?:1.8.0_461]
	at java.util.concurrent.ThreadPoolExecutor$Worker.run(ThreadPoolExecutor.java:624) [?:1.8.0_461]
	at org.apache.tomcat.util.threads.TaskThread$WrappingRunnable.run(TaskThread.java:61) [tomcat-embed-core-9.0.31.jar:9.0.31]
	at java.lang.Thread.run(Thread.java:750) [?:1.8.0_461]
Caused by: java.sql.SQLSyntaxErrorException: You have an error in your SQL syntax; check the manual that corresponds to your MySQL server version for the right syntax to use near 'by create_time desc  limit 0 , 10' at line 1
	at com.mysql.cj.jdbc.exceptions.SQLError.createSQLException(SQLError.java:118) ~[mysql-connector-java-8.0.11.jar:8.0.11]
	at com.mysql.cj.jdbc.exceptions.SQLError.createSQLException(SQLError.java:95) ~[mysql-connector-java-8.0.11.jar:8.0.11]
	at com.mysql.cj.jdbc.exceptions.SQLExceptionsMapping.translateException(SQLExceptionsMapping.java:122) ~[mysql-connector-java-8.0.11.jar:8.0.11]
	at com.mysql.cj.jdbc.ClientPreparedStatement.executeInternal(ClientPreparedStatement.java:960) ~[mysql-connector-java-8.0.11.jar:8.0.11]
	at com.mysql.cj.jdbc.ClientPreparedStatement.execute(ClientPreparedStatement.java:388) ~[mysql-connector-java-8.0.11.jar:8.0.11]
	at com.alibaba.druid.pool.DruidPooledPreparedStatement.execute(DruidPooledPreparedStatement.java:497) ~[druid-1.2.8.jar:1.2.8]
	at sun.reflect.GeneratedMethodAccessor81.invoke(Unknown Source) ~[?:?]
	at sun.reflect.DelegatingMethodAccessorImpl.invoke(DelegatingMethodAccessorImpl.java:43) ~[?:1.8.0_461]
	at java.lang.reflect.Method.invoke(Method.java:498) ~[?:1.8.0_461]
	at org.apache.ibatis.logging.jdbc.PreparedStatementLogger.invoke(PreparedStatementLogger.java:59) ~[mybatis-3.5.7.jar:3.5.7]
	at com.sun.proxy.$Proxy150.execute(Unknown Source) ~[?:?]
	at org.apache.ibatis.executor.statement.PreparedStatementHandler.query(PreparedStatementHandler.java:64) ~[mybatis-3.5.7.jar:3.5.7]
	at org.apache.ibatis.executor.statement.RoutingStatementHandler.query(RoutingStatementHandler.java:79) ~[mybatis-3.5.7.jar:3.5.7]
	at sun.reflect.GeneratedMethodAccessor83.invoke(Unknown Source) ~[?:?]
	at sun.reflect.DelegatingMethodAccessorImpl.invoke(DelegatingMethodAccessorImpl.java:43) ~[?:1.8.0_461]
	at java.lang.reflect.Method.invoke(Method.java:498) ~[?:1.8.0_461]
	at org.apache.ibatis.plugin.Plugin.invoke(Plugin.java:64) ~[mybatis-3.5.7.jar:3.5.7]
	at com.sun.proxy.$Proxy147.query(Unknown Source) ~[?:?]
	at org.apache.ibatis.executor.SimpleExecutor.doQuery(SimpleExecutor.java:63) ~[mybatis-3.5.7.jar:3.5.7]
	at org.apache.ibatis.executor.BaseExecutor.queryFromDatabase(BaseExecutor.java:325) ~[mybatis-3.5.7.jar:3.5.7]
	at org.apache.ibatis.executor.BaseExecutor.query(BaseExecutor.java:156) ~[mybatis-3.5.7.jar:3.5.7]
	at org.apache.ibatis.executor.CachingExecutor.query(CachingExecutor.java:109) ~[mybatis-3.5.7.jar:3.5.7]
	at com.baomidou.mybatisplus.extension.plugins.MybatisPlusInterceptor.intercept(MybatisPlusInterceptor.java:81) ~[mybatis-plus-extension-3.4.3.1.jar:3.4.3.1]
	at org.apache.ibatis.plugin.Plugin.invoke(Plugin.java:62) ~[mybatis-3.5.7.jar:3.5.7]
	at com.sun.proxy.$Proxy146.query(Unknown Source) ~[?:?]
	at org.apache.ibatis.session.defaults.DefaultSqlSession.selectList(DefaultSqlSession.java:151) ~[mybatis-3.5.7.jar:3.5.7]
	at org.apache.ibatis.session.defaults.DefaultSqlSession.selectList(DefaultSqlSession.java:145) ~[mybatis-3.5.7.jar:3.5.7]
	at org.apache.ibatis.session.defaults.DefaultSqlSession.selectList(DefaultSqlSession.java:140) ~[mybatis-3.5.7.jar:3.5.7]
	at sun.reflect.NativeMethodAccessorImpl.invoke0(Native Method) ~[?:1.8.0_461]
	at sun.reflect.NativeMethodAccessorImpl.invoke(NativeMethodAccessorImpl.java:62) ~[?:1.8.0_461]
	at sun.reflect.DelegatingMethodAccessorImpl.invoke(DelegatingMethodAccessorImpl.java:43) ~[?:1.8.0_461]
	at java.lang.reflect.Method.invoke(Method.java:498) ~[?:1.8.0_461]
	at org.mybatis.spring.SqlSessionTemplate$SqlSessionInterceptor.invoke(SqlSessionTemplate.java:427) ~[mybatis-spring-2.0.6.jar:2.0.6]
	... 73 more
2026-05-04 22:21:30.384 [http-nio-5000-exec-10] ERROR com.project.demo.exception.GlobalExceptionHandler - 运行时异常: 
org.springframework.jdbc.BadSqlGrammarException: 
### Error querying database.  Cause: java.sql.SQLSyntaxErrorException: You have an error in your SQL syntax; check the manual that corresponds to your MySQL server version for the right syntax to use near 'by create_time desc  limit 0 , 7' at line 1
### The error may exist in file [/home/yuan/Desktop/bishe-main/target/classes/mapper/BaseMapper.xml]
### The error may involve defaultParameterMap
### The error occurred while setting parameters
### SQL: select * from `registered_user` WHERE is_delete = 0order by create_time desc  limit 0 , 7
### Cause: java.sql.SQLSyntaxErrorException: You have an error in your SQL syntax; check the manual that corresponds to your MySQL server version for the right syntax to use near 'by create_time desc  limit 0 , 7' at line 1
; bad SQL grammar []; nested exception is java.sql.SQLSyntaxErrorException: You have an error in your SQL syntax; check the manual that corresponds to your MySQL server version for the right syntax to use near 'by create_time desc  limit 0 , 7' at line 1
	at org.springframework.jdbc.support.SQLErrorCodeSQLExceptionTranslator.doTranslate(SQLErrorCodeSQLExceptionTranslator.java:235) ~[spring-jdbc-5.2.4.RELEASE.jar:5.2.4.RELEASE]
	at org.springframework.jdbc.support.AbstractFallbackSQLExceptionTranslator.translate(AbstractFallbackSQLExceptionTranslator.java:72) ~[spring-jdbc-5.2.4.RELEASE.jar:5.2.4.RELEASE]
	at org.mybatis.spring.MyBatisExceptionTranslator.translateExceptionIfPossible(MyBatisExceptionTranslator.java:91) ~[mybatis-spring-2.0.6.jar:2.0.6]
	at org.mybatis.spring.SqlSessionTemplate$SqlSessionInterceptor.invoke(SqlSessionTemplate.java:441) ~[mybatis-spring-2.0.6.jar:2.0.6]
	at com.sun.proxy.$Proxy113.selectList(Unknown Source) ~[?:?]
	at org.mybatis.spring.SqlSessionTemplate.selectList(SqlSessionTemplate.java:224) ~[mybatis-spring-2.0.6.jar:2.0.6]
	at com.baomidou.mybatisplus.core.override.MybatisMapperMethod.executeForMany(MybatisMapperMethod.java:166) ~[mybatis-plus-core-3.4.3.1.jar:3.4.3.1]
	at com.baomidou.mybatisplus.core.override.MybatisMapperMethod.execute(MybatisMapperMethod.java:77) ~[mybatis-plus-core-3.4.3.1.jar:3.4.3.1]
	at com.baomidou.mybatisplus.core.override.MybatisMapperProxy$PlainMethodInvoker.invoke(MybatisMapperProxy.java:148) ~[mybatis-plus-core-3.4.3.1.jar:3.4.3.1]
	at com.baomidou.mybatisplus.core.override.MybatisMapperProxy.invoke(MybatisMapperProxy.java:89) ~[mybatis-plus-core-3.4.3.1.jar:3.4.3.1]
	at com.sun.proxy.$Proxy127.selectBaseList(Unknown Source) ~[?:?]
	at com.project.demo.service.base.BaseService.selectToPage(BaseService.java:77) ~[classes/:?]
	at com.project.demo.service.base.BaseService$$FastClassBySpringCGLIB$$504c7e9.invoke(<generated>) ~[classes/:?]
	at org.springframework.cglib.proxy.MethodProxy.invoke(MethodProxy.java:218) ~[spring-core-5.2.4.RELEASE.jar:5.2.4.RELEASE]
	at org.springframework.aop.framework.CglibAopProxy$CglibMethodInvocation.invokeJoinpoint(CglibAopProxy.java:769) ~[spring-aop-5.2.4.RELEASE.jar:5.2.4.RELEASE]
	at org.springframework.aop.framework.ReflectiveMethodInvocation.proceed(ReflectiveMethodInvocation.java:163) ~[spring-aop-5.2.4.RELEASE.jar:5.2.4.RELEASE]
	at org.springframework.aop.framework.CglibAopProxy$CglibMethodInvocation.proceed(CglibAopProxy.java:747) ~[spring-aop-5.2.4.RELEASE.jar:5.2.4.RELEASE]
	at org.springframework.aop.interceptor.ExposeInvocationInterceptor.invoke(ExposeInvocationInterceptor.java:95) ~[spring-aop-5.2.4.RELEASE.jar:5.2.4.RELEASE]
	at org.springframework.aop.framework.ReflectiveMethodInvocation.proceed(ReflectiveMethodInvocation.java:186) ~[spring-aop-5.2.4.RELEASE.jar:5.2.4.RELEASE]
	at org.springframework.aop.framework.CglibAopProxy$CglibMethodInvocation.proceed(CglibAopProxy.java:747) ~[spring-aop-5.2.4.RELEASE.jar:5.2.4.RELEASE]
	at org.springframework.aop.framework.CglibAopProxy$DynamicAdvisedInterceptor.intercept(CglibAopProxy.java:689) ~[spring-aop-5.2.4.RELEASE.jar:5.2.4.RELEASE]
	at com.project.demo.service.RegisteredUserService$$EnhancerBySpringCGLIB$$a7009c0b.selectToPage(<generated>) ~[classes/:?]
	at com.project.demo.controller.base.BaseController.getList(BaseController.java:76) ~[classes/:?]
	at com.project.demo.controller.base.BaseController$$FastClassBySpringCGLIB$$72c28101.invoke(<generated>) ~[classes/:?]
	at org.springframework.cglib.proxy.MethodProxy.invoke(MethodProxy.java:218) ~[spring-core-5.2.4.RELEASE.jar:5.2.4.RELEASE]
	at org.springframework.aop.framework.CglibAopProxy$DynamicAdvisedInterceptor.intercept(CglibAopProxy.java:685) ~[spring-aop-5.2.4.RELEASE.jar:5.2.4.RELEASE]
	at com.project.demo.controller.RegisteredUserController$$EnhancerBySpringCGLIB$$51add81f.getList(<generated>) ~[classes/:?]
	at sun.reflect.NativeMethodAccessorImpl.invoke0(Native Method) ~[?:1.8.0_461]
	at sun.reflect.NativeMethodAccessorImpl.invoke(NativeMethodAccessorImpl.java:62) ~[?:1.8.0_461]
	at sun.reflect.DelegatingMethodAccessorImpl.invoke(DelegatingMethodAccessorImpl.java:43) ~[?:1.8.0_461]
	at java.lang.reflect.Method.invoke(Method.java:498) ~[?:1.8.0_461]
	at org.springframework.web.method.support.InvocableHandlerMethod.doInvoke(InvocableHandlerMethod.java:190) ~[spring-web-5.2.4.RELEASE.jar:5.2.4.RELEASE]
	at org.springframework.web.method.support.InvocableHandlerMethod.invokeForRequest(InvocableHandlerMethod.java:138) ~[spring-web-5.2.4.RELEASE.jar:5.2.4.RELEASE]
	at org.springframework.web.servlet.mvc.method.annotation.ServletInvocableHandlerMethod.invokeAndHandle(ServletInvocableHandlerMethod.java:106) ~[spring-webmvc-5.2.4.RELEASE.jar:5.2.4.RELEASE]
	at org.springframework.web.servlet.mvc.method.annotation.RequestMappingHandlerAdapter.invokeHandlerMethod(RequestMappingHandlerAdapter.java:879) ~[spring-webmvc-5.2.4.RELEASE.jar:5.2.4.RELEASE]
	at org.springframework.web.servlet.mvc.method.annotation.RequestMappingHandlerAdapter.handleInternal(RequestMappingHandlerAdapter.java:793) ~[spring-webmvc-5.2.4.RELEASE.jar:5.2.4.RELEASE]
	at org.springframework.web.servlet.mvc.method.AbstractHandlerMethodAdapter.handle(AbstractHandlerMethodAdapter.java:87) ~[spring-webmvc-5.2.4.RELEASE.jar:5.2.4.RELEASE]
	at org.springframework.web.servlet.DispatcherServlet.doDispatch(DispatcherServlet.java:1040) [spring-webmvc-5.2.4.RELEASE.jar:5.2.4.RELEASE]
	at org.springframework.web.servlet.DispatcherServlet.doService(DispatcherServlet.java:943) [spring-webmvc-5.2.4.RELEASE.jar:5.2.4.RELEASE]
	at org.springframework.web.servlet.FrameworkServlet.processRequest(FrameworkServlet.java:1006) [spring-webmvc-5.2.4.RELEASE.jar:5.2.4.RELEASE]
	at org.springframework.web.servlet.FrameworkServlet.doGet(FrameworkServlet.java:898) [spring-webmvc-5.2.4.RELEASE.jar:5.2.4.RELEASE]
	at javax.servlet.http.HttpServlet.service(HttpServlet.java:634) [tomcat-embed-core-9.0.31.jar:9.0.31]
	at org.springframework.web.servlet.FrameworkServlet.service(FrameworkServlet.java:883) [spring-webmvc-5.2.4.RELEASE.jar:5.2.4.RELEASE]
	at javax.servlet.http.HttpServlet.service(HttpServlet.java:741) [tomcat-embed-core-9.0.31.jar:9.0.31]
	at org.apache.catalina.core.ApplicationFilterChain.internalDoFilter(ApplicationFilterChain.java:231) [tomcat-embed-core-9.0.31.jar:9.0.31]
	at org.apache.catalina.core.ApplicationFilterChain.doFilter(ApplicationFilterChain.java:166) [tomcat-embed-core-9.0.31.jar:9.0.31]
	at org.apache.tomcat.websocket.server.WsFilter.doFilter(WsFilter.java:53) [tomcat-embed-websocket-9.0.31.jar:9.0.31]
	at org.apache.catalina.core.ApplicationFilterChain.internalDoFilter(ApplicationFilterChain.java:193) [tomcat-embed-core-9.0.31.jar:9.0.31]
	at org.apache.catalina.core.ApplicationFilterChain.doFilter(ApplicationFilterChain.java:166) [tomcat-embed-core-9.0.31.jar:9.0.31]
	at org.springframework.web.filter.RequestContextFilter.doFilterInternal(RequestContextFilter.java:100) [spring-web-5.2.4.RELEASE.jar:5.2.4.RELEASE]
	at org.springframework.web.filter.OncePerRequestFilter.doFilter(OncePerRequestFilter.java:119) [spring-web-5.2.4.RELEASE.jar:5.2.4.RELEASE]
	at org.apache.catalina.core.ApplicationFilterChain.internalDoFilter(ApplicationFilterChain.java:193) [tomcat-embed-core-9.0.31.jar:9.0.31]
	at org.apache.catalina.core.ApplicationFilterChain.doFilter(ApplicationFilterChain.java:166) [tomcat-embed-core-9.0.31.jar:9.0.31]
	at org.springframework.web.filter.FormContentFilter.doFilterInternal(FormContentFilter.java:93) [spring-web-5.2.4.RELEASE.jar:5.2.4.RELEASE]
	at org.springframework.web.filter.OncePerRequestFilter.doFilter(OncePerRequestFilter.java:119) [spring-web-5.2.4.RELEASE.jar:5.2.4.RELEASE]
	at org.apache.catalina.core.ApplicationFilterChain.internalDoFilter(ApplicationFilterChain.java:193) [tomcat-embed-core-9.0.31.jar:9.0.31]
	at org.apache.catalina.core.ApplicationFilterChain.doFilter(ApplicationFilterChain.java:166) [tomcat-embed-core-9.0.31.jar:9.0.31]
	at org.springframework.web.filter.CharacterEncodingFilter.doFilterInternal(CharacterEncodingFilter.java:201) [spring-web-5.2.4.RELEASE.jar:5.2.4.RELEASE]
	at org.springframework.web.filter.OncePerRequestFilter.doFilter(OncePerRequestFilter.java:119) [spring-web-5.2.4.RELEASE.jar:5.2.4.RELEASE]
	at org.apache.catalina.core.ApplicationFilterChain.internalDoFilter(ApplicationFilterChain.java:193) [tomcat-embed-core-9.0.31.jar:9.0.31]
	at org.apache.catalina.core.ApplicationFilterChain.doFilter(ApplicationFilterChain.java:166) [tomcat-embed-core-9.0.31.jar:9.0.31]
	at org.apache.catalina.core.StandardWrapperValve.invoke(StandardWrapperValve.java:202) [tomcat-embed-core-9.0.31.jar:9.0.31]
	at org.apache.catalina.core.StandardContextValve.invoke(StandardContextValve.java:96) [tomcat-embed-core-9.0.31.jar:9.0.31]
	at org.apache.catalina.authenticator.AuthenticatorBase.invoke(AuthenticatorBase.java:541) [tomcat-embed-core-9.0.31.jar:9.0.31]
	at org.apache.catalina.core.StandardHostValve.invoke(StandardHostValve.java:139) [tomcat-embed-core-9.0.31.jar:9.0.31]
	at org.apache.catalina.valves.ErrorReportValve.invoke(ErrorReportValve.java:92) [tomcat-embed-core-9.0.31.jar:9.0.31]
	at org.apache.catalina.core.StandardEngineValve.invoke(StandardEngineValve.java:74) [tomcat-embed-core-9.0.31.jar:9.0.31]
	at org.apache.catalina.connector.CoyoteAdapter.service(CoyoteAdapter.java:343) [tomcat-embed-core-9.0.31.jar:9.0.31]
	at org.apache.coyote.http11.Http11Processor.service(Http11Processor.java:367) [tomcat-embed-core-9.0.31.jar:9.0.31]
	at org.apache.coyote.AbstractProcessorLight.process(AbstractProcessorLight.java:65) [tomcat-embed-core-9.0.31.jar:9.0.31]
	at org.apache.coyote.AbstractProtocol$ConnectionHandler.process(AbstractProtocol.java:868) [tomcat-embed-core-9.0.31.jar:9.0.31]
	at org.apache.tomcat.util.net.NioEndpoint$SocketProcessor.doRun(NioEndpoint.java:1639) [tomcat-embed-core-9.0.31.jar:9.0.31]
	at org.apache.tomcat.util.net.SocketProcessorBase.run(SocketProcessorBase.java:49) [tomcat-embed-core-9.0.31.jar:9.0.31]
	at java.util.concurrent.ThreadPoolExecutor.runWorker(ThreadPoolExecutor.java:1149) [?:1.8.0_461]
	at java.util.concurrent.ThreadPoolExecutor$Worker.run(ThreadPoolExecutor.java:624) [?:1.8.0_461]
	at org.apache.tomcat.util.threads.TaskThread$WrappingRunnable.run(TaskThread.java:61) [tomcat-embed-core-9.0.31.jar:9.0.31]
	at java.lang.Thread.run(Thread.java:750) [?:1.8.0_461]
Caused by: java.sql.SQLSyntaxErrorException: You have an error in your SQL syntax; check the manual that corresponds to your MySQL server version for the right syntax to use near 'by create_time desc  limit 0 , 7' at line 1
	at com.mysql.cj.jdbc.exceptions.SQLError.createSQLException(SQLError.java:118) ~[mysql-connector-java-8.0.11.jar:8.0.11]
	at com.mysql.cj.jdbc.exceptions.SQLError.createSQLException(SQLError.java:95) ~[mysql-connector-java-8.0.11.jar:8.0.11]
	at com.mysql.cj.jdbc.exceptions.SQLExceptionsMapping.translateException(SQLExceptionsMapping.java:122) ~[mysql-connector-java-8.0.11.jar:8.0.11]
	at com.mysql.cj.jdbc.ClientPreparedStatement.executeInternal(ClientPreparedStatement.java:960) ~[mysql-connector-java-8.0.11.jar:8.0.11]
	at com.mysql.cj.jdbc.ClientPreparedStatement.execute(ClientPreparedStatement.java:388) ~[mysql-connector-java-8.0.11.jar:8.0.11]
	at com.alibaba.druid.pool.DruidPooledPreparedStatement.execute(DruidPooledPreparedStatement.java:497) ~[druid-1.2.8.jar:1.2.8]
	at sun.reflect.GeneratedMethodAccessor81.invoke(Unknown Source) ~[?:?]
	at sun.reflect.DelegatingMethodAccessorImpl.invoke(DelegatingMethodAccessorImpl.java:43) ~[?:1.8.0_461]
	at java.lang.reflect.Method.invoke(Method.java:498) ~[?:1.8.0_461]
	at org.apache.ibatis.logging.jdbc.PreparedStatementLogger.invoke(PreparedStatementLogger.java:59) ~[mybatis-3.5.7.jar:3.5.7]
	at com.sun.proxy.$Proxy150.execute(Unknown Source) ~[?:?]
	at org.apache.ibatis.executor.statement.PreparedStatementHandler.query(PreparedStatementHandler.java:64) ~[mybatis-3.5.7.jar:3.5.7]
	at org.apache.ibatis.executor.statement.RoutingStatementHandler.query(RoutingStatementHandler.java:79) ~[mybatis-3.5.7.jar:3.5.7]
	at sun.reflect.GeneratedMethodAccessor83.invoke(Unknown Source) ~[?:?]
	at sun.reflect.DelegatingMethodAccessorImpl.invoke(DelegatingMethodAccessorImpl.java:43) ~[?:1.8.0_461]
	at java.lang.reflect.Method.invoke(Method.java:498) ~[?:1.8.0_461]
	at org.apache.ibatis.plugin.Plugin.invoke(Plugin.java:64) ~[mybatis-3.5.7.jar:3.5.7]
	at com.sun.proxy.$Proxy147.query(Unknown Source) ~[?:?]
	at org.apache.ibatis.executor.SimpleExecutor.doQuery(SimpleExecutor.java:63) ~[mybatis-3.5.7.jar:3.5.7]
	at org.apache.ibatis.executor.BaseExecutor.queryFromDatabase(BaseExecutor.java:325) ~[mybatis-3.5.7.jar:3.5.7]
	at org.apache.ibatis.executor.BaseExecutor.query(BaseExecutor.java:156) ~[mybatis-3.5.7.jar:3.5.7]
	at org.apache.ibatis.executor.CachingExecutor.query(CachingExecutor.java:109) ~[mybatis-3.5.7.jar:3.5.7]
	at com.baomidou.mybatisplus.extension.plugins.MybatisPlusInterceptor.intercept(MybatisPlusInterceptor.java:81) ~[mybatis-plus-extension-3.4.3.1.jar:3.4.3.1]
	at org.apache.ibatis.plugin.Plugin.invoke(Plugin.java:62) ~[mybatis-3.5.7.jar:3.5.7]
	at com.sun.proxy.$Proxy146.query(Unknown Source) ~[?:?]
	at org.apache.ibatis.session.defaults.DefaultSqlSession.selectList(DefaultSqlSession.java:151) ~[mybatis-3.5.7.jar:3.5.7]
	at org.apache.ibatis.session.defaults.DefaultSqlSession.selectList(DefaultSqlSession.java:145) ~[mybatis-3.5.7.jar:3.5.7]
	at org.apache.ibatis.session.defaults.DefaultSqlSession.selectList(DefaultSqlSession.java:140) ~[mybatis-3.5.7.jar:3.5.7]
	at sun.reflect.GeneratedMethodAccessor96.invoke(Unknown Source) ~[?:?]
	at sun.reflect.DelegatingMethodAccessorImpl.invoke(DelegatingMethodAccessorImpl.java:43) ~[?:1.8.0_461]
	at java.lang.reflect.Method.invoke(Method.java:498) ~[?:1.8.0_461]
	at org.mybatis.spring.SqlSessionTemplate$SqlSessionInterceptor.invoke(SqlSessionTemplate.java:427) ~[mybatis-spring-2.0.6.jar:2.0.6]
	... 73 more
2026-05-04 22:21:30.982 [http-nio-5000-exec-6] ERROR com.project.demo.exception.GlobalExceptionHandler - 运行时异常: 
org.springframework.jdbc.BadSqlGrammarException: 
### Error querying database.  Cause: java.sql.SQLSyntaxErrorException: You have an error in your SQL syntax; check the manual that corresponds to your MySQL server version for the right syntax to use near 'by create_time desc  limit 0 , 10' at line 1
### The error may exist in file [/home/yuan/Desktop/bishe-main/target/classes/mapper/BaseMapper.xml]
### The error may involve defaultParameterMap
### The error occurred while setting parameters
### SQL: select * from `user` WHERE `user_group` LIKE '%管理员%'  AND is_delete = 0order by create_time desc  limit 0 , 10
### Cause: java.sql.SQLSyntaxErrorException: You have an error in your SQL syntax; check the manual that corresponds to your MySQL server version for the right syntax to use near 'by create_time desc  limit 0 , 10' at line 1
; bad SQL grammar []; nested exception is java.sql.SQLSyntaxErrorException: You have an error in your SQL syntax; check the manual that corresponds to your MySQL server version for the right syntax to use near 'by create_time desc  limit 0 , 10' at line 1
	at org.springframework.jdbc.support.SQLErrorCodeSQLExceptionTranslator.doTranslate(SQLErrorCodeSQLExceptionTranslator.java:235) ~[spring-jdbc-5.2.4.RELEASE.jar:5.2.4.RELEASE]
	at org.springframework.jdbc.support.AbstractFallbackSQLExceptionTranslator.translate(AbstractFallbackSQLExceptionTranslator.java:72) ~[spring-jdbc-5.2.4.RELEASE.jar:5.2.4.RELEASE]
	at org.mybatis.spring.MyBatisExceptionTranslator.translateExceptionIfPossible(MyBatisExceptionTranslator.java:91) ~[mybatis-spring-2.0.6.jar:2.0.6]
	at org.mybatis.spring.SqlSessionTemplate$SqlSessionInterceptor.invoke(SqlSessionTemplate.java:441) ~[mybatis-spring-2.0.6.jar:2.0.6]
	at com.sun.proxy.$Proxy113.selectList(Unknown Source) ~[?:?]
	at org.mybatis.spring.SqlSessionTemplate.selectList(SqlSessionTemplate.java:224) ~[mybatis-spring-2.0.6.jar:2.0.6]
	at com.baomidou.mybatisplus.core.override.MybatisMapperMethod.executeForMany(MybatisMapperMethod.java:166) ~[mybatis-plus-core-3.4.3.1.jar:3.4.3.1]
	at com.baomidou.mybatisplus.core.override.MybatisMapperMethod.execute(MybatisMapperMethod.java:77) ~[mybatis-plus-core-3.4.3.1.jar:3.4.3.1]
	at com.baomidou.mybatisplus.core.override.MybatisMapperProxy$PlainMethodInvoker.invoke(MybatisMapperProxy.java:148) ~[mybatis-plus-core-3.4.3.1.jar:3.4.3.1]
	at com.baomidou.mybatisplus.core.override.MybatisMapperProxy.invoke(MybatisMapperProxy.java:89) ~[mybatis-plus-core-3.4.3.1.jar:3.4.3.1]
	at com.sun.proxy.$Proxy131.selectBaseList(Unknown Source) ~[?:?]
	at com.project.demo.service.base.BaseService.selectToPage(BaseService.java:77) ~[classes/:?]
	at com.project.demo.service.base.BaseService$$FastClassBySpringCGLIB$$504c7e9.invoke(<generated>) ~[classes/:?]
	at org.springframework.cglib.proxy.MethodProxy.invoke(MethodProxy.java:218) ~[spring-core-5.2.4.RELEASE.jar:5.2.4.RELEASE]
	at org.springframework.aop.framework.CglibAopProxy$CglibMethodInvocation.invokeJoinpoint(CglibAopProxy.java:769) ~[spring-aop-5.2.4.RELEASE.jar:5.2.4.RELEASE]
	at org.springframework.aop.framework.ReflectiveMethodInvocation.proceed(ReflectiveMethodInvocation.java:163) ~[spring-aop-5.2.4.RELEASE.jar:5.2.4.RELEASE]
	at org.springframework.aop.framework.CglibAopProxy$CglibMethodInvocation.proceed(CglibAopProxy.java:747) ~[spring-aop-5.2.4.RELEASE.jar:5.2.4.RELEASE]
	at org.springframework.aop.interceptor.ExposeInvocationInterceptor.invoke(ExposeInvocationInterceptor.java:95) ~[spring-aop-5.2.4.RELEASE.jar:5.2.4.RELEASE]
	at org.springframework.aop.framework.ReflectiveMethodInvocation.proceed(ReflectiveMethodInvocation.java:186) ~[spring-aop-5.2.4.RELEASE.jar:5.2.4.RELEASE]
	at org.springframework.aop.framework.CglibAopProxy$CglibMethodInvocation.proceed(CglibAopProxy.java:747) ~[spring-aop-5.2.4.RELEASE.jar:5.2.4.RELEASE]
	at org.springframework.aop.framework.CglibAopProxy$DynamicAdvisedInterceptor.intercept(CglibAopProxy.java:689) ~[spring-aop-5.2.4.RELEASE.jar:5.2.4.RELEASE]
	at com.project.demo.service.UserService$$EnhancerBySpringCGLIB$$a5130571.selectToPage(<generated>) ~[classes/:?]
	at com.project.demo.controller.base.BaseController.getList(BaseController.java:76) ~[classes/:?]
	at com.project.demo.controller.base.BaseController$$FastClassBySpringCGLIB$$72c28101.invoke(<generated>) ~[classes/:?]
	at org.springframework.cglib.proxy.MethodProxy.invoke(MethodProxy.java:218) ~[spring-core-5.2.4.RELEASE.jar:5.2.4.RELEASE]
	at org.springframework.aop.framework.CglibAopProxy$DynamicAdvisedInterceptor.intercept(CglibAopProxy.java:685) ~[spring-aop-5.2.4.RELEASE.jar:5.2.4.RELEASE]
	at com.project.demo.controller.UserController$$EnhancerBySpringCGLIB$$64902b39.getList(<generated>) ~[classes/:?]
	at sun.reflect.NativeMethodAccessorImpl.invoke0(Native Method) ~[?:1.8.0_461]
	at sun.reflect.NativeMethodAccessorImpl.invoke(NativeMethodAccessorImpl.java:62) ~[?:1.8.0_461]
	at sun.reflect.DelegatingMethodAccessorImpl.invoke(DelegatingMethodAccessorImpl.java:43) ~[?:1.8.0_461]
	at java.lang.reflect.Method.invoke(Method.java:498) ~[?:1.8.0_461]
	at org.springframework.web.method.support.InvocableHandlerMethod.doInvoke(InvocableHandlerMethod.java:190) ~[spring-web-5.2.4.RELEASE.jar:5.2.4.RELEASE]
	at org.springframework.web.method.support.InvocableHandlerMethod.invokeForRequest(InvocableHandlerMethod.java:138) ~[spring-web-5.2.4.RELEASE.jar:5.2.4.RELEASE]
	at org.springframework.web.servlet.mvc.method.annotation.ServletInvocableHandlerMethod.invokeAndHandle(ServletInvocableHandlerMethod.java:106) ~[spring-webmvc-5.2.4.RELEASE.jar:5.2.4.RELEASE]
	at org.springframework.web.servlet.mvc.method.annotation.RequestMappingHandlerAdapter.invokeHandlerMethod(RequestMappingHandlerAdapter.java:879) ~[spring-webmvc-5.2.4.RELEASE.jar:5.2.4.RELEASE]
	at org.springframework.web.servlet.mvc.method.annotation.RequestMappingHandlerAdapter.handleInternal(RequestMappingHandlerAdapter.java:793) ~[spring-webmvc-5.2.4.RELEASE.jar:5.2.4.RELEASE]
	at org.springframework.web.servlet.mvc.method.AbstractHandlerMethodAdapter.handle(AbstractHandlerMethodAdapter.java:87) ~[spring-webmvc-5.2.4.RELEASE.jar:5.2.4.RELEASE]
	at org.springframework.web.servlet.DispatcherServlet.doDispatch(DispatcherServlet.java:1040) [spring-webmvc-5.2.4.RELEASE.jar:5.2.4.RELEASE]
	at org.springframework.web.servlet.DispatcherServlet.doService(DispatcherServlet.java:943) [spring-webmvc-5.2.4.RELEASE.jar:5.2.4.RELEASE]
	at org.springframework.web.servlet.FrameworkServlet.processRequest(FrameworkServlet.java:1006) [spring-webmvc-5.2.4.RELEASE.jar:5.2.4.RELEASE]
	at org.springframework.web.servlet.FrameworkServlet.doGet(FrameworkServlet.java:898) [spring-webmvc-5.2.4.RELEASE.jar:5.2.4.RELEASE]
	at javax.servlet.http.HttpServlet.service(HttpServlet.java:634) [tomcat-embed-core-9.0.31.jar:9.0.31]
	at org.springframework.web.servlet.FrameworkServlet.service(FrameworkServlet.java:883) [spring-webmvc-5.2.4.RELEASE.jar:5.2.4.RELEASE]
	at javax.servlet.http.HttpServlet.service(HttpServlet.java:741) [tomcat-embed-core-9.0.31.jar:9.0.31]
	at org.apache.catalina.core.ApplicationFilterChain.internalDoFilter(ApplicationFilterChain.java:231) [tomcat-embed-core-9.0.31.jar:9.0.31]
	at org.apache.catalina.core.ApplicationFilterChain.doFilter(ApplicationFilterChain.java:166) [tomcat-embed-core-9.0.31.jar:9.0.31]
	at org.apache.tomcat.websocket.server.WsFilter.doFilter(WsFilter.java:53) [tomcat-embed-websocket-9.0.31.jar:9.0.31]
	at org.apache.catalina.core.ApplicationFilterChain.internalDoFilter(ApplicationFilterChain.java:193) [tomcat-embed-core-9.0.31.jar:9.0.31]
	at org.apache.catalina.core.ApplicationFilterChain.doFilter(ApplicationFilterChain.java:166) [tomcat-embed-core-9.0.31.jar:9.0.31]
	at org.springframework.web.filter.RequestContextFilter.doFilterInternal(RequestContextFilter.java:100) [spring-web-5.2.4.RELEASE.jar:5.2.4.RELEASE]
	at org.springframework.web.filter.OncePerRequestFilter.doFilter(OncePerRequestFilter.java:119) [spring-web-5.2.4.RELEASE.jar:5.2.4.RELEASE]
	at org.apache.catalina.core.ApplicationFilterChain.internalDoFilter(ApplicationFilterChain.java:193) [tomcat-embed-core-9.0.31.jar:9.0.31]
	at org.apache.catalina.core.ApplicationFilterChain.doFilter(ApplicationFilterChain.java:166) [tomcat-embed-core-9.0.31.jar:9.0.31]
	at org.springframework.web.filter.FormContentFilter.doFilterInternal(FormContentFilter.java:93) [spring-web-5.2.4.RELEASE.jar:5.2.4.RELEASE]
	at org.springframework.web.filter.OncePerRequestFilter.doFilter(OncePerRequestFilter.java:119) [spring-web-5.2.4.RELEASE.jar:5.2.4.RELEASE]
	at org.apache.catalina.core.ApplicationFilterChain.internalDoFilter(ApplicationFilterChain.java:193) [tomcat-embed-core-9.0.31.jar:9.0.31]
	at org.apache.catalina.core.ApplicationFilterChain.doFilter(ApplicationFilterChain.java:166) [tomcat-embed-core-9.0.31.jar:9.0.31]
	at org.springframework.web.filter.CharacterEncodingFilter.doFilterInternal(CharacterEncodingFilter.java:201) [spring-web-5.2.4.RELEASE.jar:5.2.4.RELEASE]
	at org.springframework.web.filter.OncePerRequestFilter.doFilter(OncePerRequestFilter.java:119) [spring-web-5.2.4.RELEASE.jar:5.2.4.RELEASE]
	at org.apache.catalina.core.ApplicationFilterChain.internalDoFilter(ApplicationFilterChain.java:193) [tomcat-embed-core-9.0.31.jar:9.0.31]
	at org.apache.catalina.core.ApplicationFilterChain.doFilter(ApplicationFilterChain.java:166) [tomcat-embed-core-9.0.31.jar:9.0.31]
	at org.apache.catalina.core.StandardWrapperValve.invoke(StandardWrapperValve.java:202) [tomcat-embed-core-9.0.31.jar:9.0.31]
	at org.apache.catalina.core.StandardContextValve.invoke(StandardContextValve.java:96) [tomcat-embed-core-9.0.31.jar:9.0.31]
	at org.apache.catalina.authenticator.AuthenticatorBase.invoke(AuthenticatorBase.java:541) [tomcat-embed-core-9.0.31.jar:9.0.31]
	at org.apache.catalina.core.StandardHostValve.invoke(StandardHostValve.java:139) [tomcat-embed-core-9.0.31.jar:9.0.31]
	at org.apache.catalina.valves.ErrorReportValve.invoke(ErrorReportValve.java:92) [tomcat-embed-core-9.0.31.jar:9.0.31]
	at org.apache.catalina.core.StandardEngineValve.invoke(StandardEngineValve.java:74) [tomcat-embed-core-9.0.31.jar:9.0.31]
	at org.apache.catalina.connector.CoyoteAdapter.service(CoyoteAdapter.java:343) [tomcat-embed-core-9.0.31.jar:9.0.31]
	at org.apache.coyote.http11.Http11Processor.service(Http11Processor.java:367) [tomcat-embed-core-9.0.31.jar:9.0.31]
	at org.apache.coyote.AbstractProcessorLight.process(AbstractProcessorLight.java:65) [tomcat-embed-core-9.0.31.jar:9.0.31]
	at org.apache.coyote.AbstractProtocol$ConnectionHandler.process(AbstractProtocol.java:868) [tomcat-embed-core-9.0.31.jar:9.0.31]
	at org.apache.tomcat.util.net.NioEndpoint$SocketProcessor.doRun(NioEndpoint.java:1639) [tomcat-embed-core-9.0.31.jar:9.0.31]
	at org.apache.tomcat.util.net.SocketProcessorBase.run(SocketProcessorBase.java:49) [tomcat-embed-core-9.0.31.jar:9.0.31]
	at java.util.concurrent.ThreadPoolExecutor.runWorker(ThreadPoolExecutor.java:1149) [?:1.8.0_461]
	at java.util.concurrent.ThreadPoolExecutor$Worker.run(ThreadPoolExecutor.java:624) [?:1.8.0_461]
	at org.apache.tomcat.util.threads.TaskThread$WrappingRunnable.run(TaskThread.java:61) [tomcat-embed-core-9.0.31.jar:9.0.31]
	at java.lang.Thread.run(Thread.java:750) [?:1.8.0_461]
Caused by: java.sql.SQLSyntaxErrorException: You have an error in your SQL syntax; check the manual that corresponds to your MySQL server version for the right syntax to use near 'by create_time desc  limit 0 , 10' at line 1
	at com.mysql.cj.jdbc.exceptions.SQLError.createSQLException(SQLError.java:118) ~[mysql-connector-java-8.0.11.jar:8.0.11]
	at com.mysql.cj.jdbc.exceptions.SQLError.createSQLException(SQLError.java:95) ~[mysql-connector-java-8.0.11.jar:8.0.11]
	at com.mysql.cj.jdbc.exceptions.SQLExceptionsMapping.translateException(SQLExceptionsMapping.java:122) ~[mysql-connector-java-8.0.11.jar:8.0.11]
	at com.mysql.cj.jdbc.ClientPreparedStatement.executeInternal(ClientPreparedStatement.java:960) ~[mysql-connector-java-8.0.11.jar:8.0.11]
	at com.mysql.cj.jdbc.ClientPreparedStatement.execute(ClientPreparedStatement.java:388) ~[mysql-connector-java-8.0.11.jar:8.0.11]
	at com.alibaba.druid.pool.DruidPooledPreparedStatement.execute(DruidPooledPreparedStatement.java:497) ~[druid-1.2.8.jar:1.2.8]
	at sun.reflect.GeneratedMethodAccessor81.invoke(Unknown Source) ~[?:?]
	at sun.reflect.DelegatingMethodAccessorImpl.invoke(DelegatingMethodAccessorImpl.java:43) ~[?:1.8.0_461]
	at java.lang.reflect.Method.invoke(Method.java:498) ~[?:1.8.0_461]
	at org.apache.ibatis.logging.jdbc.PreparedStatementLogger.invoke(PreparedStatementLogger.java:59) ~[mybatis-3.5.7.jar:3.5.7]
	at com.sun.proxy.$Proxy150.execute(Unknown Source) ~[?:?]
	at org.apache.ibatis.executor.statement.PreparedStatementHandler.query(PreparedStatementHandler.java:64) ~[mybatis-3.5.7.jar:3.5.7]
	at org.apache.ibatis.executor.statement.RoutingStatementHandler.query(RoutingStatementHandler.java:79) ~[mybatis-3.5.7.jar:3.5.7]
	at sun.reflect.GeneratedMethodAccessor83.invoke(Unknown Source) ~[?:?]
	at sun.reflect.DelegatingMethodAccessorImpl.invoke(DelegatingMethodAccessorImpl.java:43) ~[?:1.8.0_461]
	at java.lang.reflect.Method.invoke(Method.java:498) ~[?:1.8.0_461]
	at org.apache.ibatis.plugin.Plugin.invoke(Plugin.java:64) ~[mybatis-3.5.7.jar:3.5.7]
	at com.sun.proxy.$Proxy147.query(Unknown Source) ~[?:?]
	at org.apache.ibatis.executor.SimpleExecutor.doQuery(SimpleExecutor.java:63) ~[mybatis-3.5.7.jar:3.5.7]
	at org.apache.ibatis.executor.BaseExecutor.queryFromDatabase(BaseExecutor.java:325) ~[mybatis-3.5.7.jar:3.5.7]
	at org.apache.ibatis.executor.BaseExecutor.query(BaseExecutor.java:156) ~[mybatis-3.5.7.jar:3.5.7]
	at org.apache.ibatis.executor.CachingExecutor.query(CachingExecutor.java:109) ~[mybatis-3.5.7.jar:3.5.7]
	at com.baomidou.mybatisplus.extension.plugins.MybatisPlusInterceptor.intercept(MybatisPlusInterceptor.java:81) ~[mybatis-plus-extension-3.4.3.1.jar:3.4.3.1]
	at org.apache.ibatis.plugin.Plugin.invoke(Plugin.java:62) ~[mybatis-3.5.7.jar:3.5.7]
	at com.sun.proxy.$Proxy146.query(Unknown Source) ~[?:?]
	at org.apache.ibatis.session.defaults.DefaultSqlSession.selectList(DefaultSqlSession.java:151) ~[mybatis-3.5.7.jar:3.5.7]
	at org.apache.ibatis.session.defaults.DefaultSqlSession.selectList(DefaultSqlSession.java:145) ~[mybatis-3.5.7.jar:3.5.7]
	at org.apache.ibatis.session.defaults.DefaultSqlSession.selectList(DefaultSqlSession.java:140) ~[mybatis-3.5.7.jar:3.5.7]
	at sun.reflect.GeneratedMethodAccessor96.invoke(Unknown Source) ~[?:?]
	at sun.reflect.DelegatingMethodAccessorImpl.invoke(DelegatingMethodAccessorImpl.java:43) ~[?:1.8.0_461]
	at java.lang.reflect.Method.invoke(Method.java:498) ~[?:1.8.0_461]
	at org.mybatis.spring.SqlSessionTemplate$SqlSessionInterceptor.invoke(SqlSessionTemplate.java:427) ~[mybatis-spring-2.0.6.jar:2.0.6]
	... 73 more
2026-05-04 22:21:31.603 [http-nio-5000-exec-1] ERROR com.project.demo.exception.GlobalExceptionHandler - 运行时异常: 
org.springframework.jdbc.BadSqlGrammarException: 
### Error querying database.  Cause: java.sql.SQLSyntaxErrorException: You have an error in your SQL syntax; check the manual that corresponds to your MySQL server version for the right syntax to use near 'by create_time desc  limit 0 , 7' at line 1
### The error may exist in file [/home/yuan/Desktop/bishe-main/target/classes/mapper/BaseMapper.xml]
### The error may involve defaultParameterMap
### The error occurred while setting parameters
### SQL: select * from `registered_user` WHERE is_delete = 0order by create_time desc  limit 0 , 7
### Cause: java.sql.SQLSyntaxErrorException: You have an error in your SQL syntax; check the manual that corresponds to your MySQL server version for the right syntax to use near 'by create_time desc  limit 0 , 7' at line 1
; bad SQL grammar []; nested exception is java.sql.SQLSyntaxErrorException: You have an error in your SQL syntax; check the manual that corresponds to your MySQL server version for the right syntax to use near 'by create_time desc  limit 0 , 7' at line 1
	at org.springframework.jdbc.support.SQLErrorCodeSQLExceptionTranslator.doTranslate(SQLErrorCodeSQLExceptionTranslator.java:235) ~[spring-jdbc-5.2.4.RELEASE.jar:5.2.4.RELEASE]
	at org.springframework.jdbc.support.AbstractFallbackSQLExceptionTranslator.translate(AbstractFallbackSQLExceptionTranslator.java:72) ~[spring-jdbc-5.2.4.RELEASE.jar:5.2.4.RELEASE]
	at org.mybatis.spring.MyBatisExceptionTranslator.translateExceptionIfPossible(MyBatisExceptionTranslator.java:91) ~[mybatis-spring-2.0.6.jar:2.0.6]
	at org.mybatis.spring.SqlSessionTemplate$SqlSessionInterceptor.invoke(SqlSessionTemplate.java:441) ~[mybatis-spring-2.0.6.jar:2.0.6]
	at com.sun.proxy.$Proxy113.selectList(Unknown Source) ~[?:?]
	at org.mybatis.spring.SqlSessionTemplate.selectList(SqlSessionTemplate.java:224) ~[mybatis-spring-2.0.6.jar:2.0.6]
	at com.baomidou.mybatisplus.core.override.MybatisMapperMethod.executeForMany(MybatisMapperMethod.java:166) ~[mybatis-plus-core-3.4.3.1.jar:3.4.3.1]
	at com.baomidou.mybatisplus.core.override.MybatisMapperMethod.execute(MybatisMapperMethod.java:77) ~[mybatis-plus-core-3.4.3.1.jar:3.4.3.1]
	at com.baomidou.mybatisplus.core.override.MybatisMapperProxy$PlainMethodInvoker.invoke(MybatisMapperProxy.java:148) ~[mybatis-plus-core-3.4.3.1.jar:3.4.3.1]
	at com.baomidou.mybatisplus.core.override.MybatisMapperProxy.invoke(MybatisMapperProxy.java:89) ~[mybatis-plus-core-3.4.3.1.jar:3.4.3.1]
	at com.sun.proxy.$Proxy127.selectBaseList(Unknown Source) ~[?:?]
	at com.project.demo.service.base.BaseService.selectToPage(BaseService.java:77) ~[classes/:?]
	at com.project.demo.service.base.BaseService$$FastClassBySpringCGLIB$$504c7e9.invoke(<generated>) ~[classes/:?]
	at org.springframework.cglib.proxy.MethodProxy.invoke(MethodProxy.java:218) ~[spring-core-5.2.4.RELEASE.jar:5.2.4.RELEASE]
	at org.springframework.aop.framework.CglibAopProxy$CglibMethodInvocation.invokeJoinpoint(CglibAopProxy.java:769) ~[spring-aop-5.2.4.RELEASE.jar:5.2.4.RELEASE]
	at org.springframework.aop.framework.ReflectiveMethodInvocation.proceed(ReflectiveMethodInvocation.java:163) ~[spring-aop-5.2.4.RELEASE.jar:5.2.4.RELEASE]
	at org.springframework.aop.framework.CglibAopProxy$CglibMethodInvocation.proceed(CglibAopProxy.java:747) ~[spring-aop-5.2.4.RELEASE.jar:5.2.4.RELEASE]
	at org.springframework.aop.interceptor.ExposeInvocationInterceptor.invoke(ExposeInvocationInterceptor.java:95) ~[spring-aop-5.2.4.RELEASE.jar:5.2.4.RELEASE]
	at org.springframework.aop.framework.ReflectiveMethodInvocation.proceed(ReflectiveMethodInvocation.java:186) ~[spring-aop-5.2.4.RELEASE.jar:5.2.4.RELEASE]
	at org.springframework.aop.framework.CglibAopProxy$CglibMethodInvocation.proceed(CglibAopProxy.java:747) ~[spring-aop-5.2.4.RELEASE.jar:5.2.4.RELEASE]
	at org.springframework.aop.framework.CglibAopProxy$DynamicAdvisedInterceptor.intercept(CglibAopProxy.java:689) ~[spring-aop-5.2.4.RELEASE.jar:5.2.4.RELEASE]
	at com.project.demo.service.RegisteredUserService$$EnhancerBySpringCGLIB$$a7009c0b.selectToPage(<generated>) ~[classes/:?]
	at com.project.demo.controller.base.BaseController.getList(BaseController.java:76) ~[classes/:?]
	at com.project.demo.controller.base.BaseController$$FastClassBySpringCGLIB$$72c28101.invoke(<generated>) ~[classes/:?]
	at org.springframework.cglib.proxy.MethodProxy.invoke(MethodProxy.java:218) ~[spring-core-5.2.4.RELEASE.jar:5.2.4.RELEASE]
	at org.springframework.aop.framework.CglibAopProxy$DynamicAdvisedInterceptor.intercept(CglibAopProxy.java:685) ~[spring-aop-5.2.4.RELEASE.jar:5.2.4.RELEASE]
	at com.project.demo.controller.RegisteredUserController$$EnhancerBySpringCGLIB$$51add81f.getList(<generated>) ~[classes/:?]
	at sun.reflect.GeneratedMethodAccessor99.invoke(Unknown Source) ~[?:?]
	at sun.reflect.DelegatingMethodAccessorImpl.invoke(DelegatingMethodAccessorImpl.java:43) ~[?:1.8.0_461]
	at java.lang.reflect.Method.invoke(Method.java:498) ~[?:1.8.0_461]
	at org.springframework.web.method.support.InvocableHandlerMethod.doInvoke(InvocableHandlerMethod.java:190) ~[spring-web-5.2.4.RELEASE.jar:5.2.4.RELEASE]
	at org.springframework.web.method.support.InvocableHandlerMethod.invokeForRequest(InvocableHandlerMethod.java:138) ~[spring-web-5.2.4.RELEASE.jar:5.2.4.RELEASE]
	at org.springframework.web.servlet.mvc.method.annotation.ServletInvocableHandlerMethod.invokeAndHandle(ServletInvocableHandlerMethod.java:106) ~[spring-webmvc-5.2.4.RELEASE.jar:5.2.4.RELEASE]
	at org.springframework.web.servlet.mvc.method.annotation.RequestMappingHandlerAdapter.invokeHandlerMethod(RequestMappingHandlerAdapter.java:879) ~[spring-webmvc-5.2.4.RELEASE.jar:5.2.4.RELEASE]
	at org.springframework.web.servlet.mvc.method.annotation.RequestMappingHandlerAdapter.handleInternal(RequestMappingHandlerAdapter.java:793) ~[spring-webmvc-5.2.4.RELEASE.jar:5.2.4.RELEASE]
	at org.springframework.web.servlet.mvc.method.AbstractHandlerMethodAdapter.handle(AbstractHandlerMethodAdapter.java:87) ~[spring-webmvc-5.2.4.RELEASE.jar:5.2.4.RELEASE]
	at org.springframework.web.servlet.DispatcherServlet.doDispatch(DispatcherServlet.java:1040) [spring-webmvc-5.2.4.RELEASE.jar:5.2.4.RELEASE]
	at org.springframework.web.servlet.DispatcherServlet.doService(DispatcherServlet.java:943) [spring-webmvc-5.2.4.RELEASE.jar:5.2.4.RELEASE]
	at org.springframework.web.servlet.FrameworkServlet.processRequest(FrameworkServlet.java:1006) [spring-webmvc-5.2.4.RELEASE.jar:5.2.4.RELEASE]
	at org.springframework.web.servlet.FrameworkServlet.doGet(FrameworkServlet.java:898) [spring-webmvc-5.2.4.RELEASE.jar:5.2.4.RELEASE]
	at javax.servlet.http.HttpServlet.service(HttpServlet.java:634) [tomcat-embed-core-9.0.31.jar:9.0.31]
	at org.springframework.web.servlet.FrameworkServlet.service(FrameworkServlet.java:883) [spring-webmvc-5.2.4.RELEASE.jar:5.2.4.RELEASE]
	at javax.servlet.http.HttpServlet.service(HttpServlet.java:741) [tomcat-embed-core-9.0.31.jar:9.0.31]
	at org.apache.catalina.core.ApplicationFilterChain.internalDoFilter(ApplicationFilterChain.java:231) [tomcat-embed-core-9.0.31.jar:9.0.31]
	at org.apache.catalina.core.ApplicationFilterChain.doFilter(ApplicationFilterChain.java:166) [tomcat-embed-core-9.0.31.jar:9.0.31]
	at org.apache.tomcat.websocket.server.WsFilter.doFilter(WsFilter.java:53) [tomcat-embed-websocket-9.0.31.jar:9.0.31]
	at org.apache.catalina.core.ApplicationFilterChain.internalDoFilter(ApplicationFilterChain.java:193) [tomcat-embed-core-9.0.31.jar:9.0.31]
	at org.apache.catalina.core.ApplicationFilterChain.doFilter(ApplicationFilterChain.java:166) [tomcat-embed-core-9.0.31.jar:9.0.31]
	at org.springframework.web.filter.RequestContextFilter.doFilterInternal(RequestContextFilter.java:100) [spring-web-5.2.4.RELEASE.jar:5.2.4.RELEASE]
	at org.springframework.web.filter.OncePerRequestFilter.doFilter(OncePerRequestFilter.java:119) [spring-web-5.2.4.RELEASE.jar:5.2.4.RELEASE]
	at org.apache.catalina.core.ApplicationFilterChain.internalDoFilter(ApplicationFilterChain.java:193) [tomcat-embed-core-9.0.31.jar:9.0.31]
	at org.apache.catalina.core.ApplicationFilterChain.doFilter(ApplicationFilterChain.java:166) [tomcat-embed-core-9.0.31.jar:9.0.31]
	at org.springframework.web.filter.FormContentFilter.doFilterInternal(FormContentFilter.java:93) [spring-web-5.2.4.RELEASE.jar:5.2.4.RELEASE]
	at org.springframework.web.filter.OncePerRequestFilter.doFilter(OncePerRequestFilter.java:119) [spring-web-5.2.4.RELEASE.jar:5.2.4.RELEASE]
	at org.apache.catalina.core.ApplicationFilterChain.internalDoFilter(ApplicationFilterChain.java:193) [tomcat-embed-core-9.0.31.jar:9.0.31]
	at org.apache.catalina.core.ApplicationFilterChain.doFilter(ApplicationFilterChain.java:166) [tomcat-embed-core-9.0.31.jar:9.0.31]
	at org.springframework.web.filter.CharacterEncodingFilter.doFilterInternal(CharacterEncodingFilter.java:201) [spring-web-5.2.4.RELEASE.jar:5.2.4.RELEASE]
	at org.springframework.web.filter.OncePerRequestFilter.doFilter(OncePerRequestFilter.java:119) [spring-web-5.2.4.RELEASE.jar:5.2.4.RELEASE]
	at org.apache.catalina.core.ApplicationFilterChain.internalDoFilter(ApplicationFilterChain.java:193) [tomcat-embed-core-9.0.31.jar:9.0.31]
	at org.apache.catalina.core.ApplicationFilterChain.doFilter(ApplicationFilterChain.java:166) [tomcat-embed-core-9.0.31.jar:9.0.31]
	at org.apache.catalina.core.StandardWrapperValve.invoke(StandardWrapperValve.java:202) [tomcat-embed-core-9.0.31.jar:9.0.31]
	at org.apache.catalina.core.StandardContextValve.invoke(StandardContextValve.java:96) [tomcat-embed-core-9.0.31.jar:9.0.31]
	at org.apache.catalina.authenticator.AuthenticatorBase.invoke(AuthenticatorBase.java:541) [tomcat-embed-core-9.0.31.jar:9.0.31]
	at org.apache.catalina.core.StandardHostValve.invoke(StandardHostValve.java:139) [tomcat-embed-core-9.0.31.jar:9.0.31]
	at org.apache.catalina.valves.ErrorReportValve.invoke(ErrorReportValve.java:92) [tomcat-embed-core-9.0.31.jar:9.0.31]
	at org.apache.catalina.core.StandardEngineValve.invoke(StandardEngineValve.java:74) [tomcat-embed-core-9.0.31.jar:9.0.31]
	at org.apache.catalina.connector.CoyoteAdapter.service(CoyoteAdapter.java:343) [tomcat-embed-core-9.0.31.jar:9.0.31]
	at org.apache.coyote.http11.Http11Processor.service(Http11Processor.java:367) [tomcat-embed-core-9.0.31.jar:9.0.31]
	at org.apache.coyote.AbstractProcessorLight.process(AbstractProcessorLight.java:65) [tomcat-embed-core-9.0.31.jar:9.0.31]
	at org.apache.coyote.AbstractProtocol$ConnectionHandler.process(AbstractProtocol.java:868) [tomcat-embed-core-9.0.31.jar:9.0.31]
	at org.apache.tomcat.util.net.NioEndpoint$SocketProcessor.doRun(NioEndpoint.java:1639) [tomcat-embed-core-9.0.31.jar:9.0.31]
	at org.apache.tomcat.util.net.SocketProcessorBase.run(SocketProcessorBase.java:49) [tomcat-embed-core-9.0.31.jar:9.0.31]
	at java.util.concurrent.ThreadPoolExecutor.runWorker(ThreadPoolExecutor.java:1149) [?:1.8.0_461]
	at java.util.concurrent.ThreadPoolExecutor$Worker.run(ThreadPoolExecutor.java:624) [?:1.8.0_461]
	at org.apache.tomcat.util.threads.TaskThread$WrappingRunnable.run(TaskThread.java:61) [tomcat-embed-core-9.0.31.jar:9.0.31]
	at java.lang.Thread.run(Thread.java:750) [?:1.8.0_461]
Caused by: java.sql.SQLSyntaxErrorException: You have an error in your SQL syntax; check the manual that corresponds to your MySQL server version for the right syntax to use near 'by create_time desc  limit 0 , 7' at line 1
	at com.mysql.cj.jdbc.exceptions.SQLError.createSQLException(SQLError.java:118) ~[mysql-connector-java-8.0.11.jar:8.0.11]
	at com.mysql.cj.jdbc.exceptions.SQLError.createSQLException(SQLError.java:95) ~[mysql-connector-java-8.0.11.jar:8.0.11]
	at com.mysql.cj.jdbc.exceptions.SQLExceptionsMapping.translateException(SQLExceptionsMapping.java:122) ~[mysql-connector-java-8.0.11.jar:8.0.11]
	at com.mysql.cj.jdbc.ClientPreparedStatement.executeInternal(ClientPreparedStatement.java:960) ~[mysql-connector-java-8.0.11.jar:8.0.11]
	at com.mysql.cj.jdbc.ClientPreparedStatement.execute(ClientPreparedStatement.java:388) ~[mysql-connector-java-8.0.11.jar:8.0.11]
	at com.alibaba.druid.pool.DruidPooledPreparedStatement.execute(DruidPooledPreparedStatement.java:497) ~[druid-1.2.8.jar:1.2.8]
	at sun.reflect.GeneratedMethodAccessor81.invoke(Unknown Source) ~[?:?]
	at sun.reflect.DelegatingMethodAccessorImpl.invoke(DelegatingMethodAccessorImpl.java:43) ~[?:1.8.0_461]
	at java.lang.reflect.Method.invoke(Method.java:498) ~[?:1.8.0_461]
	at org.apache.ibatis.logging.jdbc.PreparedStatementLogger.invoke(PreparedStatementLogger.java:59) ~[mybatis-3.5.7.jar:3.5.7]
	at com.sun.proxy.$Proxy150.execute(Unknown Source) ~[?:?]
	at org.apache.ibatis.executor.statement.PreparedStatementHandler.query(PreparedStatementHandler.java:64) ~[mybatis-3.5.7.jar:3.5.7]
	at org.apache.ibatis.executor.statement.RoutingStatementHandler.query(RoutingStatementHandler.java:79) ~[mybatis-3.5.7.jar:3.5.7]
	at sun.reflect.GeneratedMethodAccessor83.invoke(Unknown Source) ~[?:?]
	at sun.reflect.DelegatingMethodAccessorImpl.invoke(DelegatingMethodAccessorImpl.java:43) ~[?:1.8.0_461]
	at java.lang.reflect.Method.invoke(Method.java:498) ~[?:1.8.0_461]
	at org.apache.ibatis.plugin.Plugin.invoke(Plugin.java:64) ~[mybatis-3.5.7.jar:3.5.7]
	at com.sun.proxy.$Proxy147.query(Unknown Source) ~[?:?]
	at org.apache.ibatis.executor.SimpleExecutor.doQuery(SimpleExecutor.java:63) ~[mybatis-3.5.7.jar:3.5.7]
	at org.apache.ibatis.executor.BaseExecutor.queryFromDatabase(BaseExecutor.java:325) ~[mybatis-3.5.7.jar:3.5.7]
	at org.apache.ibatis.executor.BaseExecutor.query(BaseExecutor.java:156) ~[mybatis-3.5.7.jar:3.5.7]
	at org.apache.ibatis.executor.CachingExecutor.query(CachingExecutor.java:109) ~[mybatis-3.5.7.jar:3.5.7]
	at com.baomidou.mybatisplus.extension.plugins.MybatisPlusInterceptor.intercept(MybatisPlusInterceptor.java:81) ~[mybatis-plus-extension-3.4.3.1.jar:3.4.3.1]
	at org.apache.ibatis.plugin.Plugin.invoke(Plugin.java:62) ~[mybatis-3.5.7.jar:3.5.7]
	at com.sun.proxy.$Proxy146.query(Unknown Source) ~[?:?]
	at org.apache.ibatis.session.defaults.DefaultSqlSession.selectList(DefaultSqlSession.java:151) ~[mybatis-3.5.7.jar:3.5.7]
	at org.apache.ibatis.session.defaults.DefaultSqlSession.selectList(DefaultSqlSession.java:145) ~[mybatis-3.5.7.jar:3.5.7]
	at org.apache.ibatis.session.defaults.DefaultSqlSession.selectList(DefaultSqlSession.java:140) ~[mybatis-3.5.7.jar:3.5.7]
	at sun.reflect.GeneratedMethodAccessor96.invoke(Unknown Source) ~[?:?]
	at sun.reflect.DelegatingMethodAccessorImpl.invoke(DelegatingMethodAccessorImpl.java:43) ~[?:1.8.0_461]
	at java.lang.reflect.Method.invoke(Method.java:498) ~[?:1.8.0_461]
	at org.mybatis.spring.SqlSessionTemplate$SqlSessionInterceptor.invoke(SqlSessionTemplate.java:427) ~[mybatis-spring-2.0.6.jar:2.0.6]
	... 72 more
2026-05-04 22:21:32.722 [http-nio-5000-exec-9] ERROR com.project.demo.exception.GlobalExceptionHandler - 运行时异常: 
org.springframework.jdbc.BadSqlGrammarException: 
### Error querying database.  Cause: java.sql.SQLSyntaxErrorException: You have an error in your SQL syntax; check the manual that corresponds to your MySQL server version for the right syntax to use near 'by create_time desc  limit 0 , 7' at line 1
### The error may exist in file [/home/yuan/Desktop/bishe-main/target/classes/mapper/BaseMapper.xml]
### The error may involve defaultParameterMap
### The error occurred while setting parameters
### SQL: select * from `registered_user` WHERE is_delete = 0order by create_time desc  limit 0 , 7
### Cause: java.sql.SQLSyntaxErrorException: You have an error in your SQL syntax; check the manual that corresponds to your MySQL server version for the right syntax to use near 'by create_time desc  limit 0 , 7' at line 1
; bad SQL grammar []; nested exception is java.sql.SQLSyntaxErrorException: You have an error in your SQL syntax; check the manual that corresponds to your MySQL server version for the right syntax to use near 'by create_time desc  limit 0 , 7' at line 1
	at org.springframework.jdbc.support.SQLErrorCodeSQLExceptionTranslator.doTranslate(SQLErrorCodeSQLExceptionTranslator.java:235) ~[spring-jdbc-5.2.4.RELEASE.jar:5.2.4.RELEASE]
	at org.springframework.jdbc.support.AbstractFallbackSQLExceptionTranslator.translate(AbstractFallbackSQLExceptionTranslator.java:72) ~[spring-jdbc-5.2.4.RELEASE.jar:5.2.4.RELEASE]
	at org.mybatis.spring.MyBatisExceptionTranslator.translateExceptionIfPossible(MyBatisExceptionTranslator.java:91) ~[mybatis-spring-2.0.6.jar:2.0.6]
	at org.mybatis.spring.SqlSessionTemplate$SqlSessionInterceptor.invoke(SqlSessionTemplate.java:441) ~[mybatis-spring-2.0.6.jar:2.0.6]
	at com.sun.proxy.$Proxy113.selectList(Unknown Source) ~[?:?]
	at org.mybatis.spring.SqlSessionTemplate.selectList(SqlSessionTemplate.java:224) ~[mybatis-spring-2.0.6.jar:2.0.6]
	at com.baomidou.mybatisplus.core.override.MybatisMapperMethod.executeForMany(MybatisMapperMethod.java:166) ~[mybatis-plus-core-3.4.3.1.jar:3.4.3.1]
	at com.baomidou.mybatisplus.core.override.MybatisMapperMethod.execute(MybatisMapperMethod.java:77) ~[mybatis-plus-core-3.4.3.1.jar:3.4.3.1]
	at com.baomidou.mybatisplus.core.override.MybatisMapperProxy$PlainMethodInvoker.invoke(MybatisMapperProxy.java:148) ~[mybatis-plus-core-3.4.3.1.jar:3.4.3.1]
	at com.baomidou.mybatisplus.core.override.MybatisMapperProxy.invoke(MybatisMapperProxy.java:89) ~[mybatis-plus-core-3.4.3.1.jar:3.4.3.1]
	at com.sun.proxy.$Proxy127.selectBaseList(Unknown Source) ~[?:?]
	at com.project.demo.service.base.BaseService.selectToPage(BaseService.java:77) ~[classes/:?]
	at com.project.demo.service.base.BaseService$$FastClassBySpringCGLIB$$504c7e9.invoke(<generated>) ~[classes/:?]
	at org.springframework.cglib.proxy.MethodProxy.invoke(MethodProxy.java:218) ~[spring-core-5.2.4.RELEASE.jar:5.2.4.RELEASE]
	at org.springframework.aop.framework.CglibAopProxy$CglibMethodInvocation.invokeJoinpoint(CglibAopProxy.java:769) ~[spring-aop-5.2.4.RELEASE.jar:5.2.4.RELEASE]
	at org.springframework.aop.framework.ReflectiveMethodInvocation.proceed(ReflectiveMethodInvocation.java:163) ~[spring-aop-5.2.4.RELEASE.jar:5.2.4.RELEASE]
	at org.springframework.aop.framework.CglibAopProxy$CglibMethodInvocation.proceed(CglibAopProxy.java:747) ~[spring-aop-5.2.4.RELEASE.jar:5.2.4.RELEASE]
	at org.springframework.aop.interceptor.ExposeInvocationInterceptor.invoke(ExposeInvocationInterceptor.java:95) ~[spring-aop-5.2.4.RELEASE.jar:5.2.4.RELEASE]
	at org.springframework.aop.framework.ReflectiveMethodInvocation.proceed(ReflectiveMethodInvocation.java:186) ~[spring-aop-5.2.4.RELEASE.jar:5.2.4.RELEASE]
	at org.springframework.aop.framework.CglibAopProxy$CglibMethodInvocation.proceed(CglibAopProxy.java:747) ~[spring-aop-5.2.4.RELEASE.jar:5.2.4.RELEASE]
	at org.springframework.aop.framework.CglibAopProxy$DynamicAdvisedInterceptor.intercept(CglibAopProxy.java:689) ~[spring-aop-5.2.4.RELEASE.jar:5.2.4.RELEASE]
	at com.project.demo.service.RegisteredUserService$$EnhancerBySpringCGLIB$$a7009c0b.selectToPage(<generated>) ~[classes/:?]
	at com.project.demo.controller.base.BaseController.getList(BaseController.java:76) ~[classes/:?]
	at com.project.demo.controller.base.BaseController$$FastClassBySpringCGLIB$$72c28101.invoke(<generated>) ~[classes/:?]
	at org.springframework.cglib.proxy.MethodProxy.invoke(MethodProxy.java:218) ~[spring-core-5.2.4.RELEASE.jar:5.2.4.RELEASE]
	at org.springframework.aop.framework.CglibAopProxy$DynamicAdvisedInterceptor.intercept(CglibAopProxy.java:685) ~[spring-aop-5.2.4.RELEASE.jar:5.2.4.RELEASE]
	at com.project.demo.controller.RegisteredUserController$$EnhancerBySpringCGLIB$$51add81f.getList(<generated>) ~[classes/:?]
	at sun.reflect.GeneratedMethodAccessor99.invoke(Unknown Source) ~[?:?]
	at sun.reflect.DelegatingMethodAccessorImpl.invoke(DelegatingMethodAccessorImpl.java:43) ~[?:1.8.0_461]
	at java.lang.reflect.Method.invoke(Method.java:498) ~[?:1.8.0_461]
	at org.springframework.web.method.support.InvocableHandlerMethod.doInvoke(InvocableHandlerMethod.java:190) ~[spring-web-5.2.4.RELEASE.jar:5.2.4.RELEASE]
	at org.springframework.web.method.support.InvocableHandlerMethod.invokeForRequest(InvocableHandlerMethod.java:138) ~[spring-web-5.2.4.RELEASE.jar:5.2.4.RELEASE]
	at org.springframework.web.servlet.mvc.method.annotation.ServletInvocableHandlerMethod.invokeAndHandle(ServletInvocableHandlerMethod.java:106) ~[spring-webmvc-5.2.4.RELEASE.jar:5.2.4.RELEASE]
	at org.springframework.web.servlet.mvc.method.annotation.RequestMappingHandlerAdapter.invokeHandlerMethod(RequestMappingHandlerAdapter.java:879) ~[spring-webmvc-5.2.4.RELEASE.jar:5.2.4.RELEASE]
	at org.springframework.web.servlet.mvc.method.annotation.RequestMappingHandlerAdapter.handleInternal(RequestMappingHandlerAdapter.java:793) ~[spring-webmvc-5.2.4.RELEASE.jar:5.2.4.RELEASE]
	at org.springframework.web.servlet.mvc.method.AbstractHandlerMethodAdapter.handle(AbstractHandlerMethodAdapter.java:87) ~[spring-webmvc-5.2.4.RELEASE.jar:5.2.4.RELEASE]
	at org.springframework.web.servlet.DispatcherServlet.doDispatch(DispatcherServlet.java:1040) [spring-webmvc-5.2.4.RELEASE.jar:5.2.4.RELEASE]
	at org.springframework.web.servlet.DispatcherServlet.doService(DispatcherServlet.java:943) [spring-webmvc-5.2.4.RELEASE.jar:5.2.4.RELEASE]
	at org.springframework.web.servlet.FrameworkServlet.processRequest(FrameworkServlet.java:1006) [spring-webmvc-5.2.4.RELEASE.jar:5.2.4.RELEASE]
	at org.springframework.web.servlet.FrameworkServlet.doGet(FrameworkServlet.java:898) [spring-webmvc-5.2.4.RELEASE.jar:5.2.4.RELEASE]
	at javax.servlet.http.HttpServlet.service(HttpServlet.java:634) [tomcat-embed-core-9.0.31.jar:9.0.31]
	at org.springframework.web.servlet.FrameworkServlet.service(FrameworkServlet.java:883) [spring-webmvc-5.2.4.RELEASE.jar:5.2.4.RELEASE]
	at javax.servlet.http.HttpServlet.service(HttpServlet.java:741) [tomcat-embed-core-9.0.31.jar:9.0.31]
	at org.apache.catalina.core.ApplicationFilterChain.internalDoFilter(ApplicationFilterChain.java:231) [tomcat-embed-core-9.0.31.jar:9.0.31]
	at org.apache.catalina.core.ApplicationFilterChain.doFilter(ApplicationFilterChain.java:166) [tomcat-embed-core-9.0.31.jar:9.0.31]
	at org.apache.tomcat.websocket.server.WsFilter.doFilter(WsFilter.java:53) [tomcat-embed-websocket-9.0.31.jar:9.0.31]
	at org.apache.catalina.core.ApplicationFilterChain.internalDoFilter(ApplicationFilterChain.java:193) [tomcat-embed-core-9.0.31.jar:9.0.31]
	at org.apache.catalina.core.ApplicationFilterChain.doFilter(ApplicationFilterChain.java:166) [tomcat-embed-core-9.0.31.jar:9.0.31]
	at org.springframework.web.filter.RequestContextFilter.doFilterInternal(RequestContextFilter.java:100) [spring-web-5.2.4.RELEASE.jar:5.2.4.RELEASE]
	at org.springframework.web.filter.OncePerRequestFilter.doFilter(OncePerRequestFilter.java:119) [spring-web-5.2.4.RELEASE.jar:5.2.4.RELEASE]
	at org.apache.catalina.core.ApplicationFilterChain.internalDoFilter(ApplicationFilterChain.java:193) [tomcat-embed-core-9.0.31.jar:9.0.31]
	at org.apache.catalina.core.ApplicationFilterChain.doFilter(ApplicationFilterChain.java:166) [tomcat-embed-core-9.0.31.jar:9.0.31]
	at org.springframework.web.filter.FormContentFilter.doFilterInternal(FormContentFilter.java:93) [spring-web-5.2.4.RELEASE.jar:5.2.4.RELEASE]
	at org.springframework.web.filter.OncePerRequestFilter.doFilter(OncePerRequestFilter.java:119) [spring-web-5.2.4.RELEASE.jar:5.2.4.RELEASE]
	at org.apache.catalina.core.ApplicationFilterChain.internalDoFilter(ApplicationFilterChain.java:193) [tomcat-embed-core-9.0.31.jar:9.0.31]
	at org.apache.catalina.core.ApplicationFilterChain.doFilter(ApplicationFilterChain.java:166) [tomcat-embed-core-9.0.31.jar:9.0.31]
	at org.springframework.web.filter.CharacterEncodingFilter.doFilterInternal(CharacterEncodingFilter.java:201) [spring-web-5.2.4.RELEASE.jar:5.2.4.RELEASE]
	at org.springframework.web.filter.OncePerRequestFilter.doFilter(OncePerRequestFilter.java:119) [spring-web-5.2.4.RELEASE.jar:5.2.4.RELEASE]
	at org.apache.catalina.core.ApplicationFilterChain.internalDoFilter(ApplicationFilterChain.java:193) [tomcat-embed-core-9.0.31.jar:9.0.31]
	at org.apache.catalina.core.ApplicationFilterChain.doFilter(ApplicationFilterChain.java:166) [tomcat-embed-core-9.0.31.jar:9.0.31]
	at org.apache.catalina.core.StandardWrapperValve.invoke(StandardWrapperValve.java:202) [tomcat-embed-core-9.0.31.jar:9.0.31]
	at org.apache.catalina.core.StandardContextValve.invoke(StandardContextValve.java:96) [tomcat-embed-core-9.0.31.jar:9.0.31]
	at org.apache.catalina.authenticator.AuthenticatorBase.invoke(AuthenticatorBase.java:541) [tomcat-embed-core-9.0.31.jar:9.0.31]
	at org.apache.catalina.core.StandardHostValve.invoke(StandardHostValve.java:139) [tomcat-embed-core-9.0.31.jar:9.0.31]
	at org.apache.catalina.valves.ErrorReportValve.invoke(ErrorReportValve.java:92) [tomcat-embed-core-9.0.31.jar:9.0.31]
	at org.apache.catalina.core.StandardEngineValve.invoke(StandardEngineValve.java:74) [tomcat-embed-core-9.0.31.jar:9.0.31]
	at org.apache.catalina.connector.CoyoteAdapter.service(CoyoteAdapter.java:343) [tomcat-embed-core-9.0.31.jar:9.0.31]
	at org.apache.coyote.http11.Http11Processor.service(Http11Processor.java:367) [tomcat-embed-core-9.0.31.jar:9.0.31]
	at org.apache.coyote.AbstractProcessorLight.process(AbstractProcessorLight.java:65) [tomcat-embed-core-9.0.31.jar:9.0.31]
	at org.apache.coyote.AbstractProtocol$ConnectionHandler.process(AbstractProtocol.java:868) [tomcat-embed-core-9.0.31.jar:9.0.31]
	at org.apache.tomcat.util.net.NioEndpoint$SocketProcessor.doRun(NioEndpoint.java:1639) [tomcat-embed-core-9.0.31.jar:9.0.31]
	at org.apache.tomcat.util.net.SocketProcessorBase.run(SocketProcessorBase.java:49) [tomcat-embed-core-9.0.31.jar:9.0.31]
	at java.util.concurrent.ThreadPoolExecutor.runWorker(ThreadPoolExecutor.java:1149) [?:1.8.0_461]
	at java.util.concurrent.ThreadPoolExecutor$Worker.run(ThreadPoolExecutor.java:624) [?:1.8.0_461]
	at org.apache.tomcat.util.threads.TaskThread$WrappingRunnable.run(TaskThread.java:61) [tomcat-embed-core-9.0.31.jar:9.0.31]
	at java.lang.Thread.run(Thread.java:750) [?:1.8.0_461]
Caused by: java.sql.SQLSyntaxErrorException: You have an error in your SQL syntax; check the manual that corresponds to your MySQL server version for the right syntax to use near 'by create_time desc  limit 0 , 7' at line 1
	at com.mysql.cj.jdbc.exceptions.SQLError.createSQLException(SQLError.java:118) ~[mysql-connector-java-8.0.11.jar:8.0.11]
	at com.mysql.cj.jdbc.exceptions.SQLError.createSQLException(SQLError.java:95) ~[mysql-connector-java-8.0.11.jar:8.0.11]
	at com.mysql.cj.jdbc.exceptions.SQLExceptionsMapping.translateException(SQLExceptionsMapping.java:122) ~[mysql-connector-java-8.0.11.jar:8.0.11]
	at com.mysql.cj.jdbc.ClientPreparedStatement.executeInternal(ClientPreparedStatement.java:960) ~[mysql-connector-java-8.0.11.jar:8.0.11]
	at com.mysql.cj.jdbc.ClientPreparedStatement.execute(ClientPreparedStatement.java:388) ~[mysql-connector-java-8.0.11.jar:8.0.11]
	at com.alibaba.druid.pool.DruidPooledPreparedStatement.execute(DruidPooledPreparedStatement.java:497) ~[druid-1.2.8.jar:1.2.8]
	at sun.reflect.GeneratedMethodAccessor81.invoke(Unknown Source) ~[?:?]
	at sun.reflect.DelegatingMethodAccessorImpl.invoke(DelegatingMethodAccessorImpl.java:43) ~[?:1.8.0_461]
	at java.lang.reflect.Method.invoke(Method.java:498) ~[?:1.8.0_461]
	at org.apache.ibatis.logging.jdbc.PreparedStatementLogger.invoke(PreparedStatementLogger.java:59) ~[mybatis-3.5.7.jar:3.5.7]
	at com.sun.proxy.$Proxy150.execute(Unknown Source) ~[?:?]
	at org.apache.ibatis.executor.statement.PreparedStatementHandler.query(PreparedStatementHandler.java:64) ~[mybatis-3.5.7.jar:3.5.7]
	at org.apache.ibatis.executor.statement.RoutingStatementHandler.query(RoutingStatementHandler.java:79) ~[mybatis-3.5.7.jar:3.5.7]
	at sun.reflect.GeneratedMethodAccessor83.invoke(Unknown Source) ~[?:?]
	at sun.reflect.DelegatingMethodAccessorImpl.invoke(DelegatingMethodAccessorImpl.java:43) ~[?:1.8.0_461]
	at java.lang.reflect.Method.invoke(Method.java:498) ~[?:1.8.0_461]
	at org.apache.ibatis.plugin.Plugin.invoke(Plugin.java:64) ~[mybatis-3.5.7.jar:3.5.7]
	at com.sun.proxy.$Proxy147.query(Unknown Source) ~[?:?]
	at org.apache.ibatis.executor.SimpleExecutor.doQuery(SimpleExecutor.java:63) ~[mybatis-3.5.7.jar:3.5.7]
	at org.apache.ibatis.executor.BaseExecutor.queryFromDatabase(BaseExecutor.java:325) ~[mybatis-3.5.7.jar:3.5.7]
	at org.apache.ibatis.executor.BaseExecutor.query(BaseExecutor.java:156) ~[mybatis-3.5.7.jar:3.5.7]
	at org.apache.ibatis.executor.CachingExecutor.query(CachingExecutor.java:109) ~[mybatis-3.5.7.jar:3.5.7]
	at com.baomidou.mybatisplus.extension.plugins.MybatisPlusInterceptor.intercept(MybatisPlusInterceptor.java:81) ~[mybatis-plus-extension-3.4.3.1.jar:3.4.3.1]
	at org.apache.ibatis.plugin.Plugin.invoke(Plugin.java:62) ~[mybatis-3.5.7.jar:3.5.7]
	at com.sun.proxy.$Proxy146.query(Unknown Source) ~[?:?]
	at org.apache.ibatis.session.defaults.DefaultSqlSession.selectList(DefaultSqlSession.java:151) ~[mybatis-3.5.7.jar:3.5.7]
	at org.apache.ibatis.session.defaults.DefaultSqlSession.selectList(DefaultSqlSession.java:145) ~[mybatis-3.5.7.jar:3.5.7]
	at org.apache.ibatis.session.defaults.DefaultSqlSession.selectList(DefaultSqlSession.java:140) ~[mybatis-3.5.7.jar:3.5.7]
	at sun.reflect.GeneratedMethodAccessor96.invoke(Unknown Source) ~[?:?]
	at sun.reflect.DelegatingMethodAccessorImpl.invoke(DelegatingMethodAccessorImpl.java:43) ~[?:1.8.0_461]
	at java.lang.reflect.Method.invoke(Method.java:498) ~[?:1.8.0_461]
	at org.mybatis.spring.SqlSessionTemplate$SqlSessionInterceptor.invoke(SqlSessionTemplate.java:427) ~[mybatis-spring-2.0.6.jar:2.0.6]
	... 72 more
2026-05-04 22:21:33.204 [http-nio-5000-exec-7] ERROR com.project.demo.exception.GlobalExceptionHandler - 运行时异常: 
org.springframework.jdbc.BadSqlGrammarException: 
### Error querying database.  Cause: java.sql.SQLSyntaxErrorException: You have an error in your SQL syntax; check the manual that corresponds to your MySQL server version for the right syntax to use near 'by create_time desc  limit 0 , 10' at line 1
### The error may exist in file [/home/yuan/Desktop/bishe-main/target/classes/mapper/BaseMapper.xml]
### The error may involve defaultParameterMap
### The error occurred while setting parameters
### SQL: select * from `user` WHERE `user_group` LIKE '%管理员%'  AND is_delete = 0order by create_time desc  limit 0 , 10
### Cause: java.sql.SQLSyntaxErrorException: You have an error in your SQL syntax; check the manual that corresponds to your MySQL server version for the right syntax to use near 'by create_time desc  limit 0 , 10' at line 1
; bad SQL grammar []; nested exception is java.sql.SQLSyntaxErrorException: You have an error in your SQL syntax; check the manual that corresponds to your MySQL server version for the right syntax to use near 'by create_time desc  limit 0 , 10' at line 1
	at org.springframework.jdbc.support.SQLErrorCodeSQLExceptionTranslator.doTranslate(SQLErrorCodeSQLExceptionTranslator.java:235) ~[spring-jdbc-5.2.4.RELEASE.jar:5.2.4.RELEASE]
	at org.springframework.jdbc.support.AbstractFallbackSQLExceptionTranslator.translate(AbstractFallbackSQLExceptionTranslator.java:72) ~[spring-jdbc-5.2.4.RELEASE.jar:5.2.4.RELEASE]
	at org.mybatis.spring.MyBatisExceptionTranslator.translateExceptionIfPossible(MyBatisExceptionTranslator.java:91) ~[mybatis-spring-2.0.6.jar:2.0.6]
	at org.mybatis.spring.SqlSessionTemplate$SqlSessionInterceptor.invoke(SqlSessionTemplate.java:441) ~[mybatis-spring-2.0.6.jar:2.0.6]
	at com.sun.proxy.$Proxy113.selectList(Unknown Source) ~[?:?]
	at org.mybatis.spring.SqlSessionTemplate.selectList(SqlSessionTemplate.java:224) ~[mybatis-spring-2.0.6.jar:2.0.6]
	at com.baomidou.mybatisplus.core.override.MybatisMapperMethod.executeForMany(MybatisMapperMethod.java:166) ~[mybatis-plus-core-3.4.3.1.jar:3.4.3.1]
	at com.baomidou.mybatisplus.core.override.MybatisMapperMethod.execute(MybatisMapperMethod.java:77) ~[mybatis-plus-core-3.4.3.1.jar:3.4.3.1]
	at com.baomidou.mybatisplus.core.override.MybatisMapperProxy$PlainMethodInvoker.invoke(MybatisMapperProxy.java:148) ~[mybatis-plus-core-3.4.3.1.jar:3.4.3.1]
	at com.baomidou.mybatisplus.core.override.MybatisMapperProxy.invoke(MybatisMapperProxy.java:89) ~[mybatis-plus-core-3.4.3.1.jar:3.4.3.1]
	at com.sun.proxy.$Proxy131.selectBaseList(Unknown Source) ~[?:?]
	at com.project.demo.service.base.BaseService.selectToPage(BaseService.java:77) ~[classes/:?]
	at com.project.demo.service.base.BaseService$$FastClassBySpringCGLIB$$504c7e9.invoke(<generated>) ~[classes/:?]
	at org.springframework.cglib.proxy.MethodProxy.invoke(MethodProxy.java:218) ~[spring-core-5.2.4.RELEASE.jar:5.2.4.RELEASE]
	at org.springframework.aop.framework.CglibAopProxy$CglibMethodInvocation.invokeJoinpoint(CglibAopProxy.java:769) ~[spring-aop-5.2.4.RELEASE.jar:5.2.4.RELEASE]
	at org.springframework.aop.framework.ReflectiveMethodInvocation.proceed(ReflectiveMethodInvocation.java:163) ~[spring-aop-5.2.4.RELEASE.jar:5.2.4.RELEASE]
	at org.springframework.aop.framework.CglibAopProxy$CglibMethodInvocation.proceed(CglibAopProxy.java:747) ~[spring-aop-5.2.4.RELEASE.jar:5.2.4.RELEASE]
	at org.springframework.aop.interceptor.ExposeInvocationInterceptor.invoke(ExposeInvocationInterceptor.java:95) ~[spring-aop-5.2.4.RELEASE.jar:5.2.4.RELEASE]
	at org.springframework.aop.framework.ReflectiveMethodInvocation.proceed(ReflectiveMethodInvocation.java:186) ~[spring-aop-5.2.4.RELEASE.jar:5.2.4.RELEASE]
	at org.springframework.aop.framework.CglibAopProxy$CglibMethodInvocation.proceed(CglibAopProxy.java:747) ~[spring-aop-5.2.4.RELEASE.jar:5.2.4.RELEASE]
	at org.springframework.aop.framework.CglibAopProxy$DynamicAdvisedInterceptor.intercept(CglibAopProxy.java:689) ~[spring-aop-5.2.4.RELEASE.jar:5.2.4.RELEASE]
	at com.project.demo.service.UserService$$EnhancerBySpringCGLIB$$a5130571.selectToPage(<generated>) ~[classes/:?]
	at com.project.demo.controller.base.BaseController.getList(BaseController.java:76) ~[classes/:?]
	at com.project.demo.controller.base.BaseController$$FastClassBySpringCGLIB$$72c28101.invoke(<generated>) ~[classes/:?]
	at org.springframework.cglib.proxy.MethodProxy.invoke(MethodProxy.java:218) ~[spring-core-5.2.4.RELEASE.jar:5.2.4.RELEASE]
	at org.springframework.aop.framework.CglibAopProxy$DynamicAdvisedInterceptor.intercept(CglibAopProxy.java:685) ~[spring-aop-5.2.4.RELEASE.jar:5.2.4.RELEASE]
	at com.project.demo.controller.UserController$$EnhancerBySpringCGLIB$$64902b39.getList(<generated>) ~[classes/:?]
	at sun.reflect.GeneratedMethodAccessor99.invoke(Unknown Source) ~[?:?]
	at sun.reflect.DelegatingMethodAccessorImpl.invoke(DelegatingMethodAccessorImpl.java:43) ~[?:1.8.0_461]
	at java.lang.reflect.Method.invoke(Method.java:498) ~[?:1.8.0_461]
	at org.springframework.web.method.support.InvocableHandlerMethod.doInvoke(InvocableHandlerMethod.java:190) ~[spring-web-5.2.4.RELEASE.jar:5.2.4.RELEASE]
	at org.springframework.web.method.support.InvocableHandlerMethod.invokeForRequest(InvocableHandlerMethod.java:138) ~[spring-web-5.2.4.RELEASE.jar:5.2.4.RELEASE]
	at org.springframework.web.servlet.mvc.method.annotation.ServletInvocableHandlerMethod.invokeAndHandle(ServletInvocableHandlerMethod.java:106) ~[spring-webmvc-5.2.4.RELEASE.jar:5.2.4.RELEASE]
	at org.springframework.web.servlet.mvc.method.annotation.RequestMappingHandlerAdapter.invokeHandlerMethod(RequestMappingHandlerAdapter.java:879) ~[spring-webmvc-5.2.4.RELEASE.jar:5.2.4.RELEASE]
	at org.springframework.web.servlet.mvc.method.annotation.RequestMappingHandlerAdapter.handleInternal(RequestMappingHandlerAdapter.java:793) ~[spring-webmvc-5.2.4.RELEASE.jar:5.2.4.RELEASE]
	at org.springframework.web.servlet.mvc.method.AbstractHandlerMethodAdapter.handle(AbstractHandlerMethodAdapter.java:87) ~[spring-webmvc-5.2.4.RELEASE.jar:5.2.4.RELEASE]
	at org.springframework.web.servlet.DispatcherServlet.doDispatch(DispatcherServlet.java:1040) [spring-webmvc-5.2.4.RELEASE.jar:5.2.4.RELEASE]
	at org.springframework.web.servlet.DispatcherServlet.doService(DispatcherServlet.java:943) [spring-webmvc-5.2.4.RELEASE.jar:5.2.4.RELEASE]
	at org.springframework.web.servlet.FrameworkServlet.processRequest(FrameworkServlet.java:1006) [spring-webmvc-5.2.4.RELEASE.jar:5.2.4.RELEASE]
	at org.springframework.web.servlet.FrameworkServlet.doGet(FrameworkServlet.java:898) [spring-webmvc-5.2.4.RELEASE.jar:5.2.4.RELEASE]
	at javax.servlet.http.HttpServlet.service(HttpServlet.java:634) [tomcat-embed-core-9.0.31.jar:9.0.31]
	at org.springframework.web.servlet.FrameworkServlet.service(FrameworkServlet.java:883) [spring-webmvc-5.2.4.RELEASE.jar:5.2.4.RELEASE]
	at javax.servlet.http.HttpServlet.service(HttpServlet.java:741) [tomcat-embed-core-9.0.31.jar:9.0.31]
	at org.apache.catalina.core.ApplicationFilterChain.internalDoFilter(ApplicationFilterChain.java:231) [tomcat-embed-core-9.0.31.jar:9.0.31]
	at org.apache.catalina.core.ApplicationFilterChain.doFilter(ApplicationFilterChain.java:166) [tomcat-embed-core-9.0.31.jar:9.0.31]
	at org.apache.tomcat.websocket.server.WsFilter.doFilter(WsFilter.java:53) [tomcat-embed-websocket-9.0.31.jar:9.0.31]
	at org.apache.catalina.core.ApplicationFilterChain.internalDoFilter(ApplicationFilterChain.java:193) [tomcat-embed-core-9.0.31.jar:9.0.31]
	at org.apache.catalina.core.ApplicationFilterChain.doFilter(ApplicationFilterChain.java:166) [tomcat-embed-core-9.0.31.jar:9.0.31]
	at org.springframework.web.filter.RequestContextFilter.doFilterInternal(RequestContextFilter.java:100) [spring-web-5.2.4.RELEASE.jar:5.2.4.RELEASE]
	at org.springframework.web.filter.OncePerRequestFilter.doFilter(OncePerRequestFilter.java:119) [spring-web-5.2.4.RELEASE.jar:5.2.4.RELEASE]
	at org.apache.catalina.core.ApplicationFilterChain.internalDoFilter(ApplicationFilterChain.java:193) [tomcat-embed-core-9.0.31.jar:9.0.31]
	at org.apache.catalina.core.ApplicationFilterChain.doFilter(ApplicationFilterChain.java:166) [tomcat-embed-core-9.0.31.jar:9.0.31]
	at org.springframework.web.filter.FormContentFilter.doFilterInternal(FormContentFilter.java:93) [spring-web-5.2.4.RELEASE.jar:5.2.4.RELEASE]
	at org.springframework.web.filter.OncePerRequestFilter.doFilter(OncePerRequestFilter.java:119) [spring-web-5.2.4.RELEASE.jar:5.2.4.RELEASE]
	at org.apache.catalina.core.ApplicationFilterChain.internalDoFilter(ApplicationFilterChain.java:193) [tomcat-embed-core-9.0.31.jar:9.0.31]
	at org.apache.catalina.core.ApplicationFilterChain.doFilter(ApplicationFilterChain.java:166) [tomcat-embed-core-9.0.31.jar:9.0.31]
	at org.springframework.web.filter.CharacterEncodingFilter.doFilterInternal(CharacterEncodingFilter.java:201) [spring-web-5.2.4.RELEASE.jar:5.2.4.RELEASE]
	at org.springframework.web.filter.OncePerRequestFilter.doFilter(OncePerRequestFilter.java:119) [spring-web-5.2.4.RELEASE.jar:5.2.4.RELEASE]
	at org.apache.catalina.core.ApplicationFilterChain.internalDoFilter(ApplicationFilterChain.java:193) [tomcat-embed-core-9.0.31.jar:9.0.31]
	at org.apache.catalina.core.ApplicationFilterChain.doFilter(ApplicationFilterChain.java:166) [tomcat-embed-core-9.0.31.jar:9.0.31]
	at org.apache.catalina.core.StandardWrapperValve.invoke(StandardWrapperValve.java:202) [tomcat-embed-core-9.0.31.jar:9.0.31]
	at org.apache.catalina.core.StandardContextValve.invoke(StandardContextValve.java:96) [tomcat-embed-core-9.0.31.jar:9.0.31]
	at org.apache.catalina.authenticator.AuthenticatorBase.invoke(AuthenticatorBase.java:541) [tomcat-embed-core-9.0.31.jar:9.0.31]
	at org.apache.catalina.core.StandardHostValve.invoke(StandardHostValve.java:139) [tomcat-embed-core-9.0.31.jar:9.0.31]
	at org.apache.catalina.valves.ErrorReportValve.invoke(ErrorReportValve.java:92) [tomcat-embed-core-9.0.31.jar:9.0.31]
	at org.apache.catalina.core.StandardEngineValve.invoke(StandardEngineValve.java:74) [tomcat-embed-core-9.0.31.jar:9.0.31]
	at org.apache.catalina.connector.CoyoteAdapter.service(CoyoteAdapter.java:343) [tomcat-embed-core-9.0.31.jar:9.0.31]
	at org.apache.coyote.http11.Http11Processor.service(Http11Processor.java:367) [tomcat-embed-core-9.0.31.jar:9.0.31]
	at org.apache.coyote.AbstractProcessorLight.process(AbstractProcessorLight.java:65) [tomcat-embed-core-9.0.31.jar:9.0.31]
	at org.apache.coyote.AbstractProtocol$ConnectionHandler.process(AbstractProtocol.java:868) [tomcat-embed-core-9.0.31.jar:9.0.31]
	at org.apache.tomcat.util.net.NioEndpoint$SocketProcessor.doRun(NioEndpoint.java:1639) [tomcat-embed-core-9.0.31.jar:9.0.31]
	at org.apache.tomcat.util.net.SocketProcessorBase.run(SocketProcessorBase.java:49) [tomcat-embed-core-9.0.31.jar:9.0.31]
	at java.util.concurrent.ThreadPoolExecutor.runWorker(ThreadPoolExecutor.java:1149) [?:1.8.0_461]
	at java.util.concurrent.ThreadPoolExecutor$Worker.run(ThreadPoolExecutor.java:624) [?:1.8.0_461]
	at org.apache.tomcat.util.threads.TaskThread$WrappingRunnable.run(TaskThread.java:61) [tomcat-embed-core-9.0.31.jar:9.0.31]
	at java.lang.Thread.run(Thread.java:750) [?:1.8.0_461]
Caused by: java.sql.SQLSyntaxErrorException: You have an error in your SQL syntax; check the manual that corresponds to your MySQL server version for the right syntax to use near 'by create_time desc  limit 0 , 10' at line 1
	at com.mysql.cj.jdbc.exceptions.SQLError.createSQLException(SQLError.java:118) ~[mysql-connector-java-8.0.11.jar:8.0.11]
	at com.mysql.cj.jdbc.exceptions.SQLError.createSQLException(SQLError.java:95) ~[mysql-connector-java-8.0.11.jar:8.0.11]
	at com.mysql.cj.jdbc.exceptions.SQLExceptionsMapping.translateException(SQLExceptionsMapping.java:122) ~[mysql-connector-java-8.0.11.jar:8.0.11]
	at com.mysql.cj.jdbc.ClientPreparedStatement.executeInternal(ClientPreparedStatement.java:960) ~[mysql-connector-java-8.0.11.jar:8.0.11]
	at com.mysql.cj.jdbc.ClientPreparedStatement.execute(ClientPreparedStatement.java:388) ~[mysql-connector-java-8.0.11.jar:8.0.11]
	at com.alibaba.druid.pool.DruidPooledPreparedStatement.execute(DruidPooledPreparedStatement.java:497) ~[druid-1.2.8.jar:1.2.8]
	at sun.reflect.GeneratedMethodAccessor81.invoke(Unknown Source) ~[?:?]
	at sun.reflect.DelegatingMethodAccessorImpl.invoke(DelegatingMethodAccessorImpl.java:43) ~[?:1.8.0_461]
	at java.lang.reflect.Method.invoke(Method.java:498) ~[?:1.8.0_461]
	at org.apache.ibatis.logging.jdbc.PreparedStatementLogger.invoke(PreparedStatementLogger.java:59) ~[mybatis-3.5.7.jar:3.5.7]
	at com.sun.proxy.$Proxy150.execute(Unknown Source) ~[?:?]
	at org.apache.ibatis.executor.statement.PreparedStatementHandler.query(PreparedStatementHandler.java:64) ~[mybatis-3.5.7.jar:3.5.7]
	at org.apache.ibatis.executor.statement.RoutingStatementHandler.query(RoutingStatementHandler.java:79) ~[mybatis-3.5.7.jar:3.5.7]
	at sun.reflect.GeneratedMethodAccessor83.invoke(Unknown Source) ~[?:?]
	at sun.reflect.DelegatingMethodAccessorImpl.invoke(DelegatingMethodAccessorImpl.java:43) ~[?:1.8.0_461]
	at java.lang.reflect.Method.invoke(Method.java:498) ~[?:1.8.0_461]
	at org.apache.ibatis.plugin.Plugin.invoke(Plugin.java:64) ~[mybatis-3.5.7.jar:3.5.7]
	at com.sun.proxy.$Proxy147.query(Unknown Source) ~[?:?]
	at org.apache.ibatis.executor.SimpleExecutor.doQuery(SimpleExecutor.java:63) ~[mybatis-3.5.7.jar:3.5.7]
	at org.apache.ibatis.executor.BaseExecutor.queryFromDatabase(BaseExecutor.java:325) ~[mybatis-3.5.7.jar:3.5.7]
	at org.apache.ibatis.executor.BaseExecutor.query(BaseExecutor.java:156) ~[mybatis-3.5.7.jar:3.5.7]
	at org.apache.ibatis.executor.CachingExecutor.query(CachingExecutor.java:109) ~[mybatis-3.5.7.jar:3.5.7]
	at com.baomidou.mybatisplus.extension.plugins.MybatisPlusInterceptor.intercept(MybatisPlusInterceptor.java:81) ~[mybatis-plus-extension-3.4.3.1.jar:3.4.3.1]
	at org.apache.ibatis.plugin.Plugin.invoke(Plugin.java:62) ~[mybatis-3.5.7.jar:3.5.7]
	at com.sun.proxy.$Proxy146.query(Unknown Source) ~[?:?]
	at org.apache.ibatis.session.defaults.DefaultSqlSession.selectList(DefaultSqlSession.java:151) ~[mybatis-3.5.7.jar:3.5.7]
	at org.apache.ibatis.session.defaults.DefaultSqlSession.selectList(DefaultSqlSession.java:145) ~[mybatis-3.5.7.jar:3.5.7]
	at org.apache.ibatis.session.defaults.DefaultSqlSession.selectList(DefaultSqlSession.java:140) ~[mybatis-3.5.7.jar:3.5.7]
	at sun.reflect.GeneratedMethodAccessor96.invoke(Unknown Source) ~[?:?]
	at sun.reflect.DelegatingMethodAccessorImpl.invoke(DelegatingMethodAccessorImpl.java:43) ~[?:1.8.0_461]
	at java.lang.reflect.Method.invoke(Method.java:498) ~[?:1.8.0_461]
	at org.mybatis.spring.SqlSessionTemplate$SqlSessionInterceptor.invoke(SqlSessionTemplate.java:427) ~[mybatis-spring-2.0.6.jar:2.0.6]
	... 72 more
2026-05-04 22:21:33.836 [http-nio-5000-exec-5] ERROR com.project.demo.exception.GlobalExceptionHandler - 运行时异常: 
org.springframework.jdbc.BadSqlGrammarException: 
### Error querying database.  Cause: java.sql.SQLSyntaxErrorException: You have an error in your SQL syntax; check the manual that corresponds to your MySQL server version for the right syntax to use near 'by create_time desc  limit 0 , 7' at line 1
### The error may exist in file [/home/yuan/Desktop/bishe-main/target/classes/mapper/BaseMapper.xml]
### The error may involve defaultParameterMap
### The error occurred while setting parameters
### SQL: select * from `registered_user` WHERE is_delete = 0order by create_time desc  limit 0 , 7
### Cause: java.sql.SQLSyntaxErrorException: You have an error in your SQL syntax; check the manual that corresponds to your MySQL server version for the right syntax to use near 'by create_time desc  limit 0 , 7' at line 1
; bad SQL grammar []; nested exception is java.sql.SQLSyntaxErrorException: You have an error in your SQL syntax; check the manual that corresponds to your MySQL server version for the right syntax to use near 'by create_time desc  limit 0 , 7' at line 1
	at org.springframework.jdbc.support.SQLErrorCodeSQLExceptionTranslator.doTranslate(SQLErrorCodeSQLExceptionTranslator.java:235) ~[spring-jdbc-5.2.4.RELEASE.jar:5.2.4.RELEASE]
	at org.springframework.jdbc.support.AbstractFallbackSQLExceptionTranslator.translate(AbstractFallbackSQLExceptionTranslator.java:72) ~[spring-jdbc-5.2.4.RELEASE.jar:5.2.4.RELEASE]
	at org.mybatis.spring.MyBatisExceptionTranslator.translateExceptionIfPossible(MyBatisExceptionTranslator.java:91) ~[mybatis-spring-2.0.6.jar:2.0.6]
	at org.mybatis.spring.SqlSessionTemplate$SqlSessionInterceptor.invoke(SqlSessionTemplate.java:441) ~[mybatis-spring-2.0.6.jar:2.0.6]
	at com.sun.proxy.$Proxy113.selectList(Unknown Source) ~[?:?]
	at org.mybatis.spring.SqlSessionTemplate.selectList(SqlSessionTemplate.java:224) ~[mybatis-spring-2.0.6.jar:2.0.6]
	at com.baomidou.mybatisplus.core.override.MybatisMapperMethod.executeForMany(MybatisMapperMethod.java:166) ~[mybatis-plus-core-3.4.3.1.jar:3.4.3.1]
	at com.baomidou.mybatisplus.core.override.MybatisMapperMethod.execute(MybatisMapperMethod.java:77) ~[mybatis-plus-core-3.4.3.1.jar:3.4.3.1]
	at com.baomidou.mybatisplus.core.override.MybatisMapperProxy$PlainMethodInvoker.invoke(MybatisMapperProxy.java:148) ~[mybatis-plus-core-3.4.3.1.jar:3.4.3.1]
	at com.baomidou.mybatisplus.core.override.MybatisMapperProxy.invoke(MybatisMapperProxy.java:89) ~[mybatis-plus-core-3.4.3.1.jar:3.4.3.1]
	at com.sun.proxy.$Proxy127.selectBaseList(Unknown Source) ~[?:?]
	at com.project.demo.service.base.BaseService.selectToPage(BaseService.java:77) ~[classes/:?]
	at com.project.demo.service.base.BaseService$$FastClassBySpringCGLIB$$504c7e9.invoke(<generated>) ~[classes/:?]
	at org.springframework.cglib.proxy.MethodProxy.invoke(MethodProxy.java:218) ~[spring-core-5.2.4.RELEASE.jar:5.2.4.RELEASE]
	at org.springframework.aop.framework.CglibAopProxy$CglibMethodInvocation.invokeJoinpoint(CglibAopProxy.java:769) ~[spring-aop-5.2.4.RELEASE.jar:5.2.4.RELEASE]
	at org.springframework.aop.framework.ReflectiveMethodInvocation.proceed(ReflectiveMethodInvocation.java:163) ~[spring-aop-5.2.4.RELEASE.jar:5.2.4.RELEASE]
	at org.springframework.aop.framework.CglibAopProxy$CglibMethodInvocation.proceed(CglibAopProxy.java:747) ~[spring-aop-5.2.4.RELEASE.jar:5.2.4.RELEASE]
	at org.springframework.aop.interceptor.ExposeInvocationInterceptor.invoke(ExposeInvocationInterceptor.java:95) ~[spring-aop-5.2.4.RELEASE.jar:5.2.4.RELEASE]
	at org.springframework.aop.framework.ReflectiveMethodInvocation.proceed(ReflectiveMethodInvocation.java:186) ~[spring-aop-5.2.4.RELEASE.jar:5.2.4.RELEASE]
	at org.springframework.aop.framework.CglibAopProxy$CglibMethodInvocation.proceed(CglibAopProxy.java:747) ~[spring-aop-5.2.4.RELEASE.jar:5.2.4.RELEASE]
	at org.springframework.aop.framework.CglibAopProxy$DynamicAdvisedInterceptor.intercept(CglibAopProxy.java:689) ~[spring-aop-5.2.4.RELEASE.jar:5.2.4.RELEASE]
	at com.project.demo.service.RegisteredUserService$$EnhancerBySpringCGLIB$$a7009c0b.selectToPage(<generated>) ~[classes/:?]
	at com.project.demo.controller.base.BaseController.getList(BaseController.java:76) ~[classes/:?]
	at com.project.demo.controller.base.BaseController$$FastClassBySpringCGLIB$$72c28101.invoke(<generated>) ~[classes/:?]
	at org.springframework.cglib.proxy.MethodProxy.invoke(MethodProxy.java:218) ~[spring-core-5.2.4.RELEASE.jar:5.2.4.RELEASE]
	at org.springframework.aop.framework.CglibAopProxy$DynamicAdvisedInterceptor.intercept(CglibAopProxy.java:685) ~[spring-aop-5.2.4.RELEASE.jar:5.2.4.RELEASE]
	at com.project.demo.controller.RegisteredUserController$$EnhancerBySpringCGLIB$$51add81f.getList(<generated>) ~[classes/:?]
	at sun.reflect.GeneratedMethodAccessor99.invoke(Unknown Source) ~[?:?]
	at sun.reflect.DelegatingMethodAccessorImpl.invoke(DelegatingMethodAccessorImpl.java:43) ~[?:1.8.0_461]
	at java.lang.reflect.Method.invoke(Method.java:498) ~[?:1.8.0_461]
	at org.springframework.web.method.support.InvocableHandlerMethod.doInvoke(InvocableHandlerMethod.java:190) ~[spring-web-5.2.4.RELEASE.jar:5.2.4.RELEASE]
	at org.springframework.web.method.support.InvocableHandlerMethod.invokeForRequest(InvocableHandlerMethod.java:138) ~[spring-web-5.2.4.RELEASE.jar:5.2.4.RELEASE]
	at org.springframework.web.servlet.mvc.method.annotation.ServletInvocableHandlerMethod.invokeAndHandle(ServletInvocableHandlerMethod.java:106) ~[spring-webmvc-5.2.4.RELEASE.jar:5.2.4.RELEASE]
	at org.springframework.web.servlet.mvc.method.annotation.RequestMappingHandlerAdapter.invokeHandlerMethod(RequestMappingHandlerAdapter.java:879) ~[spring-webmvc-5.2.4.RELEASE.jar:5.2.4.RELEASE]
	at org.springframework.web.servlet.mvc.method.annotation.RequestMappingHandlerAdapter.handleInternal(RequestMappingHandlerAdapter.java:793) ~[spring-webmvc-5.2.4.RELEASE.jar:5.2.4.RELEASE]
	at org.springframework.web.servlet.mvc.method.AbstractHandlerMethodAdapter.handle(AbstractHandlerMethodAdapter.java:87) ~[spring-webmvc-5.2.4.RELEASE.jar:5.2.4.RELEASE]
	at org.springframework.web.servlet.DispatcherServlet.doDispatch(DispatcherServlet.java:1040) [spring-webmvc-5.2.4.RELEASE.jar:5.2.4.RELEASE]
	at org.springframework.web.servlet.DispatcherServlet.doService(DispatcherServlet.java:943) [spring-webmvc-5.2.4.RELEASE.jar:5.2.4.RELEASE]
	at org.springframework.web.servlet.FrameworkServlet.processRequest(FrameworkServlet.java:1006) [spring-webmvc-5.2.4.RELEASE.jar:5.2.4.RELEASE]
	at org.springframework.web.servlet.FrameworkServlet.doGet(FrameworkServlet.java:898) [spring-webmvc-5.2.4.RELEASE.jar:5.2.4.RELEASE]
	at javax.servlet.http.HttpServlet.service(HttpServlet.java:634) [tomcat-embed-core-9.0.31.jar:9.0.31]
	at org.springframework.web.servlet.FrameworkServlet.service(FrameworkServlet.java:883) [spring-webmvc-5.2.4.RELEASE.jar:5.2.4.RELEASE]
	at javax.servlet.http.HttpServlet.service(HttpServlet.java:741) [tomcat-embed-core-9.0.31.jar:9.0.31]
	at org.apache.catalina.core.ApplicationFilterChain.internalDoFilter(ApplicationFilterChain.java:231) [tomcat-embed-core-9.0.31.jar:9.0.31]
	at org.apache.catalina.core.ApplicationFilterChain.doFilter(ApplicationFilterChain.java:166) [tomcat-embed-core-9.0.31.jar:9.0.31]
	at org.apache.tomcat.websocket.server.WsFilter.doFilter(WsFilter.java:53) [tomcat-embed-websocket-9.0.31.jar:9.0.31]
	at org.apache.catalina.core.ApplicationFilterChain.internalDoFilter(ApplicationFilterChain.java:193) [tomcat-embed-core-9.0.31.jar:9.0.31]
	at org.apache.catalina.core.ApplicationFilterChain.doFilter(ApplicationFilterChain.java:166) [tomcat-embed-core-9.0.31.jar:9.0.31]
	at org.springframework.web.filter.RequestContextFilter.doFilterInternal(RequestContextFilter.java:100) [spring-web-5.2.4.RELEASE.jar:5.2.4.RELEASE]
	at org.springframework.web.filter.OncePerRequestFilter.doFilter(OncePerRequestFilter.java:119) [spring-web-5.2.4.RELEASE.jar:5.2.4.RELEASE]
	at org.apache.catalina.core.ApplicationFilterChain.internalDoFilter(ApplicationFilterChain.java:193) [tomcat-embed-core-9.0.31.jar:9.0.31]
	at org.apache.catalina.core.ApplicationFilterChain.doFilter(ApplicationFilterChain.java:166) [tomcat-embed-core-9.0.31.jar:9.0.31]
	at org.springframework.web.filter.FormContentFilter.doFilterInternal(FormContentFilter.java:93) [spring-web-5.2.4.RELEASE.jar:5.2.4.RELEASE]
	at org.springframework.web.filter.OncePerRequestFilter.doFilter(OncePerRequestFilter.java:119) [spring-web-5.2.4.RELEASE.jar:5.2.4.RELEASE]
	at org.apache.catalina.core.ApplicationFilterChain.internalDoFilter(ApplicationFilterChain.java:193) [tomcat-embed-core-9.0.31.jar:9.0.31]
	at org.apache.catalina.core.ApplicationFilterChain.doFilter(ApplicationFilterChain.java:166) [tomcat-embed-core-9.0.31.jar:9.0.31]
	at org.springframework.web.filter.CharacterEncodingFilter.doFilterInternal(CharacterEncodingFilter.java:201) [spring-web-5.2.4.RELEASE.jar:5.2.4.RELEASE]
	at org.springframework.web.filter.OncePerRequestFilter.doFilter(OncePerRequestFilter.java:119) [spring-web-5.2.4.RELEASE.jar:5.2.4.RELEASE]
	at org.apache.catalina.core.ApplicationFilterChain.internalDoFilter(ApplicationFilterChain.java:193) [tomcat-embed-core-9.0.31.jar:9.0.31]
	at org.apache.catalina.core.ApplicationFilterChain.doFilter(ApplicationFilterChain.java:166) [tomcat-embed-core-9.0.31.jar:9.0.31]
	at org.apache.catalina.core.StandardWrapperValve.invoke(StandardWrapperValve.java:202) [tomcat-embed-core-9.0.31.jar:9.0.31]
	at org.apache.catalina.core.StandardContextValve.invoke(StandardContextValve.java:96) [tomcat-embed-core-9.0.31.jar:9.0.31]
	at org.apache.catalina.authenticator.AuthenticatorBase.invoke(AuthenticatorBase.java:541) [tomcat-embed-core-9.0.31.jar:9.0.31]
	at org.apache.catalina.core.StandardHostValve.invoke(StandardHostValve.java:139) [tomcat-embed-core-9.0.31.jar:9.0.31]
	at org.apache.catalina.valves.ErrorReportValve.invoke(ErrorReportValve.java:92) [tomcat-embed-core-9.0.31.jar:9.0.31]
	at org.apache.catalina.core.StandardEngineValve.invoke(StandardEngineValve.java:74) [tomcat-embed-core-9.0.31.jar:9.0.31]
	at org.apache.catalina.connector.CoyoteAdapter.service(CoyoteAdapter.java:343) [tomcat-embed-core-9.0.31.jar:9.0.31]
	at org.apache.coyote.http11.Http11Processor.service(Http11Processor.java:367) [tomcat-embed-core-9.0.31.jar:9.0.31]
	at org.apache.coyote.AbstractProcessorLight.process(AbstractProcessorLight.java:65) [tomcat-embed-core-9.0.31.jar:9.0.31]
	at org.apache.coyote.AbstractProtocol$ConnectionHandler.process(AbstractProtocol.java:868) [tomcat-embed-core-9.0.31.jar:9.0.31]
	at org.apache.tomcat.util.net.NioEndpoint$SocketProcessor.doRun(NioEndpoint.java:1639) [tomcat-embed-core-9.0.31.jar:9.0.31]
	at org.apache.tomcat.util.net.SocketProcessorBase.run(SocketProcessorBase.java:49) [tomcat-embed-core-9.0.31.jar:9.0.31]
	at java.util.concurrent.ThreadPoolExecutor.runWorker(ThreadPoolExecutor.java:1149) [?:1.8.0_461]
	at java.util.concurrent.ThreadPoolExecutor$Worker.run(ThreadPoolExecutor.java:624) [?:1.8.0_461]
	at org.apache.tomcat.util.threads.TaskThread$WrappingRunnable.run(TaskThread.java:61) [tomcat-embed-core-9.0.31.jar:9.0.31]
	at java.lang.Thread.run(Thread.java:750) [?:1.8.0_461]
Caused by: java.sql.SQLSyntaxErrorException: You have an error in your SQL syntax; check the manual that corresponds to your MySQL server version for the right syntax to use near 'by create_time desc  limit 0 , 7' at line 1
	at com.mysql.cj.jdbc.exceptions.SQLError.createSQLException(SQLError.java:118) ~[mysql-connector-java-8.0.11.jar:8.0.11]
	at com.mysql.cj.jdbc.exceptions.SQLError.createSQLException(SQLError.java:95) ~[mysql-connector-java-8.0.11.jar:8.0.11]
	at com.mysql.cj.jdbc.exceptions.SQLExceptionsMapping.translateException(SQLExceptionsMapping.java:122) ~[mysql-connector-java-8.0.11.jar:8.0.11]
	at com.mysql.cj.jdbc.ClientPreparedStatement.executeInternal(ClientPreparedStatement.java:960) ~[mysql-connector-java-8.0.11.jar:8.0.11]
	at com.mysql.cj.jdbc.ClientPreparedStatement.execute(ClientPreparedStatement.java:388) ~[mysql-connector-java-8.0.11.jar:8.0.11]
	at com.alibaba.druid.pool.DruidPooledPreparedStatement.execute(DruidPooledPreparedStatement.java:497) ~[druid-1.2.8.jar:1.2.8]
	at sun.reflect.GeneratedMethodAccessor81.invoke(Unknown Source) ~[?:?]
	at sun.reflect.DelegatingMethodAccessorImpl.invoke(DelegatingMethodAccessorImpl.java:43) ~[?:1.8.0_461]
	at java.lang.reflect.Method.invoke(Method.java:498) ~[?:1.8.0_461]
	at org.apache.ibatis.logging.jdbc.PreparedStatementLogger.invoke(PreparedStatementLogger.java:59) ~[mybatis-3.5.7.jar:3.5.7]
	at com.sun.proxy.$Proxy150.execute(Unknown Source) ~[?:?]
	at org.apache.ibatis.executor.statement.PreparedStatementHandler.query(PreparedStatementHandler.java:64) ~[mybatis-3.5.7.jar:3.5.7]
	at org.apache.ibatis.executor.statement.RoutingStatementHandler.query(RoutingStatementHandler.java:79) ~[mybatis-3.5.7.jar:3.5.7]
	at sun.reflect.GeneratedMethodAccessor83.invoke(Unknown Source) ~[?:?]
	at sun.reflect.DelegatingMethodAccessorImpl.invoke(DelegatingMethodAccessorImpl.java:43) ~[?:1.8.0_461]
	at java.lang.reflect.Method.invoke(Method.java:498) ~[?:1.8.0_461]
	at org.apache.ibatis.plugin.Plugin.invoke(Plugin.java:64) ~[mybatis-3.5.7.jar:3.5.7]
	at com.sun.proxy.$Proxy147.query(Unknown Source) ~[?:?]
	at org.apache.ibatis.executor.SimpleExecutor.doQuery(SimpleExecutor.java:63) ~[mybatis-3.5.7.jar:3.5.7]
	at org.apache.ibatis.executor.BaseExecutor.queryFromDatabase(BaseExecutor.java:325) ~[mybatis-3.5.7.jar:3.5.7]
	at org.apache.ibatis.executor.BaseExecutor.query(BaseExecutor.java:156) ~[mybatis-3.5.7.jar:3.5.7]
	at org.apache.ibatis.executor.CachingExecutor.query(CachingExecutor.java:109) ~[mybatis-3.5.7.jar:3.5.7]
	at com.baomidou.mybatisplus.extension.plugins.MybatisPlusInterceptor.intercept(MybatisPlusInterceptor.java:81) ~[mybatis-plus-extension-3.4.3.1.jar:3.4.3.1]
	at org.apache.ibatis.plugin.Plugin.invoke(Plugin.java:62) ~[mybatis-3.5.7.jar:3.5.7]
	at com.sun.proxy.$Proxy146.query(Unknown Source) ~[?:?]
	at org.apache.ibatis.session.defaults.DefaultSqlSession.selectList(DefaultSqlSession.java:151) ~[mybatis-3.5.7.jar:3.5.7]
	at org.apache.ibatis.session.defaults.DefaultSqlSession.selectList(DefaultSqlSession.java:145) ~[mybatis-3.5.7.jar:3.5.7]
	at org.apache.ibatis.session.defaults.DefaultSqlSession.selectList(DefaultSqlSession.java:140) ~[mybatis-3.5.7.jar:3.5.7]
	at sun.reflect.GeneratedMethodAccessor96.invoke(Unknown Source) ~[?:?]
	at sun.reflect.DelegatingMethodAccessorImpl.invoke(DelegatingMethodAccessorImpl.java:43) ~[?:1.8.0_461]
	at java.lang.reflect.Method.invoke(Method.java:498) ~[?:1.8.0_461]
	at org.mybatis.spring.SqlSessionTemplate$SqlSessionInterceptor.invoke(SqlSessionTemplate.java:427) ~[mybatis-spring-2.0.6.jar:2.0.6]
	... 72 more
2026-05-04 22:21:34.340 [http-nio-5000-exec-8] ERROR com.project.demo.exception.GlobalExceptionHandler - 运行时异常: 
org.springframework.jdbc.BadSqlGrammarException: 
### Error querying database.  Cause: java.sql.SQLSyntaxErrorException: You have an error in your SQL syntax; check the manual that corresponds to your MySQL server version for the right syntax to use near 'by create_time desc  limit 0 , 10' at line 1
### The error may exist in file [/home/yuan/Desktop/bishe-main/target/classes/mapper/BaseMapper.xml]
### The error may involve defaultParameterMap
### The error occurred while setting parameters
### SQL: select * from `user` WHERE `user_group` LIKE '%管理员%'  AND is_delete = 0order by create_time desc  limit 0 , 10
### Cause: java.sql.SQLSyntaxErrorException: You have an error in your SQL syntax; check the manual that corresponds to your MySQL server version for the right syntax to use near 'by create_time desc  limit 0 , 10' at line 1
; bad SQL grammar []; nested exception is java.sql.SQLSyntaxErrorException: You have an error in your SQL syntax; check the manual that corresponds to your MySQL server version for the right syntax to use near 'by create_time desc  limit 0 , 10' at line 1
	at org.springframework.jdbc.support.SQLErrorCodeSQLExceptionTranslator.doTranslate(SQLErrorCodeSQLExceptionTranslator.java:235) ~[spring-jdbc-5.2.4.RELEASE.jar:5.2.4.RELEASE]
	at org.springframework.jdbc.support.AbstractFallbackSQLExceptionTranslator.translate(AbstractFallbackSQLExceptionTranslator.java:72) ~[spring-jdbc-5.2.4.RELEASE.jar:5.2.4.RELEASE]
	at org.mybatis.spring.MyBatisExceptionTranslator.translateExceptionIfPossible(MyBatisExceptionTranslator.java:91) ~[mybatis-spring-2.0.6.jar:2.0.6]
	at org.mybatis.spring.SqlSessionTemplate$SqlSessionInterceptor.invoke(SqlSessionTemplate.java:441) ~[mybatis-spring-2.0.6.jar:2.0.6]
	at com.sun.proxy.$Proxy113.selectList(Unknown Source) ~[?:?]
	at org.mybatis.spring.SqlSessionTemplate.selectList(SqlSessionTemplate.java:224) ~[mybatis-spring-2.0.6.jar:2.0.6]
	at com.baomidou.mybatisplus.core.override.MybatisMapperMethod.executeForMany(MybatisMapperMethod.java:166) ~[mybatis-plus-core-3.4.3.1.jar:3.4.3.1]
	at com.baomidou.mybatisplus.core.override.MybatisMapperMethod.execute(MybatisMapperMethod.java:77) ~[mybatis-plus-core-3.4.3.1.jar:3.4.3.1]
	at com.baomidou.mybatisplus.core.override.MybatisMapperProxy$PlainMethodInvoker.invoke(MybatisMapperProxy.java:148) ~[mybatis-plus-core-3.4.3.1.jar:3.4.3.1]
	at com.baomidou.mybatisplus.core.override.MybatisMapperProxy.invoke(MybatisMapperProxy.java:89) ~[mybatis-plus-core-3.4.3.1.jar:3.4.3.1]
	at com.sun.proxy.$Proxy131.selectBaseList(Unknown Source) ~[?:?]
	at com.project.demo.service.base.BaseService.selectToPage(BaseService.java:77) ~[classes/:?]
	at com.project.demo.service.base.BaseService$$FastClassBySpringCGLIB$$504c7e9.invoke(<generated>) ~[classes/:?]
	at org.springframework.cglib.proxy.MethodProxy.invoke(MethodProxy.java:218) ~[spring-core-5.2.4.RELEASE.jar:5.2.4.RELEASE]
	at org.springframework.aop.framework.CglibAopProxy$CglibMethodInvocation.invokeJoinpoint(CglibAopProxy.java:769) ~[spring-aop-5.2.4.RELEASE.jar:5.2.4.RELEASE]
	at org.springframework.aop.framework.ReflectiveMethodInvocation.proceed(ReflectiveMethodInvocation.java:163) ~[spring-aop-5.2.4.RELEASE.jar:5.2.4.RELEASE]
	at org.springframework.aop.framework.CglibAopProxy$CglibMethodInvocation.proceed(CglibAopProxy.java:747) ~[spring-aop-5.2.4.RELEASE.jar:5.2.4.RELEASE]
	at org.springframework.aop.interceptor.ExposeInvocationInterceptor.invoke(ExposeInvocationInterceptor.java:95) ~[spring-aop-5.2.4.RELEASE.jar:5.2.4.RELEASE]
	at org.springframework.aop.framework.ReflectiveMethodInvocation.proceed(ReflectiveMethodInvocation.java:186) ~[spring-aop-5.2.4.RELEASE.jar:5.2.4.RELEASE]
	at org.springframework.aop.framework.CglibAopProxy$CglibMethodInvocation.proceed(CglibAopProxy.java:747) ~[spring-aop-5.2.4.RELEASE.jar:5.2.4.RELEASE]
	at org.springframework.aop.framework.CglibAopProxy$DynamicAdvisedInterceptor.intercept(CglibAopProxy.java:689) ~[spring-aop-5.2.4.RELEASE.jar:5.2.4.RELEASE]
	at com.project.demo.service.UserService$$EnhancerBySpringCGLIB$$a5130571.selectToPage(<generated>) ~[classes/:?]
	at com.project.demo.controller.base.BaseController.getList(BaseController.java:76) ~[classes/:?]
	at com.project.demo.controller.base.BaseController$$FastClassBySpringCGLIB$$72c28101.invoke(<generated>) ~[classes/:?]
	at org.springframework.cglib.proxy.MethodProxy.invoke(MethodProxy.java:218) ~[spring-core-5.2.4.RELEASE.jar:5.2.4.RELEASE]
	at org.springframework.aop.framework.CglibAopProxy$DynamicAdvisedInterceptor.intercept(CglibAopProxy.java:685) ~[spring-aop-5.2.4.RELEASE.jar:5.2.4.RELEASE]
	at com.project.demo.controller.UserController$$EnhancerBySpringCGLIB$$64902b39.getList(<generated>) ~[classes/:?]
	at sun.reflect.GeneratedMethodAccessor99.invoke(Unknown Source) ~[?:?]
	at sun.reflect.DelegatingMethodAccessorImpl.invoke(DelegatingMethodAccessorImpl.java:43) ~[?:1.8.0_461]
	at java.lang.reflect.Method.invoke(Method.java:498) ~[?:1.8.0_461]
	at org.springframework.web.method.support.InvocableHandlerMethod.doInvoke(InvocableHandlerMethod.java:190) ~[spring-web-5.2.4.RELEASE.jar:5.2.4.RELEASE]
	at org.springframework.web.method.support.InvocableHandlerMethod.invokeForRequest(InvocableHandlerMethod.java:138) ~[spring-web-5.2.4.RELEASE.jar:5.2.4.RELEASE]
	at org.springframework.web.servlet.mvc.method.annotation.ServletInvocableHandlerMethod.invokeAndHandle(ServletInvocableHandlerMethod.java:106) ~[spring-webmvc-5.2.4.RELEASE.jar:5.2.4.RELEASE]
	at org.springframework.web.servlet.mvc.method.annotation.RequestMappingHandlerAdapter.invokeHandlerMethod(RequestMappingHandlerAdapter.java:879) ~[spring-webmvc-5.2.4.RELEASE.jar:5.2.4.RELEASE]
	at org.springframework.web.servlet.mvc.method.annotation.RequestMappingHandlerAdapter.handleInternal(RequestMappingHandlerAdapter.java:793) ~[spring-webmvc-5.2.4.RELEASE.jar:5.2.4.RELEASE]
	at org.springframework.web.servlet.mvc.method.AbstractHandlerMethodAdapter.handle(AbstractHandlerMethodAdapter.java:87) ~[spring-webmvc-5.2.4.RELEASE.jar:5.2.4.RELEASE]
	at org.springframework.web.servlet.DispatcherServlet.doDispatch(DispatcherServlet.java:1040) [spring-webmvc-5.2.4.RELEASE.jar:5.2.4.RELEASE]
	at org.springframework.web.servlet.DispatcherServlet.doService(DispatcherServlet.java:943) [spring-webmvc-5.2.4.RELEASE.jar:5.2.4.RELEASE]
	at org.springframework.web.servlet.FrameworkServlet.processRequest(FrameworkServlet.java:1006) [spring-webmvc-5.2.4.RELEASE.jar:5.2.4.RELEASE]
	at org.springframework.web.servlet.FrameworkServlet.doGet(FrameworkServlet.java:898) [spring-webmvc-5.2.4.RELEASE.jar:5.2.4.RELEASE]
	at javax.servlet.http.HttpServlet.service(HttpServlet.java:634) [tomcat-embed-core-9.0.31.jar:9.0.31]
	at org.springframework.web.servlet.FrameworkServlet.service(FrameworkServlet.java:883) [spring-webmvc-5.2.4.RELEASE.jar:5.2.4.RELEASE]
	at javax.servlet.http.HttpServlet.service(HttpServlet.java:741) [tomcat-embed-core-9.0.31.jar:9.0.31]
	at org.apache.catalina.core.ApplicationFilterChain.internalDoFilter(ApplicationFilterChain.java:231) [tomcat-embed-core-9.0.31.jar:9.0.31]
	at org.apache.catalina.core.ApplicationFilterChain.doFilter(ApplicationFilterChain.java:166) [tomcat-embed-core-9.0.31.jar:9.0.31]
	at org.apache.tomcat.websocket.server.WsFilter.doFilter(WsFilter.java:53) [tomcat-embed-websocket-9.0.31.jar:9.0.31]
	at org.apache.catalina.core.ApplicationFilterChain.internalDoFilter(ApplicationFilterChain.java:193) [tomcat-embed-core-9.0.31.jar:9.0.31]
	at org.apache.catalina.core.ApplicationFilterChain.doFilter(ApplicationFilterChain.java:166) [tomcat-embed-core-9.0.31.jar:9.0.31]
	at org.springframework.web.filter.RequestContextFilter.doFilterInternal(RequestContextFilter.java:100) [spring-web-5.2.4.RELEASE.jar:5.2.4.RELEASE]
	at org.springframework.web.filter.OncePerRequestFilter.doFilter(OncePerRequestFilter.java:119) [spring-web-5.2.4.RELEASE.jar:5.2.4.RELEASE]
	at org.apache.catalina.core.ApplicationFilterChain.internalDoFilter(ApplicationFilterChain.java:193) [tomcat-embed-core-9.0.31.jar:9.0.31]
	at org.apache.catalina.core.ApplicationFilterChain.doFilter(ApplicationFilterChain.java:166) [tomcat-embed-core-9.0.31.jar:9.0.31]
	at org.springframework.web.filter.FormContentFilter.doFilterInternal(FormContentFilter.java:93) [spring-web-5.2.4.RELEASE.jar:5.2.4.RELEASE]
	at org.springframework.web.filter.OncePerRequestFilter.doFilter(OncePerRequestFilter.java:119) [spring-web-5.2.4.RELEASE.jar:5.2.4.RELEASE]
	at org.apache.catalina.core.ApplicationFilterChain.internalDoFilter(ApplicationFilterChain.java:193) [tomcat-embed-core-9.0.31.jar:9.0.31]
	at org.apache.catalina.core.ApplicationFilterChain.doFilter(ApplicationFilterChain.java:166) [tomcat-embed-core-9.0.31.jar:9.0.31]
	at org.springframework.web.filter.CharacterEncodingFilter.doFilterInternal(CharacterEncodingFilter.java:201) [spring-web-5.2.4.RELEASE.jar:5.2.4.RELEASE]
	at org.springframework.web.filter.OncePerRequestFilter.doFilter(OncePerRequestFilter.java:119) [spring-web-5.2.4.RELEASE.jar:5.2.4.RELEASE]
	at org.apache.catalina.core.ApplicationFilterChain.internalDoFilter(ApplicationFilterChain.java:193) [tomcat-embed-core-9.0.31.jar:9.0.31]
	at org.apache.catalina.core.ApplicationFilterChain.doFilter(ApplicationFilterChain.java:166) [tomcat-embed-core-9.0.31.jar:9.0.31]
	at org.apache.catalina.core.StandardWrapperValve.invoke(StandardWrapperValve.java:202) [tomcat-embed-core-9.0.31.jar:9.0.31]
	at org.apache.catalina.core.StandardContextValve.invoke(StandardContextValve.java:96) [tomcat-embed-core-9.0.31.jar:9.0.31]
	at org.apache.catalina.authenticator.AuthenticatorBase.invoke(AuthenticatorBase.java:541) [tomcat-embed-core-9.0.31.jar:9.0.31]
	at org.apache.catalina.core.StandardHostValve.invoke(StandardHostValve.java:139) [tomcat-embed-core-9.0.31.jar:9.0.31]
	at org.apache.catalina.valves.ErrorReportValve.invoke(ErrorReportValve.java:92) [tomcat-embed-core-9.0.31.jar:9.0.31]
	at org.apache.catalina.core.StandardEngineValve.invoke(StandardEngineValve.java:74) [tomcat-embed-core-9.0.31.jar:9.0.31]
	at org.apache.catalina.connector.CoyoteAdapter.service(CoyoteAdapter.java:343) [tomcat-embed-core-9.0.31.jar:9.0.31]
	at org.apache.coyote.http11.Http11Processor.service(Http11Processor.java:367) [tomcat-embed-core-9.0.31.jar:9.0.31]
	at org.apache.coyote.AbstractProcessorLight.process(AbstractProcessorLight.java:65) [tomcat-embed-core-9.0.31.jar:9.0.31]
	at org.apache.coyote.AbstractProtocol$ConnectionHandler.process(AbstractProtocol.java:868) [tomcat-embed-core-9.0.31.jar:9.0.31]
	at org.apache.tomcat.util.net.NioEndpoint$SocketProcessor.doRun(NioEndpoint.java:1639) [tomcat-embed-core-9.0.31.jar:9.0.31]
	at org.apache.tomcat.util.net.SocketProcessorBase.run(SocketProcessorBase.java:49) [tomcat-embed-core-9.0.31.jar:9.0.31]
	at java.util.concurrent.ThreadPoolExecutor.runWorker(ThreadPoolExecutor.java:1149) [?:1.8.0_461]
	at java.util.concurrent.ThreadPoolExecutor$Worker.run(ThreadPoolExecutor.java:624) [?:1.8.0_461]
	at org.apache.tomcat.util.threads.TaskThread$WrappingRunnable.run(TaskThread.java:61) [tomcat-embed-core-9.0.31.jar:9.0.31]
	at java.lang.Thread.run(Thread.java:750) [?:1.8.0_461]
Caused by: java.sql.SQLSyntaxErrorException: You have an error in your SQL syntax; check the manual that corresponds to your MySQL server version for the right syntax to use near 'by create_time desc  limit 0 , 10' at line 1
	at com.mysql.cj.jdbc.exceptions.SQLError.createSQLException(SQLError.java:118) ~[mysql-connector-java-8.0.11.jar:8.0.11]
	at com.mysql.cj.jdbc.exceptions.SQLError.createSQLException(SQLError.java:95) ~[mysql-connector-java-8.0.11.jar:8.0.11]
	at com.mysql.cj.jdbc.exceptions.SQLExceptionsMapping.translateException(SQLExceptionsMapping.java:122) ~[mysql-connector-java-8.0.11.jar:8.0.11]
	at com.mysql.cj.jdbc.ClientPreparedStatement.executeInternal(ClientPreparedStatement.java:960) ~[mysql-connector-java-8.0.11.jar:8.0.11]
	at com.mysql.cj.jdbc.ClientPreparedStatement.execute(ClientPreparedStatement.java:388) ~[mysql-connector-java-8.0.11.jar:8.0.11]
	at com.alibaba.druid.pool.DruidPooledPreparedStatement.execute(DruidPooledPreparedStatement.java:497) ~[druid-1.2.8.jar:1.2.8]
	at sun.reflect.GeneratedMethodAccessor81.invoke(Unknown Source) ~[?:?]
	at sun.reflect.DelegatingMethodAccessorImpl.invoke(DelegatingMethodAccessorImpl.java:43) ~[?:1.8.0_461]
	at java.lang.reflect.Method.invoke(Method.java:498) ~[?:1.8.0_461]
	at org.apache.ibatis.logging.jdbc.PreparedStatementLogger.invoke(PreparedStatementLogger.java:59) ~[mybatis-3.5.7.jar:3.5.7]
	at com.sun.proxy.$Proxy150.execute(Unknown Source) ~[?:?]
	at org.apache.ibatis.executor.statement.PreparedStatementHandler.query(PreparedStatementHandler.java:64) ~[mybatis-3.5.7.jar:3.5.7]
	at org.apache.ibatis.executor.statement.RoutingStatementHandler.query(RoutingStatementHandler.java:79) ~[mybatis-3.5.7.jar:3.5.7]
	at sun.reflect.GeneratedMethodAccessor83.invoke(Unknown Source) ~[?:?]
	at sun.reflect.DelegatingMethodAccessorImpl.invoke(DelegatingMethodAccessorImpl.java:43) ~[?:1.8.0_461]
	at java.lang.reflect.Method.invoke(Method.java:498) ~[?:1.8.0_461]
	at org.apache.ibatis.plugin.Plugin.invoke(Plugin.java:64) ~[mybatis-3.5.7.jar:3.5.7]
	at com.sun.proxy.$Proxy147.query(Unknown Source) ~[?:?]
	at org.apache.ibatis.executor.SimpleExecutor.doQuery(SimpleExecutor.java:63) ~[mybatis-3.5.7.jar:3.5.7]
	at org.apache.ibatis.executor.BaseExecutor.queryFromDatabase(BaseExecutor.java:325) ~[mybatis-3.5.7.jar:3.5.7]
	at org.apache.ibatis.executor.BaseExecutor.query(BaseExecutor.java:156) ~[mybatis-3.5.7.jar:3.5.7]
	at org.apache.ibatis.executor.CachingExecutor.query(CachingExecutor.java:109) ~[mybatis-3.5.7.jar:3.5.7]
	at com.baomidou.mybatisplus.extension.plugins.MybatisPlusInterceptor.intercept(MybatisPlusInterceptor.java:81) ~[mybatis-plus-extension-3.4.3.1.jar:3.4.3.1]
	at org.apache.ibatis.plugin.Plugin.invoke(Plugin.java:62) ~[mybatis-3.5.7.jar:3.5.7]
	at com.sun.proxy.$Proxy146.query(Unknown Source) ~[?:?]
	at org.apache.ibatis.session.defaults.DefaultSqlSession.selectList(DefaultSqlSession.java:151) ~[mybatis-3.5.7.jar:3.5.7]
	at org.apache.ibatis.session.defaults.DefaultSqlSession.selectList(DefaultSqlSession.java:145) ~[mybatis-3.5.7.jar:3.5.7]
	at org.apache.ibatis.session.defaults.DefaultSqlSession.selectList(DefaultSqlSession.java:140) ~[mybatis-3.5.7.jar:3.5.7]
	at sun.reflect.GeneratedMethodAccessor96.invoke(Unknown Source) ~[?:?]
	at sun.reflect.DelegatingMethodAccessorImpl.invoke(DelegatingMethodAccessorImpl.java:43) ~[?:1.8.0_461]
	at java.lang.reflect.Method.invoke(Method.java:498) ~[?:1.8.0_461]
	at org.mybatis.spring.SqlSessionTemplate$SqlSessionInterceptor.invoke(SqlSessionTemplate.java:427) ~[mybatis-spring-2.0.6.jar:2.0.6]
	... 72 more
2026-05-04 22:21:34.774 [http-nio-5000-exec-2] ERROR com.project.demo.exception.GlobalExceptionHandler - 运行时异常: 
org.springframework.jdbc.BadSqlGrammarException: 
### Error querying database.  Cause: java.sql.SQLSyntaxErrorException: You have an error in your SQL syntax; check the manual that corresponds to your MySQL server version for the right syntax to use near 'by create_time desc  limit 0 , 7' at line 1
### The error may exist in file [/home/yuan/Desktop/bishe-main/target/classes/mapper/BaseMapper.xml]
### The error may involve defaultParameterMap
### The error occurred while setting parameters
### SQL: select * from `registered_user` WHERE is_delete = 0order by create_time desc  limit 0 , 7
### Cause: java.sql.SQLSyntaxErrorException: You have an error in your SQL syntax; check the manual that corresponds to your MySQL server version for the right syntax to use near 'by create_time desc  limit 0 , 7' at line 1
; bad SQL grammar []; nested exception is java.sql.SQLSyntaxErrorException: You have an error in your SQL syntax; check the manual that corresponds to your MySQL server version for the right syntax to use near 'by create_time desc  limit 0 , 7' at line 1
	at org.springframework.jdbc.support.SQLErrorCodeSQLExceptionTranslator.doTranslate(SQLErrorCodeSQLExceptionTranslator.java:235) ~[spring-jdbc-5.2.4.RELEASE.jar:5.2.4.RELEASE]
	at org.springframework.jdbc.support.AbstractFallbackSQLExceptionTranslator.translate(AbstractFallbackSQLExceptionTranslator.java:72) ~[spring-jdbc-5.2.4.RELEASE.jar:5.2.4.RELEASE]
	at org.mybatis.spring.MyBatisExceptionTranslator.translateExceptionIfPossible(MyBatisExceptionTranslator.java:91) ~[mybatis-spring-2.0.6.jar:2.0.6]
	at org.mybatis.spring.SqlSessionTemplate$SqlSessionInterceptor.invoke(SqlSessionTemplate.java:441) ~[mybatis-spring-2.0.6.jar:2.0.6]
	at com.sun.proxy.$Proxy113.selectList(Unknown Source) ~[?:?]
	at org.mybatis.spring.SqlSessionTemplate.selectList(SqlSessionTemplate.java:224) ~[mybatis-spring-2.0.6.jar:2.0.6]
	at com.baomidou.mybatisplus.core.override.MybatisMapperMethod.executeForMany(MybatisMapperMethod.java:166) ~[mybatis-plus-core-3.4.3.1.jar:3.4.3.1]
	at com.baomidou.mybatisplus.core.override.MybatisMapperMethod.execute(MybatisMapperMethod.java:77) ~[mybatis-plus-core-3.4.3.1.jar:3.4.3.1]
	at com.baomidou.mybatisplus.core.override.MybatisMapperProxy$PlainMethodInvoker.invoke(MybatisMapperProxy.java:148) ~[mybatis-plus-core-3.4.3.1.jar:3.4.3.1]
	at com.baomidou.mybatisplus.core.override.MybatisMapperProxy.invoke(MybatisMapperProxy.java:89) ~[mybatis-plus-core-3.4.3.1.jar:3.4.3.1]
	at com.sun.proxy.$Proxy127.selectBaseList(Unknown Source) ~[?:?]
	at com.project.demo.service.base.BaseService.selectToPage(BaseService.java:77) ~[classes/:?]
	at com.project.demo.service.base.BaseService$$FastClassBySpringCGLIB$$504c7e9.invoke(<generated>) ~[classes/:?]
	at org.springframework.cglib.proxy.MethodProxy.invoke(MethodProxy.java:218) ~[spring-core-5.2.4.RELEASE.jar:5.2.4.RELEASE]
	at org.springframework.aop.framework.CglibAopProxy$CglibMethodInvocation.invokeJoinpoint(CglibAopProxy.java:769) ~[spring-aop-5.2.4.RELEASE.jar:5.2.4.RELEASE]
	at org.springframework.aop.framework.ReflectiveMethodInvocation.proceed(ReflectiveMethodInvocation.java:163) ~[spring-aop-5.2.4.RELEASE.jar:5.2.4.RELEASE]
	at org.springframework.aop.framework.CglibAopProxy$CglibMethodInvocation.proceed(CglibAopProxy.java:747) ~[spring-aop-5.2.4.RELEASE.jar:5.2.4.RELEASE]
	at org.springframework.aop.interceptor.ExposeInvocationInterceptor.invoke(ExposeInvocationInterceptor.java:95) ~[spring-aop-5.2.4.RELEASE.jar:5.2.4.RELEASE]
	at org.springframework.aop.framework.ReflectiveMethodInvocation.proceed(ReflectiveMethodInvocation.java:186) ~[spring-aop-5.2.4.RELEASE.jar:5.2.4.RELEASE]
	at org.springframework.aop.framework.CglibAopProxy$CglibMethodInvocation.proceed(CglibAopProxy.java:747) ~[spring-aop-5.2.4.RELEASE.jar:5.2.4.RELEASE]
	at org.springframework.aop.framework.CglibAopProxy$DynamicAdvisedInterceptor.intercept(CglibAopProxy.java:689) ~[spring-aop-5.2.4.RELEASE.jar:5.2.4.RELEASE]
	at com.project.demo.service.RegisteredUserService$$EnhancerBySpringCGLIB$$a7009c0b.selectToPage(<generated>) ~[classes/:?]
	at com.project.demo.controller.base.BaseController.getList(BaseController.java:76) ~[classes/:?]
	at com.project.demo.controller.base.BaseController$$FastClassBySpringCGLIB$$72c28101.invoke(<generated>) ~[classes/:?]
	at org.springframework.cglib.proxy.MethodProxy.invoke(MethodProxy.java:218) ~[spring-core-5.2.4.RELEASE.jar:5.2.4.RELEASE]
	at org.springframework.aop.framework.CglibAopProxy$DynamicAdvisedInterceptor.intercept(CglibAopProxy.java:685) ~[spring-aop-5.2.4.RELEASE.jar:5.2.4.RELEASE]
	at com.project.demo.controller.RegisteredUserController$$EnhancerBySpringCGLIB$$51add81f.getList(<generated>) ~[classes/:?]
	at sun.reflect.GeneratedMethodAccessor99.invoke(Unknown Source) ~[?:?]
	at sun.reflect.DelegatingMethodAccessorImpl.invoke(DelegatingMethodAccessorImpl.java:43) ~[?:1.8.0_461]
	at java.lang.reflect.Method.invoke(Method.java:498) ~[?:1.8.0_461]
	at org.springframework.web.method.support.InvocableHandlerMethod.doInvoke(InvocableHandlerMethod.java:190) ~[spring-web-5.2.4.RELEASE.jar:5.2.4.RELEASE]
	at org.springframework.web.method.support.InvocableHandlerMethod.invokeForRequest(InvocableHandlerMethod.java:138) ~[spring-web-5.2.4.RELEASE.jar:5.2.4.RELEASE]
	at org.springframework.web.servlet.mvc.method.annotation.ServletInvocableHandlerMethod.invokeAndHandle(ServletInvocableHandlerMethod.java:106) ~[spring-webmvc-5.2.4.RELEASE.jar:5.2.4.RELEASE]
	at org.springframework.web.servlet.mvc.method.annotation.RequestMappingHandlerAdapter.invokeHandlerMethod(RequestMappingHandlerAdapter.java:879) ~[spring-webmvc-5.2.4.RELEASE.jar:5.2.4.RELEASE]
	at org.springframework.web.servlet.mvc.method.annotation.RequestMappingHandlerAdapter.handleInternal(RequestMappingHandlerAdapter.java:793) ~[spring-webmvc-5.2.4.RELEASE.jar:5.2.4.RELEASE]
	at org.springframework.web.servlet.mvc.method.AbstractHandlerMethodAdapter.handle(AbstractHandlerMethodAdapter.java:87) ~[spring-webmvc-5.2.4.RELEASE.jar:5.2.4.RELEASE]
	at org.springframework.web.servlet.DispatcherServlet.doDispatch(DispatcherServlet.java:1040) [spring-webmvc-5.2.4.RELEASE.jar:5.2.4.RELEASE]
	at org.springframework.web.servlet.DispatcherServlet.doService(DispatcherServlet.java:943) [spring-webmvc-5.2.4.RELEASE.jar:5.2.4.RELEASE]
	at org.springframework.web.servlet.FrameworkServlet.processRequest(FrameworkServlet.java:1006) [spring-webmvc-5.2.4.RELEASE.jar:5.2.4.RELEASE]
	at org.springframework.web.servlet.FrameworkServlet.doGet(FrameworkServlet.java:898) [spring-webmvc-5.2.4.RELEASE.jar:5.2.4.RELEASE]
	at javax.servlet.http.HttpServlet.service(HttpServlet.java:634) [tomcat-embed-core-9.0.31.jar:9.0.31]
	at org.springframework.web.servlet.FrameworkServlet.service(FrameworkServlet.java:883) [spring-webmvc-5.2.4.RELEASE.jar:5.2.4.RELEASE]
	at javax.servlet.http.HttpServlet.service(HttpServlet.java:741) [tomcat-embed-core-9.0.31.jar:9.0.31]
	at org.apache.catalina.core.ApplicationFilterChain.internalDoFilter(ApplicationFilterChain.java:231) [tomcat-embed-core-9.0.31.jar:9.0.31]
	at org.apache.catalina.core.ApplicationFilterChain.doFilter(ApplicationFilterChain.java:166) [tomcat-embed-core-9.0.31.jar:9.0.31]
	at org.apache.tomcat.websocket.server.WsFilter.doFilter(WsFilter.java:53) [tomcat-embed-websocket-9.0.31.jar:9.0.31]
	at org.apache.catalina.core.ApplicationFilterChain.internalDoFilter(ApplicationFilterChain.java:193) [tomcat-embed-core-9.0.31.jar:9.0.31]
	at org.apache.catalina.core.ApplicationFilterChain.doFilter(ApplicationFilterChain.java:166) [tomcat-embed-core-9.0.31.jar:9.0.31]
	at org.springframework.web.filter.RequestContextFilter.doFilterInternal(RequestContextFilter.java:100) [spring-web-5.2.4.RELEASE.jar:5.2.4.RELEASE]
	at org.springframework.web.filter.OncePerRequestFilter.doFilter(OncePerRequestFilter.java:119) [spring-web-5.2.4.RELEASE.jar:5.2.4.RELEASE]
	at org.apache.catalina.core.ApplicationFilterChain.internalDoFilter(ApplicationFilterChain.java:193) [tomcat-embed-core-9.0.31.jar:9.0.31]
	at org.apache.catalina.core.ApplicationFilterChain.doFilter(ApplicationFilterChain.java:166) [tomcat-embed-core-9.0.31.jar:9.0.31]
	at org.springframework.web.filter.FormContentFilter.doFilterInternal(FormContentFilter.java:93) [spring-web-5.2.4.RELEASE.jar:5.2.4.RELEASE]
	at org.springframework.web.filter.OncePerRequestFilter.doFilter(OncePerRequestFilter.java:119) [spring-web-5.2.4.RELEASE.jar:5.2.4.RELEASE]
	at org.apache.catalina.core.ApplicationFilterChain.internalDoFilter(ApplicationFilterChain.java:193) [tomcat-embed-core-9.0.31.jar:9.0.31]
	at org.apache.catalina.core.ApplicationFilterChain.doFilter(ApplicationFilterChain.java:166) [tomcat-embed-core-9.0.31.jar:9.0.31]
	at org.springframework.web.filter.CharacterEncodingFilter.doFilterInternal(CharacterEncodingFilter.java:201) [spring-web-5.2.4.RELEASE.jar:5.2.4.RELEASE]
	at org.springframework.web.filter.OncePerRequestFilter.doFilter(OncePerRequestFilter.java:119) [spring-web-5.2.4.RELEASE.jar:5.2.4.RELEASE]
	at org.apache.catalina.core.ApplicationFilterChain.internalDoFilter(ApplicationFilterChain.java:193) [tomcat-embed-core-9.0.31.jar:9.0.31]
	at org.apache.catalina.core.ApplicationFilterChain.doFilter(ApplicationFilterChain.java:166) [tomcat-embed-core-9.0.31.jar:9.0.31]
	at org.apache.catalina.core.StandardWrapperValve.invoke(StandardWrapperValve.java:202) [tomcat-embed-core-9.0.31.jar:9.0.31]
	at org.apache.catalina.core.StandardContextValve.invoke(StandardContextValve.java:96) [tomcat-embed-core-9.0.31.jar:9.0.31]
	at org.apache.catalina.authenticator.AuthenticatorBase.invoke(AuthenticatorBase.java:541) [tomcat-embed-core-9.0.31.jar:9.0.31]
	at org.apache.catalina.core.StandardHostValve.invoke(StandardHostValve.java:139) [tomcat-embed-core-9.0.31.jar:9.0.31]
	at org.apache.catalina.valves.ErrorReportValve.invoke(ErrorReportValve.java:92) [tomcat-embed-core-9.0.31.jar:9.0.31]
	at org.apache.catalina.core.StandardEngineValve.invoke(StandardEngineValve.java:74) [tomcat-embed-core-9.0.31.jar:9.0.31]
	at org.apache.catalina.connector.CoyoteAdapter.service(CoyoteAdapter.java:343) [tomcat-embed-core-9.0.31.jar:9.0.31]
	at org.apache.coyote.http11.Http11Processor.service(Http11Processor.java:367) [tomcat-embed-core-9.0.31.jar:9.0.31]
	at org.apache.coyote.AbstractProcessorLight.process(AbstractProcessorLight.java:65) [tomcat-embed-core-9.0.31.jar:9.0.31]
	at org.apache.coyote.AbstractProtocol$ConnectionHandler.process(AbstractProtocol.java:868) [tomcat-embed-core-9.0.31.jar:9.0.31]
	at org.apache.tomcat.util.net.NioEndpoint$SocketProcessor.doRun(NioEndpoint.java:1639) [tomcat-embed-core-9.0.31.jar:9.0.31]
	at org.apache.tomcat.util.net.SocketProcessorBase.run(SocketProcessorBase.java:49) [tomcat-embed-core-9.0.31.jar:9.0.31]
	at java.util.concurrent.ThreadPoolExecutor.runWorker(ThreadPoolExecutor.java:1149) [?:1.8.0_461]
	at java.util.concurrent.ThreadPoolExecutor$Worker.run(ThreadPoolExecutor.java:624) [?:1.8.0_461]
	at org.apache.tomcat.util.threads.TaskThread$WrappingRunnable.run(TaskThread.java:61) [tomcat-embed-core-9.0.31.jar:9.0.31]
	at java.lang.Thread.run(Thread.java:750) [?:1.8.0_461]
Caused by: java.sql.SQLSyntaxErrorException: You have an error in your SQL syntax; check the manual that corresponds to your MySQL server version for the right syntax to use near 'by create_time desc  limit 0 , 7' at line 1
	at com.mysql.cj.jdbc.exceptions.SQLError.createSQLException(SQLError.java:118) ~[mysql-connector-java-8.0.11.jar:8.0.11]
	at com.mysql.cj.jdbc.exceptions.SQLError.createSQLException(SQLError.java:95) ~[mysql-connector-java-8.0.11.jar:8.0.11]
	at com.mysql.cj.jdbc.exceptions.SQLExceptionsMapping.translateException(SQLExceptionsMapping.java:122) ~[mysql-connector-java-8.0.11.jar:8.0.11]
	at com.mysql.cj.jdbc.ClientPreparedStatement.executeInternal(ClientPreparedStatement.java:960) ~[mysql-connector-java-8.0.11.jar:8.0.11]
	at com.mysql.cj.jdbc.ClientPreparedStatement.execute(ClientPreparedStatement.java:388) ~[mysql-connector-java-8.0.11.jar:8.0.11]
	at com.alibaba.druid.pool.DruidPooledPreparedStatement.execute(DruidPooledPreparedStatement.java:497) ~[druid-1.2.8.jar:1.2.8]
	at sun.reflect.GeneratedMethodAccessor81.invoke(Unknown Source) ~[?:?]
	at sun.reflect.DelegatingMethodAccessorImpl.invoke(DelegatingMethodAccessorImpl.java:43) ~[?:1.8.0_461]
	at java.lang.reflect.Method.invoke(Method.java:498) ~[?:1.8.0_461]
	at org.apache.ibatis.logging.jdbc.PreparedStatementLogger.invoke(PreparedStatementLogger.java:59) ~[mybatis-3.5.7.jar:3.5.7]
	at com.sun.proxy.$Proxy150.execute(Unknown Source) ~[?:?]
	at org.apache.ibatis.executor.statement.PreparedStatementHandler.query(PreparedStatementHandler.java:64) ~[mybatis-3.5.7.jar:3.5.7]
	at org.apache.ibatis.executor.statement.RoutingStatementHandler.query(RoutingStatementHandler.java:79) ~[mybatis-3.5.7.jar:3.5.7]
	at sun.reflect.GeneratedMethodAccessor83.invoke(Unknown Source) ~[?:?]
	at sun.reflect.DelegatingMethodAccessorImpl.invoke(DelegatingMethodAccessorImpl.java:43) ~[?:1.8.0_461]
	at java.lang.reflect.Method.invoke(Method.java:498) ~[?:1.8.0_461]
	at org.apache.ibatis.plugin.Plugin.invoke(Plugin.java:64) ~[mybatis-3.5.7.jar:3.5.7]
	at com.sun.proxy.$Proxy147.query(Unknown Source) ~[?:?]
	at org.apache.ibatis.executor.SimpleExecutor.doQuery(SimpleExecutor.java:63) ~[mybatis-3.5.7.jar:3.5.7]
	at org.apache.ibatis.executor.BaseExecutor.queryFromDatabase(BaseExecutor.java:325) ~[mybatis-3.5.7.jar:3.5.7]
	at org.apache.ibatis.executor.BaseExecutor.query(BaseExecutor.java:156) ~[mybatis-3.5.7.jar:3.5.7]
	at org.apache.ibatis.executor.CachingExecutor.query(CachingExecutor.java:109) ~[mybatis-3.5.7.jar:3.5.7]
	at com.baomidou.mybatisplus.extension.plugins.MybatisPlusInterceptor.intercept(MybatisPlusInterceptor.java:81) ~[mybatis-plus-extension-3.4.3.1.jar:3.4.3.1]
	at org.apache.ibatis.plugin.Plugin.invoke(Plugin.java:62) ~[mybatis-3.5.7.jar:3.5.7]
	at com.sun.proxy.$Proxy146.query(Unknown Source) ~[?:?]
	at org.apache.ibatis.session.defaults.DefaultSqlSession.selectList(DefaultSqlSession.java:151) ~[mybatis-3.5.7.jar:3.5.7]
	at org.apache.ibatis.session.defaults.DefaultSqlSession.selectList(DefaultSqlSession.java:145) ~[mybatis-3.5.7.jar:3.5.7]
	at org.apache.ibatis.session.defaults.DefaultSqlSession.selectList(DefaultSqlSession.java:140) ~[mybatis-3.5.7.jar:3.5.7]
	at sun.reflect.GeneratedMethodAccessor96.invoke(Unknown Source) ~[?:?]
	at sun.reflect.DelegatingMethodAccessorImpl.invoke(DelegatingMethodAccessorImpl.java:43) ~[?:1.8.0_461]
	at java.lang.reflect.Method.invoke(Method.java:498) ~[?:1.8.0_461]
	at org.mybatis.spring.SqlSessionTemplate$SqlSessionInterceptor.invoke(SqlSessionTemplate.java:427) ~[mybatis-spring-2.0.6.jar:2.0.6]
	... 72 more
2026-05-04 22:21:39.078 [http-nio-5000-exec-4] ERROR com.project.demo.exception.GlobalExceptionHandler - 运行时异常: 
org.springframework.jdbc.BadSqlGrammarException: 
### Error querying database.  Cause: java.sql.SQLSyntaxErrorException: You have an error in your SQL syntax; check the manual that corresponds to your MySQL server version for the right syntax to use near 'by create_time desc  limit 0 , 10' at line 1
### The error may exist in file [/home/yuan/Desktop/bishe-main/target/classes/mapper/BaseMapper.xml]
### The error may involve defaultParameterMap
### The error occurred while setting parameters
### SQL: select * from `user` WHERE `user_group` LIKE '%管理员%'  AND is_delete = 0order by create_time desc  limit 0 , 10
### Cause: java.sql.SQLSyntaxErrorException: You have an error in your SQL syntax; check the manual that corresponds to your MySQL server version for the right syntax to use near 'by create_time desc  limit 0 , 10' at line 1
; bad SQL grammar []; nested exception is java.sql.SQLSyntaxErrorException: You have an error in your SQL syntax; check the manual that corresponds to your MySQL server version for the right syntax to use near 'by create_time desc  limit 0 , 10' at line 1
	at org.springframework.jdbc.support.SQLErrorCodeSQLExceptionTranslator.doTranslate(SQLErrorCodeSQLExceptionTranslator.java:235) ~[spring-jdbc-5.2.4.RELEASE.jar:5.2.4.RELEASE]
	at org.springframework.jdbc.support.AbstractFallbackSQLExceptionTranslator.translate(AbstractFallbackSQLExceptionTranslator.java:72) ~[spring-jdbc-5.2.4.RELEASE.jar:5.2.4.RELEASE]
	at org.mybatis.spring.MyBatisExceptionTranslator.translateExceptionIfPossible(MyBatisExceptionTranslator.java:91) ~[mybatis-spring-2.0.6.jar:2.0.6]
	at org.mybatis.spring.SqlSessionTemplate$SqlSessionInterceptor.invoke(SqlSessionTemplate.java:441) ~[mybatis-spring-2.0.6.jar:2.0.6]
	at com.sun.proxy.$Proxy113.selectList(Unknown Source) ~[?:?]
	at org.mybatis.spring.SqlSessionTemplate.selectList(SqlSessionTemplate.java:224) ~[mybatis-spring-2.0.6.jar:2.0.6]
	at com.baomidou.mybatisplus.core.override.MybatisMapperMethod.executeForMany(MybatisMapperMethod.java:166) ~[mybatis-plus-core-3.4.3.1.jar:3.4.3.1]
	at com.baomidou.mybatisplus.core.override.MybatisMapperMethod.execute(MybatisMapperMethod.java:77) ~[mybatis-plus-core-3.4.3.1.jar:3.4.3.1]
	at com.baomidou.mybatisplus.core.override.MybatisMapperProxy$PlainMethodInvoker.invoke(MybatisMapperProxy.java:148) ~[mybatis-plus-core-3.4.3.1.jar:3.4.3.1]
	at com.baomidou.mybatisplus.core.override.MybatisMapperProxy.invoke(MybatisMapperProxy.java:89) ~[mybatis-plus-core-3.4.3.1.jar:3.4.3.1]
	at com.sun.proxy.$Proxy131.selectBaseList(Unknown Source) ~[?:?]
	at com.project.demo.service.base.BaseService.selectToPage(BaseService.java:77) ~[classes/:?]
	at com.project.demo.service.base.BaseService$$FastClassBySpringCGLIB$$504c7e9.invoke(<generated>) ~[classes/:?]
	at org.springframework.cglib.proxy.MethodProxy.invoke(MethodProxy.java:218) ~[spring-core-5.2.4.RELEASE.jar:5.2.4.RELEASE]
	at org.springframework.aop.framework.CglibAopProxy$CglibMethodInvocation.invokeJoinpoint(CglibAopProxy.java:769) ~[spring-aop-5.2.4.RELEASE.jar:5.2.4.RELEASE]
	at org.springframework.aop.framework.ReflectiveMethodInvocation.proceed(ReflectiveMethodInvocation.java:163) ~[spring-aop-5.2.4.RELEASE.jar:5.2.4.RELEASE]
	at org.springframework.aop.framework.CglibAopProxy$CglibMethodInvocation.proceed(CglibAopProxy.java:747) ~[spring-aop-5.2.4.RELEASE.jar:5.2.4.RELEASE]
	at org.springframework.aop.interceptor.ExposeInvocationInterceptor.invoke(ExposeInvocationInterceptor.java:95) ~[spring-aop-5.2.4.RELEASE.jar:5.2.4.RELEASE]
	at org.springframework.aop.framework.ReflectiveMethodInvocation.proceed(ReflectiveMethodInvocation.java:186) ~[spring-aop-5.2.4.RELEASE.jar:5.2.4.RELEASE]
	at org.springframework.aop.framework.CglibAopProxy$CglibMethodInvocation.proceed(CglibAopProxy.java:747) ~[spring-aop-5.2.4.RELEASE.jar:5.2.4.RELEASE]
	at org.springframework.aop.framework.CglibAopProxy$DynamicAdvisedInterceptor.intercept(CglibAopProxy.java:689) ~[spring-aop-5.2.4.RELEASE.jar:5.2.4.RELEASE]
	at com.project.demo.service.UserService$$EnhancerBySpringCGLIB$$a5130571.selectToPage(<generated>) ~[classes/:?]
	at com.project.demo.controller.base.BaseController.getList(BaseController.java:76) ~[classes/:?]
	at com.project.demo.controller.base.BaseController$$FastClassBySpringCGLIB$$72c28101.invoke(<generated>) ~[classes/:?]
	at org.springframework.cglib.proxy.MethodProxy.invoke(MethodProxy.java:218) ~[spring-core-5.2.4.RELEASE.jar:5.2.4.RELEASE]
	at org.springframework.aop.framework.CglibAopProxy$DynamicAdvisedInterceptor.intercept(CglibAopProxy.java:685) ~[spring-aop-5.2.4.RELEASE.jar:5.2.4.RELEASE]
	at com.project.demo.controller.UserController$$EnhancerBySpringCGLIB$$64902b39.getList(<generated>) ~[classes/:?]
	at sun.reflect.GeneratedMethodAccessor99.invoke(Unknown Source) ~[?:?]
	at sun.reflect.DelegatingMethodAccessorImpl.invoke(DelegatingMethodAccessorImpl.java:43) ~[?:1.8.0_461]
	at java.lang.reflect.Method.invoke(Method.java:498) ~[?:1.8.0_461]
	at org.springframework.web.method.support.InvocableHandlerMethod.doInvoke(InvocableHandlerMethod.java:190) ~[spring-web-5.2.4.RELEASE.jar:5.2.4.RELEASE]
	at org.springframework.web.method.support.InvocableHandlerMethod.invokeForRequest(InvocableHandlerMethod.java:138) ~[spring-web-5.2.4.RELEASE.jar:5.2.4.RELEASE]
	at org.springframework.web.servlet.mvc.method.annotation.ServletInvocableHandlerMethod.invokeAndHandle(ServletInvocableHandlerMethod.java:106) ~[spring-webmvc-5.2.4.RELEASE.jar:5.2.4.RELEASE]
	at org.springframework.web.servlet.mvc.method.annotation.RequestMappingHandlerAdapter.invokeHandlerMethod(RequestMappingHandlerAdapter.java:879) ~[spring-webmvc-5.2.4.RELEASE.jar:5.2.4.RELEASE]
	at org.springframework.web.servlet.mvc.method.annotation.RequestMappingHandlerAdapter.handleInternal(RequestMappingHandlerAdapter.java:793) ~[spring-webmvc-5.2.4.RELEASE.jar:5.2.4.RELEASE]
	at org.springframework.web.servlet.mvc.method.AbstractHandlerMethodAdapter.handle(AbstractHandlerMethodAdapter.java:87) ~[spring-webmvc-5.2.4.RELEASE.jar:5.2.4.RELEASE]
	at org.springframework.web.servlet.DispatcherServlet.doDispatch(DispatcherServlet.java:1040) [spring-webmvc-5.2.4.RELEASE.jar:5.2.4.RELEASE]
	at org.springframework.web.servlet.DispatcherServlet.doService(DispatcherServlet.java:943) [spring-webmvc-5.2.4.RELEASE.jar:5.2.4.RELEASE]
	at org.springframework.web.servlet.FrameworkServlet.processRequest(FrameworkServlet.java:1006) [spring-webmvc-5.2.4.RELEASE.jar:5.2.4.RELEASE]
	at org.springframework.web.servlet.FrameworkServlet.doGet(FrameworkServlet.java:898) [spring-webmvc-5.2.4.RELEASE.jar:5.2.4.RELEASE]
	at javax.servlet.http.HttpServlet.service(HttpServlet.java:634) [tomcat-embed-core-9.0.31.jar:9.0.31]
	at org.springframework.web.servlet.FrameworkServlet.service(FrameworkServlet.java:883) [spring-webmvc-5.2.4.RELEASE.jar:5.2.4.RELEASE]
	at javax.servlet.http.HttpServlet.service(HttpServlet.java:741) [tomcat-embed-core-9.0.31.jar:9.0.31]
	at org.apache.catalina.core.ApplicationFilterChain.internalDoFilter(ApplicationFilterChain.java:231) [tomcat-embed-core-9.0.31.jar:9.0.31]
	at org.apache.catalina.core.ApplicationFilterChain.doFilter(ApplicationFilterChain.java:166) [tomcat-embed-core-9.0.31.jar:9.0.31]
	at org.apache.tomcat.websocket.server.WsFilter.doFilter(WsFilter.java:53) [tomcat-embed-websocket-9.0.31.jar:9.0.31]
	at org.apache.catalina.core.ApplicationFilterChain.internalDoFilter(ApplicationFilterChain.java:193) [tomcat-embed-core-9.0.31.jar:9.0.31]
	at org.apache.catalina.core.ApplicationFilterChain.doFilter(ApplicationFilterChain.java:166) [tomcat-embed-core-9.0.31.jar:9.0.31]
	at org.springframework.web.filter.RequestContextFilter.doFilterInternal(RequestContextFilter.java:100) [spring-web-5.2.4.RELEASE.jar:5.2.4.RELEASE]
	at org.springframework.web.filter.OncePerRequestFilter.doFilter(OncePerRequestFilter.java:119) [spring-web-5.2.4.RELEASE.jar:5.2.4.RELEASE]
	at org.apache.catalina.core.ApplicationFilterChain.internalDoFilter(ApplicationFilterChain.java:193) [tomcat-embed-core-9.0.31.jar:9.0.31]
	at org.apache.catalina.core.ApplicationFilterChain.doFilter(ApplicationFilterChain.java:166) [tomcat-embed-core-9.0.31.jar:9.0.31]
	at org.springframework.web.filter.FormContentFilter.doFilterInternal(FormContentFilter.java:93) [spring-web-5.2.4.RELEASE.jar:5.2.4.RELEASE]
	at org.springframework.web.filter.OncePerRequestFilter.doFilter(OncePerRequestFilter.java:119) [spring-web-5.2.4.RELEASE.jar:5.2.4.RELEASE]
	at org.apache.catalina.core.ApplicationFilterChain.internalDoFilter(ApplicationFilterChain.java:193) [tomcat-embed-core-9.0.31.jar:9.0.31]
	at org.apache.catalina.core.ApplicationFilterChain.doFilter(ApplicationFilterChain.java:166) [tomcat-embed-core-9.0.31.jar:9.0.31]
	at org.springframework.web.filter.CharacterEncodingFilter.doFilterInternal(CharacterEncodingFilter.java:201) [spring-web-5.2.4.RELEASE.jar:5.2.4.RELEASE]
	at org.springframework.web.filter.OncePerRequestFilter.doFilter(OncePerRequestFilter.java:119) [spring-web-5.2.4.RELEASE.jar:5.2.4.RELEASE]
	at org.apache.catalina.core.ApplicationFilterChain.internalDoFilter(ApplicationFilterChain.java:193) [tomcat-embed-core-9.0.31.jar:9.0.31]
	at org.apache.catalina.core.ApplicationFilterChain.doFilter(ApplicationFilterChain.java:166) [tomcat-embed-core-9.0.31.jar:9.0.31]
	at org.apache.catalina.core.StandardWrapperValve.invoke(StandardWrapperValve.java:202) [tomcat-embed-core-9.0.31.jar:9.0.31]
	at org.apache.catalina.core.StandardContextValve.invoke(StandardContextValve.java:96) [tomcat-embed-core-9.0.31.jar:9.0.31]
	at org.apache.catalina.authenticator.AuthenticatorBase.invoke(AuthenticatorBase.java:541) [tomcat-embed-core-9.0.31.jar:9.0.31]
	at org.apache.catalina.core.StandardHostValve.invoke(StandardHostValve.java:139) [tomcat-embed-core-9.0.31.jar:9.0.31]
	at org.apache.catalina.valves.ErrorReportValve.invoke(ErrorReportValve.java:92) [tomcat-embed-core-9.0.31.jar:9.0.31]
	at org.apache.catalina.core.StandardEngineValve.invoke(StandardEngineValve.java:74) [tomcat-embed-core-9.0.31.jar:9.0.31]
	at org.apache.catalina.connector.CoyoteAdapter.service(CoyoteAdapter.java:343) [tomcat-embed-core-9.0.31.jar:9.0.31]
	at org.apache.coyote.http11.Http11Processor.service(Http11Processor.java:367) [tomcat-embed-core-9.0.31.jar:9.0.31]
	at org.apache.coyote.AbstractProcessorLight.process(AbstractProcessorLight.java:65) [tomcat-embed-core-9.0.31.jar:9.0.31]
	at org.apache.coyote.AbstractProtocol$ConnectionHandler.process(AbstractProtocol.java:868) [tomcat-embed-core-9.0.31.jar:9.0.31]
	at org.apache.tomcat.util.net.NioEndpoint$SocketProcessor.doRun(NioEndpoint.java:1639) [tomcat-embed-core-9.0.31.jar:9.0.31]
	at org.apache.tomcat.util.net.SocketProcessorBase.run(SocketProcessorBase.java:49) [tomcat-embed-core-9.0.31.jar:9.0.31]
	at java.util.concurrent.ThreadPoolExecutor.runWorker(ThreadPoolExecutor.java:1149) [?:1.8.0_461]
	at java.util.concurrent.ThreadPoolExecutor$Worker.run(ThreadPoolExecutor.java:624) [?:1.8.0_461]
	at org.apache.tomcat.util.threads.TaskThread$WrappingRunnable.run(TaskThread.java:61) [tomcat-embed-core-9.0.31.jar:9.0.31]
	at java.lang.Thread.run(Thread.java:750) [?:1.8.0_461]
Caused by: java.sql.SQLSyntaxErrorException: You have an error in your SQL syntax; check the manual that corresponds to your MySQL server version for the right syntax to use near 'by create_time desc  limit 0 , 10' at line 1
	at com.mysql.cj.jdbc.exceptions.SQLError.createSQLException(SQLError.java:118) ~[mysql-connector-java-8.0.11.jar:8.0.11]
	at com.mysql.cj.jdbc.exceptions.SQLError.createSQLException(SQLError.java:95) ~[mysql-connector-java-8.0.11.jar:8.0.11]
	at com.mysql.cj.jdbc.exceptions.SQLExceptionsMapping.translateException(SQLExceptionsMapping.java:122) ~[mysql-connector-java-8.0.11.jar:8.0.11]
	at com.mysql.cj.jdbc.ClientPreparedStatement.executeInternal(ClientPreparedStatement.java:960) ~[mysql-connector-java-8.0.11.jar:8.0.11]
	at com.mysql.cj.jdbc.ClientPreparedStatement.execute(ClientPreparedStatement.java:388) ~[mysql-connector-java-8.0.11.jar:8.0.11]
	at com.alibaba.druid.pool.DruidPooledPreparedStatement.execute(DruidPooledPreparedStatement.java:497) ~[druid-1.2.8.jar:1.2.8]
	at sun.reflect.GeneratedMethodAccessor81.invoke(Unknown Source) ~[?:?]
	at sun.reflect.DelegatingMethodAccessorImpl.invoke(DelegatingMethodAccessorImpl.java:43) ~[?:1.8.0_461]
	at java.lang.reflect.Method.invoke(Method.java:498) ~[?:1.8.0_461]
	at org.apache.ibatis.logging.jdbc.PreparedStatementLogger.invoke(PreparedStatementLogger.java:59) ~[mybatis-3.5.7.jar:3.5.7]
	at com.sun.proxy.$Proxy150.execute(Unknown Source) ~[?:?]
	at org.apache.ibatis.executor.statement.PreparedStatementHandler.query(PreparedStatementHandler.java:64) ~[mybatis-3.5.7.jar:3.5.7]
	at org.apache.ibatis.executor.statement.RoutingStatementHandler.query(RoutingStatementHandler.java:79) ~[mybatis-3.5.7.jar:3.5.7]
	at sun.reflect.GeneratedMethodAccessor83.invoke(Unknown Source) ~[?:?]
	at sun.reflect.DelegatingMethodAccessorImpl.invoke(DelegatingMethodAccessorImpl.java:43) ~[?:1.8.0_461]
	at java.lang.reflect.Method.invoke(Method.java:498) ~[?:1.8.0_461]
	at org.apache.ibatis.plugin.Plugin.invoke(Plugin.java:64) ~[mybatis-3.5.7.jar:3.5.7]
	at com.sun.proxy.$Proxy147.query(Unknown Source) ~[?:?]
	at org.apache.ibatis.executor.SimpleExecutor.doQuery(SimpleExecutor.java:63) ~[mybatis-3.5.7.jar:3.5.7]
	at org.apache.ibatis.executor.BaseExecutor.queryFromDatabase(BaseExecutor.java:325) ~[mybatis-3.5.7.jar:3.5.7]
	at org.apache.ibatis.executor.BaseExecutor.query(BaseExecutor.java:156) ~[mybatis-3.5.7.jar:3.5.7]
	at org.apache.ibatis.executor.CachingExecutor.query(CachingExecutor.java:109) ~[mybatis-3.5.7.jar:3.5.7]
	at com.baomidou.mybatisplus.extension.plugins.MybatisPlusInterceptor.intercept(MybatisPlusInterceptor.java:81) ~[mybatis-plus-extension-3.4.3.1.jar:3.4.3.1]
	at org.apache.ibatis.plugin.Plugin.invoke(Plugin.java:62) ~[mybatis-3.5.7.jar:3.5.7]
	at com.sun.proxy.$Proxy146.query(Unknown Source) ~[?:?]
	at org.apache.ibatis.session.defaults.DefaultSqlSession.selectList(DefaultSqlSession.java:151) ~[mybatis-3.5.7.jar:3.5.7]
	at org.apache.ibatis.session.defaults.DefaultSqlSession.selectList(DefaultSqlSession.java:145) ~[mybatis-3.5.7.jar:3.5.7]
	at org.apache.ibatis.session.defaults.DefaultSqlSession.selectList(DefaultSqlSession.java:140) ~[mybatis-3.5.7.jar:3.5.7]
	at sun.reflect.GeneratedMethodAccessor96.invoke(Unknown Source) ~[?:?]
	at sun.reflect.DelegatingMethodAccessorImpl.invoke(DelegatingMethodAccessorImpl.java:43) ~[?:1.8.0_461]
	at java.lang.reflect.Method.invoke(Method.java:498) ~[?:1.8.0_461]
	at org.mybatis.spring.SqlSessionTemplate$SqlSessionInterceptor.invoke(SqlSessionTemplate.java:427) ~[mybatis-spring-2.0.6.jar:2.0.6]
	... 72 more
2026-05-04 22:21:39.780 [http-nio-5000-exec-7] ERROR com.project.demo.exception.GlobalExceptionHandler - 运行时异常: 
org.springframework.jdbc.BadSqlGrammarException: 
### Error querying database.  Cause: java.sql.SQLSyntaxErrorException: You have an error in your SQL syntax; check the manual that corresponds to your MySQL server version for the right syntax to use near 'by create_time desc  limit 0 , 7' at line 1
### The error may exist in file [/home/yuan/Desktop/bishe-main/target/classes/mapper/BaseMapper.xml]
### The error may involve defaultParameterMap
### The error occurred while setting parameters
### SQL: select * from `registered_user` WHERE is_delete = 0order by create_time desc  limit 0 , 7
### Cause: java.sql.SQLSyntaxErrorException: You have an error in your SQL syntax; check the manual that corresponds to your MySQL server version for the right syntax to use near 'by create_time desc  limit 0 , 7' at line 1
; bad SQL grammar []; nested exception is java.sql.SQLSyntaxErrorException: You have an error in your SQL syntax; check the manual that corresponds to your MySQL server version for the right syntax to use near 'by create_time desc  limit 0 , 7' at line 1
	at org.springframework.jdbc.support.SQLErrorCodeSQLExceptionTranslator.doTranslate(SQLErrorCodeSQLExceptionTranslator.java:235) ~[spring-jdbc-5.2.4.RELEASE.jar:5.2.4.RELEASE]
	at org.springframework.jdbc.support.AbstractFallbackSQLExceptionTranslator.translate(AbstractFallbackSQLExceptionTranslator.java:72) ~[spring-jdbc-5.2.4.RELEASE.jar:5.2.4.RELEASE]
	at org.mybatis.spring.MyBatisExceptionTranslator.translateExceptionIfPossible(MyBatisExceptionTranslator.java:91) ~[mybatis-spring-2.0.6.jar:2.0.6]
	at org.mybatis.spring.SqlSessionTemplate$SqlSessionInterceptor.invoke(SqlSessionTemplate.java:441) ~[mybatis-spring-2.0.6.jar:2.0.6]
	at com.sun.proxy.$Proxy113.selectList(Unknown Source) ~[?:?]
	at org.mybatis.spring.SqlSessionTemplate.selectList(SqlSessionTemplate.java:224) ~[mybatis-spring-2.0.6.jar:2.0.6]
	at com.baomidou.mybatisplus.core.override.MybatisMapperMethod.executeForMany(MybatisMapperMethod.java:166) ~[mybatis-plus-core-3.4.3.1.jar:3.4.3.1]
	at com.baomidou.mybatisplus.core.override.MybatisMapperMethod.execute(MybatisMapperMethod.java:77) ~[mybatis-plus-core-3.4.3.1.jar:3.4.3.1]
	at com.baomidou.mybatisplus.core.override.MybatisMapperProxy$PlainMethodInvoker.invoke(MybatisMapperProxy.java:148) ~[mybatis-plus-core-3.4.3.1.jar:3.4.3.1]
	at com.baomidou.mybatisplus.core.override.MybatisMapperProxy.invoke(MybatisMapperProxy.java:89) ~[mybatis-plus-core-3.4.3.1.jar:3.4.3.1]
	at com.sun.proxy.$Proxy127.selectBaseList(Unknown Source) ~[?:?]
	at com.project.demo.service.base.BaseService.selectToPage(BaseService.java:77) ~[classes/:?]
	at com.project.demo.service.base.BaseService$$FastClassBySpringCGLIB$$504c7e9.invoke(<generated>) ~[classes/:?]
	at org.springframework.cglib.proxy.MethodProxy.invoke(MethodProxy.java:218) ~[spring-core-5.2.4.RELEASE.jar:5.2.4.RELEASE]
	at org.springframework.aop.framework.CglibAopProxy$CglibMethodInvocation.invokeJoinpoint(CglibAopProxy.java:769) ~[spring-aop-5.2.4.RELEASE.jar:5.2.4.RELEASE]
	at org.springframework.aop.framework.ReflectiveMethodInvocation.proceed(ReflectiveMethodInvocation.java:163) ~[spring-aop-5.2.4.RELEASE.jar:5.2.4.RELEASE]
	at org.springframework.aop.framework.CglibAopProxy$CglibMethodInvocation.proceed(CglibAopProxy.java:747) ~[spring-aop-5.2.4.RELEASE.jar:5.2.4.RELEASE]
	at org.springframework.aop.interceptor.ExposeInvocationInterceptor.invoke(ExposeInvocationInterceptor.java:95) ~[spring-aop-5.2.4.RELEASE.jar:5.2.4.RELEASE]
	at org.springframework.aop.framework.ReflectiveMethodInvocation.proceed(ReflectiveMethodInvocation.java:186) ~[spring-aop-5.2.4.RELEASE.jar:5.2.4.RELEASE]
	at org.springframework.aop.framework.CglibAopProxy$CglibMethodInvocation.proceed(CglibAopProxy.java:747) ~[spring-aop-5.2.4.RELEASE.jar:5.2.4.RELEASE]
	at org.springframework.aop.framework.CglibAopProxy$DynamicAdvisedInterceptor.intercept(CglibAopProxy.java:689) ~[spring-aop-5.2.4.RELEASE.jar:5.2.4.RELEASE]
	at com.project.demo.service.RegisteredUserService$$EnhancerBySpringCGLIB$$a7009c0b.selectToPage(<generated>) ~[classes/:?]
	at com.project.demo.controller.base.BaseController.getList(BaseController.java:76) ~[classes/:?]
	at com.project.demo.controller.base.BaseController$$FastClassBySpringCGLIB$$72c28101.invoke(<generated>) ~[classes/:?]
	at org.springframework.cglib.proxy.MethodProxy.invoke(MethodProxy.java:218) ~[spring-core-5.2.4.RELEASE.jar:5.2.4.RELEASE]
	at org.springframework.aop.framework.CglibAopProxy$DynamicAdvisedInterceptor.intercept(CglibAopProxy.java:685) ~[spring-aop-5.2.4.RELEASE.jar:5.2.4.RELEASE]
	at com.project.demo.controller.RegisteredUserController$$EnhancerBySpringCGLIB$$51add81f.getList(<generated>) ~[classes/:?]
	at sun.reflect.GeneratedMethodAccessor99.invoke(Unknown Source) ~[?:?]
	at sun.reflect.DelegatingMethodAccessorImpl.invoke(DelegatingMethodAccessorImpl.java:43) ~[?:1.8.0_461]
	at java.lang.reflect.Method.invoke(Method.java:498) ~[?:1.8.0_461]
	at org.springframework.web.method.support.InvocableHandlerMethod.doInvoke(InvocableHandlerMethod.java:190) ~[spring-web-5.2.4.RELEASE.jar:5.2.4.RELEASE]
	at org.springframework.web.method.support.InvocableHandlerMethod.invokeForRequest(InvocableHandlerMethod.java:138) ~[spring-web-5.2.4.RELEASE.jar:5.2.4.RELEASE]
	at org.springframework.web.servlet.mvc.method.annotation.ServletInvocableHandlerMethod.invokeAndHandle(ServletInvocableHandlerMethod.java:106) ~[spring-webmvc-5.2.4.RELEASE.jar:5.2.4.RELEASE]
	at org.springframework.web.servlet.mvc.method.annotation.RequestMappingHandlerAdapter.invokeHandlerMethod(RequestMappingHandlerAdapter.java:879) ~[spring-webmvc-5.2.4.RELEASE.jar:5.2.4.RELEASE]
	at org.springframework.web.servlet.mvc.method.annotation.RequestMappingHandlerAdapter.handleInternal(RequestMappingHandlerAdapter.java:793) ~[spring-webmvc-5.2.4.RELEASE.jar:5.2.4.RELEASE]
	at org.springframework.web.servlet.mvc.method.AbstractHandlerMethodAdapter.handle(AbstractHandlerMethodAdapter.java:87) ~[spring-webmvc-5.2.4.RELEASE.jar:5.2.4.RELEASE]
	at org.springframework.web.servlet.DispatcherServlet.doDispatch(DispatcherServlet.java:1040) [spring-webmvc-5.2.4.RELEASE.jar:5.2.4.RELEASE]
	at org.springframework.web.servlet.DispatcherServlet.doService(DispatcherServlet.java:943) [spring-webmvc-5.2.4.RELEASE.jar:5.2.4.RELEASE]
	at org.springframework.web.servlet.FrameworkServlet.processRequest(FrameworkServlet.java:1006) [spring-webmvc-5.2.4.RELEASE.jar:5.2.4.RELEASE]
	at org.springframework.web.servlet.FrameworkServlet.doGet(FrameworkServlet.java:898) [spring-webmvc-5.2.4.RELEASE.jar:5.2.4.RELEASE]
	at javax.servlet.http.HttpServlet.service(HttpServlet.java:634) [tomcat-embed-core-9.0.31.jar:9.0.31]
	at org.springframework.web.servlet.FrameworkServlet.service(FrameworkServlet.java:883) [spring-webmvc-5.2.4.RELEASE.jar:5.2.4.RELEASE]
	at javax.servlet.http.HttpServlet.service(HttpServlet.java:741) [tomcat-embed-core-9.0.31.jar:9.0.31]
	at org.apache.catalina.core.ApplicationFilterChain.internalDoFilter(ApplicationFilterChain.java:231) [tomcat-embed-core-9.0.31.jar:9.0.31]
	at org.apache.catalina.core.ApplicationFilterChain.doFilter(ApplicationFilterChain.java:166) [tomcat-embed-core-9.0.31.jar:9.0.31]
	at org.apache.tomcat.websocket.server.WsFilter.doFilter(WsFilter.java:53) [tomcat-embed-websocket-9.0.31.jar:9.0.31]
	at org.apache.catalina.core.ApplicationFilterChain.internalDoFilter(ApplicationFilterChain.java:193) [tomcat-embed-core-9.0.31.jar:9.0.31]
	at org.apache.catalina.core.ApplicationFilterChain.doFilter(ApplicationFilterChain.java:166) [tomcat-embed-core-9.0.31.jar:9.0.31]
	at org.springframework.web.filter.RequestContextFilter.doFilterInternal(RequestContextFilter.java:100) [spring-web-5.2.4.RELEASE.jar:5.2.4.RELEASE]
	at org.springframework.web.filter.OncePerRequestFilter.doFilter(OncePerRequestFilter.java:119) [spring-web-5.2.4.RELEASE.jar:5.2.4.RELEASE]
	at org.apache.catalina.core.ApplicationFilterChain.internalDoFilter(ApplicationFilterChain.java:193) [tomcat-embed-core-9.0.31.jar:9.0.31]
	at org.apache.catalina.core.ApplicationFilterChain.doFilter(ApplicationFilterChain.java:166) [tomcat-embed-core-9.0.31.jar:9.0.31]
	at org.springframework.web.filter.FormContentFilter.doFilterInternal(FormContentFilter.java:93) [spring-web-5.2.4.RELEASE.jar:5.2.4.RELEASE]
	at org.springframework.web.filter.OncePerRequestFilter.doFilter(OncePerRequestFilter.java:119) [spring-web-5.2.4.RELEASE.jar:5.2.4.RELEASE]
	at org.apache.catalina.core.ApplicationFilterChain.internalDoFilter(ApplicationFilterChain.java:193) [tomcat-embed-core-9.0.31.jar:9.0.31]
	at org.apache.catalina.core.ApplicationFilterChain.doFilter(ApplicationFilterChain.java:166) [tomcat-embed-core-9.0.31.jar:9.0.31]
	at org.springframework.web.filter.CharacterEncodingFilter.doFilterInternal(CharacterEncodingFilter.java:201) [spring-web-5.2.4.RELEASE.jar:5.2.4.RELEASE]
	at org.springframework.web.filter.OncePerRequestFilter.doFilter(OncePerRequestFilter.java:119) [spring-web-5.2.4.RELEASE.jar:5.2.4.RELEASE]
	at org.apache.catalina.core.ApplicationFilterChain.internalDoFilter(ApplicationFilterChain.java:193) [tomcat-embed-core-9.0.31.jar:9.0.31]
	at org.apache.catalina.core.ApplicationFilterChain.doFilter(ApplicationFilterChain.java:166) [tomcat-embed-core-9.0.31.jar:9.0.31]
	at org.apache.catalina.core.StandardWrapperValve.invoke(StandardWrapperValve.java:202) [tomcat-embed-core-9.0.31.jar:9.0.31]
	at org.apache.catalina.core.StandardContextValve.invoke(StandardContextValve.java:96) [tomcat-embed-core-9.0.31.jar:9.0.31]
	at org.apache.catalina.authenticator.AuthenticatorBase.invoke(AuthenticatorBase.java:541) [tomcat-embed-core-9.0.31.jar:9.0.31]
	at org.apache.catalina.core.StandardHostValve.invoke(StandardHostValve.java:139) [tomcat-embed-core-9.0.31.jar:9.0.31]
	at org.apache.catalina.valves.ErrorReportValve.invoke(ErrorReportValve.java:92) [tomcat-embed-core-9.0.31.jar:9.0.31]
	at org.apache.catalina.core.StandardEngineValve.invoke(StandardEngineValve.java:74) [tomcat-embed-core-9.0.31.jar:9.0.31]
	at org.apache.catalina.connector.CoyoteAdapter.service(CoyoteAdapter.java:343) [tomcat-embed-core-9.0.31.jar:9.0.31]
	at org.apache.coyote.http11.Http11Processor.service(Http11Processor.java:367) [tomcat-embed-core-9.0.31.jar:9.0.31]
	at org.apache.coyote.AbstractProcessorLight.process(AbstractProcessorLight.java:65) [tomcat-embed-core-9.0.31.jar:9.0.31]
	at org.apache.coyote.AbstractProtocol$ConnectionHandler.process(AbstractProtocol.java:868) [tomcat-embed-core-9.0.31.jar:9.0.31]
	at org.apache.tomcat.util.net.NioEndpoint$SocketProcessor.doRun(NioEndpoint.java:1639) [tomcat-embed-core-9.0.31.jar:9.0.31]
	at org.apache.tomcat.util.net.SocketProcessorBase.run(SocketProcessorBase.java:49) [tomcat-embed-core-9.0.31.jar:9.0.31]
	at java.util.concurrent.ThreadPoolExecutor.runWorker(ThreadPoolExecutor.java:1149) [?:1.8.0_461]
	at java.util.concurrent.ThreadPoolExecutor$Worker.run(ThreadPoolExecutor.java:624) [?:1.8.0_461]
	at org.apache.tomcat.util.threads.TaskThread$WrappingRunnable.run(TaskThread.java:61) [tomcat-embed-core-9.0.31.jar:9.0.31]
	at java.lang.Thread.run(Thread.java:750) [?:1.8.0_461]
Caused by: java.sql.SQLSyntaxErrorException: You have an error in your SQL syntax; check the manual that corresponds to your MySQL server version for the right syntax to use near 'by create_time desc  limit 0 , 7' at line 1
	at com.mysql.cj.jdbc.exceptions.SQLError.createSQLException(SQLError.java:118) ~[mysql-connector-java-8.0.11.jar:8.0.11]
	at com.mysql.cj.jdbc.exceptions.SQLError.createSQLException(SQLError.java:95) ~[mysql-connector-java-8.0.11.jar:8.0.11]
	at com.mysql.cj.jdbc.exceptions.SQLExceptionsMapping.translateException(SQLExceptionsMapping.java:122) ~[mysql-connector-java-8.0.11.jar:8.0.11]
	at com.mysql.cj.jdbc.ClientPreparedStatement.executeInternal(ClientPreparedStatement.java:960) ~[mysql-connector-java-8.0.11.jar:8.0.11]
	at com.mysql.cj.jdbc.ClientPreparedStatement.execute(ClientPreparedStatement.java:388) ~[mysql-connector-java-8.0.11.jar:8.0.11]
	at com.alibaba.druid.pool.DruidPooledPreparedStatement.execute(DruidPooledPreparedStatement.java:497) ~[druid-1.2.8.jar:1.2.8]
	at sun.reflect.GeneratedMethodAccessor81.invoke(Unknown Source) ~[?:?]
	at sun.reflect.DelegatingMethodAccessorImpl.invoke(DelegatingMethodAccessorImpl.java:43) ~[?:1.8.0_461]
	at java.lang.reflect.Method.invoke(Method.java:498) ~[?:1.8.0_461]
	at org.apache.ibatis.logging.jdbc.PreparedStatementLogger.invoke(PreparedStatementLogger.java:59) ~[mybatis-3.5.7.jar:3.5.7]
	at com.sun.proxy.$Proxy150.execute(Unknown Source) ~[?:?]
	at org.apache.ibatis.executor.statement.PreparedStatementHandler.query(PreparedStatementHandler.java:64) ~[mybatis-3.5.7.jar:3.5.7]
	at org.apache.ibatis.executor.statement.RoutingStatementHandler.query(RoutingStatementHandler.java:79) ~[mybatis-3.5.7.jar:3.5.7]
	at sun.reflect.GeneratedMethodAccessor83.invoke(Unknown Source) ~[?:?]
	at sun.reflect.DelegatingMethodAccessorImpl.invoke(DelegatingMethodAccessorImpl.java:43) ~[?:1.8.0_461]
	at java.lang.reflect.Method.invoke(Method.java:498) ~[?:1.8.0_461]
	at org.apache.ibatis.plugin.Plugin.invoke(Plugin.java:64) ~[mybatis-3.5.7.jar:3.5.7]
	at com.sun.proxy.$Proxy147.query(Unknown Source) ~[?:?]
	at org.apache.ibatis.executor.SimpleExecutor.doQuery(SimpleExecutor.java:63) ~[mybatis-3.5.7.jar:3.5.7]
	at org.apache.ibatis.executor.BaseExecutor.queryFromDatabase(BaseExecutor.java:325) ~[mybatis-3.5.7.jar:3.5.7]
	at org.apache.ibatis.executor.BaseExecutor.query(BaseExecutor.java:156) ~[mybatis-3.5.7.jar:3.5.7]
	at org.apache.ibatis.executor.CachingExecutor.query(CachingExecutor.java:109) ~[mybatis-3.5.7.jar:3.5.7]
	at com.baomidou.mybatisplus.extension.plugins.MybatisPlusInterceptor.intercept(MybatisPlusInterceptor.java:81) ~[mybatis-plus-extension-3.4.3.1.jar:3.4.3.1]
	at org.apache.ibatis.plugin.Plugin.invoke(Plugin.java:62) ~[mybatis-3.5.7.jar:3.5.7]
	at com.sun.proxy.$Proxy146.query(Unknown Source) ~[?:?]
	at org.apache.ibatis.session.defaults.DefaultSqlSession.selectList(DefaultSqlSession.java:151) ~[mybatis-3.5.7.jar:3.5.7]
	at org.apache.ibatis.session.defaults.DefaultSqlSession.selectList(DefaultSqlSession.java:145) ~[mybatis-3.5.7.jar:3.5.7]
	at org.apache.ibatis.session.defaults.DefaultSqlSession.selectList(DefaultSqlSession.java:140) ~[mybatis-3.5.7.jar:3.5.7]
	at sun.reflect.GeneratedMethodAccessor96.invoke(Unknown Source) ~[?:?]
	at sun.reflect.DelegatingMethodAccessorImpl.invoke(DelegatingMethodAccessorImpl.java:43) ~[?:1.8.0_461]
	at java.lang.reflect.Method.invoke(Method.java:498) ~[?:1.8.0_461]
	at org.mybatis.spring.SqlSessionTemplate$SqlSessionInterceptor.invoke(SqlSessionTemplate.java:427) ~[mybatis-spring-2.0.6.jar:2.0.6]
	... 72 more
2026-05-04 22:21:40.369 [http-nio-5000-exec-3] ERROR com.project.demo.exception.GlobalExceptionHandler - 运行时异常: 
org.springframework.jdbc.BadSqlGrammarException: 
### Error querying database.  Cause: java.sql.SQLSyntaxErrorException: You have an error in your SQL syntax; check the manual that corresponds to your MySQL server version for the right syntax to use near 'by create_time desc  limit 0 , 10' at line 1
### The error may exist in file [/home/yuan/Desktop/bishe-main/target/classes/mapper/BaseMapper.xml]
### The error may involve defaultParameterMap
### The error occurred while setting parameters
### SQL: select * from `user` WHERE `user_group` LIKE '%管理员%'  AND is_delete = 0order by create_time desc  limit 0 , 10
### Cause: java.sql.SQLSyntaxErrorException: You have an error in your SQL syntax; check the manual that corresponds to your MySQL server version for the right syntax to use near 'by create_time desc  limit 0 , 10' at line 1
; bad SQL grammar []; nested exception is java.sql.SQLSyntaxErrorException: You have an error in your SQL syntax; check the manual that corresponds to your MySQL server version for the right syntax to use near 'by create_time desc  limit 0 , 10' at line 1
	at org.springframework.jdbc.support.SQLErrorCodeSQLExceptionTranslator.doTranslate(SQLErrorCodeSQLExceptionTranslator.java:235) ~[spring-jdbc-5.2.4.RELEASE.jar:5.2.4.RELEASE]
	at org.springframework.jdbc.support.AbstractFallbackSQLExceptionTranslator.translate(AbstractFallbackSQLExceptionTranslator.java:72) ~[spring-jdbc-5.2.4.RELEASE.jar:5.2.4.RELEASE]
	at org.mybatis.spring.MyBatisExceptionTranslator.translateExceptionIfPossible(MyBatisExceptionTranslator.java:91) ~[mybatis-spring-2.0.6.jar:2.0.6]
	at org.mybatis.spring.SqlSessionTemplate$SqlSessionInterceptor.invoke(SqlSessionTemplate.java:441) ~[mybatis-spring-2.0.6.jar:2.0.6]
	at com.sun.proxy.$Proxy113.selectList(Unknown Source) ~[?:?]
	at org.mybatis.spring.SqlSessionTemplate.selectList(SqlSessionTemplate.java:224) ~[mybatis-spring-2.0.6.jar:2.0.6]
	at com.baomidou.mybatisplus.core.override.MybatisMapperMethod.executeForMany(MybatisMapperMethod.java:166) ~[mybatis-plus-core-3.4.3.1.jar:3.4.3.1]
	at com.baomidou.mybatisplus.core.override.MybatisMapperMethod.execute(MybatisMapperMethod.java:77) ~[mybatis-plus-core-3.4.3.1.jar:3.4.3.1]
	at com.baomidou.mybatisplus.core.override.MybatisMapperProxy$PlainMethodInvoker.invoke(MybatisMapperProxy.java:148) ~[mybatis-plus-core-3.4.3.1.jar:3.4.3.1]
	at com.baomidou.mybatisplus.core.override.MybatisMapperProxy.invoke(MybatisMapperProxy.java:89) ~[mybatis-plus-core-3.4.3.1.jar:3.4.3.1]
	at com.sun.proxy.$Proxy131.selectBaseList(Unknown Source) ~[?:?]
	at com.project.demo.service.base.BaseService.selectToPage(BaseService.java:77) ~[classes/:?]
	at com.project.demo.service.base.BaseService$$FastClassBySpringCGLIB$$504c7e9.invoke(<generated>) ~[classes/:?]
	at org.springframework.cglib.proxy.MethodProxy.invoke(MethodProxy.java:218) ~[spring-core-5.2.4.RELEASE.jar:5.2.4.RELEASE]
	at org.springframework.aop.framework.CglibAopProxy$CglibMethodInvocation.invokeJoinpoint(CglibAopProxy.java:769) ~[spring-aop-5.2.4.RELEASE.jar:5.2.4.RELEASE]
	at org.springframework.aop.framework.ReflectiveMethodInvocation.proceed(ReflectiveMethodInvocation.java:163) ~[spring-aop-5.2.4.RELEASE.jar:5.2.4.RELEASE]
	at org.springframework.aop.framework.CglibAopProxy$CglibMethodInvocation.proceed(CglibAopProxy.java:747) ~[spring-aop-5.2.4.RELEASE.jar:5.2.4.RELEASE]
	at org.springframework.aop.interceptor.ExposeInvocationInterceptor.invoke(ExposeInvocationInterceptor.java:95) ~[spring-aop-5.2.4.RELEASE.jar:5.2.4.RELEASE]
	at org.springframework.aop.framework.ReflectiveMethodInvocation.proceed(ReflectiveMethodInvocation.java:186) ~[spring-aop-5.2.4.RELEASE.jar:5.2.4.RELEASE]
	at org.springframework.aop.framework.CglibAopProxy$CglibMethodInvocation.proceed(CglibAopProxy.java:747) ~[spring-aop-5.2.4.RELEASE.jar:5.2.4.RELEASE]
	at org.springframework.aop.framework.CglibAopProxy$DynamicAdvisedInterceptor.intercept(CglibAopProxy.java:689) ~[spring-aop-5.2.4.RELEASE.jar:5.2.4.RELEASE]
	at com.project.demo.service.UserService$$EnhancerBySpringCGLIB$$a5130571.selectToPage(<generated>) ~[classes/:?]
	at com.project.demo.controller.base.BaseController.getList(BaseController.java:76) ~[classes/:?]
	at com.project.demo.controller.base.BaseController$$FastClassBySpringCGLIB$$72c28101.invoke(<generated>) ~[classes/:?]
	at org.springframework.cglib.proxy.MethodProxy.invoke(MethodProxy.java:218) ~[spring-core-5.2.4.RELEASE.jar:5.2.4.RELEASE]
	at org.springframework.aop.framework.CglibAopProxy$DynamicAdvisedInterceptor.intercept(CglibAopProxy.java:685) ~[spring-aop-5.2.4.RELEASE.jar:5.2.4.RELEASE]
	at com.project.demo.controller.UserController$$EnhancerBySpringCGLIB$$64902b39.getList(<generated>) ~[classes/:?]
	at sun.reflect.GeneratedMethodAccessor99.invoke(Unknown Source) ~[?:?]
	at sun.reflect.DelegatingMethodAccessorImpl.invoke(DelegatingMethodAccessorImpl.java:43) ~[?:1.8.0_461]
	at java.lang.reflect.Method.invoke(Method.java:498) ~[?:1.8.0_461]
	at org.springframework.web.method.support.InvocableHandlerMethod.doInvoke(InvocableHandlerMethod.java:190) ~[spring-web-5.2.4.RELEASE.jar:5.2.4.RELEASE]
	at org.springframework.web.method.support.InvocableHandlerMethod.invokeForRequest(InvocableHandlerMethod.java:138) ~[spring-web-5.2.4.RELEASE.jar:5.2.4.RELEASE]
	at org.springframework.web.servlet.mvc.method.annotation.ServletInvocableHandlerMethod.invokeAndHandle(ServletInvocableHandlerMethod.java:106) ~[spring-webmvc-5.2.4.RELEASE.jar:5.2.4.RELEASE]
	at org.springframework.web.servlet.mvc.method.annotation.RequestMappingHandlerAdapter.invokeHandlerMethod(RequestMappingHandlerAdapter.java:879) ~[spring-webmvc-5.2.4.RELEASE.jar:5.2.4.RELEASE]
	at org.springframework.web.servlet.mvc.method.annotation.RequestMappingHandlerAdapter.handleInternal(RequestMappingHandlerAdapter.java:793) ~[spring-webmvc-5.2.4.RELEASE.jar:5.2.4.RELEASE]
	at org.springframework.web.servlet.mvc.method.AbstractHandlerMethodAdapter.handle(AbstractHandlerMethodAdapter.java:87) ~[spring-webmvc-5.2.4.RELEASE.jar:5.2.4.RELEASE]
	at org.springframework.web.servlet.DispatcherServlet.doDispatch(DispatcherServlet.java:1040) [spring-webmvc-5.2.4.RELEASE.jar:5.2.4.RELEASE]
	at org.springframework.web.servlet.DispatcherServlet.doService(DispatcherServlet.java:943) [spring-webmvc-5.2.4.RELEASE.jar:5.2.4.RELEASE]
	at org.springframework.web.servlet.FrameworkServlet.processRequest(FrameworkServlet.java:1006) [spring-webmvc-5.2.4.RELEASE.jar:5.2.4.RELEASE]
	at org.springframework.web.servlet.FrameworkServlet.doGet(FrameworkServlet.java:898) [spring-webmvc-5.2.4.RELEASE.jar:5.2.4.RELEASE]
	at javax.servlet.http.HttpServlet.service(HttpServlet.java:634) [tomcat-embed-core-9.0.31.jar:9.0.31]
	at org.springframework.web.servlet.FrameworkServlet.service(FrameworkServlet.java:883) [spring-webmvc-5.2.4.RELEASE.jar:5.2.4.RELEASE]
	at javax.servlet.http.HttpServlet.service(HttpServlet.java:741) [tomcat-embed-core-9.0.31.jar:9.0.31]
	at org.apache.catalina.core.ApplicationFilterChain.internalDoFilter(ApplicationFilterChain.java:231) [tomcat-embed-core-9.0.31.jar:9.0.31]
	at org.apache.catalina.core.ApplicationFilterChain.doFilter(ApplicationFilterChain.java:166) [tomcat-embed-core-9.0.31.jar:9.0.31]
	at org.apache.tomcat.websocket.server.WsFilter.doFilter(WsFilter.java:53) [tomcat-embed-websocket-9.0.31.jar:9.0.31]
	at org.apache.catalina.core.ApplicationFilterChain.internalDoFilter(ApplicationFilterChain.java:193) [tomcat-embed-core-9.0.31.jar:9.0.31]
	at org.apache.catalina.core.ApplicationFilterChain.doFilter(ApplicationFilterChain.java:166) [tomcat-embed-core-9.0.31.jar:9.0.31]
	at org.springframework.web.filter.RequestContextFilter.doFilterInternal(RequestContextFilter.java:100) [spring-web-5.2.4.RELEASE.jar:5.2.4.RELEASE]
	at org.springframework.web.filter.OncePerRequestFilter.doFilter(OncePerRequestFilter.java:119) [spring-web-5.2.4.RELEASE.jar:5.2.4.RELEASE]
	at org.apache.catalina.core.ApplicationFilterChain.internalDoFilter(ApplicationFilterChain.java:193) [tomcat-embed-core-9.0.31.jar:9.0.31]
	at org.apache.catalina.core.ApplicationFilterChain.doFilter(ApplicationFilterChain.java:166) [tomcat-embed-core-9.0.31.jar:9.0.31]
	at org.springframework.web.filter.FormContentFilter.doFilterInternal(FormContentFilter.java:93) [spring-web-5.2.4.RELEASE.jar:5.2.4.RELEASE]
	at org.springframework.web.filter.OncePerRequestFilter.doFilter(OncePerRequestFilter.java:119) [spring-web-5.2.4.RELEASE.jar:5.2.4.RELEASE]
	at org.apache.catalina.core.ApplicationFilterChain.internalDoFilter(ApplicationFilterChain.java:193) [tomcat-embed-core-9.0.31.jar:9.0.31]
	at org.apache.catalina.core.ApplicationFilterChain.doFilter(ApplicationFilterChain.java:166) [tomcat-embed-core-9.0.31.jar:9.0.31]
	at org.springframework.web.filter.CharacterEncodingFilter.doFilterInternal(CharacterEncodingFilter.java:201) [spring-web-5.2.4.RELEASE.jar:5.2.4.RELEASE]
	at org.springframework.web.filter.OncePerRequestFilter.doFilter(OncePerRequestFilter.java:119) [spring-web-5.2.4.RELEASE.jar:5.2.4.RELEASE]
	at org.apache.catalina.core.ApplicationFilterChain.internalDoFilter(ApplicationFilterChain.java:193) [tomcat-embed-core-9.0.31.jar:9.0.31]
	at org.apache.catalina.core.ApplicationFilterChain.doFilter(ApplicationFilterChain.java:166) [tomcat-embed-core-9.0.31.jar:9.0.31]
	at org.apache.catalina.core.StandardWrapperValve.invoke(StandardWrapperValve.java:202) [tomcat-embed-core-9.0.31.jar:9.0.31]
	at org.apache.catalina.core.StandardContextValve.invoke(StandardContextValve.java:96) [tomcat-embed-core-9.0.31.jar:9.0.31]
	at org.apache.catalina.authenticator.AuthenticatorBase.invoke(AuthenticatorBase.java:541) [tomcat-embed-core-9.0.31.jar:9.0.31]
	at org.apache.catalina.core.StandardHostValve.invoke(StandardHostValve.java:139) [tomcat-embed-core-9.0.31.jar:9.0.31]
	at org.apache.catalina.valves.ErrorReportValve.invoke(ErrorReportValve.java:92) [tomcat-embed-core-9.0.31.jar:9.0.31]
	at org.apache.catalina.core.StandardEngineValve.invoke(StandardEngineValve.java:74) [tomcat-embed-core-9.0.31.jar:9.0.31]
	at org.apache.catalina.connector.CoyoteAdapter.service(CoyoteAdapter.java:343) [tomcat-embed-core-9.0.31.jar:9.0.31]
	at org.apache.coyote.http11.Http11Processor.service(Http11Processor.java:367) [tomcat-embed-core-9.0.31.jar:9.0.31]
	at org.apache.coyote.AbstractProcessorLight.process(AbstractProcessorLight.java:65) [tomcat-embed-core-9.0.31.jar:9.0.31]
	at org.apache.coyote.AbstractProtocol$ConnectionHandler.process(AbstractProtocol.java:868) [tomcat-embed-core-9.0.31.jar:9.0.31]
	at org.apache.tomcat.util.net.NioEndpoint$SocketProcessor.doRun(NioEndpoint.java:1639) [tomcat-embed-core-9.0.31.jar:9.0.31]
	at org.apache.tomcat.util.net.SocketProcessorBase.run(SocketProcessorBase.java:49) [tomcat-embed-core-9.0.31.jar:9.0.31]
	at java.util.concurrent.ThreadPoolExecutor.runWorker(ThreadPoolExecutor.java:1149) [?:1.8.0_461]
	at java.util.concurrent.ThreadPoolExecutor$Worker.run(ThreadPoolExecutor.java:624) [?:1.8.0_461]
	at org.apache.tomcat.util.threads.TaskThread$WrappingRunnable.run(TaskThread.java:61) [tomcat-embed-core-9.0.31.jar:9.0.31]
	at java.lang.Thread.run(Thread.java:750) [?:1.8.0_461]
Caused by: java.sql.SQLSyntaxErrorException: You have an error in your SQL syntax; check the manual that corresponds to your MySQL server version for the right syntax to use near 'by create_time desc  limit 0 , 10' at line 1
	at com.mysql.cj.jdbc.exceptions.SQLError.createSQLException(SQLError.java:118) ~[mysql-connector-java-8.0.11.jar:8.0.11]
	at com.mysql.cj.jdbc.exceptions.SQLError.createSQLException(SQLError.java:95) ~[mysql-connector-java-8.0.11.jar:8.0.11]
	at com.mysql.cj.jdbc.exceptions.SQLExceptionsMapping.translateException(SQLExceptionsMapping.java:122) ~[mysql-connector-java-8.0.11.jar:8.0.11]
	at com.mysql.cj.jdbc.ClientPreparedStatement.executeInternal(ClientPreparedStatement.java:960) ~[mysql-connector-java-8.0.11.jar:8.0.11]
	at com.mysql.cj.jdbc.ClientPreparedStatement.execute(ClientPreparedStatement.java:388) ~[mysql-connector-java-8.0.11.jar:8.0.11]
	at com.alibaba.druid.pool.DruidPooledPreparedStatement.execute(DruidPooledPreparedStatement.java:497) ~[druid-1.2.8.jar:1.2.8]
	at sun.reflect.GeneratedMethodAccessor81.invoke(Unknown Source) ~[?:?]
	at sun.reflect.DelegatingMethodAccessorImpl.invoke(DelegatingMethodAccessorImpl.java:43) ~[?:1.8.0_461]
	at java.lang.reflect.Method.invoke(Method.java:498) ~[?:1.8.0_461]
	at org.apache.ibatis.logging.jdbc.PreparedStatementLogger.invoke(PreparedStatementLogger.java:59) ~[mybatis-3.5.7.jar:3.5.7]
	at com.sun.proxy.$Proxy150.execute(Unknown Source) ~[?:?]
	at org.apache.ibatis.executor.statement.PreparedStatementHandler.query(PreparedStatementHandler.java:64) ~[mybatis-3.5.7.jar:3.5.7]
	at org.apache.ibatis.executor.statement.RoutingStatementHandler.query(RoutingStatementHandler.java:79) ~[mybatis-3.5.7.jar:3.5.7]
	at sun.reflect.GeneratedMethodAccessor83.invoke(Unknown Source) ~[?:?]
	at sun.reflect.DelegatingMethodAccessorImpl.invoke(DelegatingMethodAccessorImpl.java:43) ~[?:1.8.0_461]
	at java.lang.reflect.Method.invoke(Method.java:498) ~[?:1.8.0_461]
	at org.apache.ibatis.plugin.Plugin.invoke(Plugin.java:64) ~[mybatis-3.5.7.jar:3.5.7]
	at com.sun.proxy.$Proxy147.query(Unknown Source) ~[?:?]
	at org.apache.ibatis.executor.SimpleExecutor.doQuery(SimpleExecutor.java:63) ~[mybatis-3.5.7.jar:3.5.7]
	at org.apache.ibatis.executor.BaseExecutor.queryFromDatabase(BaseExecutor.java:325) ~[mybatis-3.5.7.jar:3.5.7]
	at org.apache.ibatis.executor.BaseExecutor.query(BaseExecutor.java:156) ~[mybatis-3.5.7.jar:3.5.7]
	at org.apache.ibatis.executor.CachingExecutor.query(CachingExecutor.java:109) ~[mybatis-3.5.7.jar:3.5.7]
	at com.baomidou.mybatisplus.extension.plugins.MybatisPlusInterceptor.intercept(MybatisPlusInterceptor.java:81) ~[mybatis-plus-extension-3.4.3.1.jar:3.4.3.1]
	at org.apache.ibatis.plugin.Plugin.invoke(Plugin.java:62) ~[mybatis-3.5.7.jar:3.5.7]
	at com.sun.proxy.$Proxy146.query(Unknown Source) ~[?:?]
	at org.apache.ibatis.session.defaults.DefaultSqlSession.selectList(DefaultSqlSession.java:151) ~[mybatis-3.5.7.jar:3.5.7]
	at org.apache.ibatis.session.defaults.DefaultSqlSession.selectList(DefaultSqlSession.java:145) ~[mybatis-3.5.7.jar:3.5.7]
	at org.apache.ibatis.session.defaults.DefaultSqlSession.selectList(DefaultSqlSession.java:140) ~[mybatis-3.5.7.jar:3.5.7]
	at sun.reflect.GeneratedMethodAccessor96.invoke(Unknown Source) ~[?:?]
	at sun.reflect.DelegatingMethodAccessorImpl.invoke(DelegatingMethodAccessorImpl.java:43) ~[?:1.8.0_461]
	at java.lang.reflect.Method.invoke(Method.java:498) ~[?:1.8.0_461]
	at org.mybatis.spring.SqlSessionTemplate$SqlSessionInterceptor.invoke(SqlSessionTemplate.java:427) ~[mybatis-spring-2.0.6.jar:2.0.6]
	... 72 more
2026-05-04 22:21:40.976 [http-nio-5000-exec-8] ERROR com.project.demo.exception.GlobalExceptionHandler - 运行时异常: 
org.springframework.jdbc.BadSqlGrammarException: 
### Error querying database.  Cause: java.sql.SQLSyntaxErrorException: You have an error in your SQL syntax; check the manual that corresponds to your MySQL server version for the right syntax to use near 'by create_time desc  limit 0 , 7' at line 1
### The error may exist in file [/home/yuan/Desktop/bishe-main/target/classes/mapper/BaseMapper.xml]
### The error may involve defaultParameterMap
### The error occurred while setting parameters
### SQL: select * from `registered_user` WHERE is_delete = 0order by create_time desc  limit 0 , 7
### Cause: java.sql.SQLSyntaxErrorException: You have an error in your SQL syntax; check the manual that corresponds to your MySQL server version for the right syntax to use near 'by create_time desc  limit 0 , 7' at line 1
; bad SQL grammar []; nested exception is java.sql.SQLSyntaxErrorException: You have an error in your SQL syntax; check the manual that corresponds to your MySQL server version for the right syntax to use near 'by create_time desc  limit 0 , 7' at line 1
	at org.springframework.jdbc.support.SQLErrorCodeSQLExceptionTranslator.doTranslate(SQLErrorCodeSQLExceptionTranslator.java:235) ~[spring-jdbc-5.2.4.RELEASE.jar:5.2.4.RELEASE]
	at org.springframework.jdbc.support.AbstractFallbackSQLExceptionTranslator.translate(AbstractFallbackSQLExceptionTranslator.java:72) ~[spring-jdbc-5.2.4.RELEASE.jar:5.2.4.RELEASE]
	at org.mybatis.spring.MyBatisExceptionTranslator.translateExceptionIfPossible(MyBatisExceptionTranslator.java:91) ~[mybatis-spring-2.0.6.jar:2.0.6]
	at org.mybatis.spring.SqlSessionTemplate$SqlSessionInterceptor.invoke(SqlSessionTemplate.java:441) ~[mybatis-spring-2.0.6.jar:2.0.6]
	at com.sun.proxy.$Proxy113.selectList(Unknown Source) ~[?:?]
	at org.mybatis.spring.SqlSessionTemplate.selectList(SqlSessionTemplate.java:224) ~[mybatis-spring-2.0.6.jar:2.0.6]
	at com.baomidou.mybatisplus.core.override.MybatisMapperMethod.executeForMany(MybatisMapperMethod.java:166) ~[mybatis-plus-core-3.4.3.1.jar:3.4.3.1]
	at com.baomidou.mybatisplus.core.override.MybatisMapperMethod.execute(MybatisMapperMethod.java:77) ~[mybatis-plus-core-3.4.3.1.jar:3.4.3.1]
	at com.baomidou.mybatisplus.core.override.MybatisMapperProxy$PlainMethodInvoker.invoke(MybatisMapperProxy.java:148) ~[mybatis-plus-core-3.4.3.1.jar:3.4.3.1]
	at com.baomidou.mybatisplus.core.override.MybatisMapperProxy.invoke(MybatisMapperProxy.java:89) ~[mybatis-plus-core-3.4.3.1.jar:3.4.3.1]
	at com.sun.proxy.$Proxy127.selectBaseList(Unknown Source) ~[?:?]
	at com.project.demo.service.base.BaseService.selectToPage(BaseService.java:77) ~[classes/:?]
	at com.project.demo.service.base.BaseService$$FastClassBySpringCGLIB$$504c7e9.invoke(<generated>) ~[classes/:?]
	at org.springframework.cglib.proxy.MethodProxy.invoke(MethodProxy.java:218) ~[spring-core-5.2.4.RELEASE.jar:5.2.4.RELEASE]
	at org.springframework.aop.framework.CglibAopProxy$CglibMethodInvocation.invokeJoinpoint(CglibAopProxy.java:769) ~[spring-aop-5.2.4.RELEASE.jar:5.2.4.RELEASE]
	at org.springframework.aop.framework.ReflectiveMethodInvocation.proceed(ReflectiveMethodInvocation.java:163) ~[spring-aop-5.2.4.RELEASE.jar:5.2.4.RELEASE]
	at org.springframework.aop.framework.CglibAopProxy$CglibMethodInvocation.proceed(CglibAopProxy.java:747) ~[spring-aop-5.2.4.RELEASE.jar:5.2.4.RELEASE]
	at org.springframework.aop.interceptor.ExposeInvocationInterceptor.invoke(ExposeInvocationInterceptor.java:95) ~[spring-aop-5.2.4.RELEASE.jar:5.2.4.RELEASE]
	at org.springframework.aop.framework.ReflectiveMethodInvocation.proceed(ReflectiveMethodInvocation.java:186) ~[spring-aop-5.2.4.RELEASE.jar:5.2.4.RELEASE]
	at org.springframework.aop.framework.CglibAopProxy$CglibMethodInvocation.proceed(CglibAopProxy.java:747) ~[spring-aop-5.2.4.RELEASE.jar:5.2.4.RELEASE]
	at org.springframework.aop.framework.CglibAopProxy$DynamicAdvisedInterceptor.intercept(CglibAopProxy.java:689) ~[spring-aop-5.2.4.RELEASE.jar:5.2.4.RELEASE]
	at com.project.demo.service.RegisteredUserService$$EnhancerBySpringCGLIB$$a7009c0b.selectToPage(<generated>) ~[classes/:?]
	at com.project.demo.controller.base.BaseController.getList(BaseController.java:76) ~[classes/:?]
	at com.project.demo.controller.base.BaseController$$FastClassBySpringCGLIB$$72c28101.invoke(<generated>) ~[classes/:?]
	at org.springframework.cglib.proxy.MethodProxy.invoke(MethodProxy.java:218) ~[spring-core-5.2.4.RELEASE.jar:5.2.4.RELEASE]
	at org.springframework.aop.framework.CglibAopProxy$DynamicAdvisedInterceptor.intercept(CglibAopProxy.java:685) ~[spring-aop-5.2.4.RELEASE.jar:5.2.4.RELEASE]
	at com.project.demo.controller.RegisteredUserController$$EnhancerBySpringCGLIB$$51add81f.getList(<generated>) ~[classes/:?]
	at sun.reflect.GeneratedMethodAccessor99.invoke(Unknown Source) ~[?:?]
	at sun.reflect.DelegatingMethodAccessorImpl.invoke(DelegatingMethodAccessorImpl.java:43) ~[?:1.8.0_461]
	at java.lang.reflect.Method.invoke(Method.java:498) ~[?:1.8.0_461]
	at org.springframework.web.method.support.InvocableHandlerMethod.doInvoke(InvocableHandlerMethod.java:190) ~[spring-web-5.2.4.RELEASE.jar:5.2.4.RELEASE]
	at org.springframework.web.method.support.InvocableHandlerMethod.invokeForRequest(InvocableHandlerMethod.java:138) ~[spring-web-5.2.4.RELEASE.jar:5.2.4.RELEASE]
	at org.springframework.web.servlet.mvc.method.annotation.ServletInvocableHandlerMethod.invokeAndHandle(ServletInvocableHandlerMethod.java:106) ~[spring-webmvc-5.2.4.RELEASE.jar:5.2.4.RELEASE]
	at org.springframework.web.servlet.mvc.method.annotation.RequestMappingHandlerAdapter.invokeHandlerMethod(RequestMappingHandlerAdapter.java:879) ~[spring-webmvc-5.2.4.RELEASE.jar:5.2.4.RELEASE]
	at org.springframework.web.servlet.mvc.method.annotation.RequestMappingHandlerAdapter.handleInternal(RequestMappingHandlerAdapter.java:793) ~[spring-webmvc-5.2.4.RELEASE.jar:5.2.4.RELEASE]
	at org.springframework.web.servlet.mvc.method.AbstractHandlerMethodAdapter.handle(AbstractHandlerMethodAdapter.java:87) ~[spring-webmvc-5.2.4.RELEASE.jar:5.2.4.RELEASE]
	at org.springframework.web.servlet.DispatcherServlet.doDispatch(DispatcherServlet.java:1040) [spring-webmvc-5.2.4.RELEASE.jar:5.2.4.RELEASE]
	at org.springframework.web.servlet.DispatcherServlet.doService(DispatcherServlet.java:943) [spring-webmvc-5.2.4.RELEASE.jar:5.2.4.RELEASE]
	at org.springframework.web.servlet.FrameworkServlet.processRequest(FrameworkServlet.java:1006) [spring-webmvc-5.2.4.RELEASE.jar:5.2.4.RELEASE]
	at org.springframework.web.servlet.FrameworkServlet.doGet(FrameworkServlet.java:898) [spring-webmvc-5.2.4.RELEASE.jar:5.2.4.RELEASE]
	at javax.servlet.http.HttpServlet.service(HttpServlet.java:634) [tomcat-embed-core-9.0.31.jar:9.0.31]
	at org.springframework.web.servlet.FrameworkServlet.service(FrameworkServlet.java:883) [spring-webmvc-5.2.4.RELEASE.jar:5.2.4.RELEASE]
	at javax.servlet.http.HttpServlet.service(HttpServlet.java:741) [tomcat-embed-core-9.0.31.jar:9.0.31]
	at org.apache.catalina.core.ApplicationFilterChain.internalDoFilter(ApplicationFilterChain.java:231) [tomcat-embed-core-9.0.31.jar:9.0.31]
	at org.apache.catalina.core.ApplicationFilterChain.doFilter(ApplicationFilterChain.java:166) [tomcat-embed-core-9.0.31.jar:9.0.31]
	at org.apache.tomcat.websocket.server.WsFilter.doFilter(WsFilter.java:53) [tomcat-embed-websocket-9.0.31.jar:9.0.31]
	at org.apache.catalina.core.ApplicationFilterChain.internalDoFilter(ApplicationFilterChain.java:193) [tomcat-embed-core-9.0.31.jar:9.0.31]
	at org.apache.catalina.core.ApplicationFilterChain.doFilter(ApplicationFilterChain.java:166) [tomcat-embed-core-9.0.31.jar:9.0.31]
	at org.springframework.web.filter.RequestContextFilter.doFilterInternal(RequestContextFilter.java:100) [spring-web-5.2.4.RELEASE.jar:5.2.4.RELEASE]
	at org.springframework.web.filter.OncePerRequestFilter.doFilter(OncePerRequestFilter.java:119) [spring-web-5.2.4.RELEASE.jar:5.2.4.RELEASE]
	at org.apache.catalina.core.ApplicationFilterChain.internalDoFilter(ApplicationFilterChain.java:193) [tomcat-embed-core-9.0.31.jar:9.0.31]
	at org.apache.catalina.core.ApplicationFilterChain.doFilter(ApplicationFilterChain.java:166) [tomcat-embed-core-9.0.31.jar:9.0.31]
	at org.springframework.web.filter.FormContentFilter.doFilterInternal(FormContentFilter.java:93) [spring-web-5.2.4.RELEASE.jar:5.2.4.RELEASE]
	at org.springframework.web.filter.OncePerRequestFilter.doFilter(OncePerRequestFilter.java:119) [spring-web-5.2.4.RELEASE.jar:5.2.4.RELEASE]
	at org.apache.catalina.core.ApplicationFilterChain.internalDoFilter(ApplicationFilterChain.java:193) [tomcat-embed-core-9.0.31.jar:9.0.31]
	at org.apache.catalina.core.ApplicationFilterChain.doFilter(ApplicationFilterChain.java:166) [tomcat-embed-core-9.0.31.jar:9.0.31]
	at org.springframework.web.filter.CharacterEncodingFilter.doFilterInternal(CharacterEncodingFilter.java:201) [spring-web-5.2.4.RELEASE.jar:5.2.4.RELEASE]
	at org.springframework.web.filter.OncePerRequestFilter.doFilter(OncePerRequestFilter.java:119) [spring-web-5.2.4.RELEASE.jar:5.2.4.RELEASE]
	at org.apache.catalina.core.ApplicationFilterChain.internalDoFilter(ApplicationFilterChain.java:193) [tomcat-embed-core-9.0.31.jar:9.0.31]
	at org.apache.catalina.core.ApplicationFilterChain.doFilter(ApplicationFilterChain.java:166) [tomcat-embed-core-9.0.31.jar:9.0.31]
	at org.apache.catalina.core.StandardWrapperValve.invoke(StandardWrapperValve.java:202) [tomcat-embed-core-9.0.31.jar:9.0.31]
	at org.apache.catalina.core.StandardContextValve.invoke(StandardContextValve.java:96) [tomcat-embed-core-9.0.31.jar:9.0.31]
	at org.apache.catalina.authenticator.AuthenticatorBase.invoke(AuthenticatorBase.java:541) [tomcat-embed-core-9.0.31.jar:9.0.31]
	at org.apache.catalina.core.StandardHostValve.invoke(StandardHostValve.java:139) [tomcat-embed-core-9.0.31.jar:9.0.31]
	at org.apache.catalina.valves.ErrorReportValve.invoke(ErrorReportValve.java:92) [tomcat-embed-core-9.0.31.jar:9.0.31]
	at org.apache.catalina.core.StandardEngineValve.invoke(StandardEngineValve.java:74) [tomcat-embed-core-9.0.31.jar:9.0.31]
	at org.apache.catalina.connector.CoyoteAdapter.service(CoyoteAdapter.java:343) [tomcat-embed-core-9.0.31.jar:9.0.31]
	at org.apache.coyote.http11.Http11Processor.service(Http11Processor.java:367) [tomcat-embed-core-9.0.31.jar:9.0.31]
	at org.apache.coyote.AbstractProcessorLight.process(AbstractProcessorLight.java:65) [tomcat-embed-core-9.0.31.jar:9.0.31]
	at org.apache.coyote.AbstractProtocol$ConnectionHandler.process(AbstractProtocol.java:868) [tomcat-embed-core-9.0.31.jar:9.0.31]
	at org.apache.tomcat.util.net.NioEndpoint$SocketProcessor.doRun(NioEndpoint.java:1639) [tomcat-embed-core-9.0.31.jar:9.0.31]
	at org.apache.tomcat.util.net.SocketProcessorBase.run(SocketProcessorBase.java:49) [tomcat-embed-core-9.0.31.jar:9.0.31]
	at java.util.concurrent.ThreadPoolExecutor.runWorker(ThreadPoolExecutor.java:1149) [?:1.8.0_461]
	at java.util.concurrent.ThreadPoolExecutor$Worker.run(ThreadPoolExecutor.java:624) [?:1.8.0_461]
	at org.apache.tomcat.util.threads.TaskThread$WrappingRunnable.run(TaskThread.java:61) [tomcat-embed-core-9.0.31.jar:9.0.31]
	at java.lang.Thread.run(Thread.java:750) [?:1.8.0_461]
Caused by: java.sql.SQLSyntaxErrorException: You have an error in your SQL syntax; check the manual that corresponds to your MySQL server version for the right syntax to use near 'by create_time desc  limit 0 , 7' at line 1
	at com.mysql.cj.jdbc.exceptions.SQLError.createSQLException(SQLError.java:118) ~[mysql-connector-java-8.0.11.jar:8.0.11]
	at com.mysql.cj.jdbc.exceptions.SQLError.createSQLException(SQLError.java:95) ~[mysql-connector-java-8.0.11.jar:8.0.11]
	at com.mysql.cj.jdbc.exceptions.SQLExceptionsMapping.translateException(SQLExceptionsMapping.java:122) ~[mysql-connector-java-8.0.11.jar:8.0.11]
	at com.mysql.cj.jdbc.ClientPreparedStatement.executeInternal(ClientPreparedStatement.java:960) ~[mysql-connector-java-8.0.11.jar:8.0.11]
	at com.mysql.cj.jdbc.ClientPreparedStatement.execute(ClientPreparedStatement.java:388) ~[mysql-connector-java-8.0.11.jar:8.0.11]
	at com.alibaba.druid.pool.DruidPooledPreparedStatement.execute(DruidPooledPreparedStatement.java:497) ~[druid-1.2.8.jar:1.2.8]
	at sun.reflect.GeneratedMethodAccessor81.invoke(Unknown Source) ~[?:?]
	at sun.reflect.DelegatingMethodAccessorImpl.invoke(DelegatingMethodAccessorImpl.java:43) ~[?:1.8.0_461]
	at java.lang.reflect.Method.invoke(Method.java:498) ~[?:1.8.0_461]
	at org.apache.ibatis.logging.jdbc.PreparedStatementLogger.invoke(PreparedStatementLogger.java:59) ~[mybatis-3.5.7.jar:3.5.7]
	at com.sun.proxy.$Proxy150.execute(Unknown Source) ~[?:?]
	at org.apache.ibatis.executor.statement.PreparedStatementHandler.query(PreparedStatementHandler.java:64) ~[mybatis-3.5.7.jar:3.5.7]
	at org.apache.ibatis.executor.statement.RoutingStatementHandler.query(RoutingStatementHandler.java:79) ~[mybatis-3.5.7.jar:3.5.7]
	at sun.reflect.GeneratedMethodAccessor83.invoke(Unknown Source) ~[?:?]
	at sun.reflect.DelegatingMethodAccessorImpl.invoke(DelegatingMethodAccessorImpl.java:43) ~[?:1.8.0_461]
	at java.lang.reflect.Method.invoke(Method.java:498) ~[?:1.8.0_461]
	at org.apache.ibatis.plugin.Plugin.invoke(Plugin.java:64) ~[mybatis-3.5.7.jar:3.5.7]
	at com.sun.proxy.$Proxy147.query(Unknown Source) ~[?:?]
	at org.apache.ibatis.executor.SimpleExecutor.doQuery(SimpleExecutor.java:63) ~[mybatis-3.5.7.jar:3.5.7]
	at org.apache.ibatis.executor.BaseExecutor.queryFromDatabase(BaseExecutor.java:325) ~[mybatis-3.5.7.jar:3.5.7]
	at org.apache.ibatis.executor.BaseExecutor.query(BaseExecutor.java:156) ~[mybatis-3.5.7.jar:3.5.7]
	at org.apache.ibatis.executor.CachingExecutor.query(CachingExecutor.java:109) ~[mybatis-3.5.7.jar:3.5.7]
	at com.baomidou.mybatisplus.extension.plugins.MybatisPlusInterceptor.intercept(MybatisPlusInterceptor.java:81) ~[mybatis-plus-extension-3.4.3.1.jar:3.4.3.1]
	at org.apache.ibatis.plugin.Plugin.invoke(Plugin.java:62) ~[mybatis-3.5.7.jar:3.5.7]
	at com.sun.proxy.$Proxy146.query(Unknown Source) ~[?:?]
	at org.apache.ibatis.session.defaults.DefaultSqlSession.selectList(DefaultSqlSession.java:151) ~[mybatis-3.5.7.jar:3.5.7]
	at org.apache.ibatis.session.defaults.DefaultSqlSession.selectList(DefaultSqlSession.java:145) ~[mybatis-3.5.7.jar:3.5.7]
	at org.apache.ibatis.session.defaults.DefaultSqlSession.selectList(DefaultSqlSession.java:140) ~[mybatis-3.5.7.jar:3.5.7]
	at sun.reflect.GeneratedMethodAccessor96.invoke(Unknown Source) ~[?:?]
	at sun.reflect.DelegatingMethodAccessorImpl.invoke(DelegatingMethodAccessorImpl.java:43) ~[?:1.8.0_461]
	at java.lang.reflect.Method.invoke(Method.java:498) ~[?:1.8.0_461]
	at org.mybatis.spring.SqlSessionTemplate$SqlSessionInterceptor.invoke(SqlSessionTemplate.java:427) ~[mybatis-spring-2.0.6.jar:2.0.6]
	... 72 more
2026-05-04 22:21:42.068 [http-nio-5000-exec-10] ERROR com.project.demo.exception.GlobalExceptionHandler - 运行时异常: 
org.springframework.jdbc.BadSqlGrammarException: 
### Error querying database.  Cause: java.sql.SQLSyntaxErrorException: You have an error in your SQL syntax; check the manual that corresponds to your MySQL server version for the right syntax to use near 'by create_time desc  limit 0 , 10' at line 1
### The error may exist in file [/home/yuan/Desktop/bishe-main/target/classes/mapper/BaseMapper.xml]
### The error may involve defaultParameterMap
### The error occurred while setting parameters
### SQL: select * from `user` WHERE `user_group` LIKE '%管理员%'  AND is_delete = 0order by create_time desc  limit 0 , 10
### Cause: java.sql.SQLSyntaxErrorException: You have an error in your SQL syntax; check the manual that corresponds to your MySQL server version for the right syntax to use near 'by create_time desc  limit 0 , 10' at line 1
; bad SQL grammar []; nested exception is java.sql.SQLSyntaxErrorException: You have an error in your SQL syntax; check the manual that corresponds to your MySQL server version for the right syntax to use near 'by create_time desc  limit 0 , 10' at line 1
	at org.springframework.jdbc.support.SQLErrorCodeSQLExceptionTranslator.doTranslate(SQLErrorCodeSQLExceptionTranslator.java:235) ~[spring-jdbc-5.2.4.RELEASE.jar:5.2.4.RELEASE]
	at org.springframework.jdbc.support.AbstractFallbackSQLExceptionTranslator.translate(AbstractFallbackSQLExceptionTranslator.java:72) ~[spring-jdbc-5.2.4.RELEASE.jar:5.2.4.RELEASE]
	at org.mybatis.spring.MyBatisExceptionTranslator.translateExceptionIfPossible(MyBatisExceptionTranslator.java:91) ~[mybatis-spring-2.0.6.jar:2.0.6]
	at org.mybatis.spring.SqlSessionTemplate$SqlSessionInterceptor.invoke(SqlSessionTemplate.java:441) ~[mybatis-spring-2.0.6.jar:2.0.6]
	at com.sun.proxy.$Proxy113.selectList(Unknown Source) ~[?:?]
	at org.mybatis.spring.SqlSessionTemplate.selectList(SqlSessionTemplate.java:224) ~[mybatis-spring-2.0.6.jar:2.0.6]
	at com.baomidou.mybatisplus.core.override.MybatisMapperMethod.executeForMany(MybatisMapperMethod.java:166) ~[mybatis-plus-core-3.4.3.1.jar:3.4.3.1]
	at com.baomidou.mybatisplus.core.override.MybatisMapperMethod.execute(MybatisMapperMethod.java:77) ~[mybatis-plus-core-3.4.3.1.jar:3.4.3.1]
	at com.baomidou.mybatisplus.core.override.MybatisMapperProxy$PlainMethodInvoker.invoke(MybatisMapperProxy.java:148) ~[mybatis-plus-core-3.4.3.1.jar:3.4.3.1]
	at com.baomidou.mybatisplus.core.override.MybatisMapperProxy.invoke(MybatisMapperProxy.java:89) ~[mybatis-plus-core-3.4.3.1.jar:3.4.3.1]
	at com.sun.proxy.$Proxy131.selectBaseList(Unknown Source) ~[?:?]
	at com.project.demo.service.base.BaseService.selectToPage(BaseService.java:77) ~[classes/:?]
	at com.project.demo.service.base.BaseService$$FastClassBySpringCGLIB$$504c7e9.invoke(<generated>) ~[classes/:?]
	at org.springframework.cglib.proxy.MethodProxy.invoke(MethodProxy.java:218) ~[spring-core-5.2.4.RELEASE.jar:5.2.4.RELEASE]
	at org.springframework.aop.framework.CglibAopProxy$CglibMethodInvocation.invokeJoinpoint(CglibAopProxy.java:769) ~[spring-aop-5.2.4.RELEASE.jar:5.2.4.RELEASE]
	at org.springframework.aop.framework.ReflectiveMethodInvocation.proceed(ReflectiveMethodInvocation.java:163) ~[spring-aop-5.2.4.RELEASE.jar:5.2.4.RELEASE]
	at org.springframework.aop.framework.CglibAopProxy$CglibMethodInvocation.proceed(CglibAopProxy.java:747) ~[spring-aop-5.2.4.RELEASE.jar:5.2.4.RELEASE]
	at org.springframework.aop.interceptor.ExposeInvocationInterceptor.invoke(ExposeInvocationInterceptor.java:95) ~[spring-aop-5.2.4.RELEASE.jar:5.2.4.RELEASE]
	at org.springframework.aop.framework.ReflectiveMethodInvocation.proceed(ReflectiveMethodInvocation.java:186) ~[spring-aop-5.2.4.RELEASE.jar:5.2.4.RELEASE]
	at org.springframework.aop.framework.CglibAopProxy$CglibMethodInvocation.proceed(CglibAopProxy.java:747) ~[spring-aop-5.2.4.RELEASE.jar:5.2.4.RELEASE]
	at org.springframework.aop.framework.CglibAopProxy$DynamicAdvisedInterceptor.intercept(CglibAopProxy.java:689) ~[spring-aop-5.2.4.RELEASE.jar:5.2.4.RELEASE]
	at com.project.demo.service.UserService$$EnhancerBySpringCGLIB$$a5130571.selectToPage(<generated>) ~[classes/:?]
	at com.project.demo.controller.base.BaseController.getList(BaseController.java:76) ~[classes/:?]
	at com.project.demo.controller.base.BaseController$$FastClassBySpringCGLIB$$72c28101.invoke(<generated>) ~[classes/:?]
	at org.springframework.cglib.proxy.MethodProxy.invoke(MethodProxy.java:218) ~[spring-core-5.2.4.RELEASE.jar:5.2.4.RELEASE]
	at org.springframework.aop.framework.CglibAopProxy$DynamicAdvisedInterceptor.intercept(CglibAopProxy.java:685) ~[spring-aop-5.2.4.RELEASE.jar:5.2.4.RELEASE]
	at com.project.demo.controller.UserController$$EnhancerBySpringCGLIB$$64902b39.getList(<generated>) ~[classes/:?]
	at sun.reflect.GeneratedMethodAccessor99.invoke(Unknown Source) ~[?:?]
	at sun.reflect.DelegatingMethodAccessorImpl.invoke(DelegatingMethodAccessorImpl.java:43) ~[?:1.8.0_461]
	at java.lang.reflect.Method.invoke(Method.java:498) ~[?:1.8.0_461]
	at org.springframework.web.method.support.InvocableHandlerMethod.doInvoke(InvocableHandlerMethod.java:190) ~[spring-web-5.2.4.RELEASE.jar:5.2.4.RELEASE]
	at org.springframework.web.method.support.InvocableHandlerMethod.invokeForRequest(InvocableHandlerMethod.java:138) ~[spring-web-5.2.4.RELEASE.jar:5.2.4.RELEASE]
	at org.springframework.web.servlet.mvc.method.annotation.ServletInvocableHandlerMethod.invokeAndHandle(ServletInvocableHandlerMethod.java:106) ~[spring-webmvc-5.2.4.RELEASE.jar:5.2.4.RELEASE]
	at org.springframework.web.servlet.mvc.method.annotation.RequestMappingHandlerAdapter.invokeHandlerMethod(RequestMappingHandlerAdapter.java:879) ~[spring-webmvc-5.2.4.RELEASE.jar:5.2.4.RELEASE]
	at org.springframework.web.servlet.mvc.method.annotation.RequestMappingHandlerAdapter.handleInternal(RequestMappingHandlerAdapter.java:793) ~[spring-webmvc-5.2.4.RELEASE.jar:5.2.4.RELEASE]
	at org.springframework.web.servlet.mvc.method.AbstractHandlerMethodAdapter.handle(AbstractHandlerMethodAdapter.java:87) ~[spring-webmvc-5.2.4.RELEASE.jar:5.2.4.RELEASE]
	at org.springframework.web.servlet.DispatcherServlet.doDispatch(DispatcherServlet.java:1040) [spring-webmvc-5.2.4.RELEASE.jar:5.2.4.RELEASE]
	at org.springframework.web.servlet.DispatcherServlet.doService(DispatcherServlet.java:943) [spring-webmvc-5.2.4.RELEASE.jar:5.2.4.RELEASE]
	at org.springframework.web.servlet.FrameworkServlet.processRequest(FrameworkServlet.java:1006) [spring-webmvc-5.2.4.RELEASE.jar:5.2.4.RELEASE]
	at org.springframework.web.servlet.FrameworkServlet.doGet(FrameworkServlet.java:898) [spring-webmvc-5.2.4.RELEASE.jar:5.2.4.RELEASE]
	at javax.servlet.http.HttpServlet.service(HttpServlet.java:634) [tomcat-embed-core-9.0.31.jar:9.0.31]
	at org.springframework.web.servlet.FrameworkServlet.service(FrameworkServlet.java:883) [spring-webmvc-5.2.4.RELEASE.jar:5.2.4.RELEASE]
	at javax.servlet.http.HttpServlet.service(HttpServlet.java:741) [tomcat-embed-core-9.0.31.jar:9.0.31]
	at org.apache.catalina.core.ApplicationFilterChain.internalDoFilter(ApplicationFilterChain.java:231) [tomcat-embed-core-9.0.31.jar:9.0.31]
	at org.apache.catalina.core.ApplicationFilterChain.doFilter(ApplicationFilterChain.java:166) [tomcat-embed-core-9.0.31.jar:9.0.31]
	at org.apache.tomcat.websocket.server.WsFilter.doFilter(WsFilter.java:53) [tomcat-embed-websocket-9.0.31.jar:9.0.31]
	at org.apache.catalina.core.ApplicationFilterChain.internalDoFilter(ApplicationFilterChain.java:193) [tomcat-embed-core-9.0.31.jar:9.0.31]
	at org.apache.catalina.core.ApplicationFilterChain.doFilter(ApplicationFilterChain.java:166) [tomcat-embed-core-9.0.31.jar:9.0.31]
	at org.springframework.web.filter.RequestContextFilter.doFilterInternal(RequestContextFilter.java:100) [spring-web-5.2.4.RELEASE.jar:5.2.4.RELEASE]
	at org.springframework.web.filter.OncePerRequestFilter.doFilter(OncePerRequestFilter.java:119) [spring-web-5.2.4.RELEASE.jar:5.2.4.RELEASE]
	at org.apache.catalina.core.ApplicationFilterChain.internalDoFilter(ApplicationFilterChain.java:193) [tomcat-embed-core-9.0.31.jar:9.0.31]
	at org.apache.catalina.core.ApplicationFilterChain.doFilter(ApplicationFilterChain.java:166) [tomcat-embed-core-9.0.31.jar:9.0.31]
	at org.springframework.web.filter.FormContentFilter.doFilterInternal(FormContentFilter.java:93) [spring-web-5.2.4.RELEASE.jar:5.2.4.RELEASE]
	at org.springframework.web.filter.OncePerRequestFilter.doFilter(OncePerRequestFilter.java:119) [spring-web-5.2.4.RELEASE.jar:5.2.4.RELEASE]
	at org.apache.catalina.core.ApplicationFilterChain.internalDoFilter(ApplicationFilterChain.java:193) [tomcat-embed-core-9.0.31.jar:9.0.31]
	at org.apache.catalina.core.ApplicationFilterChain.doFilter(ApplicationFilterChain.java:166) [tomcat-embed-core-9.0.31.jar:9.0.31]
	at org.springframework.web.filter.CharacterEncodingFilter.doFilterInternal(CharacterEncodingFilter.java:201) [spring-web-5.2.4.RELEASE.jar:5.2.4.RELEASE]
	at org.springframework.web.filter.OncePerRequestFilter.doFilter(OncePerRequestFilter.java:119) [spring-web-5.2.4.RELEASE.jar:5.2.4.RELEASE]
	at org.apache.catalina.core.ApplicationFilterChain.internalDoFilter(ApplicationFilterChain.java:193) [tomcat-embed-core-9.0.31.jar:9.0.31]
	at org.apache.catalina.core.ApplicationFilterChain.doFilter(ApplicationFilterChain.java:166) [tomcat-embed-core-9.0.31.jar:9.0.31]
	at org.apache.catalina.core.StandardWrapperValve.invoke(StandardWrapperValve.java:202) [tomcat-embed-core-9.0.31.jar:9.0.31]
	at org.apache.catalina.core.StandardContextValve.invoke(StandardContextValve.java:96) [tomcat-embed-core-9.0.31.jar:9.0.31]
	at org.apache.catalina.authenticator.AuthenticatorBase.invoke(AuthenticatorBase.java:541) [tomcat-embed-core-9.0.31.jar:9.0.31]
	at org.apache.catalina.core.StandardHostValve.invoke(StandardHostValve.java:139) [tomcat-embed-core-9.0.31.jar:9.0.31]
	at org.apache.catalina.valves.ErrorReportValve.invoke(ErrorReportValve.java:92) [tomcat-embed-core-9.0.31.jar:9.0.31]
	at org.apache.catalina.core.StandardEngineValve.invoke(StandardEngineValve.java:74) [tomcat-embed-core-9.0.31.jar:9.0.31]
	at org.apache.catalina.connector.CoyoteAdapter.service(CoyoteAdapter.java:343) [tomcat-embed-core-9.0.31.jar:9.0.31]
	at org.apache.coyote.http11.Http11Processor.service(Http11Processor.java:367) [tomcat-embed-core-9.0.31.jar:9.0.31]
	at org.apache.coyote.AbstractProcessorLight.process(AbstractProcessorLight.java:65) [tomcat-embed-core-9.0.31.jar:9.0.31]
	at org.apache.coyote.AbstractProtocol$ConnectionHandler.process(AbstractProtocol.java:868) [tomcat-embed-core-9.0.31.jar:9.0.31]
	at org.apache.tomcat.util.net.NioEndpoint$SocketProcessor.doRun(NioEndpoint.java:1639) [tomcat-embed-core-9.0.31.jar:9.0.31]
	at org.apache.tomcat.util.net.SocketProcessorBase.run(SocketProcessorBase.java:49) [tomcat-embed-core-9.0.31.jar:9.0.31]
	at java.util.concurrent.ThreadPoolExecutor.runWorker(ThreadPoolExecutor.java:1149) [?:1.8.0_461]
	at java.util.concurrent.ThreadPoolExecutor$Worker.run(ThreadPoolExecutor.java:624) [?:1.8.0_461]
	at org.apache.tomcat.util.threads.TaskThread$WrappingRunnable.run(TaskThread.java:61) [tomcat-embed-core-9.0.31.jar:9.0.31]
	at java.lang.Thread.run(Thread.java:750) [?:1.8.0_461]
Caused by: java.sql.SQLSyntaxErrorException: You have an error in your SQL syntax; check the manual that corresponds to your MySQL server version for the right syntax to use near 'by create_time desc  limit 0 , 10' at line 1
	at com.mysql.cj.jdbc.exceptions.SQLError.createSQLException(SQLError.java:118) ~[mysql-connector-java-8.0.11.jar:8.0.11]
	at com.mysql.cj.jdbc.exceptions.SQLError.createSQLException(SQLError.java:95) ~[mysql-connector-java-8.0.11.jar:8.0.11]
	at com.mysql.cj.jdbc.exceptions.SQLExceptionsMapping.translateException(SQLExceptionsMapping.java:122) ~[mysql-connector-java-8.0.11.jar:8.0.11]
	at com.mysql.cj.jdbc.ClientPreparedStatement.executeInternal(ClientPreparedStatement.java:960) ~[mysql-connector-java-8.0.11.jar:8.0.11]
	at com.mysql.cj.jdbc.ClientPreparedStatement.execute(ClientPreparedStatement.java:388) ~[mysql-connector-java-8.0.11.jar:8.0.11]
	at com.alibaba.druid.pool.DruidPooledPreparedStatement.execute(DruidPooledPreparedStatement.java:497) ~[druid-1.2.8.jar:1.2.8]
	at sun.reflect.GeneratedMethodAccessor81.invoke(Unknown Source) ~[?:?]
	at sun.reflect.DelegatingMethodAccessorImpl.invoke(DelegatingMethodAccessorImpl.java:43) ~[?:1.8.0_461]
	at java.lang.reflect.Method.invoke(Method.java:498) ~[?:1.8.0_461]
	at org.apache.ibatis.logging.jdbc.PreparedStatementLogger.invoke(PreparedStatementLogger.java:59) ~[mybatis-3.5.7.jar:3.5.7]
	at com.sun.proxy.$Proxy150.execute(Unknown Source) ~[?:?]
	at org.apache.ibatis.executor.statement.PreparedStatementHandler.query(PreparedStatementHandler.java:64) ~[mybatis-3.5.7.jar:3.5.7]
	at org.apache.ibatis.executor.statement.RoutingStatementHandler.query(RoutingStatementHandler.java:79) ~[mybatis-3.5.7.jar:3.5.7]
	at sun.reflect.GeneratedMethodAccessor83.invoke(Unknown Source) ~[?:?]
	at sun.reflect.DelegatingMethodAccessorImpl.invoke(DelegatingMethodAccessorImpl.java:43) ~[?:1.8.0_461]
	at java.lang.reflect.Method.invoke(Method.java:498) ~[?:1.8.0_461]
	at org.apache.ibatis.plugin.Plugin.invoke(Plugin.java:64) ~[mybatis-3.5.7.jar:3.5.7]
	at com.sun.proxy.$Proxy147.query(Unknown Source) ~[?:?]
	at org.apache.ibatis.executor.SimpleExecutor.doQuery(SimpleExecutor.java:63) ~[mybatis-3.5.7.jar:3.5.7]
	at org.apache.ibatis.executor.BaseExecutor.queryFromDatabase(BaseExecutor.java:325) ~[mybatis-3.5.7.jar:3.5.7]
	at org.apache.ibatis.executor.BaseExecutor.query(BaseExecutor.java:156) ~[mybatis-3.5.7.jar:3.5.7]
	at org.apache.ibatis.executor.CachingExecutor.query(CachingExecutor.java:109) ~[mybatis-3.5.7.jar:3.5.7]
	at com.baomidou.mybatisplus.extension.plugins.MybatisPlusInterceptor.intercept(MybatisPlusInterceptor.java:81) ~[mybatis-plus-extension-3.4.3.1.jar:3.4.3.1]
	at org.apache.ibatis.plugin.Plugin.invoke(Plugin.java:62) ~[mybatis-3.5.7.jar:3.5.7]
	at com.sun.proxy.$Proxy146.query(Unknown Source) ~[?:?]
	at org.apache.ibatis.session.defaults.DefaultSqlSession.selectList(DefaultSqlSession.java:151) ~[mybatis-3.5.7.jar:3.5.7]
	at org.apache.ibatis.session.defaults.DefaultSqlSession.selectList(DefaultSqlSession.java:145) ~[mybatis-3.5.7.jar:3.5.7]
	at org.apache.ibatis.session.defaults.DefaultSqlSession.selectList(DefaultSqlSession.java:140) ~[mybatis-3.5.7.jar:3.5.7]
	at sun.reflect.GeneratedMethodAccessor96.invoke(Unknown Source) ~[?:?]
	at sun.reflect.DelegatingMethodAccessorImpl.invoke(DelegatingMethodAccessorImpl.java:43) ~[?:1.8.0_461]
	at java.lang.reflect.Method.invoke(Method.java:498) ~[?:1.8.0_461]
	at org.mybatis.spring.SqlSessionTemplate$SqlSessionInterceptor.invoke(SqlSessionTemplate.java:427) ~[mybatis-spring-2.0.6.jar:2.0.6]
	... 72 more
2026-05-04 22:21:42.563 [http-nio-5000-exec-6] ERROR com.project.demo.exception.GlobalExceptionHandler - 运行时异常: 
org.springframework.jdbc.BadSqlGrammarException: 
### Error querying database.  Cause: java.sql.SQLSyntaxErrorException: You have an error in your SQL syntax; check the manual that corresponds to your MySQL server version for the right syntax to use near 'by create_time desc  limit 0 , 7' at line 1
### The error may exist in file [/home/yuan/Desktop/bishe-main/target/classes/mapper/BaseMapper.xml]
### The error may involve defaultParameterMap
### The error occurred while setting parameters
### SQL: select * from `registered_user` WHERE is_delete = 0order by create_time desc  limit 0 , 7
### Cause: java.sql.SQLSyntaxErrorException: You have an error in your SQL syntax; check the manual that corresponds to your MySQL server version for the right syntax to use near 'by create_time desc  limit 0 , 7' at line 1
; bad SQL grammar []; nested exception is java.sql.SQLSyntaxErrorException: You have an error in your SQL syntax; check the manual that corresponds to your MySQL server version for the right syntax to use near 'by create_time desc  limit 0 , 7' at line 1
	at org.springframework.jdbc.support.SQLErrorCodeSQLExceptionTranslator.doTranslate(SQLErrorCodeSQLExceptionTranslator.java:235) ~[spring-jdbc-5.2.4.RELEASE.jar:5.2.4.RELEASE]
	at org.springframework.jdbc.support.AbstractFallbackSQLExceptionTranslator.translate(AbstractFallbackSQLExceptionTranslator.java:72) ~[spring-jdbc-5.2.4.RELEASE.jar:5.2.4.RELEASE]
	at org.mybatis.spring.MyBatisExceptionTranslator.translateExceptionIfPossible(MyBatisExceptionTranslator.java:91) ~[mybatis-spring-2.0.6.jar:2.0.6]
	at org.mybatis.spring.SqlSessionTemplate$SqlSessionInterceptor.invoke(SqlSessionTemplate.java:441) ~[mybatis-spring-2.0.6.jar:2.0.6]
	at com.sun.proxy.$Proxy113.selectList(Unknown Source) ~[?:?]
	at org.mybatis.spring.SqlSessionTemplate.selectList(SqlSessionTemplate.java:224) ~[mybatis-spring-2.0.6.jar:2.0.6]
	at com.baomidou.mybatisplus.core.override.MybatisMapperMethod.executeForMany(MybatisMapperMethod.java:166) ~[mybatis-plus-core-3.4.3.1.jar:3.4.3.1]
	at com.baomidou.mybatisplus.core.override.MybatisMapperMethod.execute(MybatisMapperMethod.java:77) ~[mybatis-plus-core-3.4.3.1.jar:3.4.3.1]
	at com.baomidou.mybatisplus.core.override.MybatisMapperProxy$PlainMethodInvoker.invoke(MybatisMapperProxy.java:148) ~[mybatis-plus-core-3.4.3.1.jar:3.4.3.1]
	at com.baomidou.mybatisplus.core.override.MybatisMapperProxy.invoke(MybatisMapperProxy.java:89) ~[mybatis-plus-core-3.4.3.1.jar:3.4.3.1]
	at com.sun.proxy.$Proxy127.selectBaseList(Unknown Source) ~[?:?]
	at com.project.demo.service.base.BaseService.selectToPage(BaseService.java:77) ~[classes/:?]
	at com.project.demo.service.base.BaseService$$FastClassBySpringCGLIB$$504c7e9.invoke(<generated>) ~[classes/:?]
	at org.springframework.cglib.proxy.MethodProxy.invoke(MethodProxy.java:218) ~[spring-core-5.2.4.RELEASE.jar:5.2.4.RELEASE]
	at org.springframework.aop.framework.CglibAopProxy$CglibMethodInvocation.invokeJoinpoint(CglibAopProxy.java:769) ~[spring-aop-5.2.4.RELEASE.jar:5.2.4.RELEASE]
	at org.springframework.aop.framework.ReflectiveMethodInvocation.proceed(ReflectiveMethodInvocation.java:163) ~[spring-aop-5.2.4.RELEASE.jar:5.2.4.RELEASE]
	at org.springframework.aop.framework.CglibAopProxy$CglibMethodInvocation.proceed(CglibAopProxy.java:747) ~[spring-aop-5.2.4.RELEASE.jar:5.2.4.RELEASE]
	at org.springframework.aop.interceptor.ExposeInvocationInterceptor.invoke(ExposeInvocationInterceptor.java:95) ~[spring-aop-5.2.4.RELEASE.jar:5.2.4.RELEASE]
	at org.springframework.aop.framework.ReflectiveMethodInvocation.proceed(ReflectiveMethodInvocation.java:186) ~[spring-aop-5.2.4.RELEASE.jar:5.2.4.RELEASE]
	at org.springframework.aop.framework.CglibAopProxy$CglibMethodInvocation.proceed(CglibAopProxy.java:747) ~[spring-aop-5.2.4.RELEASE.jar:5.2.4.RELEASE]
	at org.springframework.aop.framework.CglibAopProxy$DynamicAdvisedInterceptor.intercept(CglibAopProxy.java:689) ~[spring-aop-5.2.4.RELEASE.jar:5.2.4.RELEASE]
	at com.project.demo.service.RegisteredUserService$$EnhancerBySpringCGLIB$$a7009c0b.selectToPage(<generated>) ~[classes/:?]
	at com.project.demo.controller.base.BaseController.getList(BaseController.java:76) ~[classes/:?]
	at com.project.demo.controller.base.BaseController$$FastClassBySpringCGLIB$$72c28101.invoke(<generated>) ~[classes/:?]
	at org.springframework.cglib.proxy.MethodProxy.invoke(MethodProxy.java:218) ~[spring-core-5.2.4.RELEASE.jar:5.2.4.RELEASE]
	at org.springframework.aop.framework.CglibAopProxy$DynamicAdvisedInterceptor.intercept(CglibAopProxy.java:685) ~[spring-aop-5.2.4.RELEASE.jar:5.2.4.RELEASE]
	at com.project.demo.controller.RegisteredUserController$$EnhancerBySpringCGLIB$$51add81f.getList(<generated>) ~[classes/:?]
	at sun.reflect.GeneratedMethodAccessor99.invoke(Unknown Source) ~[?:?]
	at sun.reflect.DelegatingMethodAccessorImpl.invoke(DelegatingMethodAccessorImpl.java:43) ~[?:1.8.0_461]
	at java.lang.reflect.Method.invoke(Method.java:498) ~[?:1.8.0_461]
	at org.springframework.web.method.support.InvocableHandlerMethod.doInvoke(InvocableHandlerMethod.java:190) ~[spring-web-5.2.4.RELEASE.jar:5.2.4.RELEASE]
	at org.springframework.web.method.support.InvocableHandlerMethod.invokeForRequest(InvocableHandlerMethod.java:138) ~[spring-web-5.2.4.RELEASE.jar:5.2.4.RELEASE]
	at org.springframework.web.servlet.mvc.method.annotation.ServletInvocableHandlerMethod.invokeAndHandle(ServletInvocableHandlerMethod.java:106) ~[spring-webmvc-5.2.4.RELEASE.jar:5.2.4.RELEASE]
	at org.springframework.web.servlet.mvc.method.annotation.RequestMappingHandlerAdapter.invokeHandlerMethod(RequestMappingHandlerAdapter.java:879) ~[spring-webmvc-5.2.4.RELEASE.jar:5.2.4.RELEASE]
	at org.springframework.web.servlet.mvc.method.annotation.RequestMappingHandlerAdapter.handleInternal(RequestMappingHandlerAdapter.java:793) ~[spring-webmvc-5.2.4.RELEASE.jar:5.2.4.RELEASE]
	at org.springframework.web.servlet.mvc.method.AbstractHandlerMethodAdapter.handle(AbstractHandlerMethodAdapter.java:87) ~[spring-webmvc-5.2.4.RELEASE.jar:5.2.4.RELEASE]
	at org.springframework.web.servlet.DispatcherServlet.doDispatch(DispatcherServlet.java:1040) [spring-webmvc-5.2.4.RELEASE.jar:5.2.4.RELEASE]
	at org.springframework.web.servlet.DispatcherServlet.doService(DispatcherServlet.java:943) [spring-webmvc-5.2.4.RELEASE.jar:5.2.4.RELEASE]
	at org.springframework.web.servlet.FrameworkServlet.processRequest(FrameworkServlet.java:1006) [spring-webmvc-5.2.4.RELEASE.jar:5.2.4.RELEASE]
	at org.springframework.web.servlet.FrameworkServlet.doGet(FrameworkServlet.java:898) [spring-webmvc-5.2.4.RELEASE.jar:5.2.4.RELEASE]
	at javax.servlet.http.HttpServlet.service(HttpServlet.java:634) [tomcat-embed-core-9.0.31.jar:9.0.31]
	at org.springframework.web.servlet.FrameworkServlet.service(FrameworkServlet.java:883) [spring-webmvc-5.2.4.RELEASE.jar:5.2.4.RELEASE]
	at javax.servlet.http.HttpServlet.service(HttpServlet.java:741) [tomcat-embed-core-9.0.31.jar:9.0.31]
	at org.apache.catalina.core.ApplicationFilterChain.internalDoFilter(ApplicationFilterChain.java:231) [tomcat-embed-core-9.0.31.jar:9.0.31]
	at org.apache.catalina.core.ApplicationFilterChain.doFilter(ApplicationFilterChain.java:166) [tomcat-embed-core-9.0.31.jar:9.0.31]
	at org.apache.tomcat.websocket.server.WsFilter.doFilter(WsFilter.java:53) [tomcat-embed-websocket-9.0.31.jar:9.0.31]
	at org.apache.catalina.core.ApplicationFilterChain.internalDoFilter(ApplicationFilterChain.java:193) [tomcat-embed-core-9.0.31.jar:9.0.31]
	at org.apache.catalina.core.ApplicationFilterChain.doFilter(ApplicationFilterChain.java:166) [tomcat-embed-core-9.0.31.jar:9.0.31]
	at org.springframework.web.filter.RequestContextFilter.doFilterInternal(RequestContextFilter.java:100) [spring-web-5.2.4.RELEASE.jar:5.2.4.RELEASE]
	at org.springframework.web.filter.OncePerRequestFilter.doFilter(OncePerRequestFilter.java:119) [spring-web-5.2.4.RELEASE.jar:5.2.4.RELEASE]
	at org.apache.catalina.core.ApplicationFilterChain.internalDoFilter(ApplicationFilterChain.java:193) [tomcat-embed-core-9.0.31.jar:9.0.31]
	at org.apache.catalina.core.ApplicationFilterChain.doFilter(ApplicationFilterChain.java:166) [tomcat-embed-core-9.0.31.jar:9.0.31]
	at org.springframework.web.filter.FormContentFilter.doFilterInternal(FormContentFilter.java:93) [spring-web-5.2.4.RELEASE.jar:5.2.4.RELEASE]
	at org.springframework.web.filter.OncePerRequestFilter.doFilter(OncePerRequestFilter.java:119) [spring-web-5.2.4.RELEASE.jar:5.2.4.RELEASE]
	at org.apache.catalina.core.ApplicationFilterChain.internalDoFilter(ApplicationFilterChain.java:193) [tomcat-embed-core-9.0.31.jar:9.0.31]
	at org.apache.catalina.core.ApplicationFilterChain.doFilter(ApplicationFilterChain.java:166) [tomcat-embed-core-9.0.31.jar:9.0.31]
	at org.springframework.web.filter.CharacterEncodingFilter.doFilterInternal(CharacterEncodingFilter.java:201) [spring-web-5.2.4.RELEASE.jar:5.2.4.RELEASE]
	at org.springframework.web.filter.OncePerRequestFilter.doFilter(OncePerRequestFilter.java:119) [spring-web-5.2.4.RELEASE.jar:5.2.4.RELEASE]
	at org.apache.catalina.core.ApplicationFilterChain.internalDoFilter(ApplicationFilterChain.java:193) [tomcat-embed-core-9.0.31.jar:9.0.31]
	at org.apache.catalina.core.ApplicationFilterChain.doFilter(ApplicationFilterChain.java:166) [tomcat-embed-core-9.0.31.jar:9.0.31]
	at org.apache.catalina.core.StandardWrapperValve.invoke(StandardWrapperValve.java:202) [tomcat-embed-core-9.0.31.jar:9.0.31]
	at org.apache.catalina.core.StandardContextValve.invoke(StandardContextValve.java:96) [tomcat-embed-core-9.0.31.jar:9.0.31]
	at org.apache.catalina.authenticator.AuthenticatorBase.invoke(AuthenticatorBase.java:541) [tomcat-embed-core-9.0.31.jar:9.0.31]
	at org.apache.catalina.core.StandardHostValve.invoke(StandardHostValve.java:139) [tomcat-embed-core-9.0.31.jar:9.0.31]
	at org.apache.catalina.valves.ErrorReportValve.invoke(ErrorReportValve.java:92) [tomcat-embed-core-9.0.31.jar:9.0.31]
	at org.apache.catalina.core.StandardEngineValve.invoke(StandardEngineValve.java:74) [tomcat-embed-core-9.0.31.jar:9.0.31]
	at org.apache.catalina.connector.CoyoteAdapter.service(CoyoteAdapter.java:343) [tomcat-embed-core-9.0.31.jar:9.0.31]
	at org.apache.coyote.http11.Http11Processor.service(Http11Processor.java:367) [tomcat-embed-core-9.0.31.jar:9.0.31]
	at org.apache.coyote.AbstractProcessorLight.process(AbstractProcessorLight.java:65) [tomcat-embed-core-9.0.31.jar:9.0.31]
	at org.apache.coyote.AbstractProtocol$ConnectionHandler.process(AbstractProtocol.java:868) [tomcat-embed-core-9.0.31.jar:9.0.31]
	at org.apache.tomcat.util.net.NioEndpoint$SocketProcessor.doRun(NioEndpoint.java:1639) [tomcat-embed-core-9.0.31.jar:9.0.31]
	at org.apache.tomcat.util.net.SocketProcessorBase.run(SocketProcessorBase.java:49) [tomcat-embed-core-9.0.31.jar:9.0.31]
	at java.util.concurrent.ThreadPoolExecutor.runWorker(ThreadPoolExecutor.java:1149) [?:1.8.0_461]
	at java.util.concurrent.ThreadPoolExecutor$Worker.run(ThreadPoolExecutor.java:624) [?:1.8.0_461]
	at org.apache.tomcat.util.threads.TaskThread$WrappingRunnable.run(TaskThread.java:61) [tomcat-embed-core-9.0.31.jar:9.0.31]
	at java.lang.Thread.run(Thread.java:750) [?:1.8.0_461]
Caused by: java.sql.SQLSyntaxErrorException: You have an error in your SQL syntax; check the manual that corresponds to your MySQL server version for the right syntax to use near 'by create_time desc  limit 0 , 7' at line 1
	at com.mysql.cj.jdbc.exceptions.SQLError.createSQLException(SQLError.java:118) ~[mysql-connector-java-8.0.11.jar:8.0.11]
	at com.mysql.cj.jdbc.exceptions.SQLError.createSQLException(SQLError.java:95) ~[mysql-connector-java-8.0.11.jar:8.0.11]
	at com.mysql.cj.jdbc.exceptions.SQLExceptionsMapping.translateException(SQLExceptionsMapping.java:122) ~[mysql-connector-java-8.0.11.jar:8.0.11]
	at com.mysql.cj.jdbc.ClientPreparedStatement.executeInternal(ClientPreparedStatement.java:960) ~[mysql-connector-java-8.0.11.jar:8.0.11]
	at com.mysql.cj.jdbc.ClientPreparedStatement.execute(ClientPreparedStatement.java:388) ~[mysql-connector-java-8.0.11.jar:8.0.11]
	at com.alibaba.druid.pool.DruidPooledPreparedStatement.execute(DruidPooledPreparedStatement.java:497) ~[druid-1.2.8.jar:1.2.8]
	at sun.reflect.GeneratedMethodAccessor81.invoke(Unknown Source) ~[?:?]
	at sun.reflect.DelegatingMethodAccessorImpl.invoke(DelegatingMethodAccessorImpl.java:43) ~[?:1.8.0_461]
	at java.lang.reflect.Method.invoke(Method.java:498) ~[?:1.8.0_461]
	at org.apache.ibatis.logging.jdbc.PreparedStatementLogger.invoke(PreparedStatementLogger.java:59) ~[mybatis-3.5.7.jar:3.5.7]
	at com.sun.proxy.$Proxy150.execute(Unknown Source) ~[?:?]
	at org.apache.ibatis.executor.statement.PreparedStatementHandler.query(PreparedStatementHandler.java:64) ~[mybatis-3.5.7.jar:3.5.7]
	at org.apache.ibatis.executor.statement.RoutingStatementHandler.query(RoutingStatementHandler.java:79) ~[mybatis-3.5.7.jar:3.5.7]
	at sun.reflect.GeneratedMethodAccessor83.invoke(Unknown Source) ~[?:?]
	at sun.reflect.DelegatingMethodAccessorImpl.invoke(DelegatingMethodAccessorImpl.java:43) ~[?:1.8.0_461]
	at java.lang.reflect.Method.invoke(Method.java:498) ~[?:1.8.0_461]
	at org.apache.ibatis.plugin.Plugin.invoke(Plugin.java:64) ~[mybatis-3.5.7.jar:3.5.7]
	at com.sun.proxy.$Proxy147.query(Unknown Source) ~[?:?]
	at org.apache.ibatis.executor.SimpleExecutor.doQuery(SimpleExecutor.java:63) ~[mybatis-3.5.7.jar:3.5.7]
	at org.apache.ibatis.executor.BaseExecutor.queryFromDatabase(BaseExecutor.java:325) ~[mybatis-3.5.7.jar:3.5.7]
	at org.apache.ibatis.executor.BaseExecutor.query(BaseExecutor.java:156) ~[mybatis-3.5.7.jar:3.5.7]
	at org.apache.ibatis.executor.CachingExecutor.query(CachingExecutor.java:109) ~[mybatis-3.5.7.jar:3.5.7]
	at com.baomidou.mybatisplus.extension.plugins.MybatisPlusInterceptor.intercept(MybatisPlusInterceptor.java:81) ~[mybatis-plus-extension-3.4.3.1.jar:3.4.3.1]
	at org.apache.ibatis.plugin.Plugin.invoke(Plugin.java:62) ~[mybatis-3.5.7.jar:3.5.7]
	at com.sun.proxy.$Proxy146.query(Unknown Source) ~[?:?]
	at org.apache.ibatis.session.defaults.DefaultSqlSession.selectList(DefaultSqlSession.java:151) ~[mybatis-3.5.7.jar:3.5.7]
	at org.apache.ibatis.session.defaults.DefaultSqlSession.selectList(DefaultSqlSession.java:145) ~[mybatis-3.5.7.jar:3.5.7]
	at org.apache.ibatis.session.defaults.DefaultSqlSession.selectList(DefaultSqlSession.java:140) ~[mybatis-3.5.7.jar:3.5.7]
	at sun.reflect.GeneratedMethodAccessor96.invoke(Unknown Source) ~[?:?]
	at sun.reflect.DelegatingMethodAccessorImpl.invoke(DelegatingMethodAccessorImpl.java:43) ~[?:1.8.0_461]
	at java.lang.reflect.Method.invoke(Method.java:498) ~[?:1.8.0_461]
	at org.mybatis.spring.SqlSessionTemplate$SqlSessionInterceptor.invoke(SqlSessionTemplate.java:427) ~[mybatis-spring-2.0.6.jar:2.0.6]
	... 72 more
2026-05-04 22:21:44.232 [http-nio-5000-exec-1] ERROR com.project.demo.exception.GlobalExceptionHandler - 运行时异常: 
org.springframework.jdbc.BadSqlGrammarException: 
### Error querying database.  Cause: java.sql.SQLSyntaxErrorException: You have an error in your SQL syntax; check the manual that corresponds to your MySQL server version for the right syntax to use near 'by create_time desc  limit 0 , 10' at line 1
### The error may exist in file [/home/yuan/Desktop/bishe-main/target/classes/mapper/BaseMapper.xml]
### The error may involve defaultParameterMap
### The error occurred while setting parameters
### SQL: select * from `user` WHERE `user_group` LIKE '%管理员%'  AND is_delete = 0order by create_time desc  limit 0 , 10
### Cause: java.sql.SQLSyntaxErrorException: You have an error in your SQL syntax; check the manual that corresponds to your MySQL server version for the right syntax to use near 'by create_time desc  limit 0 , 10' at line 1
; bad SQL grammar []; nested exception is java.sql.SQLSyntaxErrorException: You have an error in your SQL syntax; check the manual that corresponds to your MySQL server version for the right syntax to use near 'by create_time desc  limit 0 , 10' at line 1
	at org.springframework.jdbc.support.SQLErrorCodeSQLExceptionTranslator.doTranslate(SQLErrorCodeSQLExceptionTranslator.java:235) ~[spring-jdbc-5.2.4.RELEASE.jar:5.2.4.RELEASE]
	at org.springframework.jdbc.support.AbstractFallbackSQLExceptionTranslator.translate(AbstractFallbackSQLExceptionTranslator.java:72) ~[spring-jdbc-5.2.4.RELEASE.jar:5.2.4.RELEASE]
	at org.mybatis.spring.MyBatisExceptionTranslator.translateExceptionIfPossible(MyBatisExceptionTranslator.java:91) ~[mybatis-spring-2.0.6.jar:2.0.6]
	at org.mybatis.spring.SqlSessionTemplate$SqlSessionInterceptor.invoke(SqlSessionTemplate.java:441) ~[mybatis-spring-2.0.6.jar:2.0.6]
	at com.sun.proxy.$Proxy113.selectList(Unknown Source) ~[?:?]
	at org.mybatis.spring.SqlSessionTemplate.selectList(SqlSessionTemplate.java:224) ~[mybatis-spring-2.0.6.jar:2.0.6]
	at com.baomidou.mybatisplus.core.override.MybatisMapperMethod.executeForMany(MybatisMapperMethod.java:166) ~[mybatis-plus-core-3.4.3.1.jar:3.4.3.1]
	at com.baomidou.mybatisplus.core.override.MybatisMapperMethod.execute(MybatisMapperMethod.java:77) ~[mybatis-plus-core-3.4.3.1.jar:3.4.3.1]
	at com.baomidou.mybatisplus.core.override.MybatisMapperProxy$PlainMethodInvoker.invoke(MybatisMapperProxy.java:148) ~[mybatis-plus-core-3.4.3.1.jar:3.4.3.1]
	at com.baomidou.mybatisplus.core.override.MybatisMapperProxy.invoke(MybatisMapperProxy.java:89) ~[mybatis-plus-core-3.4.3.1.jar:3.4.3.1]
	at com.sun.proxy.$Proxy131.selectBaseList(Unknown Source) ~[?:?]
	at com.project.demo.service.base.BaseService.selectToPage(BaseService.java:77) ~[classes/:?]
	at com.project.demo.service.base.BaseService$$FastClassBySpringCGLIB$$504c7e9.invoke(<generated>) ~[classes/:?]
	at org.springframework.cglib.proxy.MethodProxy.invoke(MethodProxy.java:218) ~[spring-core-5.2.4.RELEASE.jar:5.2.4.RELEASE]
	at org.springframework.aop.framework.CglibAopProxy$CglibMethodInvocation.invokeJoinpoint(CglibAopProxy.java:769) ~[spring-aop-5.2.4.RELEASE.jar:5.2.4.RELEASE]
	at org.springframework.aop.framework.ReflectiveMethodInvocation.proceed(ReflectiveMethodInvocation.java:163) ~[spring-aop-5.2.4.RELEASE.jar:5.2.4.RELEASE]
	at org.springframework.aop.framework.CglibAopProxy$CglibMethodInvocation.proceed(CglibAopProxy.java:747) ~[spring-aop-5.2.4.RELEASE.jar:5.2.4.RELEASE]
	at org.springframework.aop.interceptor.ExposeInvocationInterceptor.invoke(ExposeInvocationInterceptor.java:95) ~[spring-aop-5.2.4.RELEASE.jar:5.2.4.RELEASE]
	at org.springframework.aop.framework.ReflectiveMethodInvocation.proceed(ReflectiveMethodInvocation.java:186) ~[spring-aop-5.2.4.RELEASE.jar:5.2.4.RELEASE]
	at org.springframework.aop.framework.CglibAopProxy$CglibMethodInvocation.proceed(CglibAopProxy.java:747) ~[spring-aop-5.2.4.RELEASE.jar:5.2.4.RELEASE]
	at org.springframework.aop.framework.CglibAopProxy$DynamicAdvisedInterceptor.intercept(CglibAopProxy.java:689) ~[spring-aop-5.2.4.RELEASE.jar:5.2.4.RELEASE]
	at com.project.demo.service.UserService$$EnhancerBySpringCGLIB$$a5130571.selectToPage(<generated>) ~[classes/:?]
	at com.project.demo.controller.base.BaseController.getList(BaseController.java:76) ~[classes/:?]
	at com.project.demo.controller.base.BaseController$$FastClassBySpringCGLIB$$72c28101.invoke(<generated>) ~[classes/:?]
	at org.springframework.cglib.proxy.MethodProxy.invoke(MethodProxy.java:218) ~[spring-core-5.2.4.RELEASE.jar:5.2.4.RELEASE]
	at org.springframework.aop.framework.CglibAopProxy$DynamicAdvisedInterceptor.intercept(CglibAopProxy.java:685) ~[spring-aop-5.2.4.RELEASE.jar:5.2.4.RELEASE]
	at com.project.demo.controller.UserController$$EnhancerBySpringCGLIB$$64902b39.getList(<generated>) ~[classes/:?]
	at sun.reflect.GeneratedMethodAccessor99.invoke(Unknown Source) ~[?:?]
	at sun.reflect.DelegatingMethodAccessorImpl.invoke(DelegatingMethodAccessorImpl.java:43) ~[?:1.8.0_461]
	at java.lang.reflect.Method.invoke(Method.java:498) ~[?:1.8.0_461]
	at org.springframework.web.method.support.InvocableHandlerMethod.doInvoke(InvocableHandlerMethod.java:190) ~[spring-web-5.2.4.RELEASE.jar:5.2.4.RELEASE]
	at org.springframework.web.method.support.InvocableHandlerMethod.invokeForRequest(InvocableHandlerMethod.java:138) ~[spring-web-5.2.4.RELEASE.jar:5.2.4.RELEASE]
	at org.springframework.web.servlet.mvc.method.annotation.ServletInvocableHandlerMethod.invokeAndHandle(ServletInvocableHandlerMethod.java:106) ~[spring-webmvc-5.2.4.RELEASE.jar:5.2.4.RELEASE]
	at org.springframework.web.servlet.mvc.method.annotation.RequestMappingHandlerAdapter.invokeHandlerMethod(RequestMappingHandlerAdapter.java:879) ~[spring-webmvc-5.2.4.RELEASE.jar:5.2.4.RELEASE]
	at org.springframework.web.servlet.mvc.method.annotation.RequestMappingHandlerAdapter.handleInternal(RequestMappingHandlerAdapter.java:793) ~[spring-webmvc-5.2.4.RELEASE.jar:5.2.4.RELEASE]
	at org.springframework.web.servlet.mvc.method.AbstractHandlerMethodAdapter.handle(AbstractHandlerMethodAdapter.java:87) ~[spring-webmvc-5.2.4.RELEASE.jar:5.2.4.RELEASE]
	at org.springframework.web.servlet.DispatcherServlet.doDispatch(DispatcherServlet.java:1040) [spring-webmvc-5.2.4.RELEASE.jar:5.2.4.RELEASE]
	at org.springframework.web.servlet.DispatcherServlet.doService(DispatcherServlet.java:943) [spring-webmvc-5.2.4.RELEASE.jar:5.2.4.RELEASE]
	at org.springframework.web.servlet.FrameworkServlet.processRequest(FrameworkServlet.java:1006) [spring-webmvc-5.2.4.RELEASE.jar:5.2.4.RELEASE]
	at org.springframework.web.servlet.FrameworkServlet.doGet(FrameworkServlet.java:898) [spring-webmvc-5.2.4.RELEASE.jar:5.2.4.RELEASE]
	at javax.servlet.http.HttpServlet.service(HttpServlet.java:634) [tomcat-embed-core-9.0.31.jar:9.0.31]
	at org.springframework.web.servlet.FrameworkServlet.service(FrameworkServlet.java:883) [spring-webmvc-5.2.4.RELEASE.jar:5.2.4.RELEASE]
	at javax.servlet.http.HttpServlet.service(HttpServlet.java:741) [tomcat-embed-core-9.0.31.jar:9.0.31]
	at org.apache.catalina.core.ApplicationFilterChain.internalDoFilter(ApplicationFilterChain.java:231) [tomcat-embed-core-9.0.31.jar:9.0.31]
	at org.apache.catalina.core.ApplicationFilterChain.doFilter(ApplicationFilterChain.java:166) [tomcat-embed-core-9.0.31.jar:9.0.31]
	at org.apache.tomcat.websocket.server.WsFilter.doFilter(WsFilter.java:53) [tomcat-embed-websocket-9.0.31.jar:9.0.31]
	at org.apache.catalina.core.ApplicationFilterChain.internalDoFilter(ApplicationFilterChain.java:193) [tomcat-embed-core-9.0.31.jar:9.0.31]
	at org.apache.catalina.core.ApplicationFilterChain.doFilter(ApplicationFilterChain.java:166) [tomcat-embed-core-9.0.31.jar:9.0.31]
	at org.springframework.web.filter.RequestContextFilter.doFilterInternal(RequestContextFilter.java:100) [spring-web-5.2.4.RELEASE.jar:5.2.4.RELEASE]
	at org.springframework.web.filter.OncePerRequestFilter.doFilter(OncePerRequestFilter.java:119) [spring-web-5.2.4.RELEASE.jar:5.2.4.RELEASE]
	at org.apache.catalina.core.ApplicationFilterChain.internalDoFilter(ApplicationFilterChain.java:193) [tomcat-embed-core-9.0.31.jar:9.0.31]
	at org.apache.catalina.core.ApplicationFilterChain.doFilter(ApplicationFilterChain.java:166) [tomcat-embed-core-9.0.31.jar:9.0.31]
	at org.springframework.web.filter.FormContentFilter.doFilterInternal(FormContentFilter.java:93) [spring-web-5.2.4.RELEASE.jar:5.2.4.RELEASE]
	at org.springframework.web.filter.OncePerRequestFilter.doFilter(OncePerRequestFilter.java:119) [spring-web-5.2.4.RELEASE.jar:5.2.4.RELEASE]
	at org.apache.catalina.core.ApplicationFilterChain.internalDoFilter(ApplicationFilterChain.java:193) [tomcat-embed-core-9.0.31.jar:9.0.31]
	at org.apache.catalina.core.ApplicationFilterChain.doFilter(ApplicationFilterChain.java:166) [tomcat-embed-core-9.0.31.jar:9.0.31]
	at org.springframework.web.filter.CharacterEncodingFilter.doFilterInternal(CharacterEncodingFilter.java:201) [spring-web-5.2.4.RELEASE.jar:5.2.4.RELEASE]
	at org.springframework.web.filter.OncePerRequestFilter.doFilter(OncePerRequestFilter.java:119) [spring-web-5.2.4.RELEASE.jar:5.2.4.RELEASE]
	at org.apache.catalina.core.ApplicationFilterChain.internalDoFilter(ApplicationFilterChain.java:193) [tomcat-embed-core-9.0.31.jar:9.0.31]
	at org.apache.catalina.core.ApplicationFilterChain.doFilter(ApplicationFilterChain.java:166) [tomcat-embed-core-9.0.31.jar:9.0.31]
	at org.apache.catalina.core.StandardWrapperValve.invoke(StandardWrapperValve.java:202) [tomcat-embed-core-9.0.31.jar:9.0.31]
	at org.apache.catalina.core.StandardContextValve.invoke(StandardContextValve.java:96) [tomcat-embed-core-9.0.31.jar:9.0.31]
	at org.apache.catalina.authenticator.AuthenticatorBase.invoke(AuthenticatorBase.java:541) [tomcat-embed-core-9.0.31.jar:9.0.31]
	at org.apache.catalina.core.StandardHostValve.invoke(StandardHostValve.java:139) [tomcat-embed-core-9.0.31.jar:9.0.31]
	at org.apache.catalina.valves.ErrorReportValve.invoke(ErrorReportValve.java:92) [tomcat-embed-core-9.0.31.jar:9.0.31]
	at org.apache.catalina.core.StandardEngineValve.invoke(StandardEngineValve.java:74) [tomcat-embed-core-9.0.31.jar:9.0.31]
	at org.apache.catalina.connector.CoyoteAdapter.service(CoyoteAdapter.java:343) [tomcat-embed-core-9.0.31.jar:9.0.31]
	at org.apache.coyote.http11.Http11Processor.service(Http11Processor.java:367) [tomcat-embed-core-9.0.31.jar:9.0.31]
	at org.apache.coyote.AbstractProcessorLight.process(AbstractProcessorLight.java:65) [tomcat-embed-core-9.0.31.jar:9.0.31]
	at org.apache.coyote.AbstractProtocol$ConnectionHandler.process(AbstractProtocol.java:868) [tomcat-embed-core-9.0.31.jar:9.0.31]
	at org.apache.tomcat.util.net.NioEndpoint$SocketProcessor.doRun(NioEndpoint.java:1639) [tomcat-embed-core-9.0.31.jar:9.0.31]
	at org.apache.tomcat.util.net.SocketProcessorBase.run(SocketProcessorBase.java:49) [tomcat-embed-core-9.0.31.jar:9.0.31]
	at java.util.concurrent.ThreadPoolExecutor.runWorker(ThreadPoolExecutor.java:1149) [?:1.8.0_461]
	at java.util.concurrent.ThreadPoolExecutor$Worker.run(ThreadPoolExecutor.java:624) [?:1.8.0_461]
	at org.apache.tomcat.util.threads.TaskThread$WrappingRunnable.run(TaskThread.java:61) [tomcat-embed-core-9.0.31.jar:9.0.31]
	at java.lang.Thread.run(Thread.java:750) [?:1.8.0_461]
Caused by: java.sql.SQLSyntaxErrorException: You have an error in your SQL syntax; check the manual that corresponds to your MySQL server version for the right syntax to use near 'by create_time desc  limit 0 , 10' at line 1
	at com.mysql.cj.jdbc.exceptions.SQLError.createSQLException(SQLError.java:118) ~[mysql-connector-java-8.0.11.jar:8.0.11]
	at com.mysql.cj.jdbc.exceptions.SQLError.createSQLException(SQLError.java:95) ~[mysql-connector-java-8.0.11.jar:8.0.11]
	at com.mysql.cj.jdbc.exceptions.SQLExceptionsMapping.translateException(SQLExceptionsMapping.java:122) ~[mysql-connector-java-8.0.11.jar:8.0.11]
	at com.mysql.cj.jdbc.ClientPreparedStatement.executeInternal(ClientPreparedStatement.java:960) ~[mysql-connector-java-8.0.11.jar:8.0.11]
	at com.mysql.cj.jdbc.ClientPreparedStatement.execute(ClientPreparedStatement.java:388) ~[mysql-connector-java-8.0.11.jar:8.0.11]
	at com.alibaba.druid.pool.DruidPooledPreparedStatement.execute(DruidPooledPreparedStatement.java:497) ~[druid-1.2.8.jar:1.2.8]
	at sun.reflect.GeneratedMethodAccessor81.invoke(Unknown Source) ~[?:?]
	at sun.reflect.DelegatingMethodAccessorImpl.invoke(DelegatingMethodAccessorImpl.java:43) ~[?:1.8.0_461]
	at java.lang.reflect.Method.invoke(Method.java:498) ~[?:1.8.0_461]
	at org.apache.ibatis.logging.jdbc.PreparedStatementLogger.invoke(PreparedStatementLogger.java:59) ~[mybatis-3.5.7.jar:3.5.7]
	at com.sun.proxy.$Proxy150.execute(Unknown Source) ~[?:?]
	at org.apache.ibatis.executor.statement.PreparedStatementHandler.query(PreparedStatementHandler.java:64) ~[mybatis-3.5.7.jar:3.5.7]
	at org.apache.ibatis.executor.statement.RoutingStatementHandler.query(RoutingStatementHandler.java:79) ~[mybatis-3.5.7.jar:3.5.7]
	at sun.reflect.GeneratedMethodAccessor83.invoke(Unknown Source) ~[?:?]
	at sun.reflect.DelegatingMethodAccessorImpl.invoke(DelegatingMethodAccessorImpl.java:43) ~[?:1.8.0_461]
	at java.lang.reflect.Method.invoke(Method.java:498) ~[?:1.8.0_461]
	at org.apache.ibatis.plugin.Plugin.invoke(Plugin.java:64) ~[mybatis-3.5.7.jar:3.5.7]
	at com.sun.proxy.$Proxy147.query(Unknown Source) ~[?:?]
	at org.apache.ibatis.executor.SimpleExecutor.doQuery(SimpleExecutor.java:63) ~[mybatis-3.5.7.jar:3.5.7]
	at org.apache.ibatis.executor.BaseExecutor.queryFromDatabase(BaseExecutor.java:325) ~[mybatis-3.5.7.jar:3.5.7]
	at org.apache.ibatis.executor.BaseExecutor.query(BaseExecutor.java:156) ~[mybatis-3.5.7.jar:3.5.7]
	at org.apache.ibatis.executor.CachingExecutor.query(CachingExecutor.java:109) ~[mybatis-3.5.7.jar:3.5.7]
	at com.baomidou.mybatisplus.extension.plugins.MybatisPlusInterceptor.intercept(MybatisPlusInterceptor.java:81) ~[mybatis-plus-extension-3.4.3.1.jar:3.4.3.1]
	at org.apache.ibatis.plugin.Plugin.invoke(Plugin.java:62) ~[mybatis-3.5.7.jar:3.5.7]
	at com.sun.proxy.$Proxy146.query(Unknown Source) ~[?:?]
	at org.apache.ibatis.session.defaults.DefaultSqlSession.selectList(DefaultSqlSession.java:151) ~[mybatis-3.5.7.jar:3.5.7]
	at org.apache.ibatis.session.defaults.DefaultSqlSession.selectList(DefaultSqlSession.java:145) ~[mybatis-3.5.7.jar:3.5.7]
	at org.apache.ibatis.session.defaults.DefaultSqlSession.selectList(DefaultSqlSession.java:140) ~[mybatis-3.5.7.jar:3.5.7]
	at sun.reflect.GeneratedMethodAccessor96.invoke(Unknown Source) ~[?:?]
	at sun.reflect.DelegatingMethodAccessorImpl.invoke(DelegatingMethodAccessorImpl.java:43) ~[?:1.8.0_461]
	at java.lang.reflect.Method.invoke(Method.java:498) ~[?:1.8.0_461]
	at org.mybatis.spring.SqlSessionTemplate$SqlSessionInterceptor.invoke(SqlSessionTemplate.java:427) ~[mybatis-spring-2.0.6.jar:2.0.6]
	... 72 more
2026-05-04 22:21:44.717 [http-nio-5000-exec-4] ERROR com.project.demo.exception.GlobalExceptionHandler - 运行时异常: 
org.springframework.jdbc.BadSqlGrammarException: 
### Error querying database.  Cause: java.sql.SQLSyntaxErrorException: You have an error in your SQL syntax; check the manual that corresponds to your MySQL server version for the right syntax to use near 'by create_time desc  limit 0 , 7' at line 1
### The error may exist in file [/home/yuan/Desktop/bishe-main/target/classes/mapper/BaseMapper.xml]
### The error may involve defaultParameterMap
### The error occurred while setting parameters
### SQL: select * from `registered_user` WHERE is_delete = 0order by create_time desc  limit 0 , 7
### Cause: java.sql.SQLSyntaxErrorException: You have an error in your SQL syntax; check the manual that corresponds to your MySQL server version for the right syntax to use near 'by create_time desc  limit 0 , 7' at line 1
; bad SQL grammar []; nested exception is java.sql.SQLSyntaxErrorException: You have an error in your SQL syntax; check the manual that corresponds to your MySQL server version for the right syntax to use near 'by create_time desc  limit 0 , 7' at line 1
	at org.springframework.jdbc.support.SQLErrorCodeSQLExceptionTranslator.doTranslate(SQLErrorCodeSQLExceptionTranslator.java:235) ~[spring-jdbc-5.2.4.RELEASE.jar:5.2.4.RELEASE]
	at org.springframework.jdbc.support.AbstractFallbackSQLExceptionTranslator.translate(AbstractFallbackSQLExceptionTranslator.java:72) ~[spring-jdbc-5.2.4.RELEASE.jar:5.2.4.RELEASE]
	at org.mybatis.spring.MyBatisExceptionTranslator.translateExceptionIfPossible(MyBatisExceptionTranslator.java:91) ~[mybatis-spring-2.0.6.jar:2.0.6]
	at org.mybatis.spring.SqlSessionTemplate$SqlSessionInterceptor.invoke(SqlSessionTemplate.java:441) ~[mybatis-spring-2.0.6.jar:2.0.6]
	at com.sun.proxy.$Proxy113.selectList(Unknown Source) ~[?:?]
	at org.mybatis.spring.SqlSessionTemplate.selectList(SqlSessionTemplate.java:224) ~[mybatis-spring-2.0.6.jar:2.0.6]
	at com.baomidou.mybatisplus.core.override.MybatisMapperMethod.executeForMany(MybatisMapperMethod.java:166) ~[mybatis-plus-core-3.4.3.1.jar:3.4.3.1]
	at com.baomidou.mybatisplus.core.override.MybatisMapperMethod.execute(MybatisMapperMethod.java:77) ~[mybatis-plus-core-3.4.3.1.jar:3.4.3.1]
	at com.baomidou.mybatisplus.core.override.MybatisMapperProxy$PlainMethodInvoker.invoke(MybatisMapperProxy.java:148) ~[mybatis-plus-core-3.4.3.1.jar:3.4.3.1]
	at com.baomidou.mybatisplus.core.override.MybatisMapperProxy.invoke(MybatisMapperProxy.java:89) ~[mybatis-plus-core-3.4.3.1.jar:3.4.3.1]
	at com.sun.proxy.$Proxy127.selectBaseList(Unknown Source) ~[?:?]
	at com.project.demo.service.base.BaseService.selectToPage(BaseService.java:77) ~[classes/:?]
	at com.project.demo.service.base.BaseService$$FastClassBySpringCGLIB$$504c7e9.invoke(<generated>) ~[classes/:?]
	at org.springframework.cglib.proxy.MethodProxy.invoke(MethodProxy.java:218) ~[spring-core-5.2.4.RELEASE.jar:5.2.4.RELEASE]
	at org.springframework.aop.framework.CglibAopProxy$CglibMethodInvocation.invokeJoinpoint(CglibAopProxy.java:769) ~[spring-aop-5.2.4.RELEASE.jar:5.2.4.RELEASE]
	at org.springframework.aop.framework.ReflectiveMethodInvocation.proceed(ReflectiveMethodInvocation.java:163) ~[spring-aop-5.2.4.RELEASE.jar:5.2.4.RELEASE]
	at org.springframework.aop.framework.CglibAopProxy$CglibMethodInvocation.proceed(CglibAopProxy.java:747) ~[spring-aop-5.2.4.RELEASE.jar:5.2.4.RELEASE]
	at org.springframework.aop.interceptor.ExposeInvocationInterceptor.invoke(ExposeInvocationInterceptor.java:95) ~[spring-aop-5.2.4.RELEASE.jar:5.2.4.RELEASE]
	at org.springframework.aop.framework.ReflectiveMethodInvocation.proceed(ReflectiveMethodInvocation.java:186) ~[spring-aop-5.2.4.RELEASE.jar:5.2.4.RELEASE]
	at org.springframework.aop.framework.CglibAopProxy$CglibMethodInvocation.proceed(CglibAopProxy.java:747) ~[spring-aop-5.2.4.RELEASE.jar:5.2.4.RELEASE]
	at org.springframework.aop.framework.CglibAopProxy$DynamicAdvisedInterceptor.intercept(CglibAopProxy.java:689) ~[spring-aop-5.2.4.RELEASE.jar:5.2.4.RELEASE]
	at com.project.demo.service.RegisteredUserService$$EnhancerBySpringCGLIB$$a7009c0b.selectToPage(<generated>) ~[classes/:?]
	at com.project.demo.controller.base.BaseController.getList(BaseController.java:76) ~[classes/:?]
	at com.project.demo.controller.base.BaseController$$FastClassBySpringCGLIB$$72c28101.invoke(<generated>) ~[classes/:?]
	at org.springframework.cglib.proxy.MethodProxy.invoke(MethodProxy.java:218) ~[spring-core-5.2.4.RELEASE.jar:5.2.4.RELEASE]
	at org.springframework.aop.framework.CglibAopProxy$DynamicAdvisedInterceptor.intercept(CglibAopProxy.java:685) ~[spring-aop-5.2.4.RELEASE.jar:5.2.4.RELEASE]
	at com.project.demo.controller.RegisteredUserController$$EnhancerBySpringCGLIB$$51add81f.getList(<generated>) ~[classes/:?]
	at sun.reflect.GeneratedMethodAccessor99.invoke(Unknown Source) ~[?:?]
	at sun.reflect.DelegatingMethodAccessorImpl.invoke(DelegatingMethodAccessorImpl.java:43) ~[?:1.8.0_461]
	at java.lang.reflect.Method.invoke(Method.java:498) ~[?:1.8.0_461]
	at org.springframework.web.method.support.InvocableHandlerMethod.doInvoke(InvocableHandlerMethod.java:190) ~[spring-web-5.2.4.RELEASE.jar:5.2.4.RELEASE]
	at org.springframework.web.method.support.InvocableHandlerMethod.invokeForRequest(InvocableHandlerMethod.java:138) ~[spring-web-5.2.4.RELEASE.jar:5.2.4.RELEASE]
	at org.springframework.web.servlet.mvc.method.annotation.ServletInvocableHandlerMethod.invokeAndHandle(ServletInvocableHandlerMethod.java:106) ~[spring-webmvc-5.2.4.RELEASE.jar:5.2.4.RELEASE]
	at org.springframework.web.servlet.mvc.method.annotation.RequestMappingHandlerAdapter.invokeHandlerMethod(RequestMappingHandlerAdapter.java:879) ~[spring-webmvc-5.2.4.RELEASE.jar:5.2.4.RELEASE]
	at org.springframework.web.servlet.mvc.method.annotation.RequestMappingHandlerAdapter.handleInternal(RequestMappingHandlerAdapter.java:793) ~[spring-webmvc-5.2.4.RELEASE.jar:5.2.4.RELEASE]
	at org.springframework.web.servlet.mvc.method.AbstractHandlerMethodAdapter.handle(AbstractHandlerMethodAdapter.java:87) ~[spring-webmvc-5.2.4.RELEASE.jar:5.2.4.RELEASE]
	at org.springframework.web.servlet.DispatcherServlet.doDispatch(DispatcherServlet.java:1040) [spring-webmvc-5.2.4.RELEASE.jar:5.2.4.RELEASE]
	at org.springframework.web.servlet.DispatcherServlet.doService(DispatcherServlet.java:943) [spring-webmvc-5.2.4.RELEASE.jar:5.2.4.RELEASE]
	at org.springframework.web.servlet.FrameworkServlet.processRequest(FrameworkServlet.java:1006) [spring-webmvc-5.2.4.RELEASE.jar:5.2.4.RELEASE]
	at org.springframework.web.servlet.FrameworkServlet.doGet(FrameworkServlet.java:898) [spring-webmvc-5.2.4.RELEASE.jar:5.2.4.RELEASE]
	at javax.servlet.http.HttpServlet.service(HttpServlet.java:634) [tomcat-embed-core-9.0.31.jar:9.0.31]
	at org.springframework.web.servlet.FrameworkServlet.service(FrameworkServlet.java:883) [spring-webmvc-5.2.4.RELEASE.jar:5.2.4.RELEASE]
	at javax.servlet.http.HttpServlet.service(HttpServlet.java:741) [tomcat-embed-core-9.0.31.jar:9.0.31]
	at org.apache.catalina.core.ApplicationFilterChain.internalDoFilter(ApplicationFilterChain.java:231) [tomcat-embed-core-9.0.31.jar:9.0.31]
	at org.apache.catalina.core.ApplicationFilterChain.doFilter(ApplicationFilterChain.java:166) [tomcat-embed-core-9.0.31.jar:9.0.31]
	at org.apache.tomcat.websocket.server.WsFilter.doFilter(WsFilter.java:53) [tomcat-embed-websocket-9.0.31.jar:9.0.31]
	at org.apache.catalina.core.ApplicationFilterChain.internalDoFilter(ApplicationFilterChain.java:193) [tomcat-embed-core-9.0.31.jar:9.0.31]
	at org.apache.catalina.core.ApplicationFilterChain.doFilter(ApplicationFilterChain.java:166) [tomcat-embed-core-9.0.31.jar:9.0.31]
	at org.springframework.web.filter.RequestContextFilter.doFilterInternal(RequestContextFilter.java:100) [spring-web-5.2.4.RELEASE.jar:5.2.4.RELEASE]
	at org.springframework.web.filter.OncePerRequestFilter.doFilter(OncePerRequestFilter.java:119) [spring-web-5.2.4.RELEASE.jar:5.2.4.RELEASE]
	at org.apache.catalina.core.ApplicationFilterChain.internalDoFilter(ApplicationFilterChain.java:193) [tomcat-embed-core-9.0.31.jar:9.0.31]
	at org.apache.catalina.core.ApplicationFilterChain.doFilter(ApplicationFilterChain.java:166) [tomcat-embed-core-9.0.31.jar:9.0.31]
	at org.springframework.web.filter.FormContentFilter.doFilterInternal(FormContentFilter.java:93) [spring-web-5.2.4.RELEASE.jar:5.2.4.RELEASE]
	at org.springframework.web.filter.OncePerRequestFilter.doFilter(OncePerRequestFilter.java:119) [spring-web-5.2.4.RELEASE.jar:5.2.4.RELEASE]
	at org.apache.catalina.core.ApplicationFilterChain.internalDoFilter(ApplicationFilterChain.java:193) [tomcat-embed-core-9.0.31.jar:9.0.31]
	at org.apache.catalina.core.ApplicationFilterChain.doFilter(ApplicationFilterChain.java:166) [tomcat-embed-core-9.0.31.jar:9.0.31]
	at org.springframework.web.filter.CharacterEncodingFilter.doFilterInternal(CharacterEncodingFilter.java:201) [spring-web-5.2.4.RELEASE.jar:5.2.4.RELEASE]
	at org.springframework.web.filter.OncePerRequestFilter.doFilter(OncePerRequestFilter.java:119) [spring-web-5.2.4.RELEASE.jar:5.2.4.RELEASE]
	at org.apache.catalina.core.ApplicationFilterChain.internalDoFilter(ApplicationFilterChain.java:193) [tomcat-embed-core-9.0.31.jar:9.0.31]
	at org.apache.catalina.core.ApplicationFilterChain.doFilter(ApplicationFilterChain.java:166) [tomcat-embed-core-9.0.31.jar:9.0.31]
	at org.apache.catalina.core.StandardWrapperValve.invoke(StandardWrapperValve.java:202) [tomcat-embed-core-9.0.31.jar:9.0.31]
	at org.apache.catalina.core.StandardContextValve.invoke(StandardContextValve.java:96) [tomcat-embed-core-9.0.31.jar:9.0.31]
	at org.apache.catalina.authenticator.AuthenticatorBase.invoke(AuthenticatorBase.java:541) [tomcat-embed-core-9.0.31.jar:9.0.31]
	at org.apache.catalina.core.StandardHostValve.invoke(StandardHostValve.java:139) [tomcat-embed-core-9.0.31.jar:9.0.31]
	at org.apache.catalina.valves.ErrorReportValve.invoke(ErrorReportValve.java:92) [tomcat-embed-core-9.0.31.jar:9.0.31]
	at org.apache.catalina.core.StandardEngineValve.invoke(StandardEngineValve.java:74) [tomcat-embed-core-9.0.31.jar:9.0.31]
	at org.apache.catalina.connector.CoyoteAdapter.service(CoyoteAdapter.java:343) [tomcat-embed-core-9.0.31.jar:9.0.31]
	at org.apache.coyote.http11.Http11Processor.service(Http11Processor.java:367) [tomcat-embed-core-9.0.31.jar:9.0.31]
	at org.apache.coyote.AbstractProcessorLight.process(AbstractProcessorLight.java:65) [tomcat-embed-core-9.0.31.jar:9.0.31]
	at org.apache.coyote.AbstractProtocol$ConnectionHandler.process(AbstractProtocol.java:868) [tomcat-embed-core-9.0.31.jar:9.0.31]
	at org.apache.tomcat.util.net.NioEndpoint$SocketProcessor.doRun(NioEndpoint.java:1639) [tomcat-embed-core-9.0.31.jar:9.0.31]
	at org.apache.tomcat.util.net.SocketProcessorBase.run(SocketProcessorBase.java:49) [tomcat-embed-core-9.0.31.jar:9.0.31]
	at java.util.concurrent.ThreadPoolExecutor.runWorker(ThreadPoolExecutor.java:1149) [?:1.8.0_461]
	at java.util.concurrent.ThreadPoolExecutor$Worker.run(ThreadPoolExecutor.java:624) [?:1.8.0_461]
	at org.apache.tomcat.util.threads.TaskThread$WrappingRunnable.run(TaskThread.java:61) [tomcat-embed-core-9.0.31.jar:9.0.31]
	at java.lang.Thread.run(Thread.java:750) [?:1.8.0_461]
Caused by: java.sql.SQLSyntaxErrorException: You have an error in your SQL syntax; check the manual that corresponds to your MySQL server version for the right syntax to use near 'by create_time desc  limit 0 , 7' at line 1
	at com.mysql.cj.jdbc.exceptions.SQLError.createSQLException(SQLError.java:118) ~[mysql-connector-java-8.0.11.jar:8.0.11]
	at com.mysql.cj.jdbc.exceptions.SQLError.createSQLException(SQLError.java:95) ~[mysql-connector-java-8.0.11.jar:8.0.11]
	at com.mysql.cj.jdbc.exceptions.SQLExceptionsMapping.translateException(SQLExceptionsMapping.java:122) ~[mysql-connector-java-8.0.11.jar:8.0.11]
	at com.mysql.cj.jdbc.ClientPreparedStatement.executeInternal(ClientPreparedStatement.java:960) ~[mysql-connector-java-8.0.11.jar:8.0.11]
	at com.mysql.cj.jdbc.ClientPreparedStatement.execute(ClientPreparedStatement.java:388) ~[mysql-connector-java-8.0.11.jar:8.0.11]
	at com.alibaba.druid.pool.DruidPooledPreparedStatement.execute(DruidPooledPreparedStatement.java:497) ~[druid-1.2.8.jar:1.2.8]
	at sun.reflect.GeneratedMethodAccessor81.invoke(Unknown Source) ~[?:?]
	at sun.reflect.DelegatingMethodAccessorImpl.invoke(DelegatingMethodAccessorImpl.java:43) ~[?:1.8.0_461]
	at java.lang.reflect.Method.invoke(Method.java:498) ~[?:1.8.0_461]
	at org.apache.ibatis.logging.jdbc.PreparedStatementLogger.invoke(PreparedStatementLogger.java:59) ~[mybatis-3.5.7.jar:3.5.7]
	at com.sun.proxy.$Proxy150.execute(Unknown Source) ~[?:?]
	at org.apache.ibatis.executor.statement.PreparedStatementHandler.query(PreparedStatementHandler.java:64) ~[mybatis-3.5.7.jar:3.5.7]
	at org.apache.ibatis.executor.statement.RoutingStatementHandler.query(RoutingStatementHandler.java:79) ~[mybatis-3.5.7.jar:3.5.7]
	at sun.reflect.GeneratedMethodAccessor83.invoke(Unknown Source) ~[?:?]
	at sun.reflect.DelegatingMethodAccessorImpl.invoke(DelegatingMethodAccessorImpl.java:43) ~[?:1.8.0_461]
	at java.lang.reflect.Method.invoke(Method.java:498) ~[?:1.8.0_461]
	at org.apache.ibatis.plugin.Plugin.invoke(Plugin.java:64) ~[mybatis-3.5.7.jar:3.5.7]
	at com.sun.proxy.$Proxy147.query(Unknown Source) ~[?:?]
	at org.apache.ibatis.executor.SimpleExecutor.doQuery(SimpleExecutor.java:63) ~[mybatis-3.5.7.jar:3.5.7]
	at org.apache.ibatis.executor.BaseExecutor.queryFromDatabase(BaseExecutor.java:325) ~[mybatis-3.5.7.jar:3.5.7]
	at org.apache.ibatis.executor.BaseExecutor.query(BaseExecutor.java:156) ~[mybatis-3.5.7.jar:3.5.7]
	at org.apache.ibatis.executor.CachingExecutor.query(CachingExecutor.java:109) ~[mybatis-3.5.7.jar:3.5.7]
	at com.baomidou.mybatisplus.extension.plugins.MybatisPlusInterceptor.intercept(MybatisPlusInterceptor.java:81) ~[mybatis-plus-extension-3.4.3.1.jar:3.4.3.1]
	at org.apache.ibatis.plugin.Plugin.invoke(Plugin.java:62) ~[mybatis-3.5.7.jar:3.5.7]
	at com.sun.proxy.$Proxy146.query(Unknown Source) ~[?:?]
	at org.apache.ibatis.session.defaults.DefaultSqlSession.selectList(DefaultSqlSession.java:151) ~[mybatis-3.5.7.jar:3.5.7]
	at org.apache.ibatis.session.defaults.DefaultSqlSession.selectList(DefaultSqlSession.java:145) ~[mybatis-3.5.7.jar:3.5.7]
	at org.apache.ibatis.session.defaults.DefaultSqlSession.selectList(DefaultSqlSession.java:140) ~[mybatis-3.5.7.jar:3.5.7]
	at sun.reflect.GeneratedMethodAccessor96.invoke(Unknown Source) ~[?:?]
	at sun.reflect.DelegatingMethodAccessorImpl.invoke(DelegatingMethodAccessorImpl.java:43) ~[?:1.8.0_461]
	at java.lang.reflect.Method.invoke(Method.java:498) ~[?:1.8.0_461]
	at org.mybatis.spring.SqlSessionTemplate$SqlSessionInterceptor.invoke(SqlSessionTemplate.java:427) ~[mybatis-spring-2.0.6.jar:2.0.6]
	... 72 more
2026-05-04 22:21:48.647 [http-nio-5000-exec-8] ERROR com.project.demo.exception.GlobalExceptionHandler - 运行时异常: 
org.springframework.jdbc.BadSqlGrammarException: 
### Error querying database.  Cause: java.sql.SQLSyntaxErrorException: You have an error in your SQL syntax; check the manual that corresponds to your MySQL server version for the right syntax to use near 'by create_time desc  limit 0 , 10' at line 1
### The error may exist in file [/home/yuan/Desktop/bishe-main/target/classes/mapper/BaseMapper.xml]
### The error may involve defaultParameterMap
### The error occurred while setting parameters
### SQL: select * from `user` WHERE `user_group` LIKE '%管理员%'  AND is_delete = 0order by create_time desc  limit 0 , 10
### Cause: java.sql.SQLSyntaxErrorException: You have an error in your SQL syntax; check the manual that corresponds to your MySQL server version for the right syntax to use near 'by create_time desc  limit 0 , 10' at line 1
; bad SQL grammar []; nested exception is java.sql.SQLSyntaxErrorException: You have an error in your SQL syntax; check the manual that corresponds to your MySQL server version for the right syntax to use near 'by create_time desc  limit 0 , 10' at line 1
	at org.springframework.jdbc.support.SQLErrorCodeSQLExceptionTranslator.doTranslate(SQLErrorCodeSQLExceptionTranslator.java:235) ~[spring-jdbc-5.2.4.RELEASE.jar:5.2.4.RELEASE]
	at org.springframework.jdbc.support.AbstractFallbackSQLExceptionTranslator.translate(AbstractFallbackSQLExceptionTranslator.java:72) ~[spring-jdbc-5.2.4.RELEASE.jar:5.2.4.RELEASE]
	at org.mybatis.spring.MyBatisExceptionTranslator.translateExceptionIfPossible(MyBatisExceptionTranslator.java:91) ~[mybatis-spring-2.0.6.jar:2.0.6]
	at org.mybatis.spring.SqlSessionTemplate$SqlSessionInterceptor.invoke(SqlSessionTemplate.java:441) ~[mybatis-spring-2.0.6.jar:2.0.6]
	at com.sun.proxy.$Proxy113.selectList(Unknown Source) ~[?:?]
	at org.mybatis.spring.SqlSessionTemplate.selectList(SqlSessionTemplate.java:224) ~[mybatis-spring-2.0.6.jar:2.0.6]
	at com.baomidou.mybatisplus.core.override.MybatisMapperMethod.executeForMany(MybatisMapperMethod.java:166) ~[mybatis-plus-core-3.4.3.1.jar:3.4.3.1]
	at com.baomidou.mybatisplus.core.override.MybatisMapperMethod.execute(MybatisMapperMethod.java:77) ~[mybatis-plus-core-3.4.3.1.jar:3.4.3.1]
	at com.baomidou.mybatisplus.core.override.MybatisMapperProxy$PlainMethodInvoker.invoke(MybatisMapperProxy.java:148) ~[mybatis-plus-core-3.4.3.1.jar:3.4.3.1]
	at com.baomidou.mybatisplus.core.override.MybatisMapperProxy.invoke(MybatisMapperProxy.java:89) ~[mybatis-plus-core-3.4.3.1.jar:3.4.3.1]
	at com.sun.proxy.$Proxy131.selectBaseList(Unknown Source) ~[?:?]
	at com.project.demo.service.base.BaseService.selectToPage(BaseService.java:77) ~[classes/:?]
	at com.project.demo.service.base.BaseService$$FastClassBySpringCGLIB$$504c7e9.invoke(<generated>) ~[classes/:?]
	at org.springframework.cglib.proxy.MethodProxy.invoke(MethodProxy.java:218) ~[spring-core-5.2.4.RELEASE.jar:5.2.4.RELEASE]
	at org.springframework.aop.framework.CglibAopProxy$CglibMethodInvocation.invokeJoinpoint(CglibAopProxy.java:769) ~[spring-aop-5.2.4.RELEASE.jar:5.2.4.RELEASE]
	at org.springframework.aop.framework.ReflectiveMethodInvocation.proceed(ReflectiveMethodInvocation.java:163) ~[spring-aop-5.2.4.RELEASE.jar:5.2.4.RELEASE]
	at org.springframework.aop.framework.CglibAopProxy$CglibMethodInvocation.proceed(CglibAopProxy.java:747) ~[spring-aop-5.2.4.RELEASE.jar:5.2.4.RELEASE]
	at org.springframework.aop.interceptor.ExposeInvocationInterceptor.invoke(ExposeInvocationInterceptor.java:95) ~[spring-aop-5.2.4.RELEASE.jar:5.2.4.RELEASE]
	at org.springframework.aop.framework.ReflectiveMethodInvocation.proceed(ReflectiveMethodInvocation.java:186) ~[spring-aop-5.2.4.RELEASE.jar:5.2.4.RELEASE]
	at org.springframework.aop.framework.CglibAopProxy$CglibMethodInvocation.proceed(CglibAopProxy.java:747) ~[spring-aop-5.2.4.RELEASE.jar:5.2.4.RELEASE]
	at org.springframework.aop.framework.CglibAopProxy$DynamicAdvisedInterceptor.intercept(CglibAopProxy.java:689) ~[spring-aop-5.2.4.RELEASE.jar:5.2.4.RELEASE]
	at com.project.demo.service.UserService$$EnhancerBySpringCGLIB$$a5130571.selectToPage(<generated>) ~[classes/:?]
	at com.project.demo.controller.base.BaseController.getList(BaseController.java:76) ~[classes/:?]
	at com.project.demo.controller.base.BaseController$$FastClassBySpringCGLIB$$72c28101.invoke(<generated>) ~[classes/:?]
	at org.springframework.cglib.proxy.MethodProxy.invoke(MethodProxy.java:218) ~[spring-core-5.2.4.RELEASE.jar:5.2.4.RELEASE]
	at org.springframework.aop.framework.CglibAopProxy$DynamicAdvisedInterceptor.intercept(CglibAopProxy.java:685) ~[spring-aop-5.2.4.RELEASE.jar:5.2.4.RELEASE]
	at com.project.demo.controller.UserController$$EnhancerBySpringCGLIB$$64902b39.getList(<generated>) ~[classes/:?]
	at sun.reflect.GeneratedMethodAccessor99.invoke(Unknown Source) ~[?:?]
	at sun.reflect.DelegatingMethodAccessorImpl.invoke(DelegatingMethodAccessorImpl.java:43) ~[?:1.8.0_461]
	at java.lang.reflect.Method.invoke(Method.java:498) ~[?:1.8.0_461]
	at org.springframework.web.method.support.InvocableHandlerMethod.doInvoke(InvocableHandlerMethod.java:190) ~[spring-web-5.2.4.RELEASE.jar:5.2.4.RELEASE]
	at org.springframework.web.method.support.InvocableHandlerMethod.invokeForRequest(InvocableHandlerMethod.java:138) ~[spring-web-5.2.4.RELEASE.jar:5.2.4.RELEASE]
	at org.springframework.web.servlet.mvc.method.annotation.ServletInvocableHandlerMethod.invokeAndHandle(ServletInvocableHandlerMethod.java:106) ~[spring-webmvc-5.2.4.RELEASE.jar:5.2.4.RELEASE]
	at org.springframework.web.servlet.mvc.method.annotation.RequestMappingHandlerAdapter.invokeHandlerMethod(RequestMappingHandlerAdapter.java:879) ~[spring-webmvc-5.2.4.RELEASE.jar:5.2.4.RELEASE]
	at org.springframework.web.servlet.mvc.method.annotation.RequestMappingHandlerAdapter.handleInternal(RequestMappingHandlerAdapter.java:793) ~[spring-webmvc-5.2.4.RELEASE.jar:5.2.4.RELEASE]
	at org.springframework.web.servlet.mvc.method.AbstractHandlerMethodAdapter.handle(AbstractHandlerMethodAdapter.java:87) ~[spring-webmvc-5.2.4.RELEASE.jar:5.2.4.RELEASE]
	at org.springframework.web.servlet.DispatcherServlet.doDispatch(DispatcherServlet.java:1040) [spring-webmvc-5.2.4.RELEASE.jar:5.2.4.RELEASE]
	at org.springframework.web.servlet.DispatcherServlet.doService(DispatcherServlet.java:943) [spring-webmvc-5.2.4.RELEASE.jar:5.2.4.RELEASE]
	at org.springframework.web.servlet.FrameworkServlet.processRequest(FrameworkServlet.java:1006) [spring-webmvc-5.2.4.RELEASE.jar:5.2.4.RELEASE]
	at org.springframework.web.servlet.FrameworkServlet.doGet(FrameworkServlet.java:898) [spring-webmvc-5.2.4.RELEASE.jar:5.2.4.RELEASE]
	at javax.servlet.http.HttpServlet.service(HttpServlet.java:634) [tomcat-embed-core-9.0.31.jar:9.0.31]
	at org.springframework.web.servlet.FrameworkServlet.service(FrameworkServlet.java:883) [spring-webmvc-5.2.4.RELEASE.jar:5.2.4.RELEASE]
	at javax.servlet.http.HttpServlet.service(HttpServlet.java:741) [tomcat-embed-core-9.0.31.jar:9.0.31]
	at org.apache.catalina.core.ApplicationFilterChain.internalDoFilter(ApplicationFilterChain.java:231) [tomcat-embed-core-9.0.31.jar:9.0.31]
	at org.apache.catalina.core.ApplicationFilterChain.doFilter(ApplicationFilterChain.java:166) [tomcat-embed-core-9.0.31.jar:9.0.31]
	at org.apache.tomcat.websocket.server.WsFilter.doFilter(WsFilter.java:53) [tomcat-embed-websocket-9.0.31.jar:9.0.31]
	at org.apache.catalina.core.ApplicationFilterChain.internalDoFilter(ApplicationFilterChain.java:193) [tomcat-embed-core-9.0.31.jar:9.0.31]
	at org.apache.catalina.core.ApplicationFilterChain.doFilter(ApplicationFilterChain.java:166) [tomcat-embed-core-9.0.31.jar:9.0.31]
	at org.springframework.web.filter.RequestContextFilter.doFilterInternal(RequestContextFilter.java:100) [spring-web-5.2.4.RELEASE.jar:5.2.4.RELEASE]
	at org.springframework.web.filter.OncePerRequestFilter.doFilter(OncePerRequestFilter.java:119) [spring-web-5.2.4.RELEASE.jar:5.2.4.RELEASE]
	at org.apache.catalina.core.ApplicationFilterChain.internalDoFilter(ApplicationFilterChain.java:193) [tomcat-embed-core-9.0.31.jar:9.0.31]
	at org.apache.catalina.core.ApplicationFilterChain.doFilter(ApplicationFilterChain.java:166) [tomcat-embed-core-9.0.31.jar:9.0.31]
	at org.springframework.web.filter.FormContentFilter.doFilterInternal(FormContentFilter.java:93) [spring-web-5.2.4.RELEASE.jar:5.2.4.RELEASE]
	at org.springframework.web.filter.OncePerRequestFilter.doFilter(OncePerRequestFilter.java:119) [spring-web-5.2.4.RELEASE.jar:5.2.4.RELEASE]
	at org.apache.catalina.core.ApplicationFilterChain.internalDoFilter(ApplicationFilterChain.java:193) [tomcat-embed-core-9.0.31.jar:9.0.31]
	at org.apache.catalina.core.ApplicationFilterChain.doFilter(ApplicationFilterChain.java:166) [tomcat-embed-core-9.0.31.jar:9.0.31]
	at org.springframework.web.filter.CharacterEncodingFilter.doFilterInternal(CharacterEncodingFilter.java:201) [spring-web-5.2.4.RELEASE.jar:5.2.4.RELEASE]
	at org.springframework.web.filter.OncePerRequestFilter.doFilter(OncePerRequestFilter.java:119) [spring-web-5.2.4.RELEASE.jar:5.2.4.RELEASE]
	at org.apache.catalina.core.ApplicationFilterChain.internalDoFilter(ApplicationFilterChain.java:193) [tomcat-embed-core-9.0.31.jar:9.0.31]
	at org.apache.catalina.core.ApplicationFilterChain.doFilter(ApplicationFilterChain.java:166) [tomcat-embed-core-9.0.31.jar:9.0.31]
	at org.apache.catalina.core.StandardWrapperValve.invoke(StandardWrapperValve.java:202) [tomcat-embed-core-9.0.31.jar:9.0.31]
	at org.apache.catalina.core.StandardContextValve.invoke(StandardContextValve.java:96) [tomcat-embed-core-9.0.31.jar:9.0.31]
	at org.apache.catalina.authenticator.AuthenticatorBase.invoke(AuthenticatorBase.java:541) [tomcat-embed-core-9.0.31.jar:9.0.31]
	at org.apache.catalina.core.StandardHostValve.invoke(StandardHostValve.java:139) [tomcat-embed-core-9.0.31.jar:9.0.31]
	at org.apache.catalina.valves.ErrorReportValve.invoke(ErrorReportValve.java:92) [tomcat-embed-core-9.0.31.jar:9.0.31]
	at org.apache.catalina.core.StandardEngineValve.invoke(StandardEngineValve.java:74) [tomcat-embed-core-9.0.31.jar:9.0.31]
	at org.apache.catalina.connector.CoyoteAdapter.service(CoyoteAdapter.java:343) [tomcat-embed-core-9.0.31.jar:9.0.31]
	at org.apache.coyote.http11.Http11Processor.service(Http11Processor.java:367) [tomcat-embed-core-9.0.31.jar:9.0.31]
	at org.apache.coyote.AbstractProcessorLight.process(AbstractProcessorLight.java:65) [tomcat-embed-core-9.0.31.jar:9.0.31]
	at org.apache.coyote.AbstractProtocol$ConnectionHandler.process(AbstractProtocol.java:868) [tomcat-embed-core-9.0.31.jar:9.0.31]
	at org.apache.tomcat.util.net.NioEndpoint$SocketProcessor.doRun(NioEndpoint.java:1639) [tomcat-embed-core-9.0.31.jar:9.0.31]
	at org.apache.tomcat.util.net.SocketProcessorBase.run(SocketProcessorBase.java:49) [tomcat-embed-core-9.0.31.jar:9.0.31]
	at java.util.concurrent.ThreadPoolExecutor.runWorker(ThreadPoolExecutor.java:1149) [?:1.8.0_461]
	at java.util.concurrent.ThreadPoolExecutor$Worker.run(ThreadPoolExecutor.java:624) [?:1.8.0_461]
	at org.apache.tomcat.util.threads.TaskThread$WrappingRunnable.run(TaskThread.java:61) [tomcat-embed-core-9.0.31.jar:9.0.31]
	at java.lang.Thread.run(Thread.java:750) [?:1.8.0_461]
Caused by: java.sql.SQLSyntaxErrorException: You have an error in your SQL syntax; check the manual that corresponds to your MySQL server version for the right syntax to use near 'by create_time desc  limit 0 , 10' at line 1
	at com.mysql.cj.jdbc.exceptions.SQLError.createSQLException(SQLError.java:118) ~[mysql-connector-java-8.0.11.jar:8.0.11]
	at com.mysql.cj.jdbc.exceptions.SQLError.createSQLException(SQLError.java:95) ~[mysql-connector-java-8.0.11.jar:8.0.11]
	at com.mysql.cj.jdbc.exceptions.SQLExceptionsMapping.translateException(SQLExceptionsMapping.java:122) ~[mysql-connector-java-8.0.11.jar:8.0.11]
	at com.mysql.cj.jdbc.ClientPreparedStatement.executeInternal(ClientPreparedStatement.java:960) ~[mysql-connector-java-8.0.11.jar:8.0.11]
	at com.mysql.cj.jdbc.ClientPreparedStatement.execute(ClientPreparedStatement.java:388) ~[mysql-connector-java-8.0.11.jar:8.0.11]
	at com.alibaba.druid.pool.DruidPooledPreparedStatement.execute(DruidPooledPreparedStatement.java:497) ~[druid-1.2.8.jar:1.2.8]
	at sun.reflect.GeneratedMethodAccessor81.invoke(Unknown Source) ~[?:?]
	at sun.reflect.DelegatingMethodAccessorImpl.invoke(DelegatingMethodAccessorImpl.java:43) ~[?:1.8.0_461]
	at java.lang.reflect.Method.invoke(Method.java:498) ~[?:1.8.0_461]
	at org.apache.ibatis.logging.jdbc.PreparedStatementLogger.invoke(PreparedStatementLogger.java:59) ~[mybatis-3.5.7.jar:3.5.7]
	at com.sun.proxy.$Proxy150.execute(Unknown Source) ~[?:?]
	at org.apache.ibatis.executor.statement.PreparedStatementHandler.query(PreparedStatementHandler.java:64) ~[mybatis-3.5.7.jar:3.5.7]
	at org.apache.ibatis.executor.statement.RoutingStatementHandler.query(RoutingStatementHandler.java:79) ~[mybatis-3.5.7.jar:3.5.7]
	at sun.reflect.GeneratedMethodAccessor83.invoke(Unknown Source) ~[?:?]
	at sun.reflect.DelegatingMethodAccessorImpl.invoke(DelegatingMethodAccessorImpl.java:43) ~[?:1.8.0_461]
	at java.lang.reflect.Method.invoke(Method.java:498) ~[?:1.8.0_461]
	at org.apache.ibatis.plugin.Plugin.invoke(Plugin.java:64) ~[mybatis-3.5.7.jar:3.5.7]
	at com.sun.proxy.$Proxy147.query(Unknown Source) ~[?:?]
	at org.apache.ibatis.executor.SimpleExecutor.doQuery(SimpleExecutor.java:63) ~[mybatis-3.5.7.jar:3.5.7]
	at org.apache.ibatis.executor.BaseExecutor.queryFromDatabase(BaseExecutor.java:325) ~[mybatis-3.5.7.jar:3.5.7]
	at org.apache.ibatis.executor.BaseExecutor.query(BaseExecutor.java:156) ~[mybatis-3.5.7.jar:3.5.7]
	at org.apache.ibatis.executor.CachingExecutor.query(CachingExecutor.java:109) ~[mybatis-3.5.7.jar:3.5.7]
	at com.baomidou.mybatisplus.extension.plugins.MybatisPlusInterceptor.intercept(MybatisPlusInterceptor.java:81) ~[mybatis-plus-extension-3.4.3.1.jar:3.4.3.1]
	at org.apache.ibatis.plugin.Plugin.invoke(Plugin.java:62) ~[mybatis-3.5.7.jar:3.5.7]
	at com.sun.proxy.$Proxy146.query(Unknown Source) ~[?:?]
	at org.apache.ibatis.session.defaults.DefaultSqlSession.selectList(DefaultSqlSession.java:151) ~[mybatis-3.5.7.jar:3.5.7]
	at org.apache.ibatis.session.defaults.DefaultSqlSession.selectList(DefaultSqlSession.java:145) ~[mybatis-3.5.7.jar:3.5.7]
	at org.apache.ibatis.session.defaults.DefaultSqlSession.selectList(DefaultSqlSession.java:140) ~[mybatis-3.5.7.jar:3.5.7]
	at sun.reflect.GeneratedMethodAccessor96.invoke(Unknown Source) ~[?:?]
	at sun.reflect.DelegatingMethodAccessorImpl.invoke(DelegatingMethodAccessorImpl.java:43) ~[?:1.8.0_461]
	at java.lang.reflect.Method.invoke(Method.java:498) ~[?:1.8.0_461]
	at org.mybatis.spring.SqlSessionTemplate$SqlSessionInterceptor.invoke(SqlSessionTemplate.java:427) ~[mybatis-spring-2.0.6.jar:2.0.6]
	... 72 more
2026-05-04 22:21:55.289 [http-nio-5000-exec-2] ERROR com.project.demo.exception.GlobalExceptionHandler - 运行时异常: 
org.springframework.jdbc.BadSqlGrammarException: 
### Error querying database.  Cause: java.sql.SQLSyntaxErrorException: You have an error in your SQL syntax; check the manual that corresponds to your MySQL server version for the right syntax to use near 'by create_time desc  limit 0 , 7' at line 1
### The error may exist in file [/home/yuan/Desktop/bishe-main/target/classes/mapper/BaseMapper.xml]
### The error may involve defaultParameterMap
### The error occurred while setting parameters
### SQL: select * from `registered_user` WHERE is_delete = 0order by create_time desc  limit 0 , 7
### Cause: java.sql.SQLSyntaxErrorException: You have an error in your SQL syntax; check the manual that corresponds to your MySQL server version for the right syntax to use near 'by create_time desc  limit 0 , 7' at line 1
; bad SQL grammar []; nested exception is java.sql.SQLSyntaxErrorException: You have an error in your SQL syntax; check the manual that corresponds to your MySQL server version for the right syntax to use near 'by create_time desc  limit 0 , 7' at line 1
	at org.springframework.jdbc.support.SQLErrorCodeSQLExceptionTranslator.doTranslate(SQLErrorCodeSQLExceptionTranslator.java:235) ~[spring-jdbc-5.2.4.RELEASE.jar:5.2.4.RELEASE]
	at org.springframework.jdbc.support.AbstractFallbackSQLExceptionTranslator.translate(AbstractFallbackSQLExceptionTranslator.java:72) ~[spring-jdbc-5.2.4.RELEASE.jar:5.2.4.RELEASE]
	at org.mybatis.spring.MyBatisExceptionTranslator.translateExceptionIfPossible(MyBatisExceptionTranslator.java:91) ~[mybatis-spring-2.0.6.jar:2.0.6]
	at org.mybatis.spring.SqlSessionTemplate$SqlSessionInterceptor.invoke(SqlSessionTemplate.java:441) ~[mybatis-spring-2.0.6.jar:2.0.6]
	at com.sun.proxy.$Proxy113.selectList(Unknown Source) ~[?:?]
	at org.mybatis.spring.SqlSessionTemplate.selectList(SqlSessionTemplate.java:224) ~[mybatis-spring-2.0.6.jar:2.0.6]
	at com.baomidou.mybatisplus.core.override.MybatisMapperMethod.executeForMany(MybatisMapperMethod.java:166) ~[mybatis-plus-core-3.4.3.1.jar:3.4.3.1]
	at com.baomidou.mybatisplus.core.override.MybatisMapperMethod.execute(MybatisMapperMethod.java:77) ~[mybatis-plus-core-3.4.3.1.jar:3.4.3.1]
	at com.baomidou.mybatisplus.core.override.MybatisMapperProxy$PlainMethodInvoker.invoke(MybatisMapperProxy.java:148) ~[mybatis-plus-core-3.4.3.1.jar:3.4.3.1]
	at com.baomidou.mybatisplus.core.override.MybatisMapperProxy.invoke(MybatisMapperProxy.java:89) ~[mybatis-plus-core-3.4.3.1.jar:3.4.3.1]
	at com.sun.proxy.$Proxy127.selectBaseList(Unknown Source) ~[?:?]
	at com.project.demo.service.base.BaseService.selectToPage(BaseService.java:77) ~[classes/:?]
	at com.project.demo.service.base.BaseService$$FastClassBySpringCGLIB$$504c7e9.invoke(<generated>) ~[classes/:?]
	at org.springframework.cglib.proxy.MethodProxy.invoke(MethodProxy.java:218) ~[spring-core-5.2.4.RELEASE.jar:5.2.4.RELEASE]
	at org.springframework.aop.framework.CglibAopProxy$CglibMethodInvocation.invokeJoinpoint(CglibAopProxy.java:769) ~[spring-aop-5.2.4.RELEASE.jar:5.2.4.RELEASE]
	at org.springframework.aop.framework.ReflectiveMethodInvocation.proceed(ReflectiveMethodInvocation.java:163) ~[spring-aop-5.2.4.RELEASE.jar:5.2.4.RELEASE]
	at org.springframework.aop.framework.CglibAopProxy$CglibMethodInvocation.proceed(CglibAopProxy.java:747) ~[spring-aop-5.2.4.RELEASE.jar:5.2.4.RELEASE]
	at org.springframework.aop.interceptor.ExposeInvocationInterceptor.invoke(ExposeInvocationInterceptor.java:95) ~[spring-aop-5.2.4.RELEASE.jar:5.2.4.RELEASE]
	at org.springframework.aop.framework.ReflectiveMethodInvocation.proceed(ReflectiveMethodInvocation.java:186) ~[spring-aop-5.2.4.RELEASE.jar:5.2.4.RELEASE]
	at org.springframework.aop.framework.CglibAopProxy$CglibMethodInvocation.proceed(CglibAopProxy.java:747) ~[spring-aop-5.2.4.RELEASE.jar:5.2.4.RELEASE]
	at org.springframework.aop.framework.CglibAopProxy$DynamicAdvisedInterceptor.intercept(CglibAopProxy.java:689) ~[spring-aop-5.2.4.RELEASE.jar:5.2.4.RELEASE]
	at com.project.demo.service.RegisteredUserService$$EnhancerBySpringCGLIB$$a7009c0b.selectToPage(<generated>) ~[classes/:?]
	at com.project.demo.controller.base.BaseController.getList(BaseController.java:76) ~[classes/:?]
	at com.project.demo.controller.base.BaseController$$FastClassBySpringCGLIB$$72c28101.invoke(<generated>) ~[classes/:?]
	at org.springframework.cglib.proxy.MethodProxy.invoke(MethodProxy.java:218) ~[spring-core-5.2.4.RELEASE.jar:5.2.4.RELEASE]
	at org.springframework.aop.framework.CglibAopProxy$DynamicAdvisedInterceptor.intercept(CglibAopProxy.java:685) ~[spring-aop-5.2.4.RELEASE.jar:5.2.4.RELEASE]
	at com.project.demo.controller.RegisteredUserController$$EnhancerBySpringCGLIB$$51add81f.getList(<generated>) ~[classes/:?]
	at sun.reflect.GeneratedMethodAccessor99.invoke(Unknown Source) ~[?:?]
	at sun.reflect.DelegatingMethodAccessorImpl.invoke(DelegatingMethodAccessorImpl.java:43) ~[?:1.8.0_461]
	at java.lang.reflect.Method.invoke(Method.java:498) ~[?:1.8.0_461]
	at org.springframework.web.method.support.InvocableHandlerMethod.doInvoke(InvocableHandlerMethod.java:190) ~[spring-web-5.2.4.RELEASE.jar:5.2.4.RELEASE]
	at org.springframework.web.method.support.InvocableHandlerMethod.invokeForRequest(InvocableHandlerMethod.java:138) ~[spring-web-5.2.4.RELEASE.jar:5.2.4.RELEASE]
	at org.springframework.web.servlet.mvc.method.annotation.ServletInvocableHandlerMethod.invokeAndHandle(ServletInvocableHandlerMethod.java:106) ~[spring-webmvc-5.2.4.RELEASE.jar:5.2.4.RELEASE]
	at org.springframework.web.servlet.mvc.method.annotation.RequestMappingHandlerAdapter.invokeHandlerMethod(RequestMappingHandlerAdapter.java:879) ~[spring-webmvc-5.2.4.RELEASE.jar:5.2.4.RELEASE]
	at org.springframework.web.servlet.mvc.method.annotation.RequestMappingHandlerAdapter.handleInternal(RequestMappingHandlerAdapter.java:793) ~[spring-webmvc-5.2.4.RELEASE.jar:5.2.4.RELEASE]
	at org.springframework.web.servlet.mvc.method.AbstractHandlerMethodAdapter.handle(AbstractHandlerMethodAdapter.java:87) ~[spring-webmvc-5.2.4.RELEASE.jar:5.2.4.RELEASE]
	at org.springframework.web.servlet.DispatcherServlet.doDispatch(DispatcherServlet.java:1040) [spring-webmvc-5.2.4.RELEASE.jar:5.2.4.RELEASE]
	at org.springframework.web.servlet.DispatcherServlet.doService(DispatcherServlet.java:943) [spring-webmvc-5.2.4.RELEASE.jar:5.2.4.RELEASE]
	at org.springframework.web.servlet.FrameworkServlet.processRequest(FrameworkServlet.java:1006) [spring-webmvc-5.2.4.RELEASE.jar:5.2.4.RELEASE]
	at org.springframework.web.servlet.FrameworkServlet.doGet(FrameworkServlet.java:898) [spring-webmvc-5.2.4.RELEASE.jar:5.2.4.RELEASE]
	at javax.servlet.http.HttpServlet.service(HttpServlet.java:634) [tomcat-embed-core-9.0.31.jar:9.0.31]
	at org.springframework.web.servlet.FrameworkServlet.service(FrameworkServlet.java:883) [spring-webmvc-5.2.4.RELEASE.jar:5.2.4.RELEASE]
	at javax.servlet.http.HttpServlet.service(HttpServlet.java:741) [tomcat-embed-core-9.0.31.jar:9.0.31]
	at org.apache.catalina.core.ApplicationFilterChain.internalDoFilter(ApplicationFilterChain.java:231) [tomcat-embed-core-9.0.31.jar:9.0.31]
	at org.apache.catalina.core.ApplicationFilterChain.doFilter(ApplicationFilterChain.java:166) [tomcat-embed-core-9.0.31.jar:9.0.31]
	at org.apache.tomcat.websocket.server.WsFilter.doFilter(WsFilter.java:53) [tomcat-embed-websocket-9.0.31.jar:9.0.31]
	at org.apache.catalina.core.ApplicationFilterChain.internalDoFilter(ApplicationFilterChain.java:193) [tomcat-embed-core-9.0.31.jar:9.0.31]
	at org.apache.catalina.core.ApplicationFilterChain.doFilter(ApplicationFilterChain.java:166) [tomcat-embed-core-9.0.31.jar:9.0.31]
	at org.springframework.web.filter.RequestContextFilter.doFilterInternal(RequestContextFilter.java:100) [spring-web-5.2.4.RELEASE.jar:5.2.4.RELEASE]
	at org.springframework.web.filter.OncePerRequestFilter.doFilter(OncePerRequestFilter.java:119) [spring-web-5.2.4.RELEASE.jar:5.2.4.RELEASE]
	at org.apache.catalina.core.ApplicationFilterChain.internalDoFilter(ApplicationFilterChain.java:193) [tomcat-embed-core-9.0.31.jar:9.0.31]
	at org.apache.catalina.core.ApplicationFilterChain.doFilter(ApplicationFilterChain.java:166) [tomcat-embed-core-9.0.31.jar:9.0.31]
	at org.springframework.web.filter.FormContentFilter.doFilterInternal(FormContentFilter.java:93) [spring-web-5.2.4.RELEASE.jar:5.2.4.RELEASE]
	at org.springframework.web.filter.OncePerRequestFilter.doFilter(OncePerRequestFilter.java:119) [spring-web-5.2.4.RELEASE.jar:5.2.4.RELEASE]
	at org.apache.catalina.core.ApplicationFilterChain.internalDoFilter(ApplicationFilterChain.java:193) [tomcat-embed-core-9.0.31.jar:9.0.31]
	at org.apache.catalina.core.ApplicationFilterChain.doFilter(ApplicationFilterChain.java:166) [tomcat-embed-core-9.0.31.jar:9.0.31]
	at org.springframework.web.filter.CharacterEncodingFilter.doFilterInternal(CharacterEncodingFilter.java:201) [spring-web-5.2.4.RELEASE.jar:5.2.4.RELEASE]
	at org.springframework.web.filter.OncePerRequestFilter.doFilter(OncePerRequestFilter.java:119) [spring-web-5.2.4.RELEASE.jar:5.2.4.RELEASE]
	at org.apache.catalina.core.ApplicationFilterChain.internalDoFilter(ApplicationFilterChain.java:193) [tomcat-embed-core-9.0.31.jar:9.0.31]
	at org.apache.catalina.core.ApplicationFilterChain.doFilter(ApplicationFilterChain.java:166) [tomcat-embed-core-9.0.31.jar:9.0.31]
	at org.apache.catalina.core.StandardWrapperValve.invoke(StandardWrapperValve.java:202) [tomcat-embed-core-9.0.31.jar:9.0.31]
	at org.apache.catalina.core.StandardContextValve.invoke(StandardContextValve.java:96) [tomcat-embed-core-9.0.31.jar:9.0.31]
	at org.apache.catalina.authenticator.AuthenticatorBase.invoke(AuthenticatorBase.java:541) [tomcat-embed-core-9.0.31.jar:9.0.31]
	at org.apache.catalina.core.StandardHostValve.invoke(StandardHostValve.java:139) [tomcat-embed-core-9.0.31.jar:9.0.31]
	at org.apache.catalina.valves.ErrorReportValve.invoke(ErrorReportValve.java:92) [tomcat-embed-core-9.0.31.jar:9.0.31]
	at org.apache.catalina.core.StandardEngineValve.invoke(StandardEngineValve.java:74) [tomcat-embed-core-9.0.31.jar:9.0.31]
	at org.apache.catalina.connector.CoyoteAdapter.service(CoyoteAdapter.java:343) [tomcat-embed-core-9.0.31.jar:9.0.31]
	at org.apache.coyote.http11.Http11Processor.service(Http11Processor.java:367) [tomcat-embed-core-9.0.31.jar:9.0.31]
	at org.apache.coyote.AbstractProcessorLight.process(AbstractProcessorLight.java:65) [tomcat-embed-core-9.0.31.jar:9.0.31]
	at org.apache.coyote.AbstractProtocol$ConnectionHandler.process(AbstractProtocol.java:868) [tomcat-embed-core-9.0.31.jar:9.0.31]
	at org.apache.tomcat.util.net.NioEndpoint$SocketProcessor.doRun(NioEndpoint.java:1639) [tomcat-embed-core-9.0.31.jar:9.0.31]
	at org.apache.tomcat.util.net.SocketProcessorBase.run(SocketProcessorBase.java:49) [tomcat-embed-core-9.0.31.jar:9.0.31]
	at java.util.concurrent.ThreadPoolExecutor.runWorker(ThreadPoolExecutor.java:1149) [?:1.8.0_461]
	at java.util.concurrent.ThreadPoolExecutor$Worker.run(ThreadPoolExecutor.java:624) [?:1.8.0_461]
	at org.apache.tomcat.util.threads.TaskThread$WrappingRunnable.run(TaskThread.java:61) [tomcat-embed-core-9.0.31.jar:9.0.31]
	at java.lang.Thread.run(Thread.java:750) [?:1.8.0_461]
Caused by: java.sql.SQLSyntaxErrorException: You have an error in your SQL syntax; check the manual that corresponds to your MySQL server version for the right syntax to use near 'by create_time desc  limit 0 , 7' at line 1
	at com.mysql.cj.jdbc.exceptions.SQLError.createSQLException(SQLError.java:118) ~[mysql-connector-java-8.0.11.jar:8.0.11]
	at com.mysql.cj.jdbc.exceptions.SQLError.createSQLException(SQLError.java:95) ~[mysql-connector-java-8.0.11.jar:8.0.11]
	at com.mysql.cj.jdbc.exceptions.SQLExceptionsMapping.translateException(SQLExceptionsMapping.java:122) ~[mysql-connector-java-8.0.11.jar:8.0.11]
	at com.mysql.cj.jdbc.ClientPreparedStatement.executeInternal(ClientPreparedStatement.java:960) ~[mysql-connector-java-8.0.11.jar:8.0.11]
	at com.mysql.cj.jdbc.ClientPreparedStatement.execute(ClientPreparedStatement.java:388) ~[mysql-connector-java-8.0.11.jar:8.0.11]
	at com.alibaba.druid.pool.DruidPooledPreparedStatement.execute(DruidPooledPreparedStatement.java:497) ~[druid-1.2.8.jar:1.2.8]
	at sun.reflect.GeneratedMethodAccessor81.invoke(Unknown Source) ~[?:?]
	at sun.reflect.DelegatingMethodAccessorImpl.invoke(DelegatingMethodAccessorImpl.java:43) ~[?:1.8.0_461]
	at java.lang.reflect.Method.invoke(Method.java:498) ~[?:1.8.0_461]
	at org.apache.ibatis.logging.jdbc.PreparedStatementLogger.invoke(PreparedStatementLogger.java:59) ~[mybatis-3.5.7.jar:3.5.7]
	at com.sun.proxy.$Proxy150.execute(Unknown Source) ~[?:?]
	at org.apache.ibatis.executor.statement.PreparedStatementHandler.query(PreparedStatementHandler.java:64) ~[mybatis-3.5.7.jar:3.5.7]
	at org.apache.ibatis.executor.statement.RoutingStatementHandler.query(RoutingStatementHandler.java:79) ~[mybatis-3.5.7.jar:3.5.7]
	at sun.reflect.GeneratedMethodAccessor83.invoke(Unknown Source) ~[?:?]
	at sun.reflect.DelegatingMethodAccessorImpl.invoke(DelegatingMethodAccessorImpl.java:43) ~[?:1.8.0_461]
	at java.lang.reflect.Method.invoke(Method.java:498) ~[?:1.8.0_461]
	at org.apache.ibatis.plugin.Plugin.invoke(Plugin.java:64) ~[mybatis-3.5.7.jar:3.5.7]
	at com.sun.proxy.$Proxy147.query(Unknown Source) ~[?:?]
	at org.apache.ibatis.executor.SimpleExecutor.doQuery(SimpleExecutor.java:63) ~[mybatis-3.5.7.jar:3.5.7]
	at org.apache.ibatis.executor.BaseExecutor.queryFromDatabase(BaseExecutor.java:325) ~[mybatis-3.5.7.jar:3.5.7]
	at org.apache.ibatis.executor.BaseExecutor.query(BaseExecutor.java:156) ~[mybatis-3.5.7.jar:3.5.7]
	at org.apache.ibatis.executor.CachingExecutor.query(CachingExecutor.java:109) ~[mybatis-3.5.7.jar:3.5.7]
	at com.baomidou.mybatisplus.extension.plugins.MybatisPlusInterceptor.intercept(MybatisPlusInterceptor.java:81) ~[mybatis-plus-extension-3.4.3.1.jar:3.4.3.1]
	at org.apache.ibatis.plugin.Plugin.invoke(Plugin.java:62) ~[mybatis-3.5.7.jar:3.5.7]
	at com.sun.proxy.$Proxy146.query(Unknown Source) ~[?:?]
	at org.apache.ibatis.session.defaults.DefaultSqlSession.selectList(DefaultSqlSession.java:151) ~[mybatis-3.5.7.jar:3.5.7]
	at org.apache.ibatis.session.defaults.DefaultSqlSession.selectList(DefaultSqlSession.java:145) ~[mybatis-3.5.7.jar:3.5.7]
	at org.apache.ibatis.session.defaults.DefaultSqlSession.selectList(DefaultSqlSession.java:140) ~[mybatis-3.5.7.jar:3.5.7]
	at sun.reflect.GeneratedMethodAccessor96.invoke(Unknown Source) ~[?:?]
	at sun.reflect.DelegatingMethodAccessorImpl.invoke(DelegatingMethodAccessorImpl.java:43) ~[?:1.8.0_461]
	at java.lang.reflect.Method.invoke(Method.java:498) ~[?:1.8.0_461]
	at org.mybatis.spring.SqlSessionTemplate$SqlSessionInterceptor.invoke(SqlSessionTemplate.java:427) ~[mybatis-spring-2.0.6.jar:2.0.6]
	... 72 more
2026-05-04 22:22:12.965 [http-nio-5000-exec-6] ERROR com.project.demo.exception.GlobalExceptionHandler - 运行时异常: 
org.springframework.jdbc.BadSqlGrammarException: 
### Error querying database.  Cause: java.sql.SQLSyntaxErrorException: You have an error in your SQL syntax; check the manual that corresponds to your MySQL server version for the right syntax to use near 'by create_time desc  limit 0 , 10' at line 1
### The error may exist in file [/home/yuan/Desktop/bishe-main/target/classes/mapper/BaseMapper.xml]
### The error may involve defaultParameterMap
### The error occurred while setting parameters
### SQL: select * from `user` WHERE `user_group` LIKE '%管理员%'  AND is_delete = 0order by create_time desc  limit 0 , 10
### Cause: java.sql.SQLSyntaxErrorException: You have an error in your SQL syntax; check the manual that corresponds to your MySQL server version for the right syntax to use near 'by create_time desc  limit 0 , 10' at line 1
; bad SQL grammar []; nested exception is java.sql.SQLSyntaxErrorException: You have an error in your SQL syntax; check the manual that corresponds to your MySQL server version for the right syntax to use near 'by create_time desc  limit 0 , 10' at line 1
	at org.springframework.jdbc.support.SQLErrorCodeSQLExceptionTranslator.doTranslate(SQLErrorCodeSQLExceptionTranslator.java:235) ~[spring-jdbc-5.2.4.RELEASE.jar:5.2.4.RELEASE]
	at org.springframework.jdbc.support.AbstractFallbackSQLExceptionTranslator.translate(AbstractFallbackSQLExceptionTranslator.java:72) ~[spring-jdbc-5.2.4.RELEASE.jar:5.2.4.RELEASE]
	at org.mybatis.spring.MyBatisExceptionTranslator.translateExceptionIfPossible(MyBatisExceptionTranslator.java:91) ~[mybatis-spring-2.0.6.jar:2.0.6]
	at org.mybatis.spring.SqlSessionTemplate$SqlSessionInterceptor.invoke(SqlSessionTemplate.java:441) ~[mybatis-spring-2.0.6.jar:2.0.6]
	at com.sun.proxy.$Proxy113.selectList(Unknown Source) ~[?:?]
	at org.mybatis.spring.SqlSessionTemplate.selectList(SqlSessionTemplate.java:224) ~[mybatis-spring-2.0.6.jar:2.0.6]
	at com.baomidou.mybatisplus.core.override.MybatisMapperMethod.executeForMany(MybatisMapperMethod.java:166) ~[mybatis-plus-core-3.4.3.1.jar:3.4.3.1]
	at com.baomidou.mybatisplus.core.override.MybatisMapperMethod.execute(MybatisMapperMethod.java:77) ~[mybatis-plus-core-3.4.3.1.jar:3.4.3.1]
	at com.baomidou.mybatisplus.core.override.MybatisMapperProxy$PlainMethodInvoker.invoke(MybatisMapperProxy.java:148) ~[mybatis-plus-core-3.4.3.1.jar:3.4.3.1]
	at com.baomidou.mybatisplus.core.override.MybatisMapperProxy.invoke(MybatisMapperProxy.java:89) ~[mybatis-plus-core-3.4.3.1.jar:3.4.3.1]
	at com.sun.proxy.$Proxy131.selectBaseList(Unknown Source) ~[?:?]
	at com.project.demo.service.base.BaseService.selectToPage(BaseService.java:77) ~[classes/:?]
	at com.project.demo.service.base.BaseService$$FastClassBySpringCGLIB$$504c7e9.invoke(<generated>) ~[classes/:?]
	at org.springframework.cglib.proxy.MethodProxy.invoke(MethodProxy.java:218) ~[spring-core-5.2.4.RELEASE.jar:5.2.4.RELEASE]
	at org.springframework.aop.framework.CglibAopProxy$CglibMethodInvocation.invokeJoinpoint(CglibAopProxy.java:769) ~[spring-aop-5.2.4.RELEASE.jar:5.2.4.RELEASE]
	at org.springframework.aop.framework.ReflectiveMethodInvocation.proceed(ReflectiveMethodInvocation.java:163) ~[spring-aop-5.2.4.RELEASE.jar:5.2.4.RELEASE]
	at org.springframework.aop.framework.CglibAopProxy$CglibMethodInvocation.proceed(CglibAopProxy.java:747) ~[spring-aop-5.2.4.RELEASE.jar:5.2.4.RELEASE]
	at org.springframework.aop.interceptor.ExposeInvocationInterceptor.invoke(ExposeInvocationInterceptor.java:95) ~[spring-aop-5.2.4.RELEASE.jar:5.2.4.RELEASE]
	at org.springframework.aop.framework.ReflectiveMethodInvocation.proceed(ReflectiveMethodInvocation.java:186) ~[spring-aop-5.2.4.RELEASE.jar:5.2.4.RELEASE]
	at org.springframework.aop.framework.CglibAopProxy$CglibMethodInvocation.proceed(CglibAopProxy.java:747) ~[spring-aop-5.2.4.RELEASE.jar:5.2.4.RELEASE]
	at org.springframework.aop.framework.CglibAopProxy$DynamicAdvisedInterceptor.intercept(CglibAopProxy.java:689) ~[spring-aop-5.2.4.RELEASE.jar:5.2.4.RELEASE]
	at com.project.demo.service.UserService$$EnhancerBySpringCGLIB$$a5130571.selectToPage(<generated>) ~[classes/:?]
	at com.project.demo.controller.base.BaseController.getList(BaseController.java:76) ~[classes/:?]
	at com.project.demo.controller.base.BaseController$$FastClassBySpringCGLIB$$72c28101.invoke(<generated>) ~[classes/:?]
	at org.springframework.cglib.proxy.MethodProxy.invoke(MethodProxy.java:218) ~[spring-core-5.2.4.RELEASE.jar:5.2.4.RELEASE]
	at org.springframework.aop.framework.CglibAopProxy$DynamicAdvisedInterceptor.intercept(CglibAopProxy.java:685) ~[spring-aop-5.2.4.RELEASE.jar:5.2.4.RELEASE]
	at com.project.demo.controller.UserController$$EnhancerBySpringCGLIB$$64902b39.getList(<generated>) ~[classes/:?]
	at sun.reflect.GeneratedMethodAccessor99.invoke(Unknown Source) ~[?:?]
	at sun.reflect.DelegatingMethodAccessorImpl.invoke(DelegatingMethodAccessorImpl.java:43) ~[?:1.8.0_461]
	at java.lang.reflect.Method.invoke(Method.java:498) ~[?:1.8.0_461]
	at org.springframework.web.method.support.InvocableHandlerMethod.doInvoke(InvocableHandlerMethod.java:190) ~[spring-web-5.2.4.RELEASE.jar:5.2.4.RELEASE]
	at org.springframework.web.method.support.InvocableHandlerMethod.invokeForRequest(InvocableHandlerMethod.java:138) ~[spring-web-5.2.4.RELEASE.jar:5.2.4.RELEASE]
	at org.springframework.web.servlet.mvc.method.annotation.ServletInvocableHandlerMethod.invokeAndHandle(ServletInvocableHandlerMethod.java:106) ~[spring-webmvc-5.2.4.RELEASE.jar:5.2.4.RELEASE]
	at org.springframework.web.servlet.mvc.method.annotation.RequestMappingHandlerAdapter.invokeHandlerMethod(RequestMappingHandlerAdapter.java:879) ~[spring-webmvc-5.2.4.RELEASE.jar:5.2.4.RELEASE]
	at org.springframework.web.servlet.mvc.method.annotation.RequestMappingHandlerAdapter.handleInternal(RequestMappingHandlerAdapter.java:793) ~[spring-webmvc-5.2.4.RELEASE.jar:5.2.4.RELEASE]
	at org.springframework.web.servlet.mvc.method.AbstractHandlerMethodAdapter.handle(AbstractHandlerMethodAdapter.java:87) ~[spring-webmvc-5.2.4.RELEASE.jar:5.2.4.RELEASE]
	at org.springframework.web.servlet.DispatcherServlet.doDispatch(DispatcherServlet.java:1040) [spring-webmvc-5.2.4.RELEASE.jar:5.2.4.RELEASE]
	at org.springframework.web.servlet.DispatcherServlet.doService(DispatcherServlet.java:943) [spring-webmvc-5.2.4.RELEASE.jar:5.2.4.RELEASE]
	at org.springframework.web.servlet.FrameworkServlet.processRequest(FrameworkServlet.java:1006) [spring-webmvc-5.2.4.RELEASE.jar:5.2.4.RELEASE]
	at org.springframework.web.servlet.FrameworkServlet.doGet(FrameworkServlet.java:898) [spring-webmvc-5.2.4.RELEASE.jar:5.2.4.RELEASE]
	at javax.servlet.http.HttpServlet.service(HttpServlet.java:634) [tomcat-embed-core-9.0.31.jar:9.0.31]
	at org.springframework.web.servlet.FrameworkServlet.service(FrameworkServlet.java:883) [spring-webmvc-5.2.4.RELEASE.jar:5.2.4.RELEASE]
	at javax.servlet.http.HttpServlet.service(HttpServlet.java:741) [tomcat-embed-core-9.0.31.jar:9.0.31]
	at org.apache.catalina.core.ApplicationFilterChain.internalDoFilter(ApplicationFilterChain.java:231) [tomcat-embed-core-9.0.31.jar:9.0.31]
	at org.apache.catalina.core.ApplicationFilterChain.doFilter(ApplicationFilterChain.java:166) [tomcat-embed-core-9.0.31.jar:9.0.31]
	at org.apache.tomcat.websocket.server.WsFilter.doFilter(WsFilter.java:53) [tomcat-embed-websocket-9.0.31.jar:9.0.31]
	at org.apache.catalina.core.ApplicationFilterChain.internalDoFilter(ApplicationFilterChain.java:193) [tomcat-embed-core-9.0.31.jar:9.0.31]
	at org.apache.catalina.core.ApplicationFilterChain.doFilter(ApplicationFilterChain.java:166) [tomcat-embed-core-9.0.31.jar:9.0.31]
	at org.springframework.web.filter.RequestContextFilter.doFilterInternal(RequestContextFilter.java:100) [spring-web-5.2.4.RELEASE.jar:5.2.4.RELEASE]
	at org.springframework.web.filter.OncePerRequestFilter.doFilter(OncePerRequestFilter.java:119) [spring-web-5.2.4.RELEASE.jar:5.2.4.RELEASE]
	at org.apache.catalina.core.ApplicationFilterChain.internalDoFilter(ApplicationFilterChain.java:193) [tomcat-embed-core-9.0.31.jar:9.0.31]
	at org.apache.catalina.core.ApplicationFilterChain.doFilter(ApplicationFilterChain.java:166) [tomcat-embed-core-9.0.31.jar:9.0.31]
	at org.springframework.web.filter.FormContentFilter.doFilterInternal(FormContentFilter.java:93) [spring-web-5.2.4.RELEASE.jar:5.2.4.RELEASE]
	at org.springframework.web.filter.OncePerRequestFilter.doFilter(OncePerRequestFilter.java:119) [spring-web-5.2.4.RELEASE.jar:5.2.4.RELEASE]
	at org.apache.catalina.core.ApplicationFilterChain.internalDoFilter(ApplicationFilterChain.java:193) [tomcat-embed-core-9.0.31.jar:9.0.31]
	at org.apache.catalina.core.ApplicationFilterChain.doFilter(ApplicationFilterChain.java:166) [tomcat-embed-core-9.0.31.jar:9.0.31]
	at org.springframework.web.filter.CharacterEncodingFilter.doFilterInternal(CharacterEncodingFilter.java:201) [spring-web-5.2.4.RELEASE.jar:5.2.4.RELEASE]
	at org.springframework.web.filter.OncePerRequestFilter.doFilter(OncePerRequestFilter.java:119) [spring-web-5.2.4.RELEASE.jar:5.2.4.RELEASE]
	at org.apache.catalina.core.ApplicationFilterChain.internalDoFilter(ApplicationFilterChain.java:193) [tomcat-embed-core-9.0.31.jar:9.0.31]
	at org.apache.catalina.core.ApplicationFilterChain.doFilter(ApplicationFilterChain.java:166) [tomcat-embed-core-9.0.31.jar:9.0.31]
	at org.apache.catalina.core.StandardWrapperValve.invoke(StandardWrapperValve.java:202) [tomcat-embed-core-9.0.31.jar:9.0.31]
	at org.apache.catalina.core.StandardContextValve.invoke(StandardContextValve.java:96) [tomcat-embed-core-9.0.31.jar:9.0.31]
	at org.apache.catalina.authenticator.AuthenticatorBase.invoke(AuthenticatorBase.java:541) [tomcat-embed-core-9.0.31.jar:9.0.31]
	at org.apache.catalina.core.StandardHostValve.invoke(StandardHostValve.java:139) [tomcat-embed-core-9.0.31.jar:9.0.31]
	at org.apache.catalina.valves.ErrorReportValve.invoke(ErrorReportValve.java:92) [tomcat-embed-core-9.0.31.jar:9.0.31]
	at org.apache.catalina.core.StandardEngineValve.invoke(StandardEngineValve.java:74) [tomcat-embed-core-9.0.31.jar:9.0.31]
	at org.apache.catalina.connector.CoyoteAdapter.service(CoyoteAdapter.java:343) [tomcat-embed-core-9.0.31.jar:9.0.31]
	at org.apache.coyote.http11.Http11Processor.service(Http11Processor.java:367) [tomcat-embed-core-9.0.31.jar:9.0.31]
	at org.apache.coyote.AbstractProcessorLight.process(AbstractProcessorLight.java:65) [tomcat-embed-core-9.0.31.jar:9.0.31]
	at org.apache.coyote.AbstractProtocol$ConnectionHandler.process(AbstractProtocol.java:868) [tomcat-embed-core-9.0.31.jar:9.0.31]
	at org.apache.tomcat.util.net.NioEndpoint$SocketProcessor.doRun(NioEndpoint.java:1639) [tomcat-embed-core-9.0.31.jar:9.0.31]
	at org.apache.tomcat.util.net.SocketProcessorBase.run(SocketProcessorBase.java:49) [tomcat-embed-core-9.0.31.jar:9.0.31]
	at java.util.concurrent.ThreadPoolExecutor.runWorker(ThreadPoolExecutor.java:1149) [?:1.8.0_461]
	at java.util.concurrent.ThreadPoolExecutor$Worker.run(ThreadPoolExecutor.java:624) [?:1.8.0_461]
	at org.apache.tomcat.util.threads.TaskThread$WrappingRunnable.run(TaskThread.java:61) [tomcat-embed-core-9.0.31.jar:9.0.31]
	at java.lang.Thread.run(Thread.java:750) [?:1.8.0_461]
Caused by: java.sql.SQLSyntaxErrorException: You have an error in your SQL syntax; check the manual that corresponds to your MySQL server version for the right syntax to use near 'by create_time desc  limit 0 , 10' at line 1
	at com.mysql.cj.jdbc.exceptions.SQLError.createSQLException(SQLError.java:118) ~[mysql-connector-java-8.0.11.jar:8.0.11]
	at com.mysql.cj.jdbc.exceptions.SQLError.createSQLException(SQLError.java:95) ~[mysql-connector-java-8.0.11.jar:8.0.11]
	at com.mysql.cj.jdbc.exceptions.SQLExceptionsMapping.translateException(SQLExceptionsMapping.java:122) ~[mysql-connector-java-8.0.11.jar:8.0.11]
	at com.mysql.cj.jdbc.ClientPreparedStatement.executeInternal(ClientPreparedStatement.java:960) ~[mysql-connector-java-8.0.11.jar:8.0.11]
	at com.mysql.cj.jdbc.ClientPreparedStatement.execute(ClientPreparedStatement.java:388) ~[mysql-connector-java-8.0.11.jar:8.0.11]
	at com.alibaba.druid.pool.DruidPooledPreparedStatement.execute(DruidPooledPreparedStatement.java:497) ~[druid-1.2.8.jar:1.2.8]
	at sun.reflect.GeneratedMethodAccessor81.invoke(Unknown Source) ~[?:?]
	at sun.reflect.DelegatingMethodAccessorImpl.invoke(DelegatingMethodAccessorImpl.java:43) ~[?:1.8.0_461]
	at java.lang.reflect.Method.invoke(Method.java:498) ~[?:1.8.0_461]
	at org.apache.ibatis.logging.jdbc.PreparedStatementLogger.invoke(PreparedStatementLogger.java:59) ~[mybatis-3.5.7.jar:3.5.7]
	at com.sun.proxy.$Proxy150.execute(Unknown Source) ~[?:?]
	at org.apache.ibatis.executor.statement.PreparedStatementHandler.query(PreparedStatementHandler.java:64) ~[mybatis-3.5.7.jar:3.5.7]
	at org.apache.ibatis.executor.statement.RoutingStatementHandler.query(RoutingStatementHandler.java:79) ~[mybatis-3.5.7.jar:3.5.7]
	at sun.reflect.GeneratedMethodAccessor83.invoke(Unknown Source) ~[?:?]
	at sun.reflect.DelegatingMethodAccessorImpl.invoke(DelegatingMethodAccessorImpl.java:43) ~[?:1.8.0_461]
	at java.lang.reflect.Method.invoke(Method.java:498) ~[?:1.8.0_461]
	at org.apache.ibatis.plugin.Plugin.invoke(Plugin.java:64) ~[mybatis-3.5.7.jar:3.5.7]
	at com.sun.proxy.$Proxy147.query(Unknown Source) ~[?:?]
	at org.apache.ibatis.executor.SimpleExecutor.doQuery(SimpleExecutor.java:63) ~[mybatis-3.5.7.jar:3.5.7]
	at org.apache.ibatis.executor.BaseExecutor.queryFromDatabase(BaseExecutor.java:325) ~[mybatis-3.5.7.jar:3.5.7]
	at org.apache.ibatis.executor.BaseExecutor.query(BaseExecutor.java:156) ~[mybatis-3.5.7.jar:3.5.7]
	at org.apache.ibatis.executor.CachingExecutor.query(CachingExecutor.java:109) ~[mybatis-3.5.7.jar:3.5.7]
	at com.baomidou.mybatisplus.extension.plugins.MybatisPlusInterceptor.intercept(MybatisPlusInterceptor.java:81) ~[mybatis-plus-extension-3.4.3.1.jar:3.4.3.1]
	at org.apache.ibatis.plugin.Plugin.invoke(Plugin.java:62) ~[mybatis-3.5.7.jar:3.5.7]
	at com.sun.proxy.$Proxy146.query(Unknown Source) ~[?:?]
	at org.apache.ibatis.session.defaults.DefaultSqlSession.selectList(DefaultSqlSession.java:151) ~[mybatis-3.5.7.jar:3.5.7]
	at org.apache.ibatis.session.defaults.DefaultSqlSession.selectList(DefaultSqlSession.java:145) ~[mybatis-3.5.7.jar:3.5.7]
	at org.apache.ibatis.session.defaults.DefaultSqlSession.selectList(DefaultSqlSession.java:140) ~[mybatis-3.5.7.jar:3.5.7]
	at sun.reflect.GeneratedMethodAccessor96.invoke(Unknown Source) ~[?:?]
	at sun.reflect.DelegatingMethodAccessorImpl.invoke(DelegatingMethodAccessorImpl.java:43) ~[?:1.8.0_461]
	at java.lang.reflect.Method.invoke(Method.java:498) ~[?:1.8.0_461]
	at org.mybatis.spring.SqlSessionTemplate$SqlSessionInterceptor.invoke(SqlSessionTemplate.java:427) ~[mybatis-spring-2.0.6.jar:2.0.6]
	... 72 more
2026-05-04 22:22:13.448 [http-nio-5000-exec-9] ERROR com.project.demo.exception.GlobalExceptionHandler - 运行时异常: 
org.springframework.jdbc.BadSqlGrammarException: 
### Error querying database.  Cause: java.sql.SQLSyntaxErrorException: You have an error in your SQL syntax; check the manual that corresponds to your MySQL server version for the right syntax to use near 'by create_time desc  limit 0 , 7' at line 1
### The error may exist in file [/home/yuan/Desktop/bishe-main/target/classes/mapper/BaseMapper.xml]
### The error may involve defaultParameterMap
### The error occurred while setting parameters
### SQL: select * from `registered_user` WHERE is_delete = 0order by create_time desc  limit 0 , 7
### Cause: java.sql.SQLSyntaxErrorException: You have an error in your SQL syntax; check the manual that corresponds to your MySQL server version for the right syntax to use near 'by create_time desc  limit 0 , 7' at line 1
; bad SQL grammar []; nested exception is java.sql.SQLSyntaxErrorException: You have an error in your SQL syntax; check the manual that corresponds to your MySQL server version for the right syntax to use near 'by create_time desc  limit 0 , 7' at line 1
	at org.springframework.jdbc.support.SQLErrorCodeSQLExceptionTranslator.doTranslate(SQLErrorCodeSQLExceptionTranslator.java:235) ~[spring-jdbc-5.2.4.RELEASE.jar:5.2.4.RELEASE]
	at org.springframework.jdbc.support.AbstractFallbackSQLExceptionTranslator.translate(AbstractFallbackSQLExceptionTranslator.java:72) ~[spring-jdbc-5.2.4.RELEASE.jar:5.2.4.RELEASE]
	at org.mybatis.spring.MyBatisExceptionTranslator.translateExceptionIfPossible(MyBatisExceptionTranslator.java:91) ~[mybatis-spring-2.0.6.jar:2.0.6]
	at org.mybatis.spring.SqlSessionTemplate$SqlSessionInterceptor.invoke(SqlSessionTemplate.java:441) ~[mybatis-spring-2.0.6.jar:2.0.6]
	at com.sun.proxy.$Proxy113.selectList(Unknown Source) ~[?:?]
	at org.mybatis.spring.SqlSessionTemplate.selectList(SqlSessionTemplate.java:224) ~[mybatis-spring-2.0.6.jar:2.0.6]
	at com.baomidou.mybatisplus.core.override.MybatisMapperMethod.executeForMany(MybatisMapperMethod.java:166) ~[mybatis-plus-core-3.4.3.1.jar:3.4.3.1]
	at com.baomidou.mybatisplus.core.override.MybatisMapperMethod.execute(MybatisMapperMethod.java:77) ~[mybatis-plus-core-3.4.3.1.jar:3.4.3.1]
	at com.baomidou.mybatisplus.core.override.MybatisMapperProxy$PlainMethodInvoker.invoke(MybatisMapperProxy.java:148) ~[mybatis-plus-core-3.4.3.1.jar:3.4.3.1]
	at com.baomidou.mybatisplus.core.override.MybatisMapperProxy.invoke(MybatisMapperProxy.java:89) ~[mybatis-plus-core-3.4.3.1.jar:3.4.3.1]
	at com.sun.proxy.$Proxy127.selectBaseList(Unknown Source) ~[?:?]
	at com.project.demo.service.base.BaseService.selectToPage(BaseService.java:77) ~[classes/:?]
	at com.project.demo.service.base.BaseService$$FastClassBySpringCGLIB$$504c7e9.invoke(<generated>) ~[classes/:?]
	at org.springframework.cglib.proxy.MethodProxy.invoke(MethodProxy.java:218) ~[spring-core-5.2.4.RELEASE.jar:5.2.4.RELEASE]
	at org.springframework.aop.framework.CglibAopProxy$CglibMethodInvocation.invokeJoinpoint(CglibAopProxy.java:769) ~[spring-aop-5.2.4.RELEASE.jar:5.2.4.RELEASE]
	at org.springframework.aop.framework.ReflectiveMethodInvocation.proceed(ReflectiveMethodInvocation.java:163) ~[spring-aop-5.2.4.RELEASE.jar:5.2.4.RELEASE]
	at org.springframework.aop.framework.CglibAopProxy$CglibMethodInvocation.proceed(CglibAopProxy.java:747) ~[spring-aop-5.2.4.RELEASE.jar:5.2.4.RELEASE]
	at org.springframework.aop.interceptor.ExposeInvocationInterceptor.invoke(ExposeInvocationInterceptor.java:95) ~[spring-aop-5.2.4.RELEASE.jar:5.2.4.RELEASE]
	at org.springframework.aop.framework.ReflectiveMethodInvocation.proceed(ReflectiveMethodInvocation.java:186) ~[spring-aop-5.2.4.RELEASE.jar:5.2.4.RELEASE]
	at org.springframework.aop.framework.CglibAopProxy$CglibMethodInvocation.proceed(CglibAopProxy.java:747) ~[spring-aop-5.2.4.RELEASE.jar:5.2.4.RELEASE]
	at org.springframework.aop.framework.CglibAopProxy$DynamicAdvisedInterceptor.intercept(CglibAopProxy.java:689) ~[spring-aop-5.2.4.RELEASE.jar:5.2.4.RELEASE]
	at com.project.demo.service.RegisteredUserService$$EnhancerBySpringCGLIB$$a7009c0b.selectToPage(<generated>) ~[classes/:?]
	at com.project.demo.controller.base.BaseController.getList(BaseController.java:76) ~[classes/:?]
	at com.project.demo.controller.base.BaseController$$FastClassBySpringCGLIB$$72c28101.invoke(<generated>) ~[classes/:?]
	at org.springframework.cglib.proxy.MethodProxy.invoke(MethodProxy.java:218) ~[spring-core-5.2.4.RELEASE.jar:5.2.4.RELEASE]
	at org.springframework.aop.framework.CglibAopProxy$DynamicAdvisedInterceptor.intercept(CglibAopProxy.java:685) ~[spring-aop-5.2.4.RELEASE.jar:5.2.4.RELEASE]
	at com.project.demo.controller.RegisteredUserController$$EnhancerBySpringCGLIB$$51add81f.getList(<generated>) ~[classes/:?]
	at sun.reflect.GeneratedMethodAccessor99.invoke(Unknown Source) ~[?:?]
	at sun.reflect.DelegatingMethodAccessorImpl.invoke(DelegatingMethodAccessorImpl.java:43) ~[?:1.8.0_461]
	at java.lang.reflect.Method.invoke(Method.java:498) ~[?:1.8.0_461]
	at org.springframework.web.method.support.InvocableHandlerMethod.doInvoke(InvocableHandlerMethod.java:190) ~[spring-web-5.2.4.RELEASE.jar:5.2.4.RELEASE]
	at org.springframework.web.method.support.InvocableHandlerMethod.invokeForRequest(InvocableHandlerMethod.java:138) ~[spring-web-5.2.4.RELEASE.jar:5.2.4.RELEASE]
	at org.springframework.web.servlet.mvc.method.annotation.ServletInvocableHandlerMethod.invokeAndHandle(ServletInvocableHandlerMethod.java:106) ~[spring-webmvc-5.2.4.RELEASE.jar:5.2.4.RELEASE]
	at org.springframework.web.servlet.mvc.method.annotation.RequestMappingHandlerAdapter.invokeHandlerMethod(RequestMappingHandlerAdapter.java:879) ~[spring-webmvc-5.2.4.RELEASE.jar:5.2.4.RELEASE]
	at org.springframework.web.servlet.mvc.method.annotation.RequestMappingHandlerAdapter.handleInternal(RequestMappingHandlerAdapter.java:793) ~[spring-webmvc-5.2.4.RELEASE.jar:5.2.4.RELEASE]
	at org.springframework.web.servlet.mvc.method.AbstractHandlerMethodAdapter.handle(AbstractHandlerMethodAdapter.java:87) ~[spring-webmvc-5.2.4.RELEASE.jar:5.2.4.RELEASE]
	at org.springframework.web.servlet.DispatcherServlet.doDispatch(DispatcherServlet.java:1040) [spring-webmvc-5.2.4.RELEASE.jar:5.2.4.RELEASE]
	at org.springframework.web.servlet.DispatcherServlet.doService(DispatcherServlet.java:943) [spring-webmvc-5.2.4.RELEASE.jar:5.2.4.RELEASE]
	at org.springframework.web.servlet.FrameworkServlet.processRequest(FrameworkServlet.java:1006) [spring-webmvc-5.2.4.RELEASE.jar:5.2.4.RELEASE]
	at org.springframework.web.servlet.FrameworkServlet.doGet(FrameworkServlet.java:898) [spring-webmvc-5.2.4.RELEASE.jar:5.2.4.RELEASE]
	at javax.servlet.http.HttpServlet.service(HttpServlet.java:634) [tomcat-embed-core-9.0.31.jar:9.0.31]
	at org.springframework.web.servlet.FrameworkServlet.service(FrameworkServlet.java:883) [spring-webmvc-5.2.4.RELEASE.jar:5.2.4.RELEASE]
	at javax.servlet.http.HttpServlet.service(HttpServlet.java:741) [tomcat-embed-core-9.0.31.jar:9.0.31]
	at org.apache.catalina.core.ApplicationFilterChain.internalDoFilter(ApplicationFilterChain.java:231) [tomcat-embed-core-9.0.31.jar:9.0.31]
	at org.apache.catalina.core.ApplicationFilterChain.doFilter(ApplicationFilterChain.java:166) [tomcat-embed-core-9.0.31.jar:9.0.31]
	at org.apache.tomcat.websocket.server.WsFilter.doFilter(WsFilter.java:53) [tomcat-embed-websocket-9.0.31.jar:9.0.31]
	at org.apache.catalina.core.ApplicationFilterChain.internalDoFilter(ApplicationFilterChain.java:193) [tomcat-embed-core-9.0.31.jar:9.0.31]
	at org.apache.catalina.core.ApplicationFilterChain.doFilter(ApplicationFilterChain.java:166) [tomcat-embed-core-9.0.31.jar:9.0.31]
	at org.springframework.web.filter.RequestContextFilter.doFilterInternal(RequestContextFilter.java:100) [spring-web-5.2.4.RELEASE.jar:5.2.4.RELEASE]
	at org.springframework.web.filter.OncePerRequestFilter.doFilter(OncePerRequestFilter.java:119) [spring-web-5.2.4.RELEASE.jar:5.2.4.RELEASE]
	at org.apache.catalina.core.ApplicationFilterChain.internalDoFilter(ApplicationFilterChain.java:193) [tomcat-embed-core-9.0.31.jar:9.0.31]
	at org.apache.catalina.core.ApplicationFilterChain.doFilter(ApplicationFilterChain.java:166) [tomcat-embed-core-9.0.31.jar:9.0.31]
	at org.springframework.web.filter.FormContentFilter.doFilterInternal(FormContentFilter.java:93) [spring-web-5.2.4.RELEASE.jar:5.2.4.RELEASE]
	at org.springframework.web.filter.OncePerRequestFilter.doFilter(OncePerRequestFilter.java:119) [spring-web-5.2.4.RELEASE.jar:5.2.4.RELEASE]
	at org.apache.catalina.core.ApplicationFilterChain.internalDoFilter(ApplicationFilterChain.java:193) [tomcat-embed-core-9.0.31.jar:9.0.31]
	at org.apache.catalina.core.ApplicationFilterChain.doFilter(ApplicationFilterChain.java:166) [tomcat-embed-core-9.0.31.jar:9.0.31]
	at org.springframework.web.filter.CharacterEncodingFilter.doFilterInternal(CharacterEncodingFilter.java:201) [spring-web-5.2.4.RELEASE.jar:5.2.4.RELEASE]
	at org.springframework.web.filter.OncePerRequestFilter.doFilter(OncePerRequestFilter.java:119) [spring-web-5.2.4.RELEASE.jar:5.2.4.RELEASE]
	at org.apache.catalina.core.ApplicationFilterChain.internalDoFilter(ApplicationFilterChain.java:193) [tomcat-embed-core-9.0.31.jar:9.0.31]
	at org.apache.catalina.core.ApplicationFilterChain.doFilter(ApplicationFilterChain.java:166) [tomcat-embed-core-9.0.31.jar:9.0.31]
	at org.apache.catalina.core.StandardWrapperValve.invoke(StandardWrapperValve.java:202) [tomcat-embed-core-9.0.31.jar:9.0.31]
	at org.apache.catalina.core.StandardContextValve.invoke(StandardContextValve.java:96) [tomcat-embed-core-9.0.31.jar:9.0.31]
	at org.apache.catalina.authenticator.AuthenticatorBase.invoke(AuthenticatorBase.java:541) [tomcat-embed-core-9.0.31.jar:9.0.31]
	at org.apache.catalina.core.StandardHostValve.invoke(StandardHostValve.java:139) [tomcat-embed-core-9.0.31.jar:9.0.31]
	at org.apache.catalina.valves.ErrorReportValve.invoke(ErrorReportValve.java:92) [tomcat-embed-core-9.0.31.jar:9.0.31]
	at org.apache.catalina.core.StandardEngineValve.invoke(StandardEngineValve.java:74) [tomcat-embed-core-9.0.31.jar:9.0.31]
	at org.apache.catalina.connector.CoyoteAdapter.service(CoyoteAdapter.java:343) [tomcat-embed-core-9.0.31.jar:9.0.31]
	at org.apache.coyote.http11.Http11Processor.service(Http11Processor.java:367) [tomcat-embed-core-9.0.31.jar:9.0.31]
	at org.apache.coyote.AbstractProcessorLight.process(AbstractProcessorLight.java:65) [tomcat-embed-core-9.0.31.jar:9.0.31]
	at org.apache.coyote.AbstractProtocol$ConnectionHandler.process(AbstractProtocol.java:868) [tomcat-embed-core-9.0.31.jar:9.0.31]
	at org.apache.tomcat.util.net.NioEndpoint$SocketProcessor.doRun(NioEndpoint.java:1639) [tomcat-embed-core-9.0.31.jar:9.0.31]
	at org.apache.tomcat.util.net.SocketProcessorBase.run(SocketProcessorBase.java:49) [tomcat-embed-core-9.0.31.jar:9.0.31]
	at java.util.concurrent.ThreadPoolExecutor.runWorker(ThreadPoolExecutor.java:1149) [?:1.8.0_461]
	at java.util.concurrent.ThreadPoolExecutor$Worker.run(ThreadPoolExecutor.java:624) [?:1.8.0_461]
	at org.apache.tomcat.util.threads.TaskThread$WrappingRunnable.run(TaskThread.java:61) [tomcat-embed-core-9.0.31.jar:9.0.31]
	at java.lang.Thread.run(Thread.java:750) [?:1.8.0_461]
Caused by: java.sql.SQLSyntaxErrorException: You have an error in your SQL syntax; check the manual that corresponds to your MySQL server version for the right syntax to use near 'by create_time desc  limit 0 , 7' at line 1
	at com.mysql.cj.jdbc.exceptions.SQLError.createSQLException(SQLError.java:118) ~[mysql-connector-java-8.0.11.jar:8.0.11]
	at com.mysql.cj.jdbc.exceptions.SQLError.createSQLException(SQLError.java:95) ~[mysql-connector-java-8.0.11.jar:8.0.11]
	at com.mysql.cj.jdbc.exceptions.SQLExceptionsMapping.translateException(SQLExceptionsMapping.java:122) ~[mysql-connector-java-8.0.11.jar:8.0.11]
	at com.mysql.cj.jdbc.ClientPreparedStatement.executeInternal(ClientPreparedStatement.java:960) ~[mysql-connector-java-8.0.11.jar:8.0.11]
	at com.mysql.cj.jdbc.ClientPreparedStatement.execute(ClientPreparedStatement.java:388) ~[mysql-connector-java-8.0.11.jar:8.0.11]
	at com.alibaba.druid.pool.DruidPooledPreparedStatement.execute(DruidPooledPreparedStatement.java:497) ~[druid-1.2.8.jar:1.2.8]
	at sun.reflect.GeneratedMethodAccessor81.invoke(Unknown Source) ~[?:?]
	at sun.reflect.DelegatingMethodAccessorImpl.invoke(DelegatingMethodAccessorImpl.java:43) ~[?:1.8.0_461]
	at java.lang.reflect.Method.invoke(Method.java:498) ~[?:1.8.0_461]
	at org.apache.ibatis.logging.jdbc.PreparedStatementLogger.invoke(PreparedStatementLogger.java:59) ~[mybatis-3.5.7.jar:3.5.7]
	at com.sun.proxy.$Proxy150.execute(Unknown Source) ~[?:?]
	at org.apache.ibatis.executor.statement.PreparedStatementHandler.query(PreparedStatementHandler.java:64) ~[mybatis-3.5.7.jar:3.5.7]
	at org.apache.ibatis.executor.statement.RoutingStatementHandler.query(RoutingStatementHandler.java:79) ~[mybatis-3.5.7.jar:3.5.7]
	at sun.reflect.GeneratedMethodAccessor83.invoke(Unknown Source) ~[?:?]
	at sun.reflect.DelegatingMethodAccessorImpl.invoke(DelegatingMethodAccessorImpl.java:43) ~[?:1.8.0_461]
	at java.lang.reflect.Method.invoke(Method.java:498) ~[?:1.8.0_461]
	at org.apache.ibatis.plugin.Plugin.invoke(Plugin.java:64) ~[mybatis-3.5.7.jar:3.5.7]
	at com.sun.proxy.$Proxy147.query(Unknown Source) ~[?:?]
	at org.apache.ibatis.executor.SimpleExecutor.doQuery(SimpleExecutor.java:63) ~[mybatis-3.5.7.jar:3.5.7]
	at org.apache.ibatis.executor.BaseExecutor.queryFromDatabase(BaseExecutor.java:325) ~[mybatis-3.5.7.jar:3.5.7]
	at org.apache.ibatis.executor.BaseExecutor.query(BaseExecutor.java:156) ~[mybatis-3.5.7.jar:3.5.7]
	at org.apache.ibatis.executor.CachingExecutor.query(CachingExecutor.java:109) ~[mybatis-3.5.7.jar:3.5.7]
	at com.baomidou.mybatisplus.extension.plugins.MybatisPlusInterceptor.intercept(MybatisPlusInterceptor.java:81) ~[mybatis-plus-extension-3.4.3.1.jar:3.4.3.1]
	at org.apache.ibatis.plugin.Plugin.invoke(Plugin.java:62) ~[mybatis-3.5.7.jar:3.5.7]
	at com.sun.proxy.$Proxy146.query(Unknown Source) ~[?:?]
	at org.apache.ibatis.session.defaults.DefaultSqlSession.selectList(DefaultSqlSession.java:151) ~[mybatis-3.5.7.jar:3.5.7]
	at org.apache.ibatis.session.defaults.DefaultSqlSession.selectList(DefaultSqlSession.java:145) ~[mybatis-3.5.7.jar:3.5.7]
	at org.apache.ibatis.session.defaults.DefaultSqlSession.selectList(DefaultSqlSession.java:140) ~[mybatis-3.5.7.jar:3.5.7]
	at sun.reflect.GeneratedMethodAccessor96.invoke(Unknown Source) ~[?:?]
	at sun.reflect.DelegatingMethodAccessorImpl.invoke(DelegatingMethodAccessorImpl.java:43) ~[?:1.8.0_461]
	at java.lang.reflect.Method.invoke(Method.java:498) ~[?:1.8.0_461]
	at org.mybatis.spring.SqlSessionTemplate$SqlSessionInterceptor.invoke(SqlSessionTemplate.java:427) ~[mybatis-spring-2.0.6.jar:2.0.6]
	... 72 more
2026-05-04 23:52:47.270 [http-nio-5000-exec-1] ERROR com.project.demo.exception.GlobalExceptionHandler - 运行时异常: 
org.springframework.jdbc.BadSqlGrammarException: 
### Error querying database.  Cause: java.sql.SQLSyntaxErrorException: Unknown column 'product_category' in 'field list'
### The error may exist in file [/home/yuan/Desktop/bishe-main/target/classes/mapper/BaseMapper.xml]
### The error may involve defaultParameterMap
### The error occurred while setting parameters
### SQL: select COUNT(*) AS count, product_category from `inventory_information`  WHERE is_delete = 0 group by product_category
### Cause: java.sql.SQLSyntaxErrorException: Unknown column 'product_category' in 'field list'
; bad SQL grammar []; nested exception is java.sql.SQLSyntaxErrorException: Unknown column 'product_category' in 'field list'
	at org.springframework.jdbc.support.SQLErrorCodeSQLExceptionTranslator.doTranslate(SQLErrorCodeSQLExceptionTranslator.java:235) ~[spring-jdbc-5.2.4.RELEASE.jar:5.2.4.RELEASE]
	at org.springframework.jdbc.support.AbstractFallbackSQLExceptionTranslator.translate(AbstractFallbackSQLExceptionTranslator.java:72) ~[spring-jdbc-5.2.4.RELEASE.jar:5.2.4.RELEASE]
	at org.mybatis.spring.MyBatisExceptionTranslator.translateExceptionIfPossible(MyBatisExceptionTranslator.java:91) ~[mybatis-spring-2.0.6.jar:2.0.6]
	at org.mybatis.spring.SqlSessionTemplate$SqlSessionInterceptor.invoke(SqlSessionTemplate.java:441) ~[mybatis-spring-2.0.6.jar:2.0.6]
	at com.sun.proxy.$Proxy114.selectList(Unknown Source) ~[?:?]
	at org.mybatis.spring.SqlSessionTemplate.selectList(SqlSessionTemplate.java:224) ~[mybatis-spring-2.0.6.jar:2.0.6]
	at com.baomidou.mybatisplus.core.override.MybatisMapperMethod.executeForMany(MybatisMapperMethod.java:166) ~[mybatis-plus-core-3.4.3.1.jar:3.4.3.1]
	at com.baomidou.mybatisplus.core.override.MybatisMapperMethod.execute(MybatisMapperMethod.java:77) ~[mybatis-plus-core-3.4.3.1.jar:3.4.3.1]
	at com.baomidou.mybatisplus.core.override.MybatisMapperProxy$PlainMethodInvoker.invoke(MybatisMapperProxy.java:148) ~[mybatis-plus-core-3.4.3.1.jar:3.4.3.1]
	at com.baomidou.mybatisplus.core.override.MybatisMapperProxy.invoke(MybatisMapperProxy.java:89) ~[mybatis-plus-core-3.4.3.1.jar:3.4.3.1]
	at com.sun.proxy.$Proxy125.selectBaseList(Unknown Source) ~[?:?]
	at com.project.demo.service.base.BaseService.selectToList(BaseService.java:85) ~[classes/:?]
	at com.project.demo.service.base.BaseService$$FastClassBySpringCGLIB$$504c7e9.invoke(<generated>) ~[classes/:?]
	at org.springframework.cglib.proxy.MethodProxy.invoke(MethodProxy.java:218) ~[spring-core-5.2.4.RELEASE.jar:5.2.4.RELEASE]
	at org.springframework.aop.framework.CglibAopProxy$CglibMethodInvocation.invokeJoinpoint(CglibAopProxy.java:769) ~[spring-aop-5.2.4.RELEASE.jar:5.2.4.RELEASE]
	at org.springframework.aop.framework.ReflectiveMethodInvocation.proceed(ReflectiveMethodInvocation.java:163) ~[spring-aop-5.2.4.RELEASE.jar:5.2.4.RELEASE]
	at org.springframework.aop.framework.CglibAopProxy$CglibMethodInvocation.proceed(CglibAopProxy.java:747) ~[spring-aop-5.2.4.RELEASE.jar:5.2.4.RELEASE]
	at org.springframework.aop.interceptor.ExposeInvocationInterceptor.invoke(ExposeInvocationInterceptor.java:95) ~[spring-aop-5.2.4.RELEASE.jar:5.2.4.RELEASE]
	at org.springframework.aop.framework.ReflectiveMethodInvocation.proceed(ReflectiveMethodInvocation.java:186) ~[spring-aop-5.2.4.RELEASE.jar:5.2.4.RELEASE]
	at org.springframework.aop.framework.CglibAopProxy$CglibMethodInvocation.proceed(CglibAopProxy.java:747) ~[spring-aop-5.2.4.RELEASE.jar:5.2.4.RELEASE]
	at org.springframework.aop.framework.CglibAopProxy$DynamicAdvisedInterceptor.intercept(CglibAopProxy.java:689) ~[spring-aop-5.2.4.RELEASE.jar:5.2.4.RELEASE]
	at com.project.demo.service.InventoryInformationService$$EnhancerBySpringCGLIB$$fee7b44e.selectToList(<generated>) ~[classes/:?]
	at com.project.demo.controller.base.BaseController.listGroup(BaseController.java:82) ~[classes/:?]
	at com.project.demo.controller.base.BaseController$$FastClassBySpringCGLIB$$72c28101.invoke(<generated>) ~[classes/:?]
	at org.springframework.cglib.proxy.MethodProxy.invoke(MethodProxy.java:218) ~[spring-core-5.2.4.RELEASE.jar:5.2.4.RELEASE]
	at org.springframework.aop.framework.CglibAopProxy$DynamicAdvisedInterceptor.intercept(CglibAopProxy.java:685) ~[spring-aop-5.2.4.RELEASE.jar:5.2.4.RELEASE]
	at com.project.demo.controller.InventoryInformationController$$EnhancerBySpringCGLIB$$b4e9f84c.listGroup(<generated>) ~[classes/:?]
	at sun.reflect.NativeMethodAccessorImpl.invoke0(Native Method) ~[?:1.8.0_461]
	at sun.reflect.NativeMethodAccessorImpl.invoke(NativeMethodAccessorImpl.java:62) ~[?:1.8.0_461]
	at sun.reflect.DelegatingMethodAccessorImpl.invoke(DelegatingMethodAccessorImpl.java:43) ~[?:1.8.0_461]
	at java.lang.reflect.Method.invoke(Method.java:498) ~[?:1.8.0_461]
	at org.springframework.web.method.support.InvocableHandlerMethod.doInvoke(InvocableHandlerMethod.java:190) ~[spring-web-5.2.4.RELEASE.jar:5.2.4.RELEASE]
	at org.springframework.web.method.support.InvocableHandlerMethod.invokeForRequest(InvocableHandlerMethod.java:138) ~[spring-web-5.2.4.RELEASE.jar:5.2.4.RELEASE]
	at org.springframework.web.servlet.mvc.method.annotation.ServletInvocableHandlerMethod.invokeAndHandle(ServletInvocableHandlerMethod.java:106) ~[spring-webmvc-5.2.4.RELEASE.jar:5.2.4.RELEASE]
	at org.springframework.web.servlet.mvc.method.annotation.RequestMappingHandlerAdapter.invokeHandlerMethod(RequestMappingHandlerAdapter.java:879) ~[spring-webmvc-5.2.4.RELEASE.jar:5.2.4.RELEASE]
	at org.springframework.web.servlet.mvc.method.annotation.RequestMappingHandlerAdapter.handleInternal(RequestMappingHandlerAdapter.java:793) ~[spring-webmvc-5.2.4.RELEASE.jar:5.2.4.RELEASE]
	at org.springframework.web.servlet.mvc.method.AbstractHandlerMethodAdapter.handle(AbstractHandlerMethodAdapter.java:87) ~[spring-webmvc-5.2.4.RELEASE.jar:5.2.4.RELEASE]
	at org.springframework.web.servlet.DispatcherServlet.doDispatch(DispatcherServlet.java:1040) [spring-webmvc-5.2.4.RELEASE.jar:5.2.4.RELEASE]
	at org.springframework.web.servlet.DispatcherServlet.doService(DispatcherServlet.java:943) [spring-webmvc-5.2.4.RELEASE.jar:5.2.4.RELEASE]
	at org.springframework.web.servlet.FrameworkServlet.processRequest(FrameworkServlet.java:1006) [spring-webmvc-5.2.4.RELEASE.jar:5.2.4.RELEASE]
	at org.springframework.web.servlet.FrameworkServlet.doGet(FrameworkServlet.java:898) [spring-webmvc-5.2.4.RELEASE.jar:5.2.4.RELEASE]
	at javax.servlet.http.HttpServlet.service(HttpServlet.java:634) [tomcat-embed-core-9.0.31.jar:9.0.31]
	at org.springframework.web.servlet.FrameworkServlet.service(FrameworkServlet.java:883) [spring-webmvc-5.2.4.RELEASE.jar:5.2.4.RELEASE]
	at javax.servlet.http.HttpServlet.service(HttpServlet.java:741) [tomcat-embed-core-9.0.31.jar:9.0.31]
	at org.apache.catalina.core.ApplicationFilterChain.internalDoFilter(ApplicationFilterChain.java:231) [tomcat-embed-core-9.0.31.jar:9.0.31]
	at org.apache.catalina.core.ApplicationFilterChain.doFilter(ApplicationFilterChain.java:166) [tomcat-embed-core-9.0.31.jar:9.0.31]
	at org.apache.tomcat.websocket.server.WsFilter.doFilter(WsFilter.java:53) [tomcat-embed-websocket-9.0.31.jar:9.0.31]
	at org.apache.catalina.core.ApplicationFilterChain.internalDoFilter(ApplicationFilterChain.java:193) [tomcat-embed-core-9.0.31.jar:9.0.31]
	at org.apache.catalina.core.ApplicationFilterChain.doFilter(ApplicationFilterChain.java:166) [tomcat-embed-core-9.0.31.jar:9.0.31]
	at org.springframework.web.filter.RequestContextFilter.doFilterInternal(RequestContextFilter.java:100) [spring-web-5.2.4.RELEASE.jar:5.2.4.RELEASE]
	at org.springframework.web.filter.OncePerRequestFilter.doFilter(OncePerRequestFilter.java:119) [spring-web-5.2.4.RELEASE.jar:5.2.4.RELEASE]
	at org.apache.catalina.core.ApplicationFilterChain.internalDoFilter(ApplicationFilterChain.java:193) [tomcat-embed-core-9.0.31.jar:9.0.31]
	at org.apache.catalina.core.ApplicationFilterChain.doFilter(ApplicationFilterChain.java:166) [tomcat-embed-core-9.0.31.jar:9.0.31]
	at org.springframework.web.filter.FormContentFilter.doFilterInternal(FormContentFilter.java:93) [spring-web-5.2.4.RELEASE.jar:5.2.4.RELEASE]
	at org.springframework.web.filter.OncePerRequestFilter.doFilter(OncePerRequestFilter.java:119) [spring-web-5.2.4.RELEASE.jar:5.2.4.RELEASE]
	at org.apache.catalina.core.ApplicationFilterChain.internalDoFilter(ApplicationFilterChain.java:193) [tomcat-embed-core-9.0.31.jar:9.0.31]
	at org.apache.catalina.core.ApplicationFilterChain.doFilter(ApplicationFilterChain.java:166) [tomcat-embed-core-9.0.31.jar:9.0.31]
	at org.springframework.web.filter.CharacterEncodingFilter.doFilterInternal(CharacterEncodingFilter.java:201) [spring-web-5.2.4.RELEASE.jar:5.2.4.RELEASE]
	at org.springframework.web.filter.OncePerRequestFilter.doFilter(OncePerRequestFilter.java:119) [spring-web-5.2.4.RELEASE.jar:5.2.4.RELEASE]
	at org.apache.catalina.core.ApplicationFilterChain.internalDoFilter(ApplicationFilterChain.java:193) [tomcat-embed-core-9.0.31.jar:9.0.31]
	at org.apache.catalina.core.ApplicationFilterChain.doFilter(ApplicationFilterChain.java:166) [tomcat-embed-core-9.0.31.jar:9.0.31]
	at org.apache.catalina.core.StandardWrapperValve.invoke(StandardWrapperValve.java:202) [tomcat-embed-core-9.0.31.jar:9.0.31]
	at org.apache.catalina.core.StandardContextValve.invoke(StandardContextValve.java:96) [tomcat-embed-core-9.0.31.jar:9.0.31]
	at org.apache.catalina.authenticator.AuthenticatorBase.invoke(AuthenticatorBase.java:541) [tomcat-embed-core-9.0.31.jar:9.0.31]
	at org.apache.catalina.core.StandardHostValve.invoke(StandardHostValve.java:139) [tomcat-embed-core-9.0.31.jar:9.0.31]
	at org.apache.catalina.valves.ErrorReportValve.invoke(ErrorReportValve.java:92) [tomcat-embed-core-9.0.31.jar:9.0.31]
	at org.apache.catalina.core.StandardEngineValve.invoke(StandardEngineValve.java:74) [tomcat-embed-core-9.0.31.jar:9.0.31]
	at org.apache.catalina.connector.CoyoteAdapter.service(CoyoteAdapter.java:343) [tomcat-embed-core-9.0.31.jar:9.0.31]
	at org.apache.coyote.http11.Http11Processor.service(Http11Processor.java:367) [tomcat-embed-core-9.0.31.jar:9.0.31]
	at org.apache.coyote.AbstractProcessorLight.process(AbstractProcessorLight.java:65) [tomcat-embed-core-9.0.31.jar:9.0.31]
	at org.apache.coyote.AbstractProtocol$ConnectionHandler.process(AbstractProtocol.java:868) [tomcat-embed-core-9.0.31.jar:9.0.31]
	at org.apache.tomcat.util.net.NioEndpoint$SocketProcessor.doRun(NioEndpoint.java:1639) [tomcat-embed-core-9.0.31.jar:9.0.31]
	at org.apache.tomcat.util.net.SocketProcessorBase.run(SocketProcessorBase.java:49) [tomcat-embed-core-9.0.31.jar:9.0.31]
	at java.util.concurrent.ThreadPoolExecutor.runWorker(ThreadPoolExecutor.java:1149) [?:1.8.0_461]
	at java.util.concurrent.ThreadPoolExecutor$Worker.run(ThreadPoolExecutor.java:624) [?:1.8.0_461]
	at org.apache.tomcat.util.threads.TaskThread$WrappingRunnable.run(TaskThread.java:61) [tomcat-embed-core-9.0.31.jar:9.0.31]
	at java.lang.Thread.run(Thread.java:750) [?:1.8.0_461]
Caused by: java.sql.SQLSyntaxErrorException: Unknown column 'product_category' in 'field list'
	at com.mysql.cj.jdbc.exceptions.SQLError.createSQLException(SQLError.java:118) ~[mysql-connector-java-8.0.11.jar:8.0.11]
	at com.mysql.cj.jdbc.exceptions.SQLError.createSQLException(SQLError.java:95) ~[mysql-connector-java-8.0.11.jar:8.0.11]
	at com.mysql.cj.jdbc.exceptions.SQLExceptionsMapping.translateException(SQLExceptionsMapping.java:122) ~[mysql-connector-java-8.0.11.jar:8.0.11]
	at com.mysql.cj.jdbc.ClientPreparedStatement.executeInternal(ClientPreparedStatement.java:960) ~[mysql-connector-java-8.0.11.jar:8.0.11]
	at com.mysql.cj.jdbc.ClientPreparedStatement.execute(ClientPreparedStatement.java:388) ~[mysql-connector-java-8.0.11.jar:8.0.11]
	at com.alibaba.druid.pool.DruidPooledPreparedStatement.execute(DruidPooledPreparedStatement.java:497) ~[druid-1.2.8.jar:1.2.8]
	at sun.reflect.NativeMethodAccessorImpl.invoke0(Native Method) ~[?:1.8.0_461]
	at sun.reflect.NativeMethodAccessorImpl.invoke(NativeMethodAccessorImpl.java:62) ~[?:1.8.0_461]
	at sun.reflect.DelegatingMethodAccessorImpl.invoke(DelegatingMethodAccessorImpl.java:43) ~[?:1.8.0_461]
	at java.lang.reflect.Method.invoke(Method.java:498) ~[?:1.8.0_461]
	at org.apache.ibatis.logging.jdbc.PreparedStatementLogger.invoke(PreparedStatementLogger.java:59) ~[mybatis-3.5.7.jar:3.5.7]
	at com.sun.proxy.$Proxy153.execute(Unknown Source) ~[?:?]
	at org.apache.ibatis.executor.statement.PreparedStatementHandler.query(PreparedStatementHandler.java:64) ~[mybatis-3.5.7.jar:3.5.7]
	at org.apache.ibatis.executor.statement.RoutingStatementHandler.query(RoutingStatementHandler.java:79) ~[mybatis-3.5.7.jar:3.5.7]
	at sun.reflect.NativeMethodAccessorImpl.invoke0(Native Method) ~[?:1.8.0_461]
	at sun.reflect.NativeMethodAccessorImpl.invoke(NativeMethodAccessorImpl.java:62) ~[?:1.8.0_461]
	at sun.reflect.DelegatingMethodAccessorImpl.invoke(DelegatingMethodAccessorImpl.java:43) ~[?:1.8.0_461]
	at java.lang.reflect.Method.invoke(Method.java:498) ~[?:1.8.0_461]
	at org.apache.ibatis.plugin.Plugin.invoke(Plugin.java:64) ~[mybatis-3.5.7.jar:3.5.7]
	at com.sun.proxy.$Proxy151.query(Unknown Source) ~[?:?]
	at org.apache.ibatis.executor.SimpleExecutor.doQuery(SimpleExecutor.java:63) ~[mybatis-3.5.7.jar:3.5.7]
	at org.apache.ibatis.executor.BaseExecutor.queryFromDatabase(BaseExecutor.java:325) ~[mybatis-3.5.7.jar:3.5.7]
	at org.apache.ibatis.executor.BaseExecutor.query(BaseExecutor.java:156) ~[mybatis-3.5.7.jar:3.5.7]
	at org.apache.ibatis.executor.CachingExecutor.query(CachingExecutor.java:109) ~[mybatis-3.5.7.jar:3.5.7]
	at com.baomidou.mybatisplus.extension.plugins.MybatisPlusInterceptor.intercept(MybatisPlusInterceptor.java:81) ~[mybatis-plus-extension-3.4.3.1.jar:3.4.3.1]
	at org.apache.ibatis.plugin.Plugin.invoke(Plugin.java:62) ~[mybatis-3.5.7.jar:3.5.7]
	at com.sun.proxy.$Proxy150.query(Unknown Source) ~[?:?]
	at org.apache.ibatis.session.defaults.DefaultSqlSession.selectList(DefaultSqlSession.java:151) ~[mybatis-3.5.7.jar:3.5.7]
	at org.apache.ibatis.session.defaults.DefaultSqlSession.selectList(DefaultSqlSession.java:145) ~[mybatis-3.5.7.jar:3.5.7]
	at org.apache.ibatis.session.defaults.DefaultSqlSession.selectList(DefaultSqlSession.java:140) ~[mybatis-3.5.7.jar:3.5.7]
	at sun.reflect.NativeMethodAccessorImpl.invoke0(Native Method) ~[?:1.8.0_461]
	at sun.reflect.NativeMethodAccessorImpl.invoke(NativeMethodAccessorImpl.java:62) ~[?:1.8.0_461]
	at sun.reflect.DelegatingMethodAccessorImpl.invoke(DelegatingMethodAccessorImpl.java:43) ~[?:1.8.0_461]
	at java.lang.reflect.Method.invoke(Method.java:498) ~[?:1.8.0_461]
	at org.mybatis.spring.SqlSessionTemplate$SqlSessionInterceptor.invoke(SqlSessionTemplate.java:427) ~[mybatis-spring-2.0.6.jar:2.0.6]
	... 73 more
2026-05-04 23:59:55.055 [restartedMain] ERROR org.springframework.boot.diagnostics.LoggingFailureAnalysisReporter - 

***************************
APPLICATION FAILED TO START
***************************

Description:

Web server failed to start. Port 5000 was already in use.

Action:

Identify and stop the process that's listening on port 5000 or configure this application to listen on another port.

