2026-05-05 00:00:24.030 [restartedMain] INFO  com.project.demo.Application - Starting Application on debian with PID 111511 (/home/yuan/Desktop/bishe-main/target/classes started by yuan in /home/yuan/Desktop/bishe-main)
2026-05-05 00:00:24.044 [restartedMain] INFO  com.project.demo.Application - No active profile set, falling back to default profiles: default
2026-05-05 00:00:24.096 [restartedMain] INFO  org.springframework.boot.devtools.env.DevToolsPropertyDefaultsPostProcessor - Devtools property defaults active! Set 'spring.devtools.add-properties' to 'false' to disable
2026-05-05 00:00:24.097 [restartedMain] INFO  org.springframework.boot.devtools.env.DevToolsPropertyDefaultsPostProcessor - For additional web related logging consider setting the 'logging.level.web' property to 'DEBUG'
2026-05-05 00:00:24.583 [restartedMain] INFO  org.springframework.data.repository.config.RepositoryConfigurationDelegate - Multiple Spring Data modules found, entering strict repository configuration mode!
2026-05-05 00:00:24.584 [restartedMain] INFO  org.springframework.data.repository.config.RepositoryConfigurationDelegate - Bootstrapping Spring Data JPA repositories in DEFAULT mode.
2026-05-05 00:00:24.607 [restartedMain] INFO  org.springframework.data.repository.config.RepositoryConfigurationDelegate - Finished Spring Data repository scanning in 15ms. Found 0 JPA repository interfaces.
2026-05-05 00:00:24.834 [restartedMain] INFO  org.springframework.data.repository.config.RepositoryConfigurationDelegate - Multiple Spring Data modules found, entering strict repository configuration mode!
2026-05-05 00:00:24.835 [restartedMain] INFO  org.springframework.data.repository.config.RepositoryConfigurationDelegate - Bootstrapping Spring Data Redis repositories in DEFAULT mode.
2026-05-05 00:00:24.858 [restartedMain] INFO  org.springframework.data.repository.config.RepositoryConfigurationDelegate - Finished Spring Data repository scanning in 13ms. Found 0 Redis repository interfaces.
2026-05-05 00:00:25.947 [restartedMain] INFO  org.springframework.boot.web.embedded.tomcat.TomcatWebServer - Tomcat initialized with port(s): 5000 (http)
2026-05-05 00:00:25.958 [restartedMain] INFO  org.apache.coyote.http11.Http11NioProtocol - Initializing ProtocolHandler ["http-nio-5000"]
2026-05-05 00:00:25.960 [restartedMain] INFO  org.apache.catalina.core.StandardService - Starting service [Tomcat]
2026-05-05 00:00:25.961 [restartedMain] INFO  org.apache.catalina.core.StandardEngine - Starting Servlet engine: [Apache Tomcat/9.0.31]
2026-05-05 00:00:26.012 [restartedMain] INFO  org.apache.catalina.core.ContainerBase.[Tomcat].[localhost].[/api] - Initializing Spring embedded WebApplicationContext
2026-05-05 00:00:26.012 [restartedMain] INFO  org.springframework.web.context.ContextLoader - Root WebApplicationContext: initialization completed in 1915 ms
2026-05-05 00:00:26.098 [restartedMain] INFO  com.alibaba.druid.spring.boot.autoconfigure.DruidDataSourceAutoConfigure - Init DruidDataSource
2026-05-05 00:00:26.237 [restartedMain] INFO  com.alibaba.druid.pool.DruidDataSource - {dataSource-1} inited
2026-05-05 00:00:26.467 [restartedMain] INFO  org.hibernate.jpa.internal.util.LogHelper - HHH000204: Processing PersistenceUnitInfo [name: default]
2026-05-05 00:00:26.532 [restartedMain] INFO  org.hibernate.Version - HHH000412: Hibernate ORM core version 5.4.12.Final
2026-05-05 00:00:26.635 [restartedMain] INFO  org.hibernate.annotations.common.Version - HCANN000001: Hibernate Commons Annotations {5.1.0.Final}
2026-05-05 00:00:26.732 [restartedMain] INFO  org.hibernate.dialect.Dialect - HHH000400: Using dialect: org.hibernate.dialect.MySQL8Dialect
2026-05-05 00:00:26.947 [restartedMain] INFO  org.hibernate.engine.transaction.jta.platform.internal.JtaPlatformInitiator - HHH000490: Using JtaPlatform implementation: [org.hibernate.engine.transaction.jta.platform.internal.NoJtaPlatform]
2026-05-05 00:00:26.956 [restartedMain] INFO  org.springframework.orm.jpa.LocalContainerEntityManagerFactoryBean - Initialized JPA EntityManagerFactory for persistence unit 'default'
2026-05-05 00:00:28.936 [restartedMain] WARN  org.springframework.boot.autoconfigure.orm.jpa.JpaBaseConfiguration$JpaWebConfiguration - spring.jpa.open-in-view is enabled by default. Therefore, database queries may be performed during view rendering. Explicitly configure spring.jpa.open-in-view to disable this warning
2026-05-05 00:00:29.092 [restartedMain] INFO  org.springframework.scheduling.concurrent.ThreadPoolTaskExecutor - Initializing ExecutorService 'applicationTaskExecutor'
2026-05-05 00:00:29.455 [restartedMain] INFO  org.springframework.boot.devtools.autoconfigure.OptionalLiveReloadServer - LiveReload server is running on port 35729
2026-05-05 00:00:29.493 [restartedMain] INFO  org.apache.coyote.http11.Http11NioProtocol - Starting ProtocolHandler ["http-nio-5000"]
2026-05-05 00:00:29.503 [restartedMain] INFO  org.apache.coyote.http11.Http11NioProtocol - Pausing ProtocolHandler ["http-nio-5000"]
2026-05-05 00:00:29.503 [restartedMain] INFO  org.apache.catalina.core.StandardService - Stopping service [Tomcat]
2026-05-05 00:00:29.508 [restartedMain] INFO  org.apache.coyote.http11.Http11NioProtocol - Stopping ProtocolHandler ["http-nio-5000"]
2026-05-05 00:00:29.509 [restartedMain] INFO  org.apache.coyote.http11.Http11NioProtocol - Destroying ProtocolHandler ["http-nio-5000"]
2026-05-05 00:00:29.512 [restartedMain] INFO  org.springframework.boot.autoconfigure.logging.ConditionEvaluationReportLoggingListener - 

Error starting ApplicationContext. To display the conditions report re-run your application with 'debug' enabled.
2026-05-05 00:00:29.514 [restartedMain] ERROR org.springframework.boot.diagnostics.LoggingFailureAnalysisReporter - 

***************************
APPLICATION FAILED TO START
***************************

Description:

Web server failed to start. Port 5000 was already in use.

Action:

Identify and stop the process that's listening on port 5000 or configure this application to listen on another port.

2026-05-05 00:00:29.521 [restartedMain] INFO  org.springframework.scheduling.concurrent.ThreadPoolTaskExecutor - Shutting down ExecutorService 'applicationTaskExecutor'
2026-05-05 00:00:29.553 [restartedMain] INFO  org.springframework.orm.jpa.LocalContainerEntityManagerFactoryBean - Closing JPA EntityManagerFactory for persistence unit 'default'
2026-05-05 00:00:29.590 [restartedMain] INFO  com.alibaba.druid.pool.DruidDataSource - {dataSource-1} closing ...
2026-05-05 00:00:29.594 [restartedMain] INFO  com.alibaba.druid.pool.DruidDataSource - {dataSource-1} closed
2026-05-05 00:01:28.010 [restartedMain] INFO  com.project.demo.Application - Starting Application on debian with PID 113954 (/home/yuan/Desktop/bishe-main/target/classes started by yuan in /home/yuan/Desktop/bishe-main)
2026-05-05 00:01:28.020 [restartedMain] INFO  com.project.demo.Application - No active profile set, falling back to default profiles: default
2026-05-05 00:01:28.075 [restartedMain] INFO  org.springframework.boot.devtools.env.DevToolsPropertyDefaultsPostProcessor - Devtools property defaults active! Set 'spring.devtools.add-properties' to 'false' to disable
2026-05-05 00:01:28.076 [restartedMain] INFO  org.springframework.boot.devtools.env.DevToolsPropertyDefaultsPostProcessor - For additional web related logging consider setting the 'logging.level.web' property to 'DEBUG'
2026-05-05 00:01:28.671 [restartedMain] INFO  org.springframework.data.repository.config.RepositoryConfigurationDelegate - Multiple Spring Data modules found, entering strict repository configuration mode!
2026-05-05 00:01:28.673 [restartedMain] INFO  org.springframework.data.repository.config.RepositoryConfigurationDelegate - Bootstrapping Spring Data JPA repositories in DEFAULT mode.
2026-05-05 00:01:28.716 [restartedMain] INFO  org.springframework.data.repository.config.RepositoryConfigurationDelegate - Finished Spring Data repository scanning in 24ms. Found 0 JPA repository interfaces.
2026-05-05 00:01:28.908 [restartedMain] INFO  org.springframework.data.repository.config.RepositoryConfigurationDelegate - Multiple Spring Data modules found, entering strict repository configuration mode!
2026-05-05 00:01:28.909 [restartedMain] INFO  org.springframework.data.repository.config.RepositoryConfigurationDelegate - Bootstrapping Spring Data Redis repositories in DEFAULT mode.
2026-05-05 00:01:28.929 [restartedMain] INFO  org.springframework.data.repository.config.RepositoryConfigurationDelegate - Finished Spring Data repository scanning in 12ms. Found 0 Redis repository interfaces.
2026-05-05 00:01:29.975 [restartedMain] INFO  org.springframework.boot.web.embedded.tomcat.TomcatWebServer - Tomcat initialized with port(s): 5000 (http)
2026-05-05 00:01:29.985 [restartedMain] INFO  org.apache.coyote.http11.Http11NioProtocol - Initializing ProtocolHandler ["http-nio-5000"]
2026-05-05 00:01:29.986 [restartedMain] INFO  org.apache.catalina.core.StandardService - Starting service [Tomcat]
2026-05-05 00:01:29.987 [restartedMain] INFO  org.apache.catalina.core.StandardEngine - Starting Servlet engine: [Apache Tomcat/9.0.31]
2026-05-05 00:01:30.035 [restartedMain] INFO  org.apache.catalina.core.ContainerBase.[Tomcat].[localhost].[/api] - Initializing Spring embedded WebApplicationContext
2026-05-05 00:01:30.035 [restartedMain] INFO  org.springframework.web.context.ContextLoader - Root WebApplicationContext: initialization completed in 1959 ms
2026-05-05 00:01:30.099 [restartedMain] INFO  com.alibaba.druid.spring.boot.autoconfigure.DruidDataSourceAutoConfigure - Init DruidDataSource
2026-05-05 00:01:30.245 [restartedMain] INFO  com.alibaba.druid.pool.DruidDataSource - {dataSource-1} inited
2026-05-05 00:01:30.456 [restartedMain] INFO  org.hibernate.jpa.internal.util.LogHelper - HHH000204: Processing PersistenceUnitInfo [name: default]
2026-05-05 00:01:30.524 [restartedMain] INFO  org.hibernate.Version - HHH000412: Hibernate ORM core version 5.4.12.Final
2026-05-05 00:01:30.637 [restartedMain] INFO  org.hibernate.annotations.common.Version - HCANN000001: Hibernate Commons Annotations {5.1.0.Final}
2026-05-05 00:01:30.761 [restartedMain] INFO  org.hibernate.dialect.Dialect - HHH000400: Using dialect: org.hibernate.dialect.MySQL8Dialect
2026-05-05 00:01:31.010 [restartedMain] INFO  org.hibernate.engine.transaction.jta.platform.internal.JtaPlatformInitiator - HHH000490: Using JtaPlatform implementation: [org.hibernate.engine.transaction.jta.platform.internal.NoJtaPlatform]
2026-05-05 00:01:31.019 [restartedMain] INFO  org.springframework.orm.jpa.LocalContainerEntityManagerFactoryBean - Initialized JPA EntityManagerFactory for persistence unit 'default'
2026-05-05 00:01:32.836 [restartedMain] WARN  org.springframework.boot.autoconfigure.orm.jpa.JpaBaseConfiguration$JpaWebConfiguration - spring.jpa.open-in-view is enabled by default. Therefore, database queries may be performed during view rendering. Explicitly configure spring.jpa.open-in-view to disable this warning
2026-05-05 00:01:32.988 [restartedMain] INFO  org.springframework.scheduling.concurrent.ThreadPoolTaskExecutor - Initializing ExecutorService 'applicationTaskExecutor'
2026-05-05 00:01:33.368 [restartedMain] INFO  org.springframework.boot.devtools.autoconfigure.OptionalLiveReloadServer - LiveReload server is running on port 35729
2026-05-05 00:01:33.404 [restartedMain] INFO  org.apache.coyote.http11.Http11NioProtocol - Starting ProtocolHandler ["http-nio-5000"]
2026-05-05 00:01:33.426 [restartedMain] INFO  org.springframework.boot.web.embedded.tomcat.TomcatWebServer - Tomcat started on port(s): 5000 (http) with context path '/api'
2026-05-05 00:01:33.429 [restartedMain] INFO  com.project.demo.Application - Started Application in 5.853 seconds (JVM running for 6.933)
2026-05-05 00:01:39.021 [http-nio-5000-exec-1] INFO  org.apache.catalina.core.ContainerBase.[Tomcat].[localhost].[/api] - Initializing Spring DispatcherServlet 'dispatcherServlet'
2026-05-05 00:01:39.021 [http-nio-5000-exec-1] INFO  org.springframework.web.servlet.DispatcherServlet - Initializing Servlet 'dispatcherServlet'
2026-05-05 00:01:39.032 [http-nio-5000-exec-1] INFO  org.springframework.web.servlet.DispatcherServlet - Completed initialization in 11 ms
2026-05-05 00:01:39.050 [http-nio-5000-exec-1] INFO  com.project.demo.interceptor.LoginInterceptor - [请求接口] - http://localhost:5000/api/purchasing_information/get_list , [请求类型] - OPTIONS
2026-05-05 00:01:39.131 [http-nio-5000-exec-2] INFO  com.project.demo.interceptor.LoginInterceptor - [请求接口] - http://localhost:5000/api/purchasing_information/get_list , [请求类型] - GET
2026-05-05 00:01:44.067 [http-nio-5000-exec-3] INFO  com.project.demo.interceptor.LoginInterceptor - [请求接口] - http://localhost:5000/api/supply_information/get_list , [请求类型] - OPTIONS
2026-05-05 00:01:44.072 [http-nio-5000-exec-4] INFO  com.project.demo.interceptor.LoginInterceptor - [请求接口] - http://localhost:5000/api/commodity_information/get_list , [请求类型] - OPTIONS
2026-05-05 00:01:44.084 [http-nio-5000-exec-6] INFO  com.project.demo.interceptor.LoginInterceptor - [请求接口] - http://localhost:5000/api/commodity_information/get_list , [请求类型] - GET
2026-05-05 00:01:44.084 [http-nio-5000-exec-5] INFO  com.project.demo.interceptor.LoginInterceptor - [请求接口] - http://localhost:5000/api/supply_information/get_list , [请求类型] - GET
2026-05-05 00:01:44.098 [http-nio-5000-exec-5] INFO  com.project.demo.service.base.BaseService - 生成的最终SQL:  WHERE is_delete = 0 
2026-05-05 00:01:44.099 [http-nio-5000-exec-5] INFO  com.project.demo.service.base.BaseService - [supply_information] - 查询操作，sql: select * from `supply_information` WHERE is_delete = 0 order by create_time desc  limit 0 , 7
2026-05-05 00:01:44.100 [http-nio-5000-exec-6] INFO  com.project.demo.service.base.BaseService - 生成的最终SQL:  WHERE is_delete = 0 
2026-05-05 00:01:44.100 [http-nio-5000-exec-6] INFO  com.project.demo.service.base.BaseService - [commodity_information] - 查询操作，sql: select * from `commodity_information` WHERE is_delete = 0 
2026-05-05 00:01:44.104 [http-nio-5000-exec-5] INFO  com.project.demo.service.base.BaseService - 生成的最终SQL:  WHERE is_delete = 0 
2026-05-05 00:01:44.105 [http-nio-5000-exec-5] INFO  com.project.demo.service.base.BaseService - [supply_information] - 统计操作，sql: SELECT COUNT(*) FROM `supply_information` WHERE is_delete = 0 
2026-05-05 00:01:44.116 [http-nio-5000-exec-6] INFO  com.project.demo.service.base.BaseService - 生成的最终SQL:  WHERE is_delete = 0 
2026-05-05 00:01:44.116 [http-nio-5000-exec-6] INFO  com.project.demo.service.base.BaseService - [commodity_information] - 统计操作，sql: SELECT COUNT(*) FROM `commodity_information` WHERE is_delete = 0 
2026-05-05 00:01:44.893 [http-nio-5000-exec-8] INFO  com.project.demo.interceptor.LoginInterceptor - [请求接口] - http://localhost:5000/api/commodity_information/get_list , [请求类型] - GET
2026-05-05 00:01:44.894 [http-nio-5000-exec-8] INFO  com.project.demo.service.base.BaseService - 生成的最终SQL:  WHERE is_delete = 0 
2026-05-05 00:01:44.894 [http-nio-5000-exec-8] INFO  com.project.demo.service.base.BaseService - [commodity_information] - 查询操作，sql: select * from `commodity_information` WHERE is_delete = 0 
2026-05-05 00:01:44.900 [http-nio-5000-exec-8] INFO  com.project.demo.service.base.BaseService - 生成的最终SQL:  WHERE is_delete = 0 
2026-05-05 00:01:44.901 [http-nio-5000-exec-8] INFO  com.project.demo.service.base.BaseService - [commodity_information] - 统计操作，sql: SELECT COUNT(*) FROM `commodity_information` WHERE is_delete = 0 
2026-05-05 00:01:45.508 [http-nio-5000-exec-9] INFO  com.project.demo.interceptor.LoginInterceptor - [请求接口] - http://localhost:5000/api/supply_information/get_list , [请求类型] - GET
2026-05-05 00:01:45.509 [http-nio-5000-exec-9] INFO  com.project.demo.service.base.BaseService - 生成的最终SQL:  WHERE is_delete = 0 
2026-05-05 00:01:45.509 [http-nio-5000-exec-9] INFO  com.project.demo.service.base.BaseService - [supply_information] - 查询操作，sql: select * from `supply_information` WHERE is_delete = 0 order by create_time desc  limit 0 , 7
2026-05-05 00:01:45.512 [http-nio-5000-exec-9] INFO  com.project.demo.service.base.BaseService - 生成的最终SQL:  WHERE is_delete = 0 
2026-05-05 00:01:45.512 [http-nio-5000-exec-9] INFO  com.project.demo.service.base.BaseService - [supply_information] - 统计操作，sql: SELECT COUNT(*) FROM `supply_information` WHERE is_delete = 0 
2026-05-05 00:01:45.514 [http-nio-5000-exec-7] INFO  com.project.demo.interceptor.LoginInterceptor - [请求接口] - http://localhost:5000/api/commodity_information/get_list , [请求类型] - GET
2026-05-05 00:01:45.517 [http-nio-5000-exec-7] INFO  com.project.demo.service.base.BaseService - 生成的最终SQL:  WHERE is_delete = 0 
2026-05-05 00:01:45.517 [http-nio-5000-exec-7] INFO  com.project.demo.service.base.BaseService - [commodity_information] - 查询操作，sql: select * from `commodity_information` WHERE is_delete = 0 
2026-05-05 00:01:45.522 [http-nio-5000-exec-7] INFO  com.project.demo.service.base.BaseService - 生成的最终SQL:  WHERE is_delete = 0 
2026-05-05 00:01:45.522 [http-nio-5000-exec-7] INFO  com.project.demo.service.base.BaseService - [commodity_information] - 统计操作，sql: SELECT COUNT(*) FROM `commodity_information` WHERE is_delete = 0 
2026-05-05 00:01:57.832 [http-nio-5000-exec-10] INFO  com.project.demo.interceptor.LoginInterceptor - [请求接口] - http://localhost:5000/api/purchasing_information/get_list , [请求类型] - GET
2026-05-05 00:01:59.254 [http-nio-5000-exec-1] INFO  com.project.demo.interceptor.LoginInterceptor - [请求接口] - http://localhost:5000/api/purchasing_information/get_obj , [请求类型] - OPTIONS
2026-05-05 00:01:59.260 [http-nio-5000-exec-2] INFO  com.project.demo.interceptor.LoginInterceptor - [请求接口] - http://localhost:5000/api/supply_information/get_list , [请求类型] - OPTIONS
2026-05-05 00:01:59.269 [http-nio-5000-exec-3] INFO  com.project.demo.interceptor.LoginInterceptor - [请求接口] - http://localhost:5000/api/purchasing_information/get_obj , [请求类型] - GET
2026-05-05 00:01:59.271 [http-nio-5000-exec-4] INFO  com.project.demo.interceptor.LoginInterceptor - [请求接口] - http://localhost:5000/api/supply_information/get_list , [请求类型] - GET
2026-05-05 00:01:59.272 [http-nio-5000-exec-4] INFO  com.project.demo.service.base.BaseService - 生成的最终SQL:  WHERE is_delete = 0 
2026-05-05 00:01:59.273 [http-nio-5000-exec-4] INFO  com.project.demo.service.base.BaseService - [supply_information] - 查询操作，sql: select * from `supply_information` WHERE is_delete = 0 
2026-05-05 00:01:59.293 [http-nio-5000-exec-4] INFO  com.project.demo.service.base.BaseService - 生成的最终SQL:  WHERE is_delete = 0 
2026-05-05 00:01:59.294 [http-nio-5000-exec-4] INFO  com.project.demo.service.base.BaseService - [supply_information] - 统计操作，sql: SELECT COUNT(*) FROM `supply_information` WHERE is_delete = 0 
2026-05-05 00:06:57.543 [Thread-6] INFO  org.springframework.scheduling.concurrent.ThreadPoolTaskExecutor - Shutting down ExecutorService 'applicationTaskExecutor'
2026-05-05 00:06:57.569 [Thread-6] INFO  org.springframework.orm.jpa.LocalContainerEntityManagerFactoryBean - Closing JPA EntityManagerFactory for persistence unit 'default'
2026-05-05 00:06:57.571 [Thread-6] INFO  com.alibaba.druid.pool.DruidDataSource - {dataSource-1} closing ...
2026-05-05 00:06:57.575 [Thread-6] INFO  com.alibaba.druid.pool.DruidDataSource - {dataSource-1} closed
2026-05-05 00:06:57.854 [restartedMain] INFO  com.project.demo.Application - Starting Application on debian with PID 113954 (/home/yuan/Desktop/bishe-main/target/classes started by yuan in /home/yuan/Desktop/bishe-main)
2026-05-05 00:06:57.855 [restartedMain] INFO  com.project.demo.Application - No active profile set, falling back to default profiles: default
2026-05-05 00:06:58.087 [restartedMain] INFO  org.springframework.data.repository.config.RepositoryConfigurationDelegate - Multiple Spring Data modules found, entering strict repository configuration mode!
2026-05-05 00:06:58.087 [restartedMain] INFO  org.springframework.data.repository.config.RepositoryConfigurationDelegate - Bootstrapping Spring Data JPA repositories in DEFAULT mode.
2026-05-05 00:06:58.095 [restartedMain] INFO  org.springframework.data.repository.config.RepositoryConfigurationDelegate - Finished Spring Data repository scanning in 8ms. Found 0 JPA repository interfaces.
2026-05-05 00:06:58.160 [restartedMain] INFO  org.springframework.data.repository.config.RepositoryConfigurationDelegate - Multiple Spring Data modules found, entering strict repository configuration mode!
2026-05-05 00:06:58.160 [restartedMain] INFO  org.springframework.data.repository.config.RepositoryConfigurationDelegate - Bootstrapping Spring Data Redis repositories in DEFAULT mode.
2026-05-05 00:06:58.166 [restartedMain] INFO  org.springframework.data.repository.config.RepositoryConfigurationDelegate - Finished Spring Data repository scanning in 5ms. Found 0 Redis repository interfaces.
2026-05-05 00:06:58.305 [restartedMain] INFO  org.springframework.boot.web.embedded.tomcat.TomcatWebServer - Tomcat initialized with port(s): 5000 (http)
2026-05-05 00:06:58.306 [restartedMain] INFO  org.apache.coyote.http11.Http11NioProtocol - Initializing ProtocolHandler ["http-nio-5000"]
2026-05-05 00:06:58.306 [restartedMain] INFO  org.apache.catalina.core.StandardService - Starting service [Tomcat]
2026-05-05 00:06:58.306 [restartedMain] INFO  org.apache.catalina.core.StandardEngine - Starting Servlet engine: [Apache Tomcat/9.0.31]
2026-05-05 00:06:58.309 [restartedMain] INFO  org.apache.catalina.core.ContainerBase.[Tomcat].[localhost].[/api] - Initializing Spring embedded WebApplicationContext
2026-05-05 00:06:58.309 [restartedMain] INFO  org.springframework.web.context.ContextLoader - Root WebApplicationContext: initialization completed in 449 ms
2026-05-05 00:06:58.323 [restartedMain] INFO  com.alibaba.druid.spring.boot.autoconfigure.DruidDataSourceAutoConfigure - Init DruidDataSource
2026-05-05 00:06:58.341 [restartedMain] INFO  com.alibaba.druid.pool.DruidDataSource - {dataSource-2} inited
2026-05-05 00:06:58.404 [restartedMain] INFO  org.hibernate.jpa.internal.util.LogHelper - HHH000204: Processing PersistenceUnitInfo [name: default]
2026-05-05 00:06:58.409 [restartedMain] INFO  org.hibernate.dialect.Dialect - HHH000400: Using dialect: org.hibernate.dialect.MySQL8Dialect
2026-05-05 00:06:58.426 [restartedMain] INFO  org.hibernate.engine.transaction.jta.platform.internal.JtaPlatformInitiator - HHH000490: Using JtaPlatform implementation: [org.hibernate.engine.transaction.jta.platform.internal.NoJtaPlatform]
2026-05-05 00:06:58.428 [restartedMain] INFO  org.springframework.orm.jpa.LocalContainerEntityManagerFactoryBean - Initialized JPA EntityManagerFactory for persistence unit 'default'
2026-05-05 00:06:59.371 [restartedMain] WARN  org.springframework.boot.autoconfigure.orm.jpa.JpaBaseConfiguration$JpaWebConfiguration - spring.jpa.open-in-view is enabled by default. Therefore, database queries may be performed during view rendering. Explicitly configure spring.jpa.open-in-view to disable this warning
2026-05-05 00:06:59.416 [restartedMain] INFO  org.springframework.scheduling.concurrent.ThreadPoolTaskExecutor - Initializing ExecutorService 'applicationTaskExecutor'
2026-05-05 00:06:59.531 [restartedMain] INFO  org.springframework.boot.devtools.autoconfigure.OptionalLiveReloadServer - LiveReload server is running on port 35729
2026-05-05 00:06:59.551 [restartedMain] INFO  org.apache.coyote.http11.Http11NioProtocol - Starting ProtocolHandler ["http-nio-5000"]
2026-05-05 00:06:59.555 [restartedMain] INFO  org.springframework.boot.web.embedded.tomcat.TomcatWebServer - Tomcat started on port(s): 5000 (http) with context path '/api'
2026-05-05 00:06:59.556 [restartedMain] INFO  com.project.demo.Application - Started Application in 1.761 seconds (JVM running for 333.061)
2026-05-05 00:06:59.559 [restartedMain] INFO  org.springframework.boot.devtools.autoconfigure.ConditionEvaluationDeltaLoggingListener - Condition evaluation unchanged
2026-05-05 00:07:52.057 [Thread-9] INFO  org.springframework.scheduling.concurrent.ThreadPoolTaskExecutor - Shutting down ExecutorService 'applicationTaskExecutor'
2026-05-05 00:07:52.062 [Thread-9] INFO  org.springframework.orm.jpa.LocalContainerEntityManagerFactoryBean - Closing JPA EntityManagerFactory for persistence unit 'default'
2026-05-05 00:07:52.063 [Thread-9] INFO  com.alibaba.druid.pool.DruidDataSource - {dataSource-2} closing ...
2026-05-05 00:07:52.070 [Thread-9] INFO  com.alibaba.druid.pool.DruidDataSource - {dataSource-2} closed
2026-05-05 00:07:52.292 [restartedMain] INFO  com.project.demo.Application - Starting Application on debian with PID 113954 (/home/yuan/Desktop/bishe-main/target/classes started by yuan in /home/yuan/Desktop/bishe-main)
2026-05-05 00:07:52.293 [restartedMain] INFO  com.project.demo.Application - No active profile set, falling back to default profiles: default
2026-05-05 00:07:52.431 [restartedMain] INFO  org.springframework.data.repository.config.RepositoryConfigurationDelegate - Multiple Spring Data modules found, entering strict repository configuration mode!
2026-05-05 00:07:52.432 [restartedMain] INFO  org.springframework.data.repository.config.RepositoryConfigurationDelegate - Bootstrapping Spring Data JPA repositories in DEFAULT mode.
2026-05-05 00:07:52.438 [restartedMain] INFO  org.springframework.data.repository.config.RepositoryConfigurationDelegate - Finished Spring Data repository scanning in 5ms. Found 0 JPA repository interfaces.
2026-05-05 00:07:52.472 [restartedMain] INFO  org.springframework.data.repository.config.RepositoryConfigurationDelegate - Multiple Spring Data modules found, entering strict repository configuration mode!
2026-05-05 00:07:52.472 [restartedMain] INFO  org.springframework.data.repository.config.RepositoryConfigurationDelegate - Bootstrapping Spring Data Redis repositories in DEFAULT mode.
2026-05-05 00:07:52.476 [restartedMain] INFO  org.springframework.data.repository.config.RepositoryConfigurationDelegate - Finished Spring Data repository scanning in 4ms. Found 0 Redis repository interfaces.
2026-05-05 00:07:52.573 [restartedMain] INFO  org.springframework.boot.web.embedded.tomcat.TomcatWebServer - Tomcat initialized with port(s): 5000 (http)
2026-05-05 00:07:52.574 [restartedMain] INFO  org.apache.coyote.http11.Http11NioProtocol - Initializing ProtocolHandler ["http-nio-5000"]
2026-05-05 00:07:52.574 [restartedMain] INFO  org.apache.catalina.core.StandardService - Starting service [Tomcat]
2026-05-05 00:07:52.574 [restartedMain] INFO  org.apache.catalina.core.StandardEngine - Starting Servlet engine: [Apache Tomcat/9.0.31]
2026-05-05 00:07:52.576 [restartedMain] INFO  org.apache.catalina.core.ContainerBase.[Tomcat].[localhost].[/api] - Initializing Spring embedded WebApplicationContext
2026-05-05 00:07:52.577 [restartedMain] INFO  org.springframework.web.context.ContextLoader - Root WebApplicationContext: initialization completed in 281 ms
2026-05-05 00:07:52.589 [restartedMain] INFO  com.alibaba.druid.spring.boot.autoconfigure.DruidDataSourceAutoConfigure - Init DruidDataSource
2026-05-05 00:07:52.599 [restartedMain] INFO  com.alibaba.druid.pool.DruidDataSource - {dataSource-3} inited
2026-05-05 00:07:52.651 [restartedMain] INFO  org.hibernate.jpa.internal.util.LogHelper - HHH000204: Processing PersistenceUnitInfo [name: default]
2026-05-05 00:07:52.657 [restartedMain] INFO  org.hibernate.dialect.Dialect - HHH000400: Using dialect: org.hibernate.dialect.MySQL8Dialect
2026-05-05 00:07:52.671 [restartedMain] INFO  org.hibernate.engine.transaction.jta.platform.internal.JtaPlatformInitiator - HHH000490: Using JtaPlatform implementation: [org.hibernate.engine.transaction.jta.platform.internal.NoJtaPlatform]
2026-05-05 00:07:52.671 [restartedMain] INFO  org.springframework.orm.jpa.LocalContainerEntityManagerFactoryBean - Initialized JPA EntityManagerFactory for persistence unit 'default'
2026-05-05 00:07:53.304 [restartedMain] WARN  org.springframework.boot.autoconfigure.orm.jpa.JpaBaseConfiguration$JpaWebConfiguration - spring.jpa.open-in-view is enabled by default. Therefore, database queries may be performed during view rendering. Explicitly configure spring.jpa.open-in-view to disable this warning
2026-05-05 00:07:53.338 [restartedMain] INFO  org.springframework.scheduling.concurrent.ThreadPoolTaskExecutor - Initializing ExecutorService 'applicationTaskExecutor'
2026-05-05 00:07:53.438 [restartedMain] INFO  org.springframework.boot.devtools.autoconfigure.OptionalLiveReloadServer - LiveReload server is running on port 35729
2026-05-05 00:07:53.454 [restartedMain] INFO  org.apache.coyote.http11.Http11NioProtocol - Starting ProtocolHandler ["http-nio-5000"]
2026-05-05 00:07:53.456 [restartedMain] INFO  org.springframework.boot.web.embedded.tomcat.TomcatWebServer - Tomcat started on port(s): 5000 (http) with context path '/api'
2026-05-05 00:07:53.457 [restartedMain] INFO  com.project.demo.Application - Started Application in 1.215 seconds (JVM running for 386.962)
2026-05-05 00:07:53.459 [restartedMain] INFO  org.springframework.boot.devtools.autoconfigure.ConditionEvaluationDeltaLoggingListener - Condition evaluation unchanged
2026-05-05 00:08:28.957 [SpringContextShutdownHook] INFO  org.springframework.scheduling.concurrent.ThreadPoolTaskExecutor - Shutting down ExecutorService 'applicationTaskExecutor'
2026-05-05 00:08:28.967 [SpringContextShutdownHook] INFO  org.springframework.orm.jpa.LocalContainerEntityManagerFactoryBean - Closing JPA EntityManagerFactory for persistence unit 'default'
2026-05-05 00:08:28.968 [SpringContextShutdownHook] INFO  com.alibaba.druid.pool.DruidDataSource - {dataSource-3} closing ...
2026-05-05 00:08:28.969 [SpringContextShutdownHook] INFO  com.alibaba.druid.pool.DruidDataSource - {dataSource-3} closed
2026-05-05 00:09:26.930 [restartedMain] INFO  com.project.demo.Application - Starting Application on debian with PID 116733 (/home/yuan/Desktop/bishe-main/target/classes started by yuan in /home/yuan/Desktop/bishe-main)
2026-05-05 00:09:26.941 [restartedMain] INFO  com.project.demo.Application - No active profile set, falling back to default profiles: default
2026-05-05 00:09:26.991 [restartedMain] INFO  org.springframework.boot.devtools.env.DevToolsPropertyDefaultsPostProcessor - Devtools property defaults active! Set 'spring.devtools.add-properties' to 'false' to disable
2026-05-05 00:09:26.991 [restartedMain] INFO  org.springframework.boot.devtools.env.DevToolsPropertyDefaultsPostProcessor - For additional web related logging consider setting the 'logging.level.web' property to 'DEBUG'
2026-05-05 00:09:27.466 [restartedMain] INFO  org.springframework.data.repository.config.RepositoryConfigurationDelegate - Multiple Spring Data modules found, entering strict repository configuration mode!
2026-05-05 00:09:27.468 [restartedMain] INFO  org.springframework.data.repository.config.RepositoryConfigurationDelegate - Bootstrapping Spring Data JPA repositories in DEFAULT mode.
2026-05-05 00:09:27.498 [restartedMain] INFO  org.springframework.data.repository.config.RepositoryConfigurationDelegate - Finished Spring Data repository scanning in 19ms. Found 0 JPA repository interfaces.
2026-05-05 00:09:27.733 [restartedMain] INFO  org.springframework.data.repository.config.RepositoryConfigurationDelegate - Multiple Spring Data modules found, entering strict repository configuration mode!
2026-05-05 00:09:27.735 [restartedMain] INFO  org.springframework.data.repository.config.RepositoryConfigurationDelegate - Bootstrapping Spring Data Redis repositories in DEFAULT mode.
2026-05-05 00:09:27.765 [restartedMain] INFO  org.springframework.data.repository.config.RepositoryConfigurationDelegate - Finished Spring Data repository scanning in 19ms. Found 0 Redis repository interfaces.
2026-05-05 00:09:28.879 [restartedMain] INFO  org.springframework.boot.web.embedded.tomcat.TomcatWebServer - Tomcat initialized with port(s): 5000 (http)
2026-05-05 00:09:28.890 [restartedMain] INFO  org.apache.coyote.http11.Http11NioProtocol - Initializing ProtocolHandler ["http-nio-5000"]
2026-05-05 00:09:28.891 [restartedMain] INFO  org.apache.catalina.core.StandardService - Starting service [Tomcat]
2026-05-05 00:09:28.892 [restartedMain] INFO  org.apache.catalina.core.StandardEngine - Starting Servlet engine: [Apache Tomcat/9.0.31]
2026-05-05 00:09:28.962 [restartedMain] INFO  org.apache.catalina.core.ContainerBase.[Tomcat].[localhost].[/api] - Initializing Spring embedded WebApplicationContext
2026-05-05 00:09:28.963 [restartedMain] INFO  org.springframework.web.context.ContextLoader - Root WebApplicationContext: initialization completed in 1971 ms
2026-05-05 00:09:29.017 [restartedMain] INFO  com.alibaba.druid.spring.boot.autoconfigure.DruidDataSourceAutoConfigure - Init DruidDataSource
2026-05-05 00:09:29.144 [restartedMain] INFO  com.alibaba.druid.pool.DruidDataSource - {dataSource-1} inited
2026-05-05 00:09:29.387 [restartedMain] INFO  org.hibernate.jpa.internal.util.LogHelper - HHH000204: Processing PersistenceUnitInfo [name: default]
2026-05-05 00:09:29.445 [restartedMain] INFO  org.hibernate.Version - HHH000412: Hibernate ORM core version 5.4.12.Final
2026-05-05 00:09:29.533 [restartedMain] INFO  org.hibernate.annotations.common.Version - HCANN000001: Hibernate Commons Annotations {5.1.0.Final}
2026-05-05 00:09:29.613 [restartedMain] INFO  org.hibernate.dialect.Dialect - HHH000400: Using dialect: org.hibernate.dialect.MySQL8Dialect
2026-05-05 00:09:29.792 [restartedMain] INFO  org.hibernate.engine.transaction.jta.platform.internal.JtaPlatformInitiator - HHH000490: Using JtaPlatform implementation: [org.hibernate.engine.transaction.jta.platform.internal.NoJtaPlatform]
2026-05-05 00:09:29.798 [restartedMain] INFO  org.springframework.orm.jpa.LocalContainerEntityManagerFactoryBean - Initialized JPA EntityManagerFactory for persistence unit 'default'
2026-05-05 00:09:31.666 [restartedMain] WARN  org.springframework.boot.autoconfigure.orm.jpa.JpaBaseConfiguration$JpaWebConfiguration - spring.jpa.open-in-view is enabled by default. Therefore, database queries may be performed during view rendering. Explicitly configure spring.jpa.open-in-view to disable this warning
2026-05-05 00:09:31.830 [restartedMain] INFO  org.springframework.scheduling.concurrent.ThreadPoolTaskExecutor - Initializing ExecutorService 'applicationTaskExecutor'
2026-05-05 00:09:32.318 [restartedMain] INFO  org.springframework.boot.devtools.autoconfigure.OptionalLiveReloadServer - LiveReload server is running on port 35729
2026-05-05 00:09:32.362 [restartedMain] INFO  org.apache.coyote.http11.Http11NioProtocol - Starting ProtocolHandler ["http-nio-5000"]
2026-05-05 00:09:32.387 [restartedMain] INFO  org.springframework.boot.web.embedded.tomcat.TomcatWebServer - Tomcat started on port(s): 5000 (http) with context path '/api'
2026-05-05 00:09:32.392 [restartedMain] INFO  com.project.demo.Application - Started Application in 5.894 seconds (JVM running for 6.811)
2026-05-05 00:09:41.000 [http-nio-5000-exec-1] INFO  org.apache.catalina.core.ContainerBase.[Tomcat].[localhost].[/api] - Initializing Spring DispatcherServlet 'dispatcherServlet'
2026-05-05 00:09:41.001 [http-nio-5000-exec-1] INFO  org.springframework.web.servlet.DispatcherServlet - Initializing Servlet 'dispatcherServlet'
2026-05-05 00:09:41.011 [http-nio-5000-exec-1] INFO  org.springframework.web.servlet.DispatcherServlet - Completed initialization in 10 ms
2026-05-05 00:09:41.030 [http-nio-5000-exec-1] INFO  com.project.demo.interceptor.LoginInterceptor - [请求接口] - http://localhost:5000/api/user/get_list , [请求类型] - OPTIONS
2026-05-05 00:09:41.030 [http-nio-5000-exec-2] INFO  com.project.demo.interceptor.LoginInterceptor - [请求接口] - http://localhost:5000/api/sales_information/get_list , [请求类型] - OPTIONS
2026-05-05 00:09:41.119 [http-nio-5000-exec-5] INFO  com.project.demo.interceptor.LoginInterceptor - [请求接口] - http://localhost:5000/api/sales_information/get_list , [请求类型] - GET
2026-05-05 00:09:41.119 [http-nio-5000-exec-3] INFO  com.project.demo.interceptor.LoginInterceptor - [请求接口] - http://localhost:5000/api/user/get_list , [请求类型] - GET
2026-05-05 00:09:41.156 [http-nio-5000-exec-3] INFO  com.project.demo.service.base.BaseService - 生成的最终SQL:  WHERE `user_group` = '注册用户'  AND is_delete = 0 
2026-05-05 00:09:41.156 [http-nio-5000-exec-3] INFO  com.project.demo.service.base.BaseService - [user] - 查询操作，sql: select * from `user` WHERE `user_group` = '注册用户'  AND is_delete = 0 
2026-05-05 00:09:41.259 [http-nio-5000-exec-3] INFO  com.project.demo.service.base.BaseService - 生成的最终SQL:  WHERE `user_group` = '注册用户'  AND is_delete = 0 
2026-05-05 00:09:41.259 [http-nio-5000-exec-3] INFO  com.project.demo.service.base.BaseService - [user] - 统计操作，sql: SELECT COUNT(*) FROM `user` WHERE `user_group` = '注册用户'  AND is_delete = 0 
2026-05-05 00:09:43.428 [http-nio-5000-exec-4] INFO  com.project.demo.interceptor.LoginInterceptor - [请求接口] - http://localhost:5000/api/sales_information/get_obj , [请求类型] - OPTIONS
2026-05-05 00:09:43.429 [http-nio-5000-exec-6] INFO  com.project.demo.interceptor.LoginInterceptor - [请求接口] - http://localhost:5000/api/user/get_list , [请求类型] - GET
2026-05-05 00:09:43.430 [http-nio-5000-exec-7] INFO  com.project.demo.interceptor.LoginInterceptor - [请求接口] - http://localhost:5000/api/user_group/get_obj , [请求类型] - OPTIONS
2026-05-05 00:09:43.430 [http-nio-5000-exec-6] INFO  com.project.demo.service.base.BaseService - 生成的最终SQL:  WHERE `user_group` = '注册用户'  AND is_delete = 0 
2026-05-05 00:09:43.430 [http-nio-5000-exec-6] INFO  com.project.demo.service.base.BaseService - [user] - 查询操作，sql: select * from `user` WHERE `user_group` = '注册用户'  AND is_delete = 0 
2026-05-05 00:09:43.434 [http-nio-5000-exec-6] INFO  com.project.demo.service.base.BaseService - 生成的最终SQL:  WHERE `user_group` = '注册用户'  AND is_delete = 0 
2026-05-05 00:09:43.435 [http-nio-5000-exec-6] INFO  com.project.demo.service.base.BaseService - [user] - 统计操作，sql: SELECT COUNT(*) FROM `user` WHERE `user_group` = '注册用户'  AND is_delete = 0 
2026-05-05 00:09:43.448 [http-nio-5000-exec-6] INFO  com.project.demo.interceptor.LoginInterceptor - [请求接口] - http://localhost:5000/api/sales_information/get_obj , [请求类型] - GET
2026-05-05 00:09:43.450 [http-nio-5000-exec-9] INFO  com.project.demo.interceptor.LoginInterceptor - [请求接口] - http://localhost:5000/api/user_group/get_obj , [请求类型] - GET
2026-05-05 00:09:43.464 [http-nio-5000-exec-9] INFO  com.project.demo.service.base.BaseService - 生成的最终SQL:  WHERE `name` = '注册用户'  
2026-05-05 00:09:43.464 [http-nio-5000-exec-9] INFO  com.project.demo.service.base.BaseService - [user_group] - 查询操作，sql: select * from `user_group` WHERE `name` = '注册用户'  
2026-05-05 00:09:58.848 [http-nio-5000-exec-2] INFO  com.project.demo.interceptor.LoginInterceptor - [请求接口] - http://localhost:5000/api/user/get_list , [请求类型] - GET
2026-05-05 00:09:58.848 [http-nio-5000-exec-10] INFO  com.project.demo.interceptor.LoginInterceptor - [请求接口] - http://localhost:5000/api/sales_information/get_list , [请求类型] - GET
2026-05-05 00:09:58.849 [http-nio-5000-exec-2] INFO  com.project.demo.service.base.BaseService - 生成的最终SQL:  WHERE `user_group` = '注册用户'  AND is_delete = 0 
2026-05-05 00:09:58.851 [http-nio-5000-exec-2] INFO  com.project.demo.service.base.BaseService - [user] - 查询操作，sql: select * from `user` WHERE `user_group` = '注册用户'  AND is_delete = 0 
2026-05-05 00:09:58.857 [http-nio-5000-exec-2] INFO  com.project.demo.service.base.BaseService - 生成的最终SQL:  WHERE `user_group` = '注册用户'  AND is_delete = 0 
2026-05-05 00:09:58.857 [http-nio-5000-exec-2] INFO  com.project.demo.service.base.BaseService - [user] - 统计操作，sql: SELECT COUNT(*) FROM `user` WHERE `user_group` = '注册用户'  AND is_delete = 0 
2026-05-05 00:10:00.774 [http-nio-5000-exec-1] INFO  com.project.demo.interceptor.LoginInterceptor - [请求接口] - http://localhost:5000/api/sales_information/get_obj , [请求类型] - OPTIONS
2026-05-05 00:10:00.776 [http-nio-5000-exec-3] INFO  com.project.demo.interceptor.LoginInterceptor - [请求接口] - http://localhost:5000/api/user/get_list , [请求类型] - GET
2026-05-05 00:10:00.777 [http-nio-5000-exec-3] INFO  com.project.demo.service.base.BaseService - 生成的最终SQL:  WHERE `user_group` = '注册用户'  AND is_delete = 0 
2026-05-05 00:10:00.777 [http-nio-5000-exec-5] INFO  com.project.demo.interceptor.LoginInterceptor - [请求接口] - http://localhost:5000/api/user_group/get_obj , [请求类型] - GET
2026-05-05 00:10:00.777 [http-nio-5000-exec-3] INFO  com.project.demo.service.base.BaseService - [user] - 查询操作，sql: select * from `user` WHERE `user_group` = '注册用户'  AND is_delete = 0 
2026-05-05 00:10:00.778 [http-nio-5000-exec-5] INFO  com.project.demo.service.base.BaseService - 生成的最终SQL:  WHERE `name` = '注册用户'  
2026-05-05 00:10:00.778 [http-nio-5000-exec-5] INFO  com.project.demo.service.base.BaseService - [user_group] - 查询操作，sql: select * from `user_group` WHERE `name` = '注册用户'  
2026-05-05 00:10:00.781 [http-nio-5000-exec-3] INFO  com.project.demo.service.base.BaseService - 生成的最终SQL:  WHERE `user_group` = '注册用户'  AND is_delete = 0 
2026-05-05 00:10:00.781 [http-nio-5000-exec-3] INFO  com.project.demo.service.base.BaseService - [user] - 统计操作，sql: SELECT COUNT(*) FROM `user` WHERE `user_group` = '注册用户'  AND is_delete = 0 
2026-05-05 00:10:00.799 [http-nio-5000-exec-4] INFO  com.project.demo.interceptor.LoginInterceptor - [请求接口] - http://localhost:5000/api/sales_information/get_obj , [请求类型] - GET
2026-05-05 00:10:02.729 [http-nio-5000-exec-7] INFO  com.project.demo.interceptor.LoginInterceptor - [请求接口] - http://localhost:5000/api/sales_information/get_list , [请求类型] - GET
2026-05-05 00:10:02.731 [http-nio-5000-exec-8] INFO  com.project.demo.interceptor.LoginInterceptor - [请求接口] - http://localhost:5000/api/user/get_list , [请求类型] - GET
2026-05-05 00:10:02.734 [http-nio-5000-exec-8] INFO  com.project.demo.service.base.BaseService - 生成的最终SQL:  WHERE `user_group` = '注册用户'  AND is_delete = 0 
2026-05-05 00:10:02.734 [http-nio-5000-exec-8] INFO  com.project.demo.service.base.BaseService - [user] - 查询操作，sql: select * from `user` WHERE `user_group` = '注册用户'  AND is_delete = 0 
2026-05-05 00:10:02.739 [http-nio-5000-exec-8] INFO  com.project.demo.service.base.BaseService - 生成的最终SQL:  WHERE `user_group` = '注册用户'  AND is_delete = 0 
2026-05-05 00:10:02.739 [http-nio-5000-exec-8] INFO  com.project.demo.service.base.BaseService - [user] - 统计操作，sql: SELECT COUNT(*) FROM `user` WHERE `user_group` = '注册用户'  AND is_delete = 0 
2026-05-05 00:10:10.582 [http-nio-5000-exec-9] INFO  com.project.demo.interceptor.LoginInterceptor - [请求接口] - http://localhost:5000/api/inventory_information/get_list , [请求类型] - GET
2026-05-05 00:10:13.591 [http-nio-5000-exec-6] INFO  com.project.demo.interceptor.LoginInterceptor - [请求接口] - http://localhost:5000/api/sales_information/get_list , [请求类型] - GET
2026-05-05 00:10:13.596 [http-nio-5000-exec-2] INFO  com.project.demo.interceptor.LoginInterceptor - [请求接口] - http://localhost:5000/api/user/get_list , [请求类型] - GET
2026-05-05 00:10:13.597 [http-nio-5000-exec-2] INFO  com.project.demo.service.base.BaseService - 生成的最终SQL:  WHERE `user_group` = '注册用户'  AND is_delete = 0 
2026-05-05 00:10:13.597 [http-nio-5000-exec-2] INFO  com.project.demo.service.base.BaseService - [user] - 查询操作，sql: select * from `user` WHERE `user_group` = '注册用户'  AND is_delete = 0 
2026-05-05 00:10:13.603 [http-nio-5000-exec-2] INFO  com.project.demo.service.base.BaseService - 生成的最终SQL:  WHERE `user_group` = '注册用户'  AND is_delete = 0 
2026-05-05 00:10:13.603 [http-nio-5000-exec-2] INFO  com.project.demo.service.base.BaseService - [user] - 统计操作，sql: SELECT COUNT(*) FROM `user` WHERE `user_group` = '注册用户'  AND is_delete = 0 
2026-05-05 00:10:21.455 [http-nio-5000-exec-10] INFO  com.project.demo.interceptor.LoginInterceptor - [请求接口] - http://localhost:5000/api/commodity_information/get_list , [请求类型] - GET
2026-05-05 00:10:21.465 [http-nio-5000-exec-10] INFO  com.project.demo.service.base.BaseService - 生成的最终SQL:  WHERE is_delete = 0 
2026-05-05 00:10:21.465 [http-nio-5000-exec-10] INFO  com.project.demo.service.base.BaseService - [commodity_information] - 查询操作，sql: select * from `commodity_information` WHERE is_delete = 0 order by create_time desc  limit 0 , 7
2026-05-05 00:10:21.471 [http-nio-5000-exec-10] INFO  com.project.demo.service.base.BaseService - 生成的最终SQL:  WHERE is_delete = 0 
2026-05-05 00:10:21.471 [http-nio-5000-exec-10] INFO  com.project.demo.service.base.BaseService - [commodity_information] - 统计操作，sql: SELECT COUNT(*) FROM `commodity_information` WHERE is_delete = 0 
2026-05-05 00:10:21.515 [http-nio-5000-exec-1] INFO  com.project.demo.interceptor.LoginInterceptor - [请求接口] - http://localhost:5000/api/upload/O1CN01EBbQPP1q2CWxm7wtb_!!4611686018427385277-0-item_pic.jpg_460x460q90.jpg_.webp , [请求类型] - GET
2026-05-05 00:17:29.857 [Thread-6] INFO  org.springframework.scheduling.concurrent.ThreadPoolTaskExecutor - Shutting down ExecutorService 'applicationTaskExecutor'
2026-05-05 00:17:29.893 [Thread-6] INFO  org.springframework.orm.jpa.LocalContainerEntityManagerFactoryBean - Closing JPA EntityManagerFactory for persistence unit 'default'
2026-05-05 00:17:29.908 [Thread-6] INFO  com.alibaba.druid.pool.DruidDataSource - {dataSource-1} closing ...
2026-05-05 00:17:29.914 [Thread-6] INFO  com.alibaba.druid.pool.DruidDataSource - {dataSource-1} closed
2026-05-05 00:17:30.243 [restartedMain] INFO  com.project.demo.Application - Starting Application on debian with PID 116733 (/home/yuan/Desktop/bishe-main/target/classes started by yuan in /home/yuan/Desktop/bishe-main)
2026-05-05 00:17:30.244 [restartedMain] INFO  com.project.demo.Application - No active profile set, falling back to default profiles: default
2026-05-05 00:17:30.411 [restartedMain] INFO  org.springframework.data.repository.config.RepositoryConfigurationDelegate - Multiple Spring Data modules found, entering strict repository configuration mode!
2026-05-05 00:17:30.411 [restartedMain] INFO  org.springframework.data.repository.config.RepositoryConfigurationDelegate - Bootstrapping Spring Data JPA repositories in DEFAULT mode.
2026-05-05 00:17:30.419 [restartedMain] INFO  org.springframework.data.repository.config.RepositoryConfigurationDelegate - Finished Spring Data repository scanning in 7ms. Found 0 JPA repository interfaces.
2026-05-05 00:17:30.478 [restartedMain] INFO  org.springframework.data.repository.config.RepositoryConfigurationDelegate - Multiple Spring Data modules found, entering strict repository configuration mode!
2026-05-05 00:17:30.478 [restartedMain] INFO  org.springframework.data.repository.config.RepositoryConfigurationDelegate - Bootstrapping Spring Data Redis repositories in DEFAULT mode.
2026-05-05 00:17:30.485 [restartedMain] INFO  org.springframework.data.repository.config.RepositoryConfigurationDelegate - Finished Spring Data repository scanning in 5ms. Found 0 Redis repository interfaces.
2026-05-05 00:17:30.638 [restartedMain] INFO  org.springframework.boot.web.embedded.tomcat.TomcatWebServer - Tomcat initialized with port(s): 5000 (http)
2026-05-05 00:17:30.639 [restartedMain] INFO  org.apache.coyote.http11.Http11NioProtocol - Initializing ProtocolHandler ["http-nio-5000"]
2026-05-05 00:17:30.639 [restartedMain] INFO  org.apache.catalina.core.StandardService - Starting service [Tomcat]
2026-05-05 00:17:30.639 [restartedMain] INFO  org.apache.catalina.core.StandardEngine - Starting Servlet engine: [Apache Tomcat/9.0.31]
2026-05-05 00:17:30.641 [restartedMain] INFO  org.apache.catalina.core.ContainerBase.[Tomcat].[localhost].[/api] - Initializing Spring embedded WebApplicationContext
2026-05-05 00:17:30.642 [restartedMain] INFO  org.springframework.web.context.ContextLoader - Root WebApplicationContext: initialization completed in 393 ms
2026-05-05 00:17:30.657 [restartedMain] INFO  com.alibaba.druid.spring.boot.autoconfigure.DruidDataSourceAutoConfigure - Init DruidDataSource
2026-05-05 00:17:30.674 [restartedMain] INFO  com.alibaba.druid.pool.DruidDataSource - {dataSource-2} inited
2026-05-05 00:17:30.739 [restartedMain] INFO  org.hibernate.jpa.internal.util.LogHelper - HHH000204: Processing PersistenceUnitInfo [name: default]
2026-05-05 00:17:30.744 [restartedMain] INFO  org.hibernate.dialect.Dialect - HHH000400: Using dialect: org.hibernate.dialect.MySQL8Dialect
2026-05-05 00:17:30.761 [restartedMain] INFO  org.hibernate.engine.transaction.jta.platform.internal.JtaPlatformInitiator - HHH000490: Using JtaPlatform implementation: [org.hibernate.engine.transaction.jta.platform.internal.NoJtaPlatform]
2026-05-05 00:17:30.761 [restartedMain] INFO  org.springframework.orm.jpa.LocalContainerEntityManagerFactoryBean - Initialized JPA EntityManagerFactory for persistence unit 'default'
2026-05-05 00:17:31.575 [restartedMain] WARN  org.springframework.boot.autoconfigure.orm.jpa.JpaBaseConfiguration$JpaWebConfiguration - spring.jpa.open-in-view is enabled by default. Therefore, database queries may be performed during view rendering. Explicitly configure spring.jpa.open-in-view to disable this warning
2026-05-05 00:17:31.616 [restartedMain] INFO  org.springframework.scheduling.concurrent.ThreadPoolTaskExecutor - Initializing ExecutorService 'applicationTaskExecutor'
2026-05-05 00:17:31.724 [restartedMain] INFO  org.springframework.boot.devtools.autoconfigure.OptionalLiveReloadServer - LiveReload server is running on port 35729
2026-05-05 00:17:31.743 [restartedMain] INFO  org.apache.coyote.http11.Http11NioProtocol - Starting ProtocolHandler ["http-nio-5000"]
2026-05-05 00:17:31.747 [restartedMain] INFO  org.springframework.boot.web.embedded.tomcat.TomcatWebServer - Tomcat started on port(s): 5000 (http) with context path '/api'
2026-05-05 00:17:31.747 [restartedMain] INFO  com.project.demo.Application - Started Application in 1.573 seconds (JVM running for 486.167)
2026-05-05 00:17:31.750 [restartedMain] INFO  org.springframework.boot.devtools.autoconfigure.ConditionEvaluationDeltaLoggingListener - Condition evaluation unchanged
2026-05-05 00:17:59.193 [Thread-9] INFO  org.springframework.scheduling.concurrent.ThreadPoolTaskExecutor - Shutting down ExecutorService 'applicationTaskExecutor'
2026-05-05 00:17:59.201 [Thread-9] INFO  org.springframework.orm.jpa.LocalContainerEntityManagerFactoryBean - Closing JPA EntityManagerFactory for persistence unit 'default'
2026-05-05 00:17:59.202 [Thread-9] INFO  com.alibaba.druid.pool.DruidDataSource - {dataSource-2} closing ...
2026-05-05 00:17:59.202 [Thread-9] INFO  com.alibaba.druid.pool.DruidDataSource - {dataSource-2} closed
2026-05-05 00:17:59.453 [restartedMain] INFO  com.project.demo.Application - Starting Application on debian with PID 116733 (/home/yuan/Desktop/bishe-main/target/classes started by yuan in /home/yuan/Desktop/bishe-main)
2026-05-05 00:17:59.454 [restartedMain] INFO  com.project.demo.Application - No active profile set, falling back to default profiles: default
2026-05-05 00:17:59.622 [restartedMain] INFO  org.springframework.data.repository.config.RepositoryConfigurationDelegate - Multiple Spring Data modules found, entering strict repository configuration mode!
2026-05-05 00:17:59.622 [restartedMain] INFO  org.springframework.data.repository.config.RepositoryConfigurationDelegate - Bootstrapping Spring Data JPA repositories in DEFAULT mode.
2026-05-05 00:17:59.627 [restartedMain] INFO  org.springframework.data.repository.config.RepositoryConfigurationDelegate - Finished Spring Data repository scanning in 4ms. Found 0 JPA repository interfaces.
2026-05-05 00:17:59.670 [restartedMain] INFO  org.springframework.data.repository.config.RepositoryConfigurationDelegate - Multiple Spring Data modules found, entering strict repository configuration mode!
2026-05-05 00:17:59.670 [restartedMain] INFO  org.springframework.data.repository.config.RepositoryConfigurationDelegate - Bootstrapping Spring Data Redis repositories in DEFAULT mode.
2026-05-05 00:17:59.675 [restartedMain] INFO  org.springframework.data.repository.config.RepositoryConfigurationDelegate - Finished Spring Data repository scanning in 5ms. Found 0 Redis repository interfaces.
2026-05-05 00:17:59.847 [restartedMain] INFO  org.springframework.boot.web.embedded.tomcat.TomcatWebServer - Tomcat initialized with port(s): 5000 (http)
2026-05-05 00:17:59.847 [restartedMain] INFO  org.apache.coyote.http11.Http11NioProtocol - Initializing ProtocolHandler ["http-nio-5000"]
2026-05-05 00:17:59.848 [restartedMain] INFO  org.apache.catalina.core.StandardService - Starting service [Tomcat]
2026-05-05 00:17:59.848 [restartedMain] INFO  org.apache.catalina.core.StandardEngine - Starting Servlet engine: [Apache Tomcat/9.0.31]
2026-05-05 00:17:59.850 [restartedMain] INFO  org.apache.catalina.core.ContainerBase.[Tomcat].[localhost].[/api] - Initializing Spring embedded WebApplicationContext
2026-05-05 00:17:59.850 [restartedMain] INFO  org.springframework.web.context.ContextLoader - Root WebApplicationContext: initialization completed in 391 ms
2026-05-05 00:17:59.862 [restartedMain] INFO  com.alibaba.druid.spring.boot.autoconfigure.DruidDataSourceAutoConfigure - Init DruidDataSource
2026-05-05 00:17:59.873 [restartedMain] INFO  com.alibaba.druid.pool.DruidDataSource - {dataSource-3} inited
2026-05-05 00:17:59.896 [restartedMain] INFO  org.hibernate.jpa.internal.util.LogHelper - HHH000204: Processing PersistenceUnitInfo [name: default]
2026-05-05 00:17:59.900 [restartedMain] INFO  org.hibernate.dialect.Dialect - HHH000400: Using dialect: org.hibernate.dialect.MySQL8Dialect
2026-05-05 00:17:59.915 [restartedMain] INFO  org.hibernate.engine.transaction.jta.platform.internal.JtaPlatformInitiator - HHH000490: Using JtaPlatform implementation: [org.hibernate.engine.transaction.jta.platform.internal.NoJtaPlatform]
2026-05-05 00:17:59.915 [restartedMain] INFO  org.springframework.orm.jpa.LocalContainerEntityManagerFactoryBean - Initialized JPA EntityManagerFactory for persistence unit 'default'
2026-05-05 00:18:00.558 [restartedMain] WARN  org.springframework.boot.autoconfigure.orm.jpa.JpaBaseConfiguration$JpaWebConfiguration - spring.jpa.open-in-view is enabled by default. Therefore, database queries may be performed during view rendering. Explicitly configure spring.jpa.open-in-view to disable this warning
2026-05-05 00:18:00.596 [restartedMain] INFO  org.springframework.scheduling.concurrent.ThreadPoolTaskExecutor - Initializing ExecutorService 'applicationTaskExecutor'
2026-05-05 00:18:00.684 [restartedMain] INFO  org.springframework.boot.devtools.autoconfigure.OptionalLiveReloadServer - LiveReload server is running on port 35729
2026-05-05 00:18:00.697 [restartedMain] INFO  org.apache.coyote.http11.Http11NioProtocol - Starting ProtocolHandler ["http-nio-5000"]
2026-05-05 00:18:00.703 [restartedMain] INFO  org.springframework.boot.web.embedded.tomcat.TomcatWebServer - Tomcat started on port(s): 5000 (http) with context path '/api'
2026-05-05 00:18:00.704 [restartedMain] INFO  com.project.demo.Application - Started Application in 1.307 seconds (JVM running for 515.123)
2026-05-05 00:18:00.705 [restartedMain] INFO  org.springframework.boot.devtools.autoconfigure.ConditionEvaluationDeltaLoggingListener - Condition evaluation unchanged
2026-05-05 00:18:19.539 [Thread-14] INFO  org.springframework.scheduling.concurrent.ThreadPoolTaskExecutor - Shutting down ExecutorService 'applicationTaskExecutor'
2026-05-05 00:18:19.550 [Thread-14] INFO  org.springframework.orm.jpa.LocalContainerEntityManagerFactoryBean - Closing JPA EntityManagerFactory for persistence unit 'default'
2026-05-05 00:18:19.557 [Thread-14] INFO  com.alibaba.druid.pool.DruidDataSource - {dataSource-3} closing ...
2026-05-05 00:18:19.562 [Thread-14] INFO  com.alibaba.druid.pool.DruidDataSource - {dataSource-3} closed
2026-05-05 00:18:19.991 [restartedMain] INFO  com.project.demo.Application - Starting Application on debian with PID 116733 (/home/yuan/Desktop/bishe-main/target/classes started by yuan in /home/yuan/Desktop/bishe-main)
2026-05-05 00:18:19.992 [restartedMain] INFO  com.project.demo.Application - No active profile set, falling back to default profiles: default
2026-05-05 00:18:20.232 [restartedMain] INFO  org.springframework.data.repository.config.RepositoryConfigurationDelegate - Multiple Spring Data modules found, entering strict repository configuration mode!
2026-05-05 00:18:20.232 [restartedMain] INFO  org.springframework.data.repository.config.RepositoryConfigurationDelegate - Bootstrapping Spring Data JPA repositories in DEFAULT mode.
2026-05-05 00:18:20.233 [restartedMain] INFO  org.springframework.data.repository.config.RepositoryConfigurationDelegate - Finished Spring Data repository scanning in 0ms. Found 0 JPA repository interfaces.
2026-05-05 00:18:20.307 [restartedMain] INFO  org.springframework.data.repository.config.RepositoryConfigurationDelegate - Multiple Spring Data modules found, entering strict repository configuration mode!
2026-05-05 00:18:20.307 [restartedMain] INFO  org.springframework.data.repository.config.RepositoryConfigurationDelegate - Bootstrapping Spring Data Redis repositories in DEFAULT mode.
2026-05-05 00:18:20.311 [restartedMain] INFO  org.springframework.data.repository.config.RepositoryConfigurationDelegate - Finished Spring Data repository scanning in 3ms. Found 0 Redis repository interfaces.
2026-05-05 00:18:20.373 [restartedMain] WARN  org.mybatis.spring.mapper.ClassPathMapperScanner - No MyBatis mapper was found in '[com.project.demo.dao]' package. Please check your configuration.
2026-05-05 00:18:20.514 [restartedMain] INFO  org.springframework.boot.web.embedded.tomcat.TomcatWebServer - Tomcat initialized with port(s): 5000 (http)
2026-05-05 00:18:20.515 [restartedMain] INFO  org.apache.coyote.http11.Http11NioProtocol - Initializing ProtocolHandler ["http-nio-5000"]
2026-05-05 00:18:20.515 [restartedMain] INFO  org.apache.catalina.core.StandardService - Starting service [Tomcat]
2026-05-05 00:18:20.516 [restartedMain] INFO  org.apache.catalina.core.StandardEngine - Starting Servlet engine: [Apache Tomcat/9.0.31]
2026-05-05 00:18:20.519 [restartedMain] INFO  org.apache.catalina.core.ContainerBase.[Tomcat].[localhost].[/api] - Initializing Spring embedded WebApplicationContext
2026-05-05 00:18:20.520 [restartedMain] INFO  org.springframework.web.context.ContextLoader - Root WebApplicationContext: initialization completed in 524 ms
2026-05-05 00:18:20.533 [restartedMain] INFO  com.alibaba.druid.spring.boot.autoconfigure.DruidDataSourceAutoConfigure - Init DruidDataSource
2026-05-05 00:18:20.562 [restartedMain] INFO  com.alibaba.druid.pool.DruidDataSource - {dataSource-4} inited
2026-05-05 00:18:20.641 [restartedMain] INFO  org.hibernate.jpa.internal.util.LogHelper - HHH000204: Processing PersistenceUnitInfo [name: default]
2026-05-05 00:18:20.646 [restartedMain] INFO  org.hibernate.dialect.Dialect - HHH000400: Using dialect: org.hibernate.dialect.MySQL8Dialect
2026-05-05 00:18:20.669 [restartedMain] INFO  org.hibernate.engine.transaction.jta.platform.internal.JtaPlatformInitiator - HHH000490: Using JtaPlatform implementation: [org.hibernate.engine.transaction.jta.platform.internal.NoJtaPlatform]
2026-05-05 00:18:20.669 [restartedMain] INFO  org.springframework.orm.jpa.LocalContainerEntityManagerFactoryBean - Initialized JPA EntityManagerFactory for persistence unit 'default'
2026-05-05 00:18:20.717 [restartedMain] WARN  org.springframework.boot.autoconfigure.orm.jpa.JpaBaseConfiguration$JpaWebConfiguration - spring.jpa.open-in-view is enabled by default. Therefore, database queries may be performed during view rendering. Explicitly configure spring.jpa.open-in-view to disable this warning
2026-05-05 00:18:20.766 [restartedMain] INFO  org.springframework.scheduling.concurrent.ThreadPoolTaskExecutor - Initializing ExecutorService 'applicationTaskExecutor'
2026-05-05 00:18:20.855 [restartedMain] WARN  org.springframework.boot.web.servlet.context.AnnotationConfigServletWebServerApplicationContext - Exception encountered during context initialization - cancelling refresh attempt: org.springframework.beans.factory.BeanCreationException: Error creating bean with name 'sqlSessionFactory' defined in class path resource [com/baomidou/mybatisplus/autoconfigure/MybatisPlusAutoConfiguration.class]: Bean instantiation via factory method failed; nested exception is org.springframework.beans.BeanInstantiationException: Failed to instantiate [org.apache.ibatis.session.SqlSessionFactory]: Factory method 'sqlSessionFactory' threw exception; nested exception is org.springframework.core.NestedIOException: Failed to parse mapping resource: 'file [/home/yuan/Desktop/bishe-main/target/classes/mapper/AccessTokenMapper.xml]'; nested exception is org.apache.ibatis.builder.BuilderException: Error parsing Mapper XML. The XML location is 'file [/home/yuan/Desktop/bishe-main/target/classes/mapper/AccessTokenMapper.xml]'. Cause: org.apache.ibatis.builder.BuilderException: Error resolving class. Cause: org.apache.ibatis.type.TypeException: Could not resolve type alias 'com.project.demo.entity.AccessToken'.  Cause: java.lang.ClassNotFoundException: Cannot find class: com.project.demo.entity.AccessToken
2026-05-05 00:18:20.856 [restartedMain] INFO  org.springframework.scheduling.concurrent.ThreadPoolTaskExecutor - Shutting down ExecutorService 'applicationTaskExecutor'
2026-05-05 00:18:20.856 [restartedMain] INFO  org.springframework.orm.jpa.LocalContainerEntityManagerFactoryBean - Closing JPA EntityManagerFactory for persistence unit 'default'
2026-05-05 00:18:20.857 [restartedMain] INFO  com.alibaba.druid.pool.DruidDataSource - {dataSource-4} closing ...
2026-05-05 00:18:20.866 [restartedMain] INFO  com.alibaba.druid.pool.DruidDataSource - {dataSource-4} closed
2026-05-05 00:18:20.867 [restartedMain] INFO  org.apache.catalina.core.StandardService - Stopping service [Tomcat]
2026-05-05 00:18:20.879 [restartedMain] INFO  org.springframework.boot.autoconfigure.logging.ConditionEvaluationReportLoggingListener - 

Error starting ApplicationContext. To display the conditions report re-run your application with 'debug' enabled.
2026-05-05 00:18:20.881 [restartedMain] ERROR org.springframework.boot.SpringApplication - Application run failed
org.springframework.beans.factory.BeanCreationException: Error creating bean with name 'sqlSessionFactory' defined in class path resource [com/baomidou/mybatisplus/autoconfigure/MybatisPlusAutoConfiguration.class]: Bean instantiation via factory method failed; nested exception is org.springframework.beans.BeanInstantiationException: Failed to instantiate [org.apache.ibatis.session.SqlSessionFactory]: Factory method 'sqlSessionFactory' threw exception; nested exception is org.springframework.core.NestedIOException: Failed to parse mapping resource: 'file [/home/yuan/Desktop/bishe-main/target/classes/mapper/AccessTokenMapper.xml]'; nested exception is org.apache.ibatis.builder.BuilderException: Error parsing Mapper XML. The XML location is 'file [/home/yuan/Desktop/bishe-main/target/classes/mapper/AccessTokenMapper.xml]'. Cause: org.apache.ibatis.builder.BuilderException: Error resolving class. Cause: org.apache.ibatis.type.TypeException: Could not resolve type alias 'com.project.demo.entity.AccessToken'.  Cause: java.lang.ClassNotFoundException: Cannot find class: com.project.demo.entity.AccessToken
	at org.springframework.beans.factory.support.ConstructorResolver.instantiate(ConstructorResolver.java:656) ~[spring-beans-5.2.4.RELEASE.jar:5.2.4.RELEASE]
	at org.springframework.beans.factory.support.ConstructorResolver.instantiateUsingFactoryMethod(ConstructorResolver.java:636) ~[spring-beans-5.2.4.RELEASE.jar:5.2.4.RELEASE]
	at org.springframework.beans.factory.support.AbstractAutowireCapableBeanFactory.instantiateUsingFactoryMethod(AbstractAutowireCapableBeanFactory.java:1338) ~[spring-beans-5.2.4.RELEASE.jar:5.2.4.RELEASE]
	at org.springframework.beans.factory.support.AbstractAutowireCapableBeanFactory.createBeanInstance(AbstractAutowireCapableBeanFactory.java:1177) ~[spring-beans-5.2.4.RELEASE.jar:5.2.4.RELEASE]
	at org.springframework.beans.factory.support.AbstractAutowireCapableBeanFactory.doCreateBean(AbstractAutowireCapableBeanFactory.java:557) ~[spring-beans-5.2.4.RELEASE.jar:5.2.4.RELEASE]
	at org.springframework.beans.factory.support.AbstractAutowireCapableBeanFactory.createBean(AbstractAutowireCapableBeanFactory.java:517) ~[spring-beans-5.2.4.RELEASE.jar:5.2.4.RELEASE]
	at org.springframework.beans.factory.support.AbstractBeanFactory.lambda$doGetBean$0(AbstractBeanFactory.java:323) ~[spring-beans-5.2.4.RELEASE.jar:5.2.4.RELEASE]
	at org.springframework.beans.factory.support.DefaultSingletonBeanRegistry.getSingleton(DefaultSingletonBeanRegistry.java:222) ~[spring-beans-5.2.4.RELEASE.jar:5.2.4.RELEASE]
	at org.springframework.beans.factory.support.AbstractBeanFactory.doGetBean(AbstractBeanFactory.java:321) ~[spring-beans-5.2.4.RELEASE.jar:5.2.4.RELEASE]
	at org.springframework.beans.factory.support.AbstractBeanFactory.getBean(AbstractBeanFactory.java:202) ~[spring-beans-5.2.4.RELEASE.jar:5.2.4.RELEASE]
	at org.springframework.beans.factory.support.DefaultListableBeanFactory.preInstantiateSingletons(DefaultListableBeanFactory.java:879) ~[spring-beans-5.2.4.RELEASE.jar:5.2.4.RELEASE]
	at org.springframework.context.support.AbstractApplicationContext.finishBeanFactoryInitialization(AbstractApplicationContext.java:878) ~[spring-context-5.2.4.RELEASE.jar:5.2.4.RELEASE]
	at org.springframework.context.support.AbstractApplicationContext.refresh(AbstractApplicationContext.java:550) ~[spring-context-5.2.4.RELEASE.jar:5.2.4.RELEASE]
	at org.springframework.boot.web.servlet.context.ServletWebServerApplicationContext.refresh(ServletWebServerApplicationContext.java:141) ~[spring-boot-2.2.5.RELEASE.jar:2.2.5.RELEASE]
	at org.springframework.boot.SpringApplication.refresh(SpringApplication.java:747) [spring-boot-2.2.5.RELEASE.jar:2.2.5.RELEASE]
	at org.springframework.boot.SpringApplication.refreshContext(SpringApplication.java:397) [spring-boot-2.2.5.RELEASE.jar:2.2.5.RELEASE]
	at org.springframework.boot.SpringApplication.run(SpringApplication.java:315) [spring-boot-2.2.5.RELEASE.jar:2.2.5.RELEASE]
	at org.springframework.boot.SpringApplication.run(SpringApplication.java:1226) [spring-boot-2.2.5.RELEASE.jar:2.2.5.RELEASE]
	at org.springframework.boot.SpringApplication.run(SpringApplication.java:1215) [spring-boot-2.2.5.RELEASE.jar:2.2.5.RELEASE]
	at com.project.demo.Application.main(Application.java:17) [classes/:?]
	at sun.reflect.NativeMethodAccessorImpl.invoke0(Native Method) ~[?:1.8.0_461]
	at sun.reflect.NativeMethodAccessorImpl.invoke(NativeMethodAccessorImpl.java:62) ~[?:1.8.0_461]
	at sun.reflect.DelegatingMethodAccessorImpl.invoke(DelegatingMethodAccessorImpl.java:43) ~[?:1.8.0_461]
	at java.lang.reflect.Method.invoke(Method.java:498) ~[?:1.8.0_461]
	at org.springframework.boot.devtools.restart.RestartLauncher.run(RestartLauncher.java:49) [spring-boot-devtools-2.2.5.RELEASE.jar:2.2.5.RELEASE]
Caused by: org.springframework.beans.BeanInstantiationException: Failed to instantiate [org.apache.ibatis.session.SqlSessionFactory]: Factory method 'sqlSessionFactory' threw exception; nested exception is org.springframework.core.NestedIOException: Failed to parse mapping resource: 'file [/home/yuan/Desktop/bishe-main/target/classes/mapper/AccessTokenMapper.xml]'; nested exception is org.apache.ibatis.builder.BuilderException: Error parsing Mapper XML. The XML location is 'file [/home/yuan/Desktop/bishe-main/target/classes/mapper/AccessTokenMapper.xml]'. Cause: org.apache.ibatis.builder.BuilderException: Error resolving class. Cause: org.apache.ibatis.type.TypeException: Could not resolve type alias 'com.project.demo.entity.AccessToken'.  Cause: java.lang.ClassNotFoundException: Cannot find class: com.project.demo.entity.AccessToken
	at org.springframework.beans.factory.support.SimpleInstantiationStrategy.instantiate(SimpleInstantiationStrategy.java:185) ~[spring-beans-5.2.4.RELEASE.jar:5.2.4.RELEASE]
	at org.springframework.beans.factory.support.ConstructorResolver.instantiate(ConstructorResolver.java:651) ~[spring-beans-5.2.4.RELEASE.jar:5.2.4.RELEASE]
	... 24 more
Caused by: org.springframework.core.NestedIOException: Failed to parse mapping resource: 'file [/home/yuan/Desktop/bishe-main/target/classes/mapper/AccessTokenMapper.xml]'; nested exception is org.apache.ibatis.builder.BuilderException: Error parsing Mapper XML. The XML location is 'file [/home/yuan/Desktop/bishe-main/target/classes/mapper/AccessTokenMapper.xml]'. Cause: org.apache.ibatis.builder.BuilderException: Error resolving class. Cause: org.apache.ibatis.type.TypeException: Could not resolve type alias 'com.project.demo.entity.AccessToken'.  Cause: java.lang.ClassNotFoundException: Cannot find class: com.project.demo.entity.AccessToken
	at com.baomidou.mybatisplus.extension.spring.MybatisSqlSessionFactoryBean.buildSqlSessionFactory(MybatisSqlSessionFactoryBean.java:595) ~[mybatis-plus-extension-3.4.3.1.jar:3.4.3.1]
	at com.baomidou.mybatisplus.extension.spring.MybatisSqlSessionFactoryBean.afterPropertiesSet(MybatisSqlSessionFactoryBean.java:431) ~[mybatis-plus-extension-3.4.3.1.jar:3.4.3.1]
	at com.baomidou.mybatisplus.extension.spring.MybatisSqlSessionFactoryBean.getObject(MybatisSqlSessionFactoryBean.java:628) ~[mybatis-plus-extension-3.4.3.1.jar:3.4.3.1]
	at com.baomidou.mybatisplus.autoconfigure.MybatisPlusAutoConfiguration.sqlSessionFactory(MybatisPlusAutoConfiguration.java:219) ~[mybatis-plus-boot-starter-3.4.3.1.jar:3.4.3.1]
	at sun.reflect.NativeMethodAccessorImpl.invoke0(Native Method) ~[?:1.8.0_461]
	at sun.reflect.NativeMethodAccessorImpl.invoke(NativeMethodAccessorImpl.java:62) ~[?:1.8.0_461]
	at sun.reflect.DelegatingMethodAccessorImpl.invoke(DelegatingMethodAccessorImpl.java:43) ~[?:1.8.0_461]
	at java.lang.reflect.Method.invoke(Method.java:498) ~[?:1.8.0_461]
	at org.springframework.beans.factory.support.SimpleInstantiationStrategy.instantiate(SimpleInstantiationStrategy.java:154) ~[spring-beans-5.2.4.RELEASE.jar:5.2.4.RELEASE]
	at org.springframework.beans.factory.support.ConstructorResolver.instantiate(ConstructorResolver.java:651) ~[spring-beans-5.2.4.RELEASE.jar:5.2.4.RELEASE]
	... 24 more
Caused by: org.apache.ibatis.builder.BuilderException: Error parsing Mapper XML. The XML location is 'file [/home/yuan/Desktop/bishe-main/target/classes/mapper/AccessTokenMapper.xml]'. Cause: org.apache.ibatis.builder.BuilderException: Error resolving class. Cause: org.apache.ibatis.type.TypeException: Could not resolve type alias 'com.project.demo.entity.AccessToken'.  Cause: java.lang.ClassNotFoundException: Cannot find class: com.project.demo.entity.AccessToken
	at org.apache.ibatis.builder.xml.XMLMapperBuilder.configurationElement(XMLMapperBuilder.java:123) ~[mybatis-3.5.7.jar:3.5.7]
	at org.apache.ibatis.builder.xml.XMLMapperBuilder.parse(XMLMapperBuilder.java:95) ~[mybatis-3.5.7.jar:3.5.7]
	at com.baomidou.mybatisplus.extension.spring.MybatisSqlSessionFactoryBean.buildSqlSessionFactory(MybatisSqlSessionFactoryBean.java:593) ~[mybatis-plus-extension-3.4.3.1.jar:3.4.3.1]
	at com.baomidou.mybatisplus.extension.spring.MybatisSqlSessionFactoryBean.afterPropertiesSet(MybatisSqlSessionFactoryBean.java:431) ~[mybatis-plus-extension-3.4.3.1.jar:3.4.3.1]
	at com.baomidou.mybatisplus.extension.spring.MybatisSqlSessionFactoryBean.getObject(MybatisSqlSessionFactoryBean.java:628) ~[mybatis-plus-extension-3.4.3.1.jar:3.4.3.1]
	at com.baomidou.mybatisplus.autoconfigure.MybatisPlusAutoConfiguration.sqlSessionFactory(MybatisPlusAutoConfiguration.java:219) ~[mybatis-plus-boot-starter-3.4.3.1.jar:3.4.3.1]
	at sun.reflect.NativeMethodAccessorImpl.invoke0(Native Method) ~[?:1.8.0_461]
	at sun.reflect.NativeMethodAccessorImpl.invoke(NativeMethodAccessorImpl.java:62) ~[?:1.8.0_461]
	at sun.reflect.DelegatingMethodAccessorImpl.invoke(DelegatingMethodAccessorImpl.java:43) ~[?:1.8.0_461]
	at java.lang.reflect.Method.invoke(Method.java:498) ~[?:1.8.0_461]
	at org.springframework.beans.factory.support.SimpleInstantiationStrategy.instantiate(SimpleInstantiationStrategy.java:154) ~[spring-beans-5.2.4.RELEASE.jar:5.2.4.RELEASE]
	at org.springframework.beans.factory.support.ConstructorResolver.instantiate(ConstructorResolver.java:651) ~[spring-beans-5.2.4.RELEASE.jar:5.2.4.RELEASE]
	... 24 more
Caused by: org.apache.ibatis.builder.BuilderException: Error resolving class. Cause: org.apache.ibatis.type.TypeException: Could not resolve type alias 'com.project.demo.entity.AccessToken'.  Cause: java.lang.ClassNotFoundException: Cannot find class: com.project.demo.entity.AccessToken
	at org.apache.ibatis.builder.BaseBuilder.resolveClass(BaseBuilder.java:118) ~[mybatis-3.5.7.jar:3.5.7]
	at org.apache.ibatis.builder.xml.XMLMapperBuilder.resultMapElement(XMLMapperBuilder.java:263) ~[mybatis-3.5.7.jar:3.5.7]
	at org.apache.ibatis.builder.xml.XMLMapperBuilder.resultMapElement(XMLMapperBuilder.java:254) ~[mybatis-3.5.7.jar:3.5.7]
	at org.apache.ibatis.builder.xml.XMLMapperBuilder.resultMapElements(XMLMapperBuilder.java:246) ~[mybatis-3.5.7.jar:3.5.7]
	at org.apache.ibatis.builder.xml.XMLMapperBuilder.configurationElement(XMLMapperBuilder.java:119) ~[mybatis-3.5.7.jar:3.5.7]
	at org.apache.ibatis.builder.xml.XMLMapperBuilder.parse(XMLMapperBuilder.java:95) ~[mybatis-3.5.7.jar:3.5.7]
	at com.baomidou.mybatisplus.extension.spring.MybatisSqlSessionFactoryBean.buildSqlSessionFactory(MybatisSqlSessionFactoryBean.java:593) ~[mybatis-plus-extension-3.4.3.1.jar:3.4.3.1]
	at com.baomidou.mybatisplus.extension.spring.MybatisSqlSessionFactoryBean.afterPropertiesSet(MybatisSqlSessionFactoryBean.java:431) ~[mybatis-plus-extension-3.4.3.1.jar:3.4.3.1]
	at com.baomidou.mybatisplus.extension.spring.MybatisSqlSessionFactoryBean.getObject(MybatisSqlSessionFactoryBean.java:628) ~[mybatis-plus-extension-3.4.3.1.jar:3.4.3.1]
	at com.baomidou.mybatisplus.autoconfigure.MybatisPlusAutoConfiguration.sqlSessionFactory(MybatisPlusAutoConfiguration.java:219) ~[mybatis-plus-boot-starter-3.4.3.1.jar:3.4.3.1]
	at sun.reflect.NativeMethodAccessorImpl.invoke0(Native Method) ~[?:1.8.0_461]
	at sun.reflect.NativeMethodAccessorImpl.invoke(NativeMethodAccessorImpl.java:62) ~[?:1.8.0_461]
	at sun.reflect.DelegatingMethodAccessorImpl.invoke(DelegatingMethodAccessorImpl.java:43) ~[?:1.8.0_461]
	at java.lang.reflect.Method.invoke(Method.java:498) ~[?:1.8.0_461]
	at org.springframework.beans.factory.support.SimpleInstantiationStrategy.instantiate(SimpleInstantiationStrategy.java:154) ~[spring-beans-5.2.4.RELEASE.jar:5.2.4.RELEASE]
	at org.springframework.beans.factory.support.ConstructorResolver.instantiate(ConstructorResolver.java:651) ~[spring-beans-5.2.4.RELEASE.jar:5.2.4.RELEASE]
	... 24 more
Caused by: org.apache.ibatis.type.TypeException: Could not resolve type alias 'com.project.demo.entity.AccessToken'.  Cause: java.lang.ClassNotFoundException: Cannot find class: com.project.demo.entity.AccessToken
	at org.apache.ibatis.type.TypeAliasRegistry.resolveAlias(TypeAliasRegistry.java:120) ~[mybatis-3.5.7.jar:3.5.7]
	at org.apache.ibatis.builder.BaseBuilder.resolveAlias(BaseBuilder.java:149) ~[mybatis-3.5.7.jar:3.5.7]
	at org.apache.ibatis.builder.BaseBuilder.resolveClass(BaseBuilder.java:116) ~[mybatis-3.5.7.jar:3.5.7]
	at org.apache.ibatis.builder.xml.XMLMapperBuilder.resultMapElement(XMLMapperBuilder.java:263) ~[mybatis-3.5.7.jar:3.5.7]
	at org.apache.ibatis.builder.xml.XMLMapperBuilder.resultMapElement(XMLMapperBuilder.java:254) ~[mybatis-3.5.7.jar:3.5.7]
	at org.apache.ibatis.builder.xml.XMLMapperBuilder.resultMapElements(XMLMapperBuilder.java:246) ~[mybatis-3.5.7.jar:3.5.7]
	at org.apache.ibatis.builder.xml.XMLMapperBuilder.configurationElement(XMLMapperBuilder.java:119) ~[mybatis-3.5.7.jar:3.5.7]
	at org.apache.ibatis.builder.xml.XMLMapperBuilder.parse(XMLMapperBuilder.java:95) ~[mybatis-3.5.7.jar:3.5.7]
	at com.baomidou.mybatisplus.extension.spring.MybatisSqlSessionFactoryBean.buildSqlSessionFactory(MybatisSqlSessionFactoryBean.java:593) ~[mybatis-plus-extension-3.4.3.1.jar:3.4.3.1]
	at com.baomidou.mybatisplus.extension.spring.MybatisSqlSessionFactoryBean.afterPropertiesSet(MybatisSqlSessionFactoryBean.java:431) ~[mybatis-plus-extension-3.4.3.1.jar:3.4.3.1]
	at com.baomidou.mybatisplus.extension.spring.MybatisSqlSessionFactoryBean.getObject(MybatisSqlSessionFactoryBean.java:628) ~[mybatis-plus-extension-3.4.3.1.jar:3.4.3.1]
	at com.baomidou.mybatisplus.autoconfigure.MybatisPlusAutoConfiguration.sqlSessionFactory(MybatisPlusAutoConfiguration.java:219) ~[mybatis-plus-boot-starter-3.4.3.1.jar:3.4.3.1]
	at sun.reflect.NativeMethodAccessorImpl.invoke0(Native Method) ~[?:1.8.0_461]
	at sun.reflect.NativeMethodAccessorImpl.invoke(NativeMethodAccessorImpl.java:62) ~[?:1.8.0_461]
	at sun.reflect.DelegatingMethodAccessorImpl.invoke(DelegatingMethodAccessorImpl.java:43) ~[?:1.8.0_461]
	at java.lang.reflect.Method.invoke(Method.java:498) ~[?:1.8.0_461]
	at org.springframework.beans.factory.support.SimpleInstantiationStrategy.instantiate(SimpleInstantiationStrategy.java:154) ~[spring-beans-5.2.4.RELEASE.jar:5.2.4.RELEASE]
	at org.springframework.beans.factory.support.ConstructorResolver.instantiate(ConstructorResolver.java:651) ~[spring-beans-5.2.4.RELEASE.jar:5.2.4.RELEASE]
	... 24 more
Caused by: java.lang.ClassNotFoundException: Cannot find class: com.project.demo.entity.AccessToken
	at org.apache.ibatis.io.ClassLoaderWrapper.classForName(ClassLoaderWrapper.java:196) ~[mybatis-3.5.7.jar:3.5.7]
	at org.apache.ibatis.io.ClassLoaderWrapper.classForName(ClassLoaderWrapper.java:89) ~[mybatis-3.5.7.jar:3.5.7]
	at org.apache.ibatis.io.Resources.classForName(Resources.java:261) ~[mybatis-3.5.7.jar:3.5.7]
	at org.apache.ibatis.type.TypeAliasRegistry.resolveAlias(TypeAliasRegistry.java:116) ~[mybatis-3.5.7.jar:3.5.7]
	at org.apache.ibatis.builder.BaseBuilder.resolveAlias(BaseBuilder.java:149) ~[mybatis-3.5.7.jar:3.5.7]
	at org.apache.ibatis.builder.BaseBuilder.resolveClass(BaseBuilder.java:116) ~[mybatis-3.5.7.jar:3.5.7]
	at org.apache.ibatis.builder.xml.XMLMapperBuilder.resultMapElement(XMLMapperBuilder.java:263) ~[mybatis-3.5.7.jar:3.5.7]
	at org.apache.ibatis.builder.xml.XMLMapperBuilder.resultMapElement(XMLMapperBuilder.java:254) ~[mybatis-3.5.7.jar:3.5.7]
	at org.apache.ibatis.builder.xml.XMLMapperBuilder.resultMapElements(XMLMapperBuilder.java:246) ~[mybatis-3.5.7.jar:3.5.7]
	at org.apache.ibatis.builder.xml.XMLMapperBuilder.configurationElement(XMLMapperBuilder.java:119) ~[mybatis-3.5.7.jar:3.5.7]
	at org.apache.ibatis.builder.xml.XMLMapperBuilder.parse(XMLMapperBuilder.java:95) ~[mybatis-3.5.7.jar:3.5.7]
	at com.baomidou.mybatisplus.extension.spring.MybatisSqlSessionFactoryBean.buildSqlSessionFactory(MybatisSqlSessionFactoryBean.java:593) ~[mybatis-plus-extension-3.4.3.1.jar:3.4.3.1]
	at com.baomidou.mybatisplus.extension.spring.MybatisSqlSessionFactoryBean.afterPropertiesSet(MybatisSqlSessionFactoryBean.java:431) ~[mybatis-plus-extension-3.4.3.1.jar:3.4.3.1]
	at com.baomidou.mybatisplus.extension.spring.MybatisSqlSessionFactoryBean.getObject(MybatisSqlSessionFactoryBean.java:628) ~[mybatis-plus-extension-3.4.3.1.jar:3.4.3.1]
	at com.baomidou.mybatisplus.autoconfigure.MybatisPlusAutoConfiguration.sqlSessionFactory(MybatisPlusAutoConfiguration.java:219) ~[mybatis-plus-boot-starter-3.4.3.1.jar:3.4.3.1]
	at sun.reflect.NativeMethodAccessorImpl.invoke0(Native Method) ~[?:1.8.0_461]
	at sun.reflect.NativeMethodAccessorImpl.invoke(NativeMethodAccessorImpl.java:62) ~[?:1.8.0_461]
	at sun.reflect.DelegatingMethodAccessorImpl.invoke(DelegatingMethodAccessorImpl.java:43) ~[?:1.8.0_461]
	at java.lang.reflect.Method.invoke(Method.java:498) ~[?:1.8.0_461]
	at org.springframework.beans.factory.support.SimpleInstantiationStrategy.instantiate(SimpleInstantiationStrategy.java:154) ~[spring-beans-5.2.4.RELEASE.jar:5.2.4.RELEASE]
	at org.springframework.beans.factory.support.ConstructorResolver.instantiate(ConstructorResolver.java:651) ~[spring-beans-5.2.4.RELEASE.jar:5.2.4.RELEASE]
	... 24 more
2026-05-05 00:18:24.224 [restartedMain] INFO  com.project.demo.Application - Starting Application on debian with PID 116733 (/home/yuan/Desktop/bishe-main/target/classes started by yuan in /home/yuan/Desktop/bishe-main)
2026-05-05 00:18:24.225 [restartedMain] INFO  com.project.demo.Application - No active profile set, falling back to default profiles: default
2026-05-05 00:18:24.425 [restartedMain] INFO  org.springframework.data.repository.config.RepositoryConfigurationDelegate - Multiple Spring Data modules found, entering strict repository configuration mode!
2026-05-05 00:18:24.426 [restartedMain] INFO  org.springframework.data.repository.config.RepositoryConfigurationDelegate - Bootstrapping Spring Data JPA repositories in DEFAULT mode.
2026-05-05 00:18:24.434 [restartedMain] INFO  org.springframework.data.repository.config.RepositoryConfigurationDelegate - Finished Spring Data repository scanning in 7ms. Found 0 JPA repository interfaces.
2026-05-05 00:18:24.496 [restartedMain] INFO  org.springframework.data.repository.config.RepositoryConfigurationDelegate - Multiple Spring Data modules found, entering strict repository configuration mode!
2026-05-05 00:18:24.497 [restartedMain] INFO  org.springframework.data.repository.config.RepositoryConfigurationDelegate - Bootstrapping Spring Data Redis repositories in DEFAULT mode.
2026-05-05 00:18:24.511 [restartedMain] INFO  org.springframework.data.repository.config.RepositoryConfigurationDelegate - Finished Spring Data repository scanning in 6ms. Found 0 Redis repository interfaces.
2026-05-05 00:18:24.675 [restartedMain] INFO  org.springframework.boot.web.embedded.tomcat.TomcatWebServer - Tomcat initialized with port(s): 5000 (http)
2026-05-05 00:18:24.676 [restartedMain] INFO  org.apache.coyote.http11.Http11NioProtocol - Initializing ProtocolHandler ["http-nio-5000"]
2026-05-05 00:18:24.677 [restartedMain] INFO  org.apache.catalina.core.StandardService - Starting service [Tomcat]
2026-05-05 00:18:24.677 [restartedMain] INFO  org.apache.catalina.core.StandardEngine - Starting Servlet engine: [Apache Tomcat/9.0.31]
2026-05-05 00:18:24.681 [restartedMain] INFO  org.apache.catalina.core.ContainerBase.[Tomcat-1].[localhost].[/api] - Initializing Spring embedded WebApplicationContext
2026-05-05 00:18:24.682 [restartedMain] INFO  org.springframework.web.context.ContextLoader - Root WebApplicationContext: initialization completed in 453 ms
2026-05-05 00:18:24.710 [restartedMain] INFO  com.alibaba.druid.spring.boot.autoconfigure.DruidDataSourceAutoConfigure - Init DruidDataSource
2026-05-05 00:18:24.744 [restartedMain] INFO  com.alibaba.druid.pool.DruidDataSource - {dataSource-5} inited
2026-05-05 00:18:24.813 [restartedMain] INFO  org.hibernate.jpa.internal.util.LogHelper - HHH000204: Processing PersistenceUnitInfo [name: default]
2026-05-05 00:18:24.820 [restartedMain] INFO  org.hibernate.dialect.Dialect - HHH000400: Using dialect: org.hibernate.dialect.MySQL8Dialect
2026-05-05 00:18:24.842 [restartedMain] INFO  org.hibernate.engine.transaction.jta.platform.internal.JtaPlatformInitiator - HHH000490: Using JtaPlatform implementation: [org.hibernate.engine.transaction.jta.platform.internal.NoJtaPlatform]
2026-05-05 00:18:24.843 [restartedMain] INFO  org.springframework.orm.jpa.LocalContainerEntityManagerFactoryBean - Initialized JPA EntityManagerFactory for persistence unit 'default'
2026-05-05 00:18:25.798 [restartedMain] WARN  org.springframework.boot.autoconfigure.orm.jpa.JpaBaseConfiguration$JpaWebConfiguration - spring.jpa.open-in-view is enabled by default. Therefore, database queries may be performed during view rendering. Explicitly configure spring.jpa.open-in-view to disable this warning
2026-05-05 00:18:25.832 [restartedMain] INFO  org.springframework.scheduling.concurrent.ThreadPoolTaskExecutor - Initializing ExecutorService 'applicationTaskExecutor'
2026-05-05 00:18:25.932 [restartedMain] INFO  org.springframework.boot.devtools.autoconfigure.OptionalLiveReloadServer - LiveReload server is running on port 35729
2026-05-05 00:18:25.945 [restartedMain] INFO  org.apache.coyote.http11.Http11NioProtocol - Starting ProtocolHandler ["http-nio-5000"]
2026-05-05 00:18:25.947 [restartedMain] INFO  org.springframework.boot.web.embedded.tomcat.TomcatWebServer - Tomcat started on port(s): 5000 (http) with context path '/api'
2026-05-05 00:18:25.948 [restartedMain] INFO  com.project.demo.Application - Started Application in 1.816 seconds (JVM running for 540.367)
2026-05-05 00:18:25.949 [restartedMain] INFO  org.springframework.boot.devtools.autoconfigure.ConditionEvaluationDeltaLoggingListener - Condition evaluation unchanged
2026-05-05 00:19:03.078 [SpringContextShutdownHook] INFO  org.springframework.scheduling.concurrent.ThreadPoolTaskExecutor - Shutting down ExecutorService 'applicationTaskExecutor'
2026-05-05 00:19:03.082 [SpringContextShutdownHook] INFO  org.springframework.orm.jpa.LocalContainerEntityManagerFactoryBean - Closing JPA EntityManagerFactory for persistence unit 'default'
2026-05-05 00:19:03.083 [SpringContextShutdownHook] INFO  com.alibaba.druid.pool.DruidDataSource - {dataSource-5} closing ...
2026-05-05 00:19:03.084 [SpringContextShutdownHook] INFO  com.alibaba.druid.pool.DruidDataSource - {dataSource-5} closed
2026-05-05 00:19:04.815 [restartedMain] INFO  com.project.demo.Application - Starting Application on debian with PID 120129 (/home/yuan/Desktop/bishe-main/target/classes started by yuan in /home/yuan/Desktop/bishe-main)
2026-05-05 00:19:04.823 [restartedMain] INFO  com.project.demo.Application - No active profile set, falling back to default profiles: default
2026-05-05 00:19:04.870 [restartedMain] INFO  org.springframework.boot.devtools.env.DevToolsPropertyDefaultsPostProcessor - Devtools property defaults active! Set 'spring.devtools.add-properties' to 'false' to disable
2026-05-05 00:19:04.870 [restartedMain] INFO  org.springframework.boot.devtools.env.DevToolsPropertyDefaultsPostProcessor - For additional web related logging consider setting the 'logging.level.web' property to 'DEBUG'
2026-05-05 00:19:05.368 [restartedMain] INFO  org.springframework.data.repository.config.RepositoryConfigurationDelegate - Multiple Spring Data modules found, entering strict repository configuration mode!
2026-05-05 00:19:05.370 [restartedMain] INFO  org.springframework.data.repository.config.RepositoryConfigurationDelegate - Bootstrapping Spring Data JPA repositories in DEFAULT mode.
2026-05-05 00:19:05.397 [restartedMain] INFO  org.springframework.data.repository.config.RepositoryConfigurationDelegate - Finished Spring Data repository scanning in 18ms. Found 0 JPA repository interfaces.
2026-05-05 00:19:05.570 [restartedMain] INFO  org.springframework.data.repository.config.RepositoryConfigurationDelegate - Multiple Spring Data modules found, entering strict repository configuration mode!
2026-05-05 00:19:05.571 [restartedMain] INFO  org.springframework.data.repository.config.RepositoryConfigurationDelegate - Bootstrapping Spring Data Redis repositories in DEFAULT mode.
2026-05-05 00:19:05.603 [restartedMain] INFO  org.springframework.data.repository.config.RepositoryConfigurationDelegate - Finished Spring Data repository scanning in 21ms. Found 0 Redis repository interfaces.
2026-05-05 00:19:06.725 [restartedMain] INFO  org.springframework.boot.web.embedded.tomcat.TomcatWebServer - Tomcat initialized with port(s): 5000 (http)
2026-05-05 00:19:06.739 [restartedMain] INFO  org.apache.coyote.http11.Http11NioProtocol - Initializing ProtocolHandler ["http-nio-5000"]
2026-05-05 00:19:06.741 [restartedMain] INFO  org.apache.catalina.core.StandardService - Starting service [Tomcat]
2026-05-05 00:19:06.742 [restartedMain] INFO  org.apache.catalina.core.StandardEngine - Starting Servlet engine: [Apache Tomcat/9.0.31]
2026-05-05 00:19:06.789 [restartedMain] INFO  org.apache.catalina.core.ContainerBase.[Tomcat].[localhost].[/api] - Initializing Spring embedded WebApplicationContext
2026-05-05 00:19:06.789 [restartedMain] INFO  org.springframework.web.context.ContextLoader - Root WebApplicationContext: initialization completed in 1918 ms
2026-05-05 00:19:06.846 [restartedMain] INFO  com.alibaba.druid.spring.boot.autoconfigure.DruidDataSourceAutoConfigure - Init DruidDataSource
2026-05-05 00:19:07.016 [restartedMain] INFO  com.alibaba.druid.pool.DruidDataSource - {dataSource-1} inited
2026-05-05 00:19:07.235 [restartedMain] INFO  org.hibernate.jpa.internal.util.LogHelper - HHH000204: Processing PersistenceUnitInfo [name: default]
2026-05-05 00:19:07.285 [restartedMain] INFO  org.hibernate.Version - HHH000412: Hibernate ORM core version 5.4.12.Final
2026-05-05 00:19:07.373 [restartedMain] INFO  org.hibernate.annotations.common.Version - HCANN000001: Hibernate Commons Annotations {5.1.0.Final}
2026-05-05 00:19:07.471 [restartedMain] INFO  org.hibernate.dialect.Dialect - HHH000400: Using dialect: org.hibernate.dialect.MySQL8Dialect
2026-05-05 00:19:07.668 [restartedMain] INFO  org.hibernate.engine.transaction.jta.platform.internal.JtaPlatformInitiator - HHH000490: Using JtaPlatform implementation: [org.hibernate.engine.transaction.jta.platform.internal.NoJtaPlatform]
2026-05-05 00:19:07.678 [restartedMain] INFO  org.springframework.orm.jpa.LocalContainerEntityManagerFactoryBean - Initialized JPA EntityManagerFactory for persistence unit 'default'
2026-05-05 00:19:09.940 [restartedMain] WARN  org.springframework.boot.autoconfigure.orm.jpa.JpaBaseConfiguration$JpaWebConfiguration - spring.jpa.open-in-view is enabled by default. Therefore, database queries may be performed during view rendering. Explicitly configure spring.jpa.open-in-view to disable this warning
2026-05-05 00:19:10.094 [restartedMain] INFO  org.springframework.scheduling.concurrent.ThreadPoolTaskExecutor - Initializing ExecutorService 'applicationTaskExecutor'
2026-05-05 00:19:10.476 [restartedMain] INFO  org.springframework.boot.devtools.autoconfigure.OptionalLiveReloadServer - LiveReload server is running on port 35729
2026-05-05 00:19:10.508 [restartedMain] INFO  org.apache.coyote.http11.Http11NioProtocol - Starting ProtocolHandler ["http-nio-5000"]
2026-05-05 00:19:10.528 [restartedMain] INFO  org.springframework.boot.web.embedded.tomcat.TomcatWebServer - Tomcat started on port(s): 5000 (http) with context path '/api'
2026-05-05 00:19:10.531 [restartedMain] INFO  com.project.demo.Application - Started Application in 6.159 seconds (JVM running for 7.046)
2026-05-05 00:19:14.431 [http-nio-5000-exec-1] INFO  org.apache.catalina.core.ContainerBase.[Tomcat].[localhost].[/api] - Initializing Spring DispatcherServlet 'dispatcherServlet'
2026-05-05 00:19:14.431 [http-nio-5000-exec-1] INFO  org.springframework.web.servlet.DispatcherServlet - Initializing Servlet 'dispatcherServlet'
2026-05-05 00:19:14.444 [http-nio-5000-exec-1] INFO  org.springframework.web.servlet.DispatcherServlet - Completed initialization in 13 ms
2026-05-05 00:19:14.470 [http-nio-5000-exec-1] INFO  com.project.demo.interceptor.LoginInterceptor - [请求接口] - http://localhost:5000/api/user/state , [请求类型] - OPTIONS
2026-05-05 00:19:14.470 [http-nio-5000-exec-2] INFO  com.project.demo.interceptor.LoginInterceptor - [请求接口] - http://localhost:5000/api/auth/get_list , [请求类型] - OPTIONS
2026-05-05 00:19:14.562 [http-nio-5000-exec-3] INFO  com.project.demo.interceptor.LoginInterceptor - [请求接口] - http://localhost:5000/api/auth/get_list , [请求类型] - GET
2026-05-05 00:19:14.562 [http-nio-5000-exec-4] INFO  com.project.demo.interceptor.LoginInterceptor - [请求接口] - http://localhost:5000/api/user/state , [请求类型] - GET
2026-05-05 00:19:14.615 [http-nio-5000-exec-3] INFO  com.project.demo.service.base.BaseService - 生成的最终SQL:  WHERE `user_group` = '游客'  
2026-05-05 00:19:14.615 [http-nio-5000-exec-3] INFO  com.project.demo.service.base.BaseService - [auth] - 查询操作，sql: select * from `auth` WHERE `user_group` = '游客'  
2026-05-05 00:19:14.615 [http-nio-5000-exec-4] INFO  com.project.demo.controller.UserController - [获取的token] dee499163a224957a7664bb1425fbf14
2026-05-05 00:19:14.732 [http-nio-5000-exec-3] INFO  com.project.demo.service.base.BaseService - 生成的最终SQL:  WHERE `user_group` = '游客'  
2026-05-05 00:19:14.732 [http-nio-5000-exec-3] INFO  com.project.demo.service.base.BaseService - [auth] - 统计操作，sql: SELECT COUNT(*) FROM `auth` WHERE `user_group` = '游客'  
2026-05-05 00:19:14.773 [http-nio-5000-exec-4] INFO  io.lettuce.core.EpollProvider - Starting without optional epoll library
2026-05-05 00:19:14.775 [http-nio-5000-exec-4] INFO  io.lettuce.core.KqueueProvider - Starting without optional kqueue library
2026-05-05 00:19:14.924 [http-nio-5000-exec-4] INFO  com.project.demo.controller.UserController - [返回userId] 1
2026-05-05 00:19:14.927 [http-nio-5000-exec-4] INFO  com.project.demo.service.base.BaseService - 生成的最终SQL:  WHERE `user_id` = '1'  AND is_delete = 0 
2026-05-05 00:19:14.927 [http-nio-5000-exec-4] INFO  com.project.demo.service.base.BaseService - [user] - 查询操作，sql: select * from `user` WHERE `user_id` = '1'  AND is_delete = 0 
2026-05-05 00:19:14.964 [http-nio-5000-exec-5] INFO  com.project.demo.interceptor.LoginInterceptor - [请求接口] - http://localhost:5000/api/auth/get_list , [请求类型] - GET
2026-05-05 00:19:14.965 [http-nio-5000-exec-5] INFO  com.project.demo.service.base.BaseService - 生成的最终SQL:  WHERE `user_group` = '管理员'  
2026-05-05 00:19:14.965 [http-nio-5000-exec-5] INFO  com.project.demo.service.base.BaseService - [auth] - 查询操作，sql: select * from `auth` WHERE `user_group` = '管理员'  
2026-05-05 00:19:14.981 [http-nio-5000-exec-5] INFO  com.project.demo.service.base.BaseService - 生成的最终SQL:  WHERE `user_group` = '管理员'  
2026-05-05 00:19:14.982 [http-nio-5000-exec-5] INFO  com.project.demo.service.base.BaseService - [auth] - 统计操作，sql: SELECT COUNT(*) FROM `auth` WHERE `user_group` = '管理员'  
2026-05-05 00:19:15.021 [http-nio-5000-exec-6] INFO  com.project.demo.interceptor.LoginInterceptor - [请求接口] - http://localhost:5000/api/upload/O1CN01A1wr3R26fA5Ne05Sj_!!2219275407688.png_460x460q90.jpg_.webp , [请求类型] - GET
2026-05-05 00:19:15.028 [http-nio-5000-exec-7] INFO  com.project.demo.interceptor.LoginInterceptor - [请求接口] - http://localhost:5000/api/auth/get_list , [请求类型] - GET
2026-05-05 00:19:15.028 [http-nio-5000-exec-7] INFO  com.project.demo.service.base.BaseService - 生成的最终SQL:  WHERE `user_group` = '管理员'  
2026-05-05 00:19:15.029 [http-nio-5000-exec-7] INFO  com.project.demo.service.base.BaseService - [auth] - 查询操作，sql: select * from `auth` WHERE `user_group` = '管理员'  
2026-05-05 00:19:15.049 [http-nio-5000-exec-7] INFO  com.project.demo.service.base.BaseService - 生成的最终SQL:  WHERE `user_group` = '管理员'  
2026-05-05 00:19:15.050 [http-nio-5000-exec-7] INFO  com.project.demo.service.base.BaseService - [auth] - 统计操作，sql: SELECT COUNT(*) FROM `auth` WHERE `user_group` = '管理员'  
2026-05-05 00:19:20.272 [http-nio-5000-exec-8] INFO  com.project.demo.interceptor.LoginInterceptor - [请求接口] - http://localhost:5000/api/user/get_list , [请求类型] - OPTIONS
2026-05-05 00:19:20.279 [http-nio-5000-exec-9] INFO  com.project.demo.interceptor.LoginInterceptor - [请求接口] - http://localhost:5000/api/user_group/get_list , [请求类型] - OPTIONS
2026-05-05 00:19:20.287 [http-nio-5000-exec-10] INFO  com.project.demo.interceptor.LoginInterceptor - [请求接口] - http://localhost:5000/api/user/get_list , [请求类型] - GET
2026-05-05 00:19:20.288 [http-nio-5000-exec-10] INFO  com.project.demo.service.base.BaseService - 生成的最终SQL:  WHERE `user_group` LIKE '%管理员%'  AND is_delete = 0 
2026-05-05 00:19:20.289 [http-nio-5000-exec-10] INFO  com.project.demo.service.base.BaseService - [user] - 查询操作，sql: select * from `user` WHERE `user_group` LIKE '%管理员%'  AND is_delete = 0 order by create_time desc  limit 0 , 10
2026-05-05 00:19:20.291 [http-nio-5000-exec-1] INFO  com.project.demo.interceptor.LoginInterceptor - [请求接口] - http://localhost:5000/api/user_group/get_list , [请求类型] - GET
2026-05-05 00:19:20.293 [http-nio-5000-exec-10] INFO  com.project.demo.service.base.BaseService - 生成的最终SQL:  WHERE `user_group` LIKE '%管理员%'  AND is_delete = 0 
2026-05-05 00:19:20.293 [http-nio-5000-exec-10] INFO  com.project.demo.service.base.BaseService - [user] - 统计操作，sql: SELECT COUNT(*) FROM `user` WHERE `user_group` LIKE '%管理员%'  AND is_delete = 0 
2026-05-05 00:19:20.300 [http-nio-5000-exec-1] INFO  com.project.demo.service.base.BaseService - 生成的最终SQL: 
2026-05-05 00:19:20.301 [http-nio-5000-exec-1] INFO  com.project.demo.service.base.BaseService - [user_group] - 查询操作，sql: select * from `user_group`
2026-05-05 00:19:20.306 [http-nio-5000-exec-1] INFO  com.project.demo.service.base.BaseService - 生成的最终SQL: 
2026-05-05 00:19:20.306 [http-nio-5000-exec-1] INFO  com.project.demo.service.base.BaseService - [user_group] - 统计操作，sql: SELECT COUNT(*) FROM `user_group`
2026-05-05 00:19:20.855 [http-nio-5000-exec-2] INFO  com.project.demo.interceptor.LoginInterceptor - [请求接口] - http://localhost:5000/api/registered_user/get_list , [请求类型] - OPTIONS
2026-05-05 00:19:20.865 [http-nio-5000-exec-3] INFO  com.project.demo.interceptor.LoginInterceptor - [请求接口] - http://localhost:5000/api/registered_user/get_list , [请求类型] - GET
2026-05-05 00:19:20.909 [http-nio-5000-exec-4] INFO  com.project.demo.interceptor.LoginInterceptor - [请求接口] - http://localhost:5000/api/user/get_obj , [请求类型] - OPTIONS
2026-05-05 00:19:20.914 [http-nio-5000-exec-5] INFO  com.project.demo.interceptor.LoginInterceptor - [请求接口] - http://localhost:5000/api/user/get_obj , [请求类型] - GET
2026-05-05 00:19:20.915 [http-nio-5000-exec-5] INFO  com.project.demo.service.base.BaseService - 生成的最终SQL:  WHERE `user_id` = '1'  AND is_delete = 0 
2026-05-05 00:19:20.915 [http-nio-5000-exec-5] INFO  com.project.demo.service.base.BaseService - [user] - 查询操作，sql: select * from `user` WHERE `user_id` = '1'  AND is_delete = 0 
2026-05-05 00:19:26.199 [http-nio-5000-exec-7] INFO  com.project.demo.interceptor.LoginInterceptor - [请求接口] - http://localhost:5000/api/user_group/get_list , [请求类型] - OPTIONS
2026-05-05 00:19:26.211 [http-nio-5000-exec-6] INFO  com.project.demo.interceptor.LoginInterceptor - [请求接口] - http://localhost:5000/api/user_group/get_list , [请求类型] - GET
2026-05-05 00:19:26.212 [http-nio-5000-exec-6] INFO  com.project.demo.service.base.BaseService - 生成的最终SQL: 
2026-05-05 00:19:26.213 [http-nio-5000-exec-6] INFO  com.project.demo.service.base.BaseService - [user_group] - 查询操作，sql: select * from `user_group`order by group_id asc  limit 0 , 10
2026-05-05 00:19:26.217 [http-nio-5000-exec-6] INFO  com.project.demo.service.base.BaseService - 生成的最终SQL: 
2026-05-05 00:19:26.217 [http-nio-5000-exec-6] INFO  com.project.demo.service.base.BaseService - [user_group] - 统计操作，sql: SELECT COUNT(*) FROM `user_group`
2026-05-05 00:19:27.036 [http-nio-5000-exec-8] INFO  com.project.demo.interceptor.LoginInterceptor - [请求接口] - http://localhost:5000/api/registered_user/get_list , [请求类型] - GET
2026-05-05 00:19:27.055 [http-nio-5000-exec-9] INFO  com.project.demo.interceptor.LoginInterceptor - [请求接口] - http://localhost:5000/api/user/get_obj , [请求类型] - GET
2026-05-05 00:19:27.056 [http-nio-5000-exec-9] INFO  com.project.demo.service.base.BaseService - 生成的最终SQL:  WHERE `user_id` = '1'  AND is_delete = 0 
2026-05-05 00:19:27.056 [http-nio-5000-exec-9] INFO  com.project.demo.service.base.BaseService - [user] - 查询操作，sql: select * from `user` WHERE `user_id` = '1'  AND is_delete = 0 
2026-05-05 00:19:36.941 [http-nio-5000-exec-10] INFO  com.project.demo.interceptor.LoginInterceptor - [请求接口] - http://localhost:5000/api/user/get_obj , [请求类型] - GET
2026-05-05 00:19:36.941 [http-nio-5000-exec-10] INFO  com.project.demo.service.base.BaseService - 生成的最终SQL:  WHERE `user_id` = '1'  AND is_delete = 0 
2026-05-05 00:19:36.941 [http-nio-5000-exec-10] INFO  com.project.demo.service.base.BaseService - [user] - 查询操作，sql: select * from `user` WHERE `user_id` = '1'  AND is_delete = 0 
2026-05-05 00:19:36.981 [http-nio-5000-exec-1] INFO  com.project.demo.interceptor.LoginInterceptor - [请求接口] - http://localhost:5000/api/registered_user/get_obj , [请求类型] - OPTIONS
2026-05-05 00:19:36.988 [http-nio-5000-exec-2] INFO  com.project.demo.interceptor.LoginInterceptor - [请求接口] - http://localhost:5000/api/registered_user/get_obj , [请求类型] - GET
2026-05-05 00:19:41.753 [http-nio-5000-exec-3] INFO  com.project.demo.interceptor.LoginInterceptor - [请求接口] - http://localhost:5000/api/registered_user/get_list , [请求类型] - GET
2026-05-05 00:19:41.794 [http-nio-5000-exec-4] INFO  com.project.demo.interceptor.LoginInterceptor - [请求接口] - http://localhost:5000/api/user/get_obj , [请求类型] - GET
2026-05-05 00:19:41.795 [http-nio-5000-exec-4] INFO  com.project.demo.service.base.BaseService - 生成的最终SQL:  WHERE `user_id` = '1'  AND is_delete = 0 
2026-05-05 00:19:41.795 [http-nio-5000-exec-4] INFO  com.project.demo.service.base.BaseService - [user] - 查询操作，sql: select * from `user` WHERE `user_id` = '1'  AND is_delete = 0 
2026-05-05 00:19:44.213 [http-nio-5000-exec-5] INFO  com.project.demo.interceptor.LoginInterceptor - [请求接口] - http://localhost:5000/api/user/get_obj , [请求类型] - GET
2026-05-05 00:19:44.213 [http-nio-5000-exec-5] INFO  com.project.demo.service.base.BaseService - 生成的最终SQL:  WHERE `user_id` = '1'  AND is_delete = 0 
2026-05-05 00:19:44.213 [http-nio-5000-exec-5] INFO  com.project.demo.service.base.BaseService - [user] - 查询操作，sql: select * from `user` WHERE `user_id` = '1'  AND is_delete = 0 
2026-05-05 00:19:44.247 [http-nio-5000-exec-7] INFO  com.project.demo.interceptor.LoginInterceptor - [请求接口] - http://localhost:5000/api/registered_user/get_obj , [请求类型] - GET
2026-05-05 00:19:45.360 [http-nio-5000-exec-6] INFO  com.project.demo.interceptor.LoginInterceptor - [请求接口] - http://localhost:5000/api/user/set , [请求类型] - OPTIONS
2026-05-05 00:19:45.364 [http-nio-5000-exec-8] INFO  com.project.demo.interceptor.LoginInterceptor - [请求接口] - http://localhost:5000/api/user/set , [请求类型] - POST
2026-05-05 00:19:45.437 [http-nio-5000-exec-8] INFO  com.project.demo.service.base.BaseService - [User(userId=1, state=1, userGroup=管理员, loginTime=null, phone=null, phoneState=null, userName=admin, nickName=admin, password=asd123, email=, emailState=null, avatar=/api/upload/O1CN01A1wr3R26fA5Ne05Sj_!!2219275407688.png_460x460q90.jpg_.webp, open_id=null, isDelete=null, createTime=null, code=null)] - 更新操作：{}
2026-05-05 00:19:45.450 [http-nio-5000-exec-9] INFO  com.project.demo.interceptor.LoginInterceptor - [请求接口] - http://localhost:5000/api/user/get_obj , [请求类型] - OPTIONS
2026-05-05 00:19:45.454 [http-nio-5000-exec-10] INFO  com.project.demo.interceptor.LoginInterceptor - [请求接口] - http://localhost:5000/api/user/get_obj , [请求类型] - GET
2026-05-05 00:19:45.455 [http-nio-5000-exec-10] INFO  com.project.demo.service.base.BaseService - 生成的最终SQL:  WHERE `user_group` = '管理员' and `user_id` = '1' and `user_name` = 'admin' and `nick_name` = 'admin' and `avatar` = '/api/upload/O1CN01A1wr3R26fA5Ne05Sj_!!2219275407688.png_460x460q90.jpg_.webp' and `state` = '1'  AND is_delete = 0 
2026-05-05 00:19:45.455 [http-nio-5000-exec-10] INFO  com.project.demo.service.base.BaseService - [user] - 查询操作，sql: select * from `user` WHERE `user_group` = '管理员' and `user_id` = '1' and `user_name` = 'admin' and `nick_name` = 'admin' and `avatar` = '/api/upload/O1CN01A1wr3R26fA5Ne05Sj_!!2219275407688.png_460x460q90.jpg_.webp' and `state` = '1'  AND is_delete = 0 
2026-05-05 00:19:45.464 [http-nio-5000-exec-1] INFO  com.project.demo.interceptor.LoginInterceptor - [请求接口] - http://localhost:5000/api/registered_user/set , [请求类型] - OPTIONS
2026-05-05 00:19:45.468 [http-nio-5000-exec-2] INFO  com.project.demo.interceptor.LoginInterceptor - [请求接口] - http://localhost:5000/api/registered_user/set , [请求类型] - POST
2026-05-05 00:19:45.474 [http-nio-5000-exec-2] INFO  com.project.demo.service.base.BaseService - [RegisteredUser(registeredUserId=4, userName=admin, userGender=0, userId=1, examineState=已通过, isDelete=0, updateTime=null, createTime=null)] - 更新操作：{}
2026-05-05 00:19:45.493 [http-nio-5000-exec-3] INFO  com.project.demo.interceptor.LoginInterceptor - [请求接口] - http://localhost:5000/api/registered_user/get_list , [请求类型] - GET
2026-05-05 00:19:45.528 [http-nio-5000-exec-4] INFO  com.project.demo.interceptor.LoginInterceptor - [请求接口] - http://localhost:5000/api/user/get_obj , [请求类型] - GET
2026-05-05 00:19:45.528 [http-nio-5000-exec-4] INFO  com.project.demo.service.base.BaseService - 生成的最终SQL:  WHERE `user_id` = '1'  AND is_delete = 0 
2026-05-05 00:19:45.528 [http-nio-5000-exec-4] INFO  com.project.demo.service.base.BaseService - [user] - 查询操作，sql: select * from `user` WHERE `user_id` = '1'  AND is_delete = 0 
2026-05-05 00:21:42.637 [http-nio-5000-exec-8] INFO  com.project.demo.interceptor.LoginInterceptor - [请求接口] - http://localhost:5000/api/user/get_obj , [请求类型] - GET
2026-05-05 00:21:42.643 [http-nio-5000-exec-8] INFO  com.project.demo.service.base.BaseService - 生成的最终SQL:  WHERE `user_id` = '1'  AND is_delete = 0 
2026-05-05 00:21:42.650 [http-nio-5000-exec-8] INFO  com.project.demo.service.base.BaseService - [user] - 查询操作，sql: select * from `user` WHERE `user_id` = '1'  AND is_delete = 0 
2026-05-05 00:21:42.681 [http-nio-5000-exec-8] WARN  com.alibaba.druid.pool.DruidAbstractDataSource - discard long time none received connection. , jdbcUrl : jdbc:mysql://127.0.0.1:3306/xiaozhi?serverTimezone=GMT%2B8&useSSL=false&characterEncoding=utf-8&allowPublicKeyRetrieval=true, version : 1.2.8, lastPacketReceivedIdleMillis : 117134
2026-05-05 00:21:42.728 [http-nio-5000-exec-9] INFO  com.project.demo.interceptor.LoginInterceptor - [请求接口] - http://localhost:5000/api/registered_user/get_obj , [请求类型] - GET
2026-05-05 00:21:50.366 [http-nio-5000-exec-10] INFO  com.project.demo.interceptor.LoginInterceptor - [请求接口] - http://localhost:5000/api/registered_user/get_list , [请求类型] - GET
2026-05-05 00:21:50.410 [http-nio-5000-exec-1] INFO  com.project.demo.interceptor.LoginInterceptor - [请求接口] - http://localhost:5000/api/user/get_obj , [请求类型] - GET
2026-05-05 00:21:50.411 [http-nio-5000-exec-1] INFO  com.project.demo.service.base.BaseService - 生成的最终SQL:  WHERE `user_id` = '1'  AND is_delete = 0 
2026-05-05 00:21:50.411 [http-nio-5000-exec-1] INFO  com.project.demo.service.base.BaseService - [user] - 查询操作，sql: select * from `user` WHERE `user_id` = '1'  AND is_delete = 0 
2026-05-05 00:21:53.332 [http-nio-5000-exec-2] INFO  com.project.demo.interceptor.LoginInterceptor - [请求接口] - http://localhost:5000/api/user/get_obj , [请求类型] - GET
2026-05-05 00:21:53.333 [http-nio-5000-exec-2] INFO  com.project.demo.service.base.BaseService - 生成的最终SQL:  WHERE `user_id` = '1'  AND is_delete = 0 
2026-05-05 00:21:53.333 [http-nio-5000-exec-2] INFO  com.project.demo.service.base.BaseService - [user] - 查询操作，sql: select * from `user` WHERE `user_id` = '1'  AND is_delete = 0 
2026-05-05 00:21:53.372 [http-nio-5000-exec-3] INFO  com.project.demo.interceptor.LoginInterceptor - [请求接口] - http://localhost:5000/api/registered_user/get_obj , [请求类型] - GET
2026-05-05 00:23:21.091 [http-nio-5000-exec-5] INFO  com.project.demo.interceptor.LoginInterceptor - [请求接口] - http://localhost:5000/api/registered_user/get_list , [请求类型] - GET
2026-05-05 00:23:21.098 [http-nio-5000-exec-5] WARN  com.alibaba.druid.pool.DruidAbstractDataSource - discard long time none received connection. , jdbcUrl : jdbc:mysql://127.0.0.1:3306/xiaozhi?serverTimezone=GMT%2B8&useSSL=false&characterEncoding=utf-8&allowPublicKeyRetrieval=true, version : 1.2.8, lastPacketReceivedIdleMillis : 87724
2026-05-05 00:23:21.129 [http-nio-5000-exec-7] INFO  com.project.demo.interceptor.LoginInterceptor - [请求接口] - http://localhost:5000/api/user/get_obj , [请求类型] - GET
2026-05-05 00:23:21.130 [http-nio-5000-exec-7] INFO  com.project.demo.service.base.BaseService - 生成的最终SQL:  WHERE `user_id` = '1'  AND is_delete = 0 
2026-05-05 00:23:21.130 [http-nio-5000-exec-7] INFO  com.project.demo.service.base.BaseService - [user] - 查询操作，sql: select * from `user` WHERE `user_id` = '1'  AND is_delete = 0 
2026-05-05 00:23:23.871 [http-nio-5000-exec-6] INFO  com.project.demo.interceptor.LoginInterceptor - [请求接口] - http://localhost:5000/api/commodity_information/get_list , [请求类型] - OPTIONS
2026-05-05 00:23:23.885 [http-nio-5000-exec-8] INFO  com.project.demo.interceptor.LoginInterceptor - [请求接口] - http://localhost:5000/api/commodity_information/get_list , [请求类型] - GET
2026-05-05 00:23:23.903 [http-nio-5000-exec-8] INFO  com.project.demo.service.base.BaseService - 生成的最终SQL:  WHERE is_delete = 0 
2026-05-05 00:23:23.903 [http-nio-5000-exec-8] INFO  com.project.demo.service.base.BaseService - [commodity_information] - 查询操作，sql: select * from `commodity_information` WHERE is_delete = 0 order by create_time desc  limit 0 , 7
2026-05-05 00:23:23.906 [http-nio-5000-exec-8] INFO  com.project.demo.service.base.BaseService - 生成的最终SQL:  WHERE is_delete = 0 
2026-05-05 00:23:23.906 [http-nio-5000-exec-8] INFO  com.project.demo.service.base.BaseService - [commodity_information] - 统计操作，sql: SELECT COUNT(*) FROM `commodity_information` WHERE is_delete = 0 
2026-05-05 00:23:23.959 [http-nio-5000-exec-9] INFO  com.project.demo.interceptor.LoginInterceptor - [请求接口] - http://localhost:5000/api/upload/O1CN01EBbQPP1q2CWxm7wtb_!!4611686018427385277-0-item_pic.jpg_460x460q90.jpg_.webp , [请求类型] - GET
2026-05-05 00:23:25.392 [http-nio-5000-exec-10] INFO  com.project.demo.interceptor.LoginInterceptor - [请求接口] - http://localhost:5000/api/commodity_information/get_list , [请求类型] - GET
2026-05-05 00:23:25.392 [http-nio-5000-exec-10] INFO  com.project.demo.service.base.BaseService - 生成的最终SQL:  WHERE is_delete = 0 
2026-05-05 00:23:25.393 [http-nio-5000-exec-10] INFO  com.project.demo.service.base.BaseService - [commodity_information] - 查询操作，sql: select * from `commodity_information` WHERE is_delete = 0 order by create_time desc  limit 0 , 7
2026-05-05 00:23:25.395 [http-nio-5000-exec-10] INFO  com.project.demo.service.base.BaseService - 生成的最终SQL:  WHERE is_delete = 0 
2026-05-05 00:23:25.395 [http-nio-5000-exec-10] INFO  com.project.demo.service.base.BaseService - [commodity_information] - 统计操作，sql: SELECT COUNT(*) FROM `commodity_information` WHERE is_delete = 0 
2026-05-05 00:23:28.055 [http-nio-5000-exec-1] INFO  com.project.demo.interceptor.LoginInterceptor - [请求接口] - http://localhost:5000/api/commodity_information/get_list , [请求类型] - GET
2026-05-05 00:23:28.056 [http-nio-5000-exec-1] INFO  com.project.demo.service.base.BaseService - 生成的最终SQL:  WHERE is_delete = 0 
2026-05-05 00:23:28.056 [http-nio-5000-exec-1] INFO  com.project.demo.service.base.BaseService - [commodity_information] - 查询操作，sql: select * from `commodity_information` WHERE is_delete = 0 
2026-05-05 00:23:28.059 [http-nio-5000-exec-1] INFO  com.project.demo.service.base.BaseService - 生成的最终SQL:  WHERE is_delete = 0 
2026-05-05 00:23:28.061 [http-nio-5000-exec-1] INFO  com.project.demo.service.base.BaseService - [commodity_information] - 统计操作，sql: SELECT COUNT(*) FROM `commodity_information` WHERE is_delete = 0 
2026-05-05 00:23:28.463 [http-nio-5000-exec-2] INFO  com.project.demo.interceptor.LoginInterceptor - [请求接口] - http://localhost:5000/api/supply_information/get_list , [请求类型] - GET
2026-05-05 00:23:28.468 [http-nio-5000-exec-3] INFO  com.project.demo.interceptor.LoginInterceptor - [请求接口] - http://localhost:5000/api/commodity_information/get_list , [请求类型] - GET
2026-05-05 00:23:28.469 [http-nio-5000-exec-3] INFO  com.project.demo.service.base.BaseService - 生成的最终SQL:  WHERE is_delete = 0 
2026-05-05 00:23:28.469 [http-nio-5000-exec-3] INFO  com.project.demo.service.base.BaseService - [commodity_information] - 查询操作，sql: select * from `commodity_information` WHERE is_delete = 0 
2026-05-05 00:23:28.474 [http-nio-5000-exec-2] INFO  com.project.demo.service.base.BaseService - 生成的最终SQL:  WHERE is_delete = 0 
2026-05-05 00:23:28.474 [http-nio-5000-exec-2] INFO  com.project.demo.service.base.BaseService - [supply_information] - 查询操作，sql: select * from `supply_information` WHERE is_delete = 0 order by create_time desc  limit 0 , 7
2026-05-05 00:23:28.475 [http-nio-5000-exec-3] INFO  com.project.demo.service.base.BaseService - 生成的最终SQL:  WHERE is_delete = 0 
2026-05-05 00:23:28.476 [http-nio-5000-exec-3] INFO  com.project.demo.service.base.BaseService - [commodity_information] - 统计操作，sql: SELECT COUNT(*) FROM `commodity_information` WHERE is_delete = 0 
2026-05-05 00:23:28.478 [http-nio-5000-exec-2] INFO  com.project.demo.service.base.BaseService - 生成的最终SQL:  WHERE is_delete = 0 
2026-05-05 00:23:28.478 [http-nio-5000-exec-2] INFO  com.project.demo.service.base.BaseService - [supply_information] - 统计操作，sql: SELECT COUNT(*) FROM `supply_information` WHERE is_delete = 0 
2026-05-05 00:23:30.110 [http-nio-5000-exec-4] INFO  com.project.demo.interceptor.LoginInterceptor - [请求接口] - http://localhost:5000/api/purchasing_information/get_list , [请求类型] - GET
2026-05-05 00:23:31.027 [http-nio-5000-exec-5] INFO  com.project.demo.interceptor.LoginInterceptor - [请求接口] - http://localhost:5000/api/inventory_information/get_list , [请求类型] - OPTIONS
2026-05-05 00:23:31.038 [http-nio-5000-exec-7] INFO  com.project.demo.interceptor.LoginInterceptor - [请求接口] - http://localhost:5000/api/inventory_information/get_list , [请求类型] - GET
2026-05-05 00:23:31.957 [http-nio-5000-exec-6] INFO  com.project.demo.interceptor.LoginInterceptor - [请求接口] - http://localhost:5000/api/sales_information/get_list , [请求类型] - GET
2026-05-05 00:23:31.964 [http-nio-5000-exec-8] INFO  com.project.demo.interceptor.LoginInterceptor - [请求接口] - http://localhost:5000/api/user/get_list , [请求类型] - GET
2026-05-05 00:23:31.965 [http-nio-5000-exec-8] INFO  com.project.demo.service.base.BaseService - 生成的最终SQL:  WHERE `user_group` = '注册用户'  AND is_delete = 0 
2026-05-05 00:23:31.965 [http-nio-5000-exec-8] INFO  com.project.demo.service.base.BaseService - [user] - 查询操作，sql: select * from `user` WHERE `user_group` = '注册用户'  AND is_delete = 0 
2026-05-05 00:23:31.982 [http-nio-5000-exec-8] INFO  com.project.demo.service.base.BaseService - 生成的最终SQL:  WHERE `user_group` = '注册用户'  AND is_delete = 0 
2026-05-05 00:23:31.982 [http-nio-5000-exec-8] INFO  com.project.demo.service.base.BaseService - [user] - 统计操作，sql: SELECT COUNT(*) FROM `user` WHERE `user_group` = '注册用户'  AND is_delete = 0 
2026-05-05 00:23:32.814 [http-nio-5000-exec-9] INFO  com.project.demo.interceptor.LoginInterceptor - [请求接口] - http://localhost:5000/api/user/count , [请求类型] - OPTIONS
2026-05-05 00:23:32.821 [http-nio-5000-exec-10] INFO  com.project.demo.interceptor.LoginInterceptor - [请求接口] - http://localhost:5000/api/registered_user/count , [请求类型] - OPTIONS
2026-05-05 00:23:32.821 [http-nio-5000-exec-1] INFO  com.project.demo.interceptor.LoginInterceptor - [请求接口] - http://localhost:5000/api/sales_information/count , [请求类型] - OPTIONS
2026-05-05 00:23:32.823 [http-nio-5000-exec-2] INFO  com.project.demo.interceptor.LoginInterceptor - [请求接口] - http://localhost:5000/api/inventory_information/count , [请求类型] - OPTIONS
2026-05-05 00:23:32.825 [http-nio-5000-exec-3] INFO  com.project.demo.interceptor.LoginInterceptor - [请求接口] - http://localhost:5000/api/purchasing_information/count , [请求类型] - OPTIONS
2026-05-05 00:23:32.827 [http-nio-5000-exec-4] INFO  com.project.demo.interceptor.LoginInterceptor - [请求接口] - http://localhost:5000/api/supply_information/count , [请求类型] - OPTIONS
2026-05-05 00:23:32.827 [http-nio-5000-exec-5] INFO  com.project.demo.interceptor.LoginInterceptor - [请求接口] - http://localhost:5000/api/sales_information/list_group , [请求类型] - OPTIONS
2026-05-05 00:23:32.847 [http-nio-5000-exec-7] INFO  com.project.demo.interceptor.LoginInterceptor - [请求接口] - http://localhost:5000/api/registered_user/list_group , [请求类型] - OPTIONS
2026-05-05 00:23:32.852 [http-nio-5000-exec-6] INFO  com.project.demo.interceptor.LoginInterceptor - [请求接口] - http://localhost:5000/api/user/count , [请求类型] - GET
2026-05-05 00:23:32.852 [http-nio-5000-exec-8] INFO  com.project.demo.interceptor.LoginInterceptor - [请求接口] - http://localhost:5000/api/supply_information/list_group , [请求类型] - OPTIONS
2026-05-05 00:23:32.853 [http-nio-5000-exec-6] INFO  com.project.demo.service.base.BaseService - 拼接统计函数前
2026-05-05 00:23:32.854 [http-nio-5000-exec-6] INFO  com.project.demo.service.base.BaseService - 生成的最终SQL:  WHERE is_delete = 0 
2026-05-05 00:23:32.854 [http-nio-5000-exec-6] INFO  com.project.demo.service.base.BaseService - [user] - 统计操作，sql: SELECT COUNT(*) FROM `user` WHERE is_delete = 0 
2026-05-05 00:23:32.854 [http-nio-5000-exec-2] INFO  com.project.demo.interceptor.LoginInterceptor - [请求接口] - http://localhost:5000/api/inventory_information/count , [请求类型] - GET
2026-05-05 00:23:32.854 [http-nio-5000-exec-1] INFO  com.project.demo.interceptor.LoginInterceptor - [请求接口] - http://localhost:5000/api/views/list_group , [请求类型] - OPTIONS
2026-05-05 00:23:32.855 [http-nio-5000-exec-2] INFO  com.project.demo.service.base.BaseService - 拼接统计函数前
2026-05-05 00:23:32.857 [http-nio-5000-exec-2] INFO  com.project.demo.service.base.BaseService - 生成的最终SQL:  WHERE is_delete = 0 
2026-05-05 00:23:32.857 [http-nio-5000-exec-2] INFO  com.project.demo.service.base.BaseService - [inventory_information] - 统计操作，sql: SELECT COUNT(*) FROM `inventory_information` WHERE is_delete = 0 
2026-05-05 00:23:32.858 [http-nio-5000-exec-9] INFO  com.project.demo.interceptor.LoginInterceptor - [请求接口] - http://localhost:5000/api/sales_information/count , [请求类型] - GET
2026-05-05 00:23:32.859 [http-nio-5000-exec-9] INFO  com.project.demo.service.base.BaseService - 拼接统计函数前
2026-05-05 00:23:32.860 [http-nio-5000-exec-9] INFO  com.project.demo.service.base.BaseService - 生成的最终SQL:  WHERE is_delete = 0 
2026-05-05 00:23:32.860 [http-nio-5000-exec-9] INFO  com.project.demo.service.base.BaseService - [sales_information] - 统计操作，sql: SELECT COUNT(*) FROM `sales_information` WHERE is_delete = 0 
2026-05-05 00:23:32.862 [http-nio-5000-exec-10] INFO  com.project.demo.interceptor.LoginInterceptor - [请求接口] - http://localhost:5000/api/registered_user/count , [请求类型] - GET
2026-05-05 00:23:32.863 [http-nio-5000-exec-10] INFO  com.project.demo.service.base.BaseService - 拼接统计函数前
2026-05-05 00:23:32.863 [http-nio-5000-exec-10] INFO  com.project.demo.service.base.BaseService - 生成的最终SQL:  WHERE is_delete = 0 
2026-05-05 00:23:32.863 [http-nio-5000-exec-10] INFO  com.project.demo.service.base.BaseService - [registered_user] - 统计操作，sql: SELECT COUNT(*) FROM `registered_user` WHERE is_delete = 0 
2026-05-05 00:23:32.867 [http-nio-5000-exec-3] INFO  com.project.demo.interceptor.LoginInterceptor - [请求接口] - http://localhost:5000/api/purchasing_information/count , [请求类型] - GET
2026-05-05 00:23:32.868 [http-nio-5000-exec-5] INFO  com.project.demo.interceptor.LoginInterceptor - [请求接口] - http://localhost:5000/api/sales_information/list_group , [请求类型] - GET
2026-05-05 00:23:32.868 [http-nio-5000-exec-3] INFO  com.project.demo.service.base.BaseService - 拼接统计函数前
2026-05-05 00:23:32.868 [http-nio-5000-exec-3] INFO  com.project.demo.service.base.BaseService - 生成的最终SQL:  WHERE is_delete = 0 
2026-05-05 00:23:32.868 [http-nio-5000-exec-5] INFO  com.project.demo.service.base.BaseService - 生成的最终SQL:  WHERE is_delete = 0 
2026-05-05 00:23:32.869 [http-nio-5000-exec-5] INFO  com.project.demo.service.base.BaseService - [sales_information] - 查询操作，sql: select COUNT(*) AS count, product_category from `sales_information`  WHERE is_delete = 0 group by product_category 
2026-05-05 00:23:32.868 [http-nio-5000-exec-3] INFO  com.project.demo.service.base.BaseService - [purchasing_information] - 统计操作，sql: SELECT COUNT(*) FROM `purchasing_information` WHERE is_delete = 0 
2026-05-05 00:23:32.870 [http-nio-5000-exec-4] INFO  com.project.demo.interceptor.LoginInterceptor - [请求接口] - http://localhost:5000/api/supply_information/count , [请求类型] - GET
2026-05-05 00:23:32.873 [http-nio-5000-exec-10] INFO  com.project.demo.interceptor.LoginInterceptor - [请求接口] - http://localhost:5000/api/registered_user/list_group , [请求类型] - GET
2026-05-05 00:23:32.874 [http-nio-5000-exec-7] INFO  com.project.demo.interceptor.LoginInterceptor - [请求接口] - http://localhost:5000/api/views/list_group , [请求类型] - GET
2026-05-05 00:23:32.874 [http-nio-5000-exec-4] INFO  com.project.demo.service.base.BaseService - 拼接统计函数前
2026-05-05 00:23:32.879 [http-nio-5000-exec-4] INFO  com.project.demo.service.base.BaseService - 生成的最终SQL:  WHERE is_delete = 0 
2026-05-05 00:23:32.879 [http-nio-5000-exec-4] INFO  com.project.demo.service.base.BaseService - [supply_information] - 统计操作，sql: SELECT COUNT(*) FROM `supply_information` WHERE is_delete = 0 
2026-05-05 00:23:32.879 [http-nio-5000-exec-10] INFO  com.project.demo.service.base.BaseService - 生成的最终SQL:  WHERE is_delete = 0 
2026-05-05 00:23:32.879 [http-nio-5000-exec-10] INFO  com.project.demo.service.base.BaseService - [registered_user] - 查询操作，sql: select COUNT(*) AS count, user_gender from `registered_user`  WHERE is_delete = 0 group by user_gender 
2026-05-05 00:23:32.880 [http-nio-5000-exec-8] INFO  com.project.demo.interceptor.LoginInterceptor - [请求接口] - http://localhost:5000/api/supply_information/list_group , [请求类型] - GET
2026-05-05 00:23:32.884 [http-nio-5000-exec-8] INFO  com.project.demo.service.base.BaseService - 生成的最终SQL:  WHERE is_delete = 0 
2026-05-05 00:23:32.884 [http-nio-5000-exec-8] INFO  com.project.demo.service.base.BaseService - [supply_information] - 查询操作，sql: select COUNT(*) AS count, commodity_category from `supply_information`  WHERE is_delete = 0 group by commodity_category 
2026-05-05 00:23:32.893 [http-nio-5000-exec-7] INFO  com.project.demo.service.base.BaseService - 生成的最终SQL: 
2026-05-05 00:23:32.894 [http-nio-5000-exec-7] INFO  com.project.demo.service.base.BaseService - [views] - 查询操作，sql: select COUNT(*) AS count, source_table from `views` group by source_table 
2026-05-05 00:23:32.946 [http-nio-5000-exec-5] ERROR com.project.demo.exception.GlobalExceptionHandler - 运行时异常: 
org.springframework.jdbc.BadSqlGrammarException: 
### Error querying database.  Cause: java.sql.SQLSyntaxErrorException: Unknown column 'product_category' in 'field list'
### The error may exist in file [/home/yuan/Desktop/bishe-main/target/classes/mapper/BaseMapper.xml]
### The error may involve defaultParameterMap
### The error occurred while setting parameters
### SQL: select COUNT(*) AS count, product_category from `sales_information`  WHERE is_delete = 0 group by product_category
### Cause: java.sql.SQLSyntaxErrorException: Unknown column 'product_category' in 'field list'
; bad SQL grammar []; nested exception is java.sql.SQLSyntaxErrorException: Unknown column 'product_category' in 'field list'
	at org.springframework.jdbc.support.SQLErrorCodeSQLExceptionTranslator.doTranslate(SQLErrorCodeSQLExceptionTranslator.java:235) ~[spring-jdbc-5.2.4.RELEASE.jar:5.2.4.RELEASE]
	at org.springframework.jdbc.support.AbstractFallbackSQLExceptionTranslator.translate(AbstractFallbackSQLExceptionTranslator.java:72) ~[spring-jdbc-5.2.4.RELEASE.jar:5.2.4.RELEASE]
	at org.mybatis.spring.MyBatisExceptionTranslator.translateExceptionIfPossible(MyBatisExceptionTranslator.java:91) ~[mybatis-spring-2.0.6.jar:2.0.6]
	at org.mybatis.spring.SqlSessionTemplate$SqlSessionInterceptor.invoke(SqlSessionTemplate.java:441) ~[mybatis-spring-2.0.6.jar:2.0.6]
	at com.sun.proxy.$Proxy113.selectList(Unknown Source) ~[?:?]
	at org.mybatis.spring.SqlSessionTemplate.selectList(SqlSessionTemplate.java:224) ~[mybatis-spring-2.0.6.jar:2.0.6]
	at com.baomidou.mybatisplus.core.override.MybatisMapperMethod.executeForMany(MybatisMapperMethod.java:166) ~[mybatis-plus-core-3.4.3.1.jar:3.4.3.1]
	at com.baomidou.mybatisplus.core.override.MybatisMapperMethod.execute(MybatisMapperMethod.java:77) ~[mybatis-plus-core-3.4.3.1.jar:3.4.3.1]
	at com.baomidou.mybatisplus.core.override.MybatisMapperProxy$PlainMethodInvoker.invoke(MybatisMapperProxy.java:148) ~[mybatis-plus-core-3.4.3.1.jar:3.4.3.1]
	at com.baomidou.mybatisplus.core.override.MybatisMapperProxy.invoke(MybatisMapperProxy.java:89) ~[mybatis-plus-core-3.4.3.1.jar:3.4.3.1]
	at com.sun.proxy.$Proxy128.selectBaseList(Unknown Source) ~[?:?]
	at com.project.demo.service.base.BaseService.selectToList(BaseService.java:85) ~[classes/:?]
	at com.project.demo.service.base.BaseService$$FastClassBySpringCGLIB$$504c7e9.invoke(<generated>) ~[classes/:?]
	at org.springframework.cglib.proxy.MethodProxy.invoke(MethodProxy.java:218) ~[spring-core-5.2.4.RELEASE.jar:5.2.4.RELEASE]
	at org.springframework.aop.framework.CglibAopProxy$CglibMethodInvocation.invokeJoinpoint(CglibAopProxy.java:769) ~[spring-aop-5.2.4.RELEASE.jar:5.2.4.RELEASE]
	at org.springframework.aop.framework.ReflectiveMethodInvocation.proceed(ReflectiveMethodInvocation.java:163) ~[spring-aop-5.2.4.RELEASE.jar:5.2.4.RELEASE]
	at org.springframework.aop.framework.CglibAopProxy$CglibMethodInvocation.proceed(CglibAopProxy.java:747) ~[spring-aop-5.2.4.RELEASE.jar:5.2.4.RELEASE]
	at org.springframework.aop.interceptor.ExposeInvocationInterceptor.invoke(ExposeInvocationInterceptor.java:95) ~[spring-aop-5.2.4.RELEASE.jar:5.2.4.RELEASE]
	at org.springframework.aop.framework.ReflectiveMethodInvocation.proceed(ReflectiveMethodInvocation.java:186) ~[spring-aop-5.2.4.RELEASE.jar:5.2.4.RELEASE]
	at org.springframework.aop.framework.CglibAopProxy$CglibMethodInvocation.proceed(CglibAopProxy.java:747) ~[spring-aop-5.2.4.RELEASE.jar:5.2.4.RELEASE]
	at org.springframework.aop.framework.CglibAopProxy$DynamicAdvisedInterceptor.intercept(CglibAopProxy.java:689) ~[spring-aop-5.2.4.RELEASE.jar:5.2.4.RELEASE]
	at com.project.demo.service.SalesInformationService$$EnhancerBySpringCGLIB$$df237519.selectToList(<generated>) ~[classes/:?]
	at com.project.demo.controller.base.BaseController.listGroup(BaseController.java:82) ~[classes/:?]
	at com.project.demo.controller.base.BaseController$$FastClassBySpringCGLIB$$72c28101.invoke(<generated>) ~[classes/:?]
	at org.springframework.cglib.proxy.MethodProxy.invoke(MethodProxy.java:218) ~[spring-core-5.2.4.RELEASE.jar:5.2.4.RELEASE]
	at org.springframework.aop.framework.CglibAopProxy$DynamicAdvisedInterceptor.intercept(CglibAopProxy.java:685) ~[spring-aop-5.2.4.RELEASE.jar:5.2.4.RELEASE]
	at com.project.demo.controller.SalesInformationController$$EnhancerBySpringCGLIB$$14ba1724.listGroup(<generated>) ~[classes/:?]
	at sun.reflect.NativeMethodAccessorImpl.invoke0(Native Method) ~[?:1.8.0_461]
	at sun.reflect.NativeMethodAccessorImpl.invoke(NativeMethodAccessorImpl.java:62) ~[?:1.8.0_461]
	at sun.reflect.DelegatingMethodAccessorImpl.invoke(DelegatingMethodAccessorImpl.java:43) ~[?:1.8.0_461]
	at java.lang.reflect.Method.invoke(Method.java:498) ~[?:1.8.0_461]
	at org.springframework.web.method.support.InvocableHandlerMethod.doInvoke(InvocableHandlerMethod.java:190) ~[spring-web-5.2.4.RELEASE.jar:5.2.4.RELEASE]
	at org.springframework.web.method.support.InvocableHandlerMethod.invokeForRequest(InvocableHandlerMethod.java:138) ~[spring-web-5.2.4.RELEASE.jar:5.2.4.RELEASE]
	at org.springframework.web.servlet.mvc.method.annotation.ServletInvocableHandlerMethod.invokeAndHandle(ServletInvocableHandlerMethod.java:106) ~[spring-webmvc-5.2.4.RELEASE.jar:5.2.4.RELEASE]
	at org.springframework.web.servlet.mvc.method.annotation.RequestMappingHandlerAdapter.invokeHandlerMethod(RequestMappingHandlerAdapter.java:879) ~[spring-webmvc-5.2.4.RELEASE.jar:5.2.4.RELEASE]
	at org.springframework.web.servlet.mvc.method.annotation.RequestMappingHandlerAdapter.handleInternal(RequestMappingHandlerAdapter.java:793) ~[spring-webmvc-5.2.4.RELEASE.jar:5.2.4.RELEASE]
	at org.springframework.web.servlet.mvc.method.AbstractHandlerMethodAdapter.handle(AbstractHandlerMethodAdapter.java:87) ~[spring-webmvc-5.2.4.RELEASE.jar:5.2.4.RELEASE]
	at org.springframework.web.servlet.DispatcherServlet.doDispatch(DispatcherServlet.java:1040) [spring-webmvc-5.2.4.RELEASE.jar:5.2.4.RELEASE]
	at org.springframework.web.servlet.DispatcherServlet.doService(DispatcherServlet.java:943) [spring-webmvc-5.2.4.RELEASE.jar:5.2.4.RELEASE]
	at org.springframework.web.servlet.FrameworkServlet.processRequest(FrameworkServlet.java:1006) [spring-webmvc-5.2.4.RELEASE.jar:5.2.4.RELEASE]
	at org.springframework.web.servlet.FrameworkServlet.doGet(FrameworkServlet.java:898) [spring-webmvc-5.2.4.RELEASE.jar:5.2.4.RELEASE]
	at javax.servlet.http.HttpServlet.service(HttpServlet.java:634) [tomcat-embed-core-9.0.31.jar:9.0.31]
	at org.springframework.web.servlet.FrameworkServlet.service(FrameworkServlet.java:883) [spring-webmvc-5.2.4.RELEASE.jar:5.2.4.RELEASE]
	at javax.servlet.http.HttpServlet.service(HttpServlet.java:741) [tomcat-embed-core-9.0.31.jar:9.0.31]
	at org.apache.catalina.core.ApplicationFilterChain.internalDoFilter(ApplicationFilterChain.java:231) [tomcat-embed-core-9.0.31.jar:9.0.31]
	at org.apache.catalina.core.ApplicationFilterChain.doFilter(ApplicationFilterChain.java:166) [tomcat-embed-core-9.0.31.jar:9.0.31]
	at org.apache.tomcat.websocket.server.WsFilter.doFilter(WsFilter.java:53) [tomcat-embed-websocket-9.0.31.jar:9.0.31]
	at org.apache.catalina.core.ApplicationFilterChain.internalDoFilter(ApplicationFilterChain.java:193) [tomcat-embed-core-9.0.31.jar:9.0.31]
	at org.apache.catalina.core.ApplicationFilterChain.doFilter(ApplicationFilterChain.java:166) [tomcat-embed-core-9.0.31.jar:9.0.31]
	at org.springframework.web.filter.RequestContextFilter.doFilterInternal(RequestContextFilter.java:100) [spring-web-5.2.4.RELEASE.jar:5.2.4.RELEASE]
	at org.springframework.web.filter.OncePerRequestFilter.doFilter(OncePerRequestFilter.java:119) [spring-web-5.2.4.RELEASE.jar:5.2.4.RELEASE]
	at org.apache.catalina.core.ApplicationFilterChain.internalDoFilter(ApplicationFilterChain.java:193) [tomcat-embed-core-9.0.31.jar:9.0.31]
	at org.apache.catalina.core.ApplicationFilterChain.doFilter(ApplicationFilterChain.java:166) [tomcat-embed-core-9.0.31.jar:9.0.31]
	at org.springframework.web.filter.FormContentFilter.doFilterInternal(FormContentFilter.java:93) [spring-web-5.2.4.RELEASE.jar:5.2.4.RELEASE]
	at org.springframework.web.filter.OncePerRequestFilter.doFilter(OncePerRequestFilter.java:119) [spring-web-5.2.4.RELEASE.jar:5.2.4.RELEASE]
	at org.apache.catalina.core.ApplicationFilterChain.internalDoFilter(ApplicationFilterChain.java:193) [tomcat-embed-core-9.0.31.jar:9.0.31]
	at org.apache.catalina.core.ApplicationFilterChain.doFilter(ApplicationFilterChain.java:166) [tomcat-embed-core-9.0.31.jar:9.0.31]
	at org.springframework.web.filter.CharacterEncodingFilter.doFilterInternal(CharacterEncodingFilter.java:201) [spring-web-5.2.4.RELEASE.jar:5.2.4.RELEASE]
	at org.springframework.web.filter.OncePerRequestFilter.doFilter(OncePerRequestFilter.java:119) [spring-web-5.2.4.RELEASE.jar:5.2.4.RELEASE]
	at org.apache.catalina.core.ApplicationFilterChain.internalDoFilter(ApplicationFilterChain.java:193) [tomcat-embed-core-9.0.31.jar:9.0.31]
	at org.apache.catalina.core.ApplicationFilterChain.doFilter(ApplicationFilterChain.java:166) [tomcat-embed-core-9.0.31.jar:9.0.31]
	at org.apache.catalina.core.StandardWrapperValve.invoke(StandardWrapperValve.java:202) [tomcat-embed-core-9.0.31.jar:9.0.31]
	at org.apache.catalina.core.StandardContextValve.invoke(StandardContextValve.java:96) [tomcat-embed-core-9.0.31.jar:9.0.31]
	at org.apache.catalina.authenticator.AuthenticatorBase.invoke(AuthenticatorBase.java:541) [tomcat-embed-core-9.0.31.jar:9.0.31]
	at org.apache.catalina.core.StandardHostValve.invoke(StandardHostValve.java:139) [tomcat-embed-core-9.0.31.jar:9.0.31]
	at org.apache.catalina.valves.ErrorReportValve.invoke(ErrorReportValve.java:92) [tomcat-embed-core-9.0.31.jar:9.0.31]
	at org.apache.catalina.core.StandardEngineValve.invoke(StandardEngineValve.java:74) [tomcat-embed-core-9.0.31.jar:9.0.31]
	at org.apache.catalina.connector.CoyoteAdapter.service(CoyoteAdapter.java:343) [tomcat-embed-core-9.0.31.jar:9.0.31]
	at org.apache.coyote.http11.Http11Processor.service(Http11Processor.java:367) [tomcat-embed-core-9.0.31.jar:9.0.31]
	at org.apache.coyote.AbstractProcessorLight.process(AbstractProcessorLight.java:65) [tomcat-embed-core-9.0.31.jar:9.0.31]
	at org.apache.coyote.AbstractProtocol$ConnectionHandler.process(AbstractProtocol.java:868) [tomcat-embed-core-9.0.31.jar:9.0.31]
	at org.apache.tomcat.util.net.NioEndpoint$SocketProcessor.doRun(NioEndpoint.java:1639) [tomcat-embed-core-9.0.31.jar:9.0.31]
	at org.apache.tomcat.util.net.SocketProcessorBase.run(SocketProcessorBase.java:49) [tomcat-embed-core-9.0.31.jar:9.0.31]
	at java.util.concurrent.ThreadPoolExecutor.runWorker(ThreadPoolExecutor.java:1149) [?:1.8.0_461]
	at java.util.concurrent.ThreadPoolExecutor$Worker.run(ThreadPoolExecutor.java:624) [?:1.8.0_461]
	at org.apache.tomcat.util.threads.TaskThread$WrappingRunnable.run(TaskThread.java:61) [tomcat-embed-core-9.0.31.jar:9.0.31]
	at java.lang.Thread.run(Thread.java:750) [?:1.8.0_461]
Caused by: java.sql.SQLSyntaxErrorException: Unknown column 'product_category' in 'field list'
	at com.mysql.cj.jdbc.exceptions.SQLError.createSQLException(SQLError.java:118) ~[mysql-connector-java-8.0.11.jar:8.0.11]
	at com.mysql.cj.jdbc.exceptions.SQLError.createSQLException(SQLError.java:95) ~[mysql-connector-java-8.0.11.jar:8.0.11]
	at com.mysql.cj.jdbc.exceptions.SQLExceptionsMapping.translateException(SQLExceptionsMapping.java:122) ~[mysql-connector-java-8.0.11.jar:8.0.11]
	at com.mysql.cj.jdbc.ClientPreparedStatement.executeInternal(ClientPreparedStatement.java:960) ~[mysql-connector-java-8.0.11.jar:8.0.11]
	at com.mysql.cj.jdbc.ClientPreparedStatement.execute(ClientPreparedStatement.java:388) ~[mysql-connector-java-8.0.11.jar:8.0.11]
	at com.alibaba.druid.pool.DruidPooledPreparedStatement.execute(DruidPooledPreparedStatement.java:497) ~[druid-1.2.8.jar:1.2.8]
	at sun.reflect.GeneratedMethodAccessor85.invoke(Unknown Source) ~[?:?]
	at sun.reflect.DelegatingMethodAccessorImpl.invoke(DelegatingMethodAccessorImpl.java:43) ~[?:1.8.0_461]
	at java.lang.reflect.Method.invoke(Method.java:498) ~[?:1.8.0_461]
	at org.apache.ibatis.logging.jdbc.PreparedStatementLogger.invoke(PreparedStatementLogger.java:59) ~[mybatis-3.5.7.jar:3.5.7]
	at com.sun.proxy.$Proxy149.execute(Unknown Source) ~[?:?]
	at org.apache.ibatis.executor.statement.PreparedStatementHandler.query(PreparedStatementHandler.java:64) ~[mybatis-3.5.7.jar:3.5.7]
	at org.apache.ibatis.executor.statement.RoutingStatementHandler.query(RoutingStatementHandler.java:79) ~[mybatis-3.5.7.jar:3.5.7]
	at sun.reflect.GeneratedMethodAccessor84.invoke(Unknown Source) ~[?:?]
	at sun.reflect.DelegatingMethodAccessorImpl.invoke(DelegatingMethodAccessorImpl.java:43) ~[?:1.8.0_461]
	at java.lang.reflect.Method.invoke(Method.java:498) ~[?:1.8.0_461]
	at org.apache.ibatis.plugin.Plugin.invoke(Plugin.java:64) ~[mybatis-3.5.7.jar:3.5.7]
	at com.sun.proxy.$Proxy147.query(Unknown Source) ~[?:?]
	at org.apache.ibatis.executor.SimpleExecutor.doQuery(SimpleExecutor.java:63) ~[mybatis-3.5.7.jar:3.5.7]
	at org.apache.ibatis.executor.BaseExecutor.queryFromDatabase(BaseExecutor.java:325) ~[mybatis-3.5.7.jar:3.5.7]
	at org.apache.ibatis.executor.BaseExecutor.query(BaseExecutor.java:156) ~[mybatis-3.5.7.jar:3.5.7]
	at org.apache.ibatis.executor.CachingExecutor.query(CachingExecutor.java:109) ~[mybatis-3.5.7.jar:3.5.7]
	at com.baomidou.mybatisplus.extension.plugins.MybatisPlusInterceptor.intercept(MybatisPlusInterceptor.java:81) ~[mybatis-plus-extension-3.4.3.1.jar:3.4.3.1]
	at org.apache.ibatis.plugin.Plugin.invoke(Plugin.java:62) ~[mybatis-3.5.7.jar:3.5.7]
	at com.sun.proxy.$Proxy146.query(Unknown Source) ~[?:?]
	at org.apache.ibatis.session.defaults.DefaultSqlSession.selectList(DefaultSqlSession.java:151) ~[mybatis-3.5.7.jar:3.5.7]
	at org.apache.ibatis.session.defaults.DefaultSqlSession.selectList(DefaultSqlSession.java:145) ~[mybatis-3.5.7.jar:3.5.7]
	at org.apache.ibatis.session.defaults.DefaultSqlSession.selectList(DefaultSqlSession.java:140) ~[mybatis-3.5.7.jar:3.5.7]
	at sun.reflect.GeneratedMethodAccessor98.invoke(Unknown Source) ~[?:?]
	at sun.reflect.DelegatingMethodAccessorImpl.invoke(DelegatingMethodAccessorImpl.java:43) ~[?:1.8.0_461]
	at java.lang.reflect.Method.invoke(Method.java:498) ~[?:1.8.0_461]
	at org.mybatis.spring.SqlSessionTemplate$SqlSessionInterceptor.invoke(SqlSessionTemplate.java:427) ~[mybatis-spring-2.0.6.jar:2.0.6]
	... 73 more
2026-05-05 00:23:32.966 [http-nio-5000-exec-5] WARN  org.springframework.web.servlet.mvc.method.annotation.ExceptionHandlerExceptionResolver - Resolved [org.springframework.jdbc.BadSqlGrammarException: 
### Error querying database.  Cause: java.sql.SQLSyntaxErrorException: Unknown column 'product_category' in 'field list'
### The error may exist in file [/home/yuan/Desktop/bishe-main/target/classes/mapper/BaseMapper.xml]
### The error may involve defaultParameterMap
### The error occurred while setting parameters
### SQL: select COUNT(*) AS count, product_category from `sales_information`  WHERE is_delete = 0 group by product_category
### Cause: java.sql.SQLSyntaxErrorException: Unknown column 'product_category' in 'field list'
; bad SQL grammar []; nested exception is java.sql.SQLSyntaxErrorException: Unknown column 'product_category' in 'field list']
2026-05-05 00:23:32.993 [http-nio-5000-exec-2] INFO  com.project.demo.interceptor.LoginInterceptor - [请求接口] - http://localhost:5000/api/inventory_information/list_group , [请求类型] - OPTIONS
2026-05-05 00:23:33.000 [http-nio-5000-exec-9] INFO  com.project.demo.interceptor.LoginInterceptor - [请求接口] - http://localhost:5000/api/inventory_information/list_group , [请求类型] - GET
2026-05-05 00:23:33.001 [http-nio-5000-exec-9] INFO  com.project.demo.service.base.BaseService - 生成的最终SQL:  WHERE is_delete = 0 
2026-05-05 00:23:33.001 [http-nio-5000-exec-9] INFO  com.project.demo.service.base.BaseService - [inventory_information] - 查询操作，sql: select COUNT(*) AS count, product_category from `inventory_information`  WHERE is_delete = 0 group by product_category 
2026-05-05 00:23:33.004 [http-nio-5000-exec-9] ERROR com.project.demo.exception.GlobalExceptionHandler - 运行时异常: 
org.springframework.jdbc.BadSqlGrammarException: 
### Error querying database.  Cause: java.sql.SQLSyntaxErrorException: Unknown column 'product_category' in 'field list'
### The error may exist in file [/home/yuan/Desktop/bishe-main/target/classes/mapper/BaseMapper.xml]
### The error may involve defaultParameterMap
### The error occurred while setting parameters
### SQL: select COUNT(*) AS count, product_category from `inventory_information`  WHERE is_delete = 0 group by product_category
### Cause: java.sql.SQLSyntaxErrorException: Unknown column 'product_category' in 'field list'
; bad SQL grammar []; nested exception is java.sql.SQLSyntaxErrorException: Unknown column 'product_category' in 'field list'
	at org.springframework.jdbc.support.SQLErrorCodeSQLExceptionTranslator.doTranslate(SQLErrorCodeSQLExceptionTranslator.java:235) ~[spring-jdbc-5.2.4.RELEASE.jar:5.2.4.RELEASE]
	at org.springframework.jdbc.support.AbstractFallbackSQLExceptionTranslator.translate(AbstractFallbackSQLExceptionTranslator.java:72) ~[spring-jdbc-5.2.4.RELEASE.jar:5.2.4.RELEASE]
	at org.mybatis.spring.MyBatisExceptionTranslator.translateExceptionIfPossible(MyBatisExceptionTranslator.java:91) ~[mybatis-spring-2.0.6.jar:2.0.6]
	at org.mybatis.spring.SqlSessionTemplate$SqlSessionInterceptor.invoke(SqlSessionTemplate.java:441) ~[mybatis-spring-2.0.6.jar:2.0.6]
	at com.sun.proxy.$Proxy113.selectList(Unknown Source) ~[?:?]
	at org.mybatis.spring.SqlSessionTemplate.selectList(SqlSessionTemplate.java:224) ~[mybatis-spring-2.0.6.jar:2.0.6]
	at com.baomidou.mybatisplus.core.override.MybatisMapperMethod.executeForMany(MybatisMapperMethod.java:166) ~[mybatis-plus-core-3.4.3.1.jar:3.4.3.1]
	at com.baomidou.mybatisplus.core.override.MybatisMapperMethod.execute(MybatisMapperMethod.java:77) ~[mybatis-plus-core-3.4.3.1.jar:3.4.3.1]
	at com.baomidou.mybatisplus.core.override.MybatisMapperProxy$PlainMethodInvoker.invoke(MybatisMapperProxy.java:148) ~[mybatis-plus-core-3.4.3.1.jar:3.4.3.1]
	at com.baomidou.mybatisplus.core.override.MybatisMapperProxy.invoke(MybatisMapperProxy.java:89) ~[mybatis-plus-core-3.4.3.1.jar:3.4.3.1]
	at com.sun.proxy.$Proxy124.selectBaseList(Unknown Source) ~[?:?]
	at com.project.demo.service.base.BaseService.selectToList(BaseService.java:85) ~[classes/:?]
	at com.project.demo.service.base.BaseService$$FastClassBySpringCGLIB$$504c7e9.invoke(<generated>) ~[classes/:?]
	at org.springframework.cglib.proxy.MethodProxy.invoke(MethodProxy.java:218) ~[spring-core-5.2.4.RELEASE.jar:5.2.4.RELEASE]
	at org.springframework.aop.framework.CglibAopProxy$CglibMethodInvocation.invokeJoinpoint(CglibAopProxy.java:769) ~[spring-aop-5.2.4.RELEASE.jar:5.2.4.RELEASE]
	at org.springframework.aop.framework.ReflectiveMethodInvocation.proceed(ReflectiveMethodInvocation.java:163) ~[spring-aop-5.2.4.RELEASE.jar:5.2.4.RELEASE]
	at org.springframework.aop.framework.CglibAopProxy$CglibMethodInvocation.proceed(CglibAopProxy.java:747) ~[spring-aop-5.2.4.RELEASE.jar:5.2.4.RELEASE]
	at org.springframework.aop.interceptor.ExposeInvocationInterceptor.invoke(ExposeInvocationInterceptor.java:95) ~[spring-aop-5.2.4.RELEASE.jar:5.2.4.RELEASE]
	at org.springframework.aop.framework.ReflectiveMethodInvocation.proceed(ReflectiveMethodInvocation.java:186) ~[spring-aop-5.2.4.RELEASE.jar:5.2.4.RELEASE]
	at org.springframework.aop.framework.CglibAopProxy$CglibMethodInvocation.proceed(CglibAopProxy.java:747) ~[spring-aop-5.2.4.RELEASE.jar:5.2.4.RELEASE]
	at org.springframework.aop.framework.CglibAopProxy$DynamicAdvisedInterceptor.intercept(CglibAopProxy.java:689) ~[spring-aop-5.2.4.RELEASE.jar:5.2.4.RELEASE]
	at com.project.demo.service.InventoryInformationService$$EnhancerBySpringCGLIB$$85cdf09.selectToList(<generated>) ~[classes/:?]
	at com.project.demo.controller.base.BaseController.listGroup(BaseController.java:82) ~[classes/:?]
	at com.project.demo.controller.base.BaseController$$FastClassBySpringCGLIB$$72c28101.invoke(<generated>) ~[classes/:?]
	at org.springframework.cglib.proxy.MethodProxy.invoke(MethodProxy.java:218) ~[spring-core-5.2.4.RELEASE.jar:5.2.4.RELEASE]
	at org.springframework.aop.framework.CglibAopProxy$DynamicAdvisedInterceptor.intercept(CglibAopProxy.java:685) ~[spring-aop-5.2.4.RELEASE.jar:5.2.4.RELEASE]
	at com.project.demo.controller.InventoryInformationController$$EnhancerBySpringCGLIB$$3b6bc4b4.listGroup(<generated>) ~[classes/:?]
	at sun.reflect.NativeMethodAccessorImpl.invoke0(Native Method) ~[?:1.8.0_461]
	at sun.reflect.NativeMethodAccessorImpl.invoke(NativeMethodAccessorImpl.java:62) ~[?:1.8.0_461]
	at sun.reflect.DelegatingMethodAccessorImpl.invoke(DelegatingMethodAccessorImpl.java:43) ~[?:1.8.0_461]
	at java.lang.reflect.Method.invoke(Method.java:498) ~[?:1.8.0_461]
	at org.springframework.web.method.support.InvocableHandlerMethod.doInvoke(InvocableHandlerMethod.java:190) ~[spring-web-5.2.4.RELEASE.jar:5.2.4.RELEASE]
	at org.springframework.web.method.support.InvocableHandlerMethod.invokeForRequest(InvocableHandlerMethod.java:138) ~[spring-web-5.2.4.RELEASE.jar:5.2.4.RELEASE]
	at org.springframework.web.servlet.mvc.method.annotation.ServletInvocableHandlerMethod.invokeAndHandle(ServletInvocableHandlerMethod.java:106) ~[spring-webmvc-5.2.4.RELEASE.jar:5.2.4.RELEASE]
	at org.springframework.web.servlet.mvc.method.annotation.RequestMappingHandlerAdapter.invokeHandlerMethod(RequestMappingHandlerAdapter.java:879) ~[spring-webmvc-5.2.4.RELEASE.jar:5.2.4.RELEASE]
	at org.springframework.web.servlet.mvc.method.annotation.RequestMappingHandlerAdapter.handleInternal(RequestMappingHandlerAdapter.java:793) ~[spring-webmvc-5.2.4.RELEASE.jar:5.2.4.RELEASE]
	at org.springframework.web.servlet.mvc.method.AbstractHandlerMethodAdapter.handle(AbstractHandlerMethodAdapter.java:87) ~[spring-webmvc-5.2.4.RELEASE.jar:5.2.4.RELEASE]
	at org.springframework.web.servlet.DispatcherServlet.doDispatch(DispatcherServlet.java:1040) [spring-webmvc-5.2.4.RELEASE.jar:5.2.4.RELEASE]
	at org.springframework.web.servlet.DispatcherServlet.doService(DispatcherServlet.java:943) [spring-webmvc-5.2.4.RELEASE.jar:5.2.4.RELEASE]
	at org.springframework.web.servlet.FrameworkServlet.processRequest(FrameworkServlet.java:1006) [spring-webmvc-5.2.4.RELEASE.jar:5.2.4.RELEASE]
	at org.springframework.web.servlet.FrameworkServlet.doGet(FrameworkServlet.java:898) [spring-webmvc-5.2.4.RELEASE.jar:5.2.4.RELEASE]
	at javax.servlet.http.HttpServlet.service(HttpServlet.java:634) [tomcat-embed-core-9.0.31.jar:9.0.31]
	at org.springframework.web.servlet.FrameworkServlet.service(FrameworkServlet.java:883) [spring-webmvc-5.2.4.RELEASE.jar:5.2.4.RELEASE]
	at javax.servlet.http.HttpServlet.service(HttpServlet.java:741) [tomcat-embed-core-9.0.31.jar:9.0.31]
	at org.apache.catalina.core.ApplicationFilterChain.internalDoFilter(ApplicationFilterChain.java:231) [tomcat-embed-core-9.0.31.jar:9.0.31]
	at org.apache.catalina.core.ApplicationFilterChain.doFilter(ApplicationFilterChain.java:166) [tomcat-embed-core-9.0.31.jar:9.0.31]
	at org.apache.tomcat.websocket.server.WsFilter.doFilter(WsFilter.java:53) [tomcat-embed-websocket-9.0.31.jar:9.0.31]
	at org.apache.catalina.core.ApplicationFilterChain.internalDoFilter(ApplicationFilterChain.java:193) [tomcat-embed-core-9.0.31.jar:9.0.31]
	at org.apache.catalina.core.ApplicationFilterChain.doFilter(ApplicationFilterChain.java:166) [tomcat-embed-core-9.0.31.jar:9.0.31]
	at org.springframework.web.filter.RequestContextFilter.doFilterInternal(RequestContextFilter.java:100) [spring-web-5.2.4.RELEASE.jar:5.2.4.RELEASE]
	at org.springframework.web.filter.OncePerRequestFilter.doFilter(OncePerRequestFilter.java:119) [spring-web-5.2.4.RELEASE.jar:5.2.4.RELEASE]
	at org.apache.catalina.core.ApplicationFilterChain.internalDoFilter(ApplicationFilterChain.java:193) [tomcat-embed-core-9.0.31.jar:9.0.31]
	at org.apache.catalina.core.ApplicationFilterChain.doFilter(ApplicationFilterChain.java:166) [tomcat-embed-core-9.0.31.jar:9.0.31]
	at org.springframework.web.filter.FormContentFilter.doFilterInternal(FormContentFilter.java:93) [spring-web-5.2.4.RELEASE.jar:5.2.4.RELEASE]
	at org.springframework.web.filter.OncePerRequestFilter.doFilter(OncePerRequestFilter.java:119) [spring-web-5.2.4.RELEASE.jar:5.2.4.RELEASE]
	at org.apache.catalina.core.ApplicationFilterChain.internalDoFilter(ApplicationFilterChain.java:193) [tomcat-embed-core-9.0.31.jar:9.0.31]
	at org.apache.catalina.core.ApplicationFilterChain.doFilter(ApplicationFilterChain.java:166) [tomcat-embed-core-9.0.31.jar:9.0.31]
	at org.springframework.web.filter.CharacterEncodingFilter.doFilterInternal(CharacterEncodingFilter.java:201) [spring-web-5.2.4.RELEASE.jar:5.2.4.RELEASE]
	at org.springframework.web.filter.OncePerRequestFilter.doFilter(OncePerRequestFilter.java:119) [spring-web-5.2.4.RELEASE.jar:5.2.4.RELEASE]
	at org.apache.catalina.core.ApplicationFilterChain.internalDoFilter(ApplicationFilterChain.java:193) [tomcat-embed-core-9.0.31.jar:9.0.31]
	at org.apache.catalina.core.ApplicationFilterChain.doFilter(ApplicationFilterChain.java:166) [tomcat-embed-core-9.0.31.jar:9.0.31]
	at org.apache.catalina.core.StandardWrapperValve.invoke(StandardWrapperValve.java:202) [tomcat-embed-core-9.0.31.jar:9.0.31]
	at org.apache.catalina.core.StandardContextValve.invoke(StandardContextValve.java:96) [tomcat-embed-core-9.0.31.jar:9.0.31]
	at org.apache.catalina.authenticator.AuthenticatorBase.invoke(AuthenticatorBase.java:541) [tomcat-embed-core-9.0.31.jar:9.0.31]
	at org.apache.catalina.core.StandardHostValve.invoke(StandardHostValve.java:139) [tomcat-embed-core-9.0.31.jar:9.0.31]
	at org.apache.catalina.valves.ErrorReportValve.invoke(ErrorReportValve.java:92) [tomcat-embed-core-9.0.31.jar:9.0.31]
	at org.apache.catalina.core.StandardEngineValve.invoke(StandardEngineValve.java:74) [tomcat-embed-core-9.0.31.jar:9.0.31]
	at org.apache.catalina.connector.CoyoteAdapter.service(CoyoteAdapter.java:343) [tomcat-embed-core-9.0.31.jar:9.0.31]
	at org.apache.coyote.http11.Http11Processor.service(Http11Processor.java:367) [tomcat-embed-core-9.0.31.jar:9.0.31]
	at org.apache.coyote.AbstractProcessorLight.process(AbstractProcessorLight.java:65) [tomcat-embed-core-9.0.31.jar:9.0.31]
	at org.apache.coyote.AbstractProtocol$ConnectionHandler.process(AbstractProtocol.java:868) [tomcat-embed-core-9.0.31.jar:9.0.31]
	at org.apache.tomcat.util.net.NioEndpoint$SocketProcessor.doRun(NioEndpoint.java:1639) [tomcat-embed-core-9.0.31.jar:9.0.31]
	at org.apache.tomcat.util.net.SocketProcessorBase.run(SocketProcessorBase.java:49) [tomcat-embed-core-9.0.31.jar:9.0.31]
	at java.util.concurrent.ThreadPoolExecutor.runWorker(ThreadPoolExecutor.java:1149) [?:1.8.0_461]
	at java.util.concurrent.ThreadPoolExecutor$Worker.run(ThreadPoolExecutor.java:624) [?:1.8.0_461]
	at org.apache.tomcat.util.threads.TaskThread$WrappingRunnable.run(TaskThread.java:61) [tomcat-embed-core-9.0.31.jar:9.0.31]
	at java.lang.Thread.run(Thread.java:750) [?:1.8.0_461]
Caused by: java.sql.SQLSyntaxErrorException: Unknown column 'product_category' in 'field list'
	at com.mysql.cj.jdbc.exceptions.SQLError.createSQLException(SQLError.java:118) ~[mysql-connector-java-8.0.11.jar:8.0.11]
	at com.mysql.cj.jdbc.exceptions.SQLError.createSQLException(SQLError.java:95) ~[mysql-connector-java-8.0.11.jar:8.0.11]
	at com.mysql.cj.jdbc.exceptions.SQLExceptionsMapping.translateException(SQLExceptionsMapping.java:122) ~[mysql-connector-java-8.0.11.jar:8.0.11]
	at com.mysql.cj.jdbc.ClientPreparedStatement.executeInternal(ClientPreparedStatement.java:960) ~[mysql-connector-java-8.0.11.jar:8.0.11]
	at com.mysql.cj.jdbc.ClientPreparedStatement.execute(ClientPreparedStatement.java:388) ~[mysql-connector-java-8.0.11.jar:8.0.11]
	at com.alibaba.druid.pool.DruidPooledPreparedStatement.execute(DruidPooledPreparedStatement.java:497) ~[druid-1.2.8.jar:1.2.8]
	at sun.reflect.GeneratedMethodAccessor85.invoke(Unknown Source) ~[?:?]
	at sun.reflect.DelegatingMethodAccessorImpl.invoke(DelegatingMethodAccessorImpl.java:43) ~[?:1.8.0_461]
	at java.lang.reflect.Method.invoke(Method.java:498) ~[?:1.8.0_461]
	at org.apache.ibatis.logging.jdbc.PreparedStatementLogger.invoke(PreparedStatementLogger.java:59) ~[mybatis-3.5.7.jar:3.5.7]
	at com.sun.proxy.$Proxy149.execute(Unknown Source) ~[?:?]
	at org.apache.ibatis.executor.statement.PreparedStatementHandler.query(PreparedStatementHandler.java:64) ~[mybatis-3.5.7.jar:3.5.7]
	at org.apache.ibatis.executor.statement.RoutingStatementHandler.query(RoutingStatementHandler.java:79) ~[mybatis-3.5.7.jar:3.5.7]
	at sun.reflect.GeneratedMethodAccessor84.invoke(Unknown Source) ~[?:?]
	at sun.reflect.DelegatingMethodAccessorImpl.invoke(DelegatingMethodAccessorImpl.java:43) ~[?:1.8.0_461]
	at java.lang.reflect.Method.invoke(Method.java:498) ~[?:1.8.0_461]
	at org.apache.ibatis.plugin.Plugin.invoke(Plugin.java:64) ~[mybatis-3.5.7.jar:3.5.7]
	at com.sun.proxy.$Proxy147.query(Unknown Source) ~[?:?]
	at org.apache.ibatis.executor.SimpleExecutor.doQuery(SimpleExecutor.java:63) ~[mybatis-3.5.7.jar:3.5.7]
	at org.apache.ibatis.executor.BaseExecutor.queryFromDatabase(BaseExecutor.java:325) ~[mybatis-3.5.7.jar:3.5.7]
	at org.apache.ibatis.executor.BaseExecutor.query(BaseExecutor.java:156) ~[mybatis-3.5.7.jar:3.5.7]
	at org.apache.ibatis.executor.CachingExecutor.query(CachingExecutor.java:109) ~[mybatis-3.5.7.jar:3.5.7]
	at com.baomidou.mybatisplus.extension.plugins.MybatisPlusInterceptor.intercept(MybatisPlusInterceptor.java:81) ~[mybatis-plus-extension-3.4.3.1.jar:3.4.3.1]
	at org.apache.ibatis.plugin.Plugin.invoke(Plugin.java:62) ~[mybatis-3.5.7.jar:3.5.7]
	at com.sun.proxy.$Proxy146.query(Unknown Source) ~[?:?]
	at org.apache.ibatis.session.defaults.DefaultSqlSession.selectList(DefaultSqlSession.java:151) ~[mybatis-3.5.7.jar:3.5.7]
	at org.apache.ibatis.session.defaults.DefaultSqlSession.selectList(DefaultSqlSession.java:145) ~[mybatis-3.5.7.jar:3.5.7]
	at org.apache.ibatis.session.defaults.DefaultSqlSession.selectList(DefaultSqlSession.java:140) ~[mybatis-3.5.7.jar:3.5.7]
	at sun.reflect.GeneratedMethodAccessor98.invoke(Unknown Source) ~[?:?]
	at sun.reflect.DelegatingMethodAccessorImpl.invoke(DelegatingMethodAccessorImpl.java:43) ~[?:1.8.0_461]
	at java.lang.reflect.Method.invoke(Method.java:498) ~[?:1.8.0_461]
	at org.mybatis.spring.SqlSessionTemplate$SqlSessionInterceptor.invoke(SqlSessionTemplate.java:427) ~[mybatis-spring-2.0.6.jar:2.0.6]
	... 73 more
2026-05-05 00:23:33.014 [http-nio-5000-exec-9] WARN  org.springframework.web.servlet.mvc.method.annotation.ExceptionHandlerExceptionResolver - Resolved [org.springframework.jdbc.BadSqlGrammarException: 
### Error querying database.  Cause: java.sql.SQLSyntaxErrorException: Unknown column 'product_category' in 'field list'
### The error may exist in file [/home/yuan/Desktop/bishe-main/target/classes/mapper/BaseMapper.xml]
### The error may involve defaultParameterMap
### The error occurred while setting parameters
### SQL: select COUNT(*) AS count, product_category from `inventory_information`  WHERE is_delete = 0 group by product_category
### Cause: java.sql.SQLSyntaxErrorException: Unknown column 'product_category' in 'field list'
; bad SQL grammar []; nested exception is java.sql.SQLSyntaxErrorException: Unknown column 'product_category' in 'field list']
2026-05-05 00:23:33.022 [http-nio-5000-exec-6] INFO  com.project.demo.interceptor.LoginInterceptor - [请求接口] - http://localhost:5000/api/purchasing_information/list_group , [请求类型] - OPTIONS
2026-05-05 00:23:33.038 [http-nio-5000-exec-1] INFO  com.project.demo.interceptor.LoginInterceptor - [请求接口] - http://localhost:5000/api/purchasing_information/list_group , [请求类型] - GET
2026-05-05 00:23:33.040 [http-nio-5000-exec-1] INFO  com.project.demo.service.base.BaseService - 生成的最终SQL:  WHERE is_delete = 0 
2026-05-05 00:23:33.040 [http-nio-5000-exec-1] INFO  com.project.demo.service.base.BaseService - [purchasing_information] - 查询操作，sql: select COUNT(*) AS count, product_category from `purchasing_information`  WHERE is_delete = 0 group by product_category 
2026-05-05 00:23:33.044 [http-nio-5000-exec-1] ERROR com.project.demo.exception.GlobalExceptionHandler - 运行时异常: 
org.springframework.jdbc.BadSqlGrammarException: 
### Error querying database.  Cause: java.sql.SQLSyntaxErrorException: Unknown column 'product_category' in 'field list'
### The error may exist in file [/home/yuan/Desktop/bishe-main/target/classes/mapper/BaseMapper.xml]
### The error may involve defaultParameterMap
### The error occurred while setting parameters
### SQL: select COUNT(*) AS count, product_category from `purchasing_information`  WHERE is_delete = 0 group by product_category
### Cause: java.sql.SQLSyntaxErrorException: Unknown column 'product_category' in 'field list'
; bad SQL grammar []; nested exception is java.sql.SQLSyntaxErrorException: Unknown column 'product_category' in 'field list'
	at org.springframework.jdbc.support.SQLErrorCodeSQLExceptionTranslator.doTranslate(SQLErrorCodeSQLExceptionTranslator.java:235) ~[spring-jdbc-5.2.4.RELEASE.jar:5.2.4.RELEASE]
	at org.springframework.jdbc.support.AbstractFallbackSQLExceptionTranslator.translate(AbstractFallbackSQLExceptionTranslator.java:72) ~[spring-jdbc-5.2.4.RELEASE.jar:5.2.4.RELEASE]
	at org.mybatis.spring.MyBatisExceptionTranslator.translateExceptionIfPossible(MyBatisExceptionTranslator.java:91) ~[mybatis-spring-2.0.6.jar:2.0.6]
	at org.mybatis.spring.SqlSessionTemplate$SqlSessionInterceptor.invoke(SqlSessionTemplate.java:441) ~[mybatis-spring-2.0.6.jar:2.0.6]
	at com.sun.proxy.$Proxy113.selectList(Unknown Source) ~[?:?]
	at org.mybatis.spring.SqlSessionTemplate.selectList(SqlSessionTemplate.java:224) ~[mybatis-spring-2.0.6.jar:2.0.6]
	at com.baomidou.mybatisplus.core.override.MybatisMapperMethod.executeForMany(MybatisMapperMethod.java:166) ~[mybatis-plus-core-3.4.3.1.jar:3.4.3.1]
	at com.baomidou.mybatisplus.core.override.MybatisMapperMethod.execute(MybatisMapperMethod.java:77) ~[mybatis-plus-core-3.4.3.1.jar:3.4.3.1]
	at com.baomidou.mybatisplus.core.override.MybatisMapperProxy$PlainMethodInvoker.invoke(MybatisMapperProxy.java:148) ~[mybatis-plus-core-3.4.3.1.jar:3.4.3.1]
	at com.baomidou.mybatisplus.core.override.MybatisMapperProxy.invoke(MybatisMapperProxy.java:89) ~[mybatis-plus-core-3.4.3.1.jar:3.4.3.1]
	at com.sun.proxy.$Proxy126.selectBaseList(Unknown Source) ~[?:?]
	at com.project.demo.service.base.BaseService.selectToList(BaseService.java:85) ~[classes/:?]
	at com.project.demo.service.base.BaseService$$FastClassBySpringCGLIB$$504c7e9.invoke(<generated>) ~[classes/:?]
	at org.springframework.cglib.proxy.MethodProxy.invoke(MethodProxy.java:218) ~[spring-core-5.2.4.RELEASE.jar:5.2.4.RELEASE]
	at org.springframework.aop.framework.CglibAopProxy$CglibMethodInvocation.invokeJoinpoint(CglibAopProxy.java:769) ~[spring-aop-5.2.4.RELEASE.jar:5.2.4.RELEASE]
	at org.springframework.aop.framework.ReflectiveMethodInvocation.proceed(ReflectiveMethodInvocation.java:163) ~[spring-aop-5.2.4.RELEASE.jar:5.2.4.RELEASE]
	at org.springframework.aop.framework.CglibAopProxy$CglibMethodInvocation.proceed(CglibAopProxy.java:747) ~[spring-aop-5.2.4.RELEASE.jar:5.2.4.RELEASE]
	at org.springframework.aop.interceptor.ExposeInvocationInterceptor.invoke(ExposeInvocationInterceptor.java:95) ~[spring-aop-5.2.4.RELEASE.jar:5.2.4.RELEASE]
	at org.springframework.aop.framework.ReflectiveMethodInvocation.proceed(ReflectiveMethodInvocation.java:186) ~[spring-aop-5.2.4.RELEASE.jar:5.2.4.RELEASE]
	at org.springframework.aop.framework.CglibAopProxy$CglibMethodInvocation.proceed(CglibAopProxy.java:747) ~[spring-aop-5.2.4.RELEASE.jar:5.2.4.RELEASE]
	at org.springframework.aop.framework.CglibAopProxy$DynamicAdvisedInterceptor.intercept(CglibAopProxy.java:689) ~[spring-aop-5.2.4.RELEASE.jar:5.2.4.RELEASE]
	at com.project.demo.service.PurchasingInformationService$$EnhancerBySpringCGLIB$$9d4abf3b.selectToList(<generated>) ~[classes/:?]
	at com.project.demo.controller.base.BaseController.listGroup(BaseController.java:82) ~[classes/:?]
	at com.project.demo.controller.base.BaseController$$FastClassBySpringCGLIB$$72c28101.invoke(<generated>) ~[classes/:?]
	at org.springframework.cglib.proxy.MethodProxy.invoke(MethodProxy.java:218) ~[spring-core-5.2.4.RELEASE.jar:5.2.4.RELEASE]
	at org.springframework.aop.framework.CglibAopProxy$DynamicAdvisedInterceptor.intercept(CglibAopProxy.java:685) ~[spring-aop-5.2.4.RELEASE.jar:5.2.4.RELEASE]
	at com.project.demo.controller.PurchasingInformationController$$EnhancerBySpringCGLIB$$359ed978.listGroup(<generated>) ~[classes/:?]
	at sun.reflect.NativeMethodAccessorImpl.invoke0(Native Method) ~[?:1.8.0_461]
	at sun.reflect.NativeMethodAccessorImpl.invoke(NativeMethodAccessorImpl.java:62) ~[?:1.8.0_461]
	at sun.reflect.DelegatingMethodAccessorImpl.invoke(DelegatingMethodAccessorImpl.java:43) ~[?:1.8.0_461]
	at java.lang.reflect.Method.invoke(Method.java:498) ~[?:1.8.0_461]
	at org.springframework.web.method.support.InvocableHandlerMethod.doInvoke(InvocableHandlerMethod.java:190) ~[spring-web-5.2.4.RELEASE.jar:5.2.4.RELEASE]
	at org.springframework.web.method.support.InvocableHandlerMethod.invokeForRequest(InvocableHandlerMethod.java:138) ~[spring-web-5.2.4.RELEASE.jar:5.2.4.RELEASE]
	at org.springframework.web.servlet.mvc.method.annotation.ServletInvocableHandlerMethod.invokeAndHandle(ServletInvocableHandlerMethod.java:106) ~[spring-webmvc-5.2.4.RELEASE.jar:5.2.4.RELEASE]
	at org.springframework.web.servlet.mvc.method.annotation.RequestMappingHandlerAdapter.invokeHandlerMethod(RequestMappingHandlerAdapter.java:879) ~[spring-webmvc-5.2.4.RELEASE.jar:5.2.4.RELEASE]
	at org.springframework.web.servlet.mvc.method.annotation.RequestMappingHandlerAdapter.handleInternal(RequestMappingHandlerAdapter.java:793) ~[spring-webmvc-5.2.4.RELEASE.jar:5.2.4.RELEASE]
	at org.springframework.web.servlet.mvc.method.AbstractHandlerMethodAdapter.handle(AbstractHandlerMethodAdapter.java:87) ~[spring-webmvc-5.2.4.RELEASE.jar:5.2.4.RELEASE]
	at org.springframework.web.servlet.DispatcherServlet.doDispatch(DispatcherServlet.java:1040) [spring-webmvc-5.2.4.RELEASE.jar:5.2.4.RELEASE]
	at org.springframework.web.servlet.DispatcherServlet.doService(DispatcherServlet.java:943) [spring-webmvc-5.2.4.RELEASE.jar:5.2.4.RELEASE]
	at org.springframework.web.servlet.FrameworkServlet.processRequest(FrameworkServlet.java:1006) [spring-webmvc-5.2.4.RELEASE.jar:5.2.4.RELEASE]
	at org.springframework.web.servlet.FrameworkServlet.doGet(FrameworkServlet.java:898) [spring-webmvc-5.2.4.RELEASE.jar:5.2.4.RELEASE]
	at javax.servlet.http.HttpServlet.service(HttpServlet.java:634) [tomcat-embed-core-9.0.31.jar:9.0.31]
	at org.springframework.web.servlet.FrameworkServlet.service(FrameworkServlet.java:883) [spring-webmvc-5.2.4.RELEASE.jar:5.2.4.RELEASE]
	at javax.servlet.http.HttpServlet.service(HttpServlet.java:741) [tomcat-embed-core-9.0.31.jar:9.0.31]
	at org.apache.catalina.core.ApplicationFilterChain.internalDoFilter(ApplicationFilterChain.java:231) [tomcat-embed-core-9.0.31.jar:9.0.31]
	at org.apache.catalina.core.ApplicationFilterChain.doFilter(ApplicationFilterChain.java:166) [tomcat-embed-core-9.0.31.jar:9.0.31]
	at org.apache.tomcat.websocket.server.WsFilter.doFilter(WsFilter.java:53) [tomcat-embed-websocket-9.0.31.jar:9.0.31]
	at org.apache.catalina.core.ApplicationFilterChain.internalDoFilter(ApplicationFilterChain.java:193) [tomcat-embed-core-9.0.31.jar:9.0.31]
	at org.apache.catalina.core.ApplicationFilterChain.doFilter(ApplicationFilterChain.java:166) [tomcat-embed-core-9.0.31.jar:9.0.31]
	at org.springframework.web.filter.RequestContextFilter.doFilterInternal(RequestContextFilter.java:100) [spring-web-5.2.4.RELEASE.jar:5.2.4.RELEASE]
	at org.springframework.web.filter.OncePerRequestFilter.doFilter(OncePerRequestFilter.java:119) [spring-web-5.2.4.RELEASE.jar:5.2.4.RELEASE]
	at org.apache.catalina.core.ApplicationFilterChain.internalDoFilter(ApplicationFilterChain.java:193) [tomcat-embed-core-9.0.31.jar:9.0.31]
	at org.apache.catalina.core.ApplicationFilterChain.doFilter(ApplicationFilterChain.java:166) [tomcat-embed-core-9.0.31.jar:9.0.31]
	at org.springframework.web.filter.FormContentFilter.doFilterInternal(FormContentFilter.java:93) [spring-web-5.2.4.RELEASE.jar:5.2.4.RELEASE]
	at org.springframework.web.filter.OncePerRequestFilter.doFilter(OncePerRequestFilter.java:119) [spring-web-5.2.4.RELEASE.jar:5.2.4.RELEASE]
	at org.apache.catalina.core.ApplicationFilterChain.internalDoFilter(ApplicationFilterChain.java:193) [tomcat-embed-core-9.0.31.jar:9.0.31]
	at org.apache.catalina.core.ApplicationFilterChain.doFilter(ApplicationFilterChain.java:166) [tomcat-embed-core-9.0.31.jar:9.0.31]
	at org.springframework.web.filter.CharacterEncodingFilter.doFilterInternal(CharacterEncodingFilter.java:201) [spring-web-5.2.4.RELEASE.jar:5.2.4.RELEASE]
	at org.springframework.web.filter.OncePerRequestFilter.doFilter(OncePerRequestFilter.java:119) [spring-web-5.2.4.RELEASE.jar:5.2.4.RELEASE]
	at org.apache.catalina.core.ApplicationFilterChain.internalDoFilter(ApplicationFilterChain.java:193) [tomcat-embed-core-9.0.31.jar:9.0.31]
	at org.apache.catalina.core.ApplicationFilterChain.doFilter(ApplicationFilterChain.java:166) [tomcat-embed-core-9.0.31.jar:9.0.31]
	at org.apache.catalina.core.StandardWrapperValve.invoke(StandardWrapperValve.java:202) [tomcat-embed-core-9.0.31.jar:9.0.31]
	at org.apache.catalina.core.StandardContextValve.invoke(StandardContextValve.java:96) [tomcat-embed-core-9.0.31.jar:9.0.31]
	at org.apache.catalina.authenticator.AuthenticatorBase.invoke(AuthenticatorBase.java:541) [tomcat-embed-core-9.0.31.jar:9.0.31]
	at org.apache.catalina.core.StandardHostValve.invoke(StandardHostValve.java:139) [tomcat-embed-core-9.0.31.jar:9.0.31]
	at org.apache.catalina.valves.ErrorReportValve.invoke(ErrorReportValve.java:92) [tomcat-embed-core-9.0.31.jar:9.0.31]
	at org.apache.catalina.core.StandardEngineValve.invoke(StandardEngineValve.java:74) [tomcat-embed-core-9.0.31.jar:9.0.31]
	at org.apache.catalina.connector.CoyoteAdapter.service(CoyoteAdapter.java:343) [tomcat-embed-core-9.0.31.jar:9.0.31]
	at org.apache.coyote.http11.Http11Processor.service(Http11Processor.java:367) [tomcat-embed-core-9.0.31.jar:9.0.31]
	at org.apache.coyote.AbstractProcessorLight.process(AbstractProcessorLight.java:65) [tomcat-embed-core-9.0.31.jar:9.0.31]
	at org.apache.coyote.AbstractProtocol$ConnectionHandler.process(AbstractProtocol.java:868) [tomcat-embed-core-9.0.31.jar:9.0.31]
	at org.apache.tomcat.util.net.NioEndpoint$SocketProcessor.doRun(NioEndpoint.java:1639) [tomcat-embed-core-9.0.31.jar:9.0.31]
	at org.apache.tomcat.util.net.SocketProcessorBase.run(SocketProcessorBase.java:49) [tomcat-embed-core-9.0.31.jar:9.0.31]
	at java.util.concurrent.ThreadPoolExecutor.runWorker(ThreadPoolExecutor.java:1149) [?:1.8.0_461]
	at java.util.concurrent.ThreadPoolExecutor$Worker.run(ThreadPoolExecutor.java:624) [?:1.8.0_461]
	at org.apache.tomcat.util.threads.TaskThread$WrappingRunnable.run(TaskThread.java:61) [tomcat-embed-core-9.0.31.jar:9.0.31]
	at java.lang.Thread.run(Thread.java:750) [?:1.8.0_461]
Caused by: java.sql.SQLSyntaxErrorException: Unknown column 'product_category' in 'field list'
	at com.mysql.cj.jdbc.exceptions.SQLError.createSQLException(SQLError.java:118) ~[mysql-connector-java-8.0.11.jar:8.0.11]
	at com.mysql.cj.jdbc.exceptions.SQLError.createSQLException(SQLError.java:95) ~[mysql-connector-java-8.0.11.jar:8.0.11]
	at com.mysql.cj.jdbc.exceptions.SQLExceptionsMapping.translateException(SQLExceptionsMapping.java:122) ~[mysql-connector-java-8.0.11.jar:8.0.11]
	at com.mysql.cj.jdbc.ClientPreparedStatement.executeInternal(ClientPreparedStatement.java:960) ~[mysql-connector-java-8.0.11.jar:8.0.11]
	at com.mysql.cj.jdbc.ClientPreparedStatement.execute(ClientPreparedStatement.java:388) ~[mysql-connector-java-8.0.11.jar:8.0.11]
	at com.alibaba.druid.pool.DruidPooledPreparedStatement.execute(DruidPooledPreparedStatement.java:497) ~[druid-1.2.8.jar:1.2.8]
	at sun.reflect.GeneratedMethodAccessor85.invoke(Unknown Source) ~[?:?]
	at sun.reflect.DelegatingMethodAccessorImpl.invoke(DelegatingMethodAccessorImpl.java:43) ~[?:1.8.0_461]
	at java.lang.reflect.Method.invoke(Method.java:498) ~[?:1.8.0_461]
	at org.apache.ibatis.logging.jdbc.PreparedStatementLogger.invoke(PreparedStatementLogger.java:59) ~[mybatis-3.5.7.jar:3.5.7]
	at com.sun.proxy.$Proxy149.execute(Unknown Source) ~[?:?]
	at org.apache.ibatis.executor.statement.PreparedStatementHandler.query(PreparedStatementHandler.java:64) ~[mybatis-3.5.7.jar:3.5.7]
	at org.apache.ibatis.executor.statement.RoutingStatementHandler.query(RoutingStatementHandler.java:79) ~[mybatis-3.5.7.jar:3.5.7]
	at sun.reflect.GeneratedMethodAccessor84.invoke(Unknown Source) ~[?:?]
	at sun.reflect.DelegatingMethodAccessorImpl.invoke(DelegatingMethodAccessorImpl.java:43) ~[?:1.8.0_461]
	at java.lang.reflect.Method.invoke(Method.java:498) ~[?:1.8.0_461]
	at org.apache.ibatis.plugin.Plugin.invoke(Plugin.java:64) ~[mybatis-3.5.7.jar:3.5.7]
	at com.sun.proxy.$Proxy147.query(Unknown Source) ~[?:?]
	at org.apache.ibatis.executor.SimpleExecutor.doQuery(SimpleExecutor.java:63) ~[mybatis-3.5.7.jar:3.5.7]
	at org.apache.ibatis.executor.BaseExecutor.queryFromDatabase(BaseExecutor.java:325) ~[mybatis-3.5.7.jar:3.5.7]
	at org.apache.ibatis.executor.BaseExecutor.query(BaseExecutor.java:156) ~[mybatis-3.5.7.jar:3.5.7]
	at org.apache.ibatis.executor.CachingExecutor.query(CachingExecutor.java:109) ~[mybatis-3.5.7.jar:3.5.7]
	at com.baomidou.mybatisplus.extension.plugins.MybatisPlusInterceptor.intercept(MybatisPlusInterceptor.java:81) ~[mybatis-plus-extension-3.4.3.1.jar:3.4.3.1]
	at org.apache.ibatis.plugin.Plugin.invoke(Plugin.java:62) ~[mybatis-3.5.7.jar:3.5.7]
	at com.sun.proxy.$Proxy146.query(Unknown Source) ~[?:?]
	at org.apache.ibatis.session.defaults.DefaultSqlSession.selectList(DefaultSqlSession.java:151) ~[mybatis-3.5.7.jar:3.5.7]
	at org.apache.ibatis.session.defaults.DefaultSqlSession.selectList(DefaultSqlSession.java:145) ~[mybatis-3.5.7.jar:3.5.7]
	at org.apache.ibatis.session.defaults.DefaultSqlSession.selectList(DefaultSqlSession.java:140) ~[mybatis-3.5.7.jar:3.5.7]
	at sun.reflect.GeneratedMethodAccessor98.invoke(Unknown Source) ~[?:?]
	at sun.reflect.DelegatingMethodAccessorImpl.invoke(DelegatingMethodAccessorImpl.java:43) ~[?:1.8.0_461]
	at java.lang.reflect.Method.invoke(Method.java:498) ~[?:1.8.0_461]
	at org.mybatis.spring.SqlSessionTemplate$SqlSessionInterceptor.invoke(SqlSessionTemplate.java:427) ~[mybatis-spring-2.0.6.jar:2.0.6]
	... 73 more
2026-05-05 00:23:33.068 [http-nio-5000-exec-1] WARN  org.springframework.web.servlet.mvc.method.annotation.ExceptionHandlerExceptionResolver - Resolved [org.springframework.jdbc.BadSqlGrammarException: 
### Error querying database.  Cause: java.sql.SQLSyntaxErrorException: Unknown column 'product_category' in 'field list'
### The error may exist in file [/home/yuan/Desktop/bishe-main/target/classes/mapper/BaseMapper.xml]
### The error may involve defaultParameterMap
### The error occurred while setting parameters
### SQL: select COUNT(*) AS count, product_category from `purchasing_information`  WHERE is_delete = 0 group by product_category
### Cause: java.sql.SQLSyntaxErrorException: Unknown column 'product_category' in 'field list'
; bad SQL grammar []; nested exception is java.sql.SQLSyntaxErrorException: Unknown column 'product_category' in 'field list']
2026-05-05 00:23:39.324 [http-nio-5000-exec-3] INFO  com.project.demo.interceptor.LoginInterceptor - [请求接口] - http://localhost:5000/api/auth/get_list , [请求类型] - GET
2026-05-05 00:23:39.325 [http-nio-5000-exec-3] INFO  com.project.demo.service.base.BaseService - 生成的最终SQL:  WHERE `user_group` = '游客'  
2026-05-05 00:23:39.325 [http-nio-5000-exec-4] INFO  com.project.demo.interceptor.LoginInterceptor - [请求接口] - http://localhost:5000/api/user/state , [请求类型] - GET
2026-05-05 00:23:39.325 [http-nio-5000-exec-3] INFO  com.project.demo.service.base.BaseService - [auth] - 查询操作，sql: select * from `auth` WHERE `user_group` = '游客'  
2026-05-05 00:23:39.325 [http-nio-5000-exec-4] INFO  com.project.demo.controller.UserController - [获取的token] dee499163a224957a7664bb1425fbf14
2026-05-05 00:23:39.329 [http-nio-5000-exec-3] INFO  com.project.demo.service.base.BaseService - 生成的最终SQL:  WHERE `user_group` = '游客'  
2026-05-05 00:23:39.329 [http-nio-5000-exec-3] INFO  com.project.demo.service.base.BaseService - [auth] - 统计操作，sql: SELECT COUNT(*) FROM `auth` WHERE `user_group` = '游客'  
2026-05-05 00:23:39.344 [http-nio-5000-exec-8] INFO  com.project.demo.interceptor.LoginInterceptor - [请求接口] - http://localhost:5000/api/user/count , [请求类型] - GET
2026-05-05 00:23:39.345 [http-nio-5000-exec-8] INFO  com.project.demo.service.base.BaseService - 拼接统计函数前
2026-05-05 00:23:39.345 [http-nio-5000-exec-8] INFO  com.project.demo.service.base.BaseService - 生成的最终SQL:  WHERE is_delete = 0 
2026-05-05 00:23:39.345 [http-nio-5000-exec-8] INFO  com.project.demo.service.base.BaseService - [user] - 统计操作，sql: SELECT COUNT(*) FROM `user` WHERE is_delete = 0 
2026-05-05 00:23:39.346 [http-nio-5000-exec-10] INFO  com.project.demo.interceptor.LoginInterceptor - [请求接口] - http://localhost:5000/api/registered_user/count , [请求类型] - GET
2026-05-05 00:23:39.347 [http-nio-5000-exec-10] INFO  com.project.demo.service.base.BaseService - 拼接统计函数前
2026-05-05 00:23:39.347 [http-nio-5000-exec-7] INFO  com.project.demo.interceptor.LoginInterceptor - [请求接口] - http://localhost:5000/api/sales_information/count , [请求类型] - GET
2026-05-05 00:23:39.347 [http-nio-5000-exec-10] INFO  com.project.demo.service.base.BaseService - 生成的最终SQL:  WHERE is_delete = 0 
2026-05-05 00:23:39.347 [http-nio-5000-exec-10] INFO  com.project.demo.service.base.BaseService - [registered_user] - 统计操作，sql: SELECT COUNT(*) FROM `registered_user` WHERE is_delete = 0 
2026-05-05 00:23:39.347 [http-nio-5000-exec-7] INFO  com.project.demo.service.base.BaseService - 拼接统计函数前
2026-05-05 00:23:39.347 [http-nio-5000-exec-7] INFO  com.project.demo.service.base.BaseService - 生成的最终SQL:  WHERE is_delete = 0 
2026-05-05 00:23:39.347 [http-nio-5000-exec-7] INFO  com.project.demo.service.base.BaseService - [sales_information] - 统计操作，sql: SELECT COUNT(*) FROM `sales_information` WHERE is_delete = 0 
2026-05-05 00:23:39.350 [http-nio-5000-exec-4] INFO  com.project.demo.controller.UserController - [返回userId] 1
2026-05-05 00:23:39.351 [http-nio-5000-exec-4] INFO  com.project.demo.service.base.BaseService - 生成的最终SQL:  WHERE `user_id` = '1'  AND is_delete = 0 
2026-05-05 00:23:39.351 [http-nio-5000-exec-4] INFO  com.project.demo.service.base.BaseService - [user] - 查询操作，sql: select * from `user` WHERE `user_id` = '1'  AND is_delete = 0 
2026-05-05 00:23:39.359 [http-nio-5000-exec-10] INFO  com.project.demo.interceptor.LoginInterceptor - [请求接口] - http://localhost:5000/api/purchasing_information/count , [请求类型] - GET
2026-05-05 00:23:39.351 [http-nio-5000-exec-5] INFO  com.project.demo.interceptor.LoginInterceptor - [请求接口] - http://localhost:5000/api/inventory_information/count , [请求类型] - GET
2026-05-05 00:23:39.361 [http-nio-5000-exec-10] INFO  com.project.demo.service.base.BaseService - 拼接统计函数前
2026-05-05 00:23:39.361 [http-nio-5000-exec-10] INFO  com.project.demo.service.base.BaseService - 生成的最终SQL:  WHERE is_delete = 0 
2026-05-05 00:23:39.362 [http-nio-5000-exec-10] INFO  com.project.demo.service.base.BaseService - [purchasing_information] - 统计操作，sql: SELECT COUNT(*) FROM `purchasing_information` WHERE is_delete = 0 
2026-05-05 00:23:39.361 [http-nio-5000-exec-5] INFO  com.project.demo.service.base.BaseService - 拼接统计函数前
2026-05-05 00:23:39.364 [http-nio-5000-exec-5] INFO  com.project.demo.service.base.BaseService - 生成的最终SQL:  WHERE is_delete = 0 
2026-05-05 00:23:39.365 [http-nio-5000-exec-5] INFO  com.project.demo.service.base.BaseService - [inventory_information] - 统计操作，sql: SELECT COUNT(*) FROM `inventory_information` WHERE is_delete = 0 
2026-05-05 00:23:39.368 [http-nio-5000-exec-4] INFO  com.project.demo.interceptor.LoginInterceptor - [请求接口] - http://localhost:5000/api/registered_user/list_group , [请求类型] - GET
2026-05-05 00:23:39.368 [http-nio-5000-exec-6] INFO  com.project.demo.interceptor.LoginInterceptor - [请求接口] - http://localhost:5000/api/sales_information/list_group , [请求类型] - GET
2026-05-05 00:23:39.369 [http-nio-5000-exec-9] INFO  com.project.demo.interceptor.LoginInterceptor - [请求接口] - http://localhost:5000/api/supply_information/count , [请求类型] - GET
2026-05-05 00:23:39.369 [http-nio-5000-exec-9] INFO  com.project.demo.service.base.BaseService - 拼接统计函数前
2026-05-05 00:23:39.369 [http-nio-5000-exec-9] INFO  com.project.demo.service.base.BaseService - 生成的最终SQL:  WHERE is_delete = 0 
2026-05-05 00:23:39.369 [http-nio-5000-exec-9] INFO  com.project.demo.service.base.BaseService - [supply_information] - 统计操作，sql: SELECT COUNT(*) FROM `supply_information` WHERE is_delete = 0 
2026-05-05 00:23:39.369 [http-nio-5000-exec-6] INFO  com.project.demo.service.base.BaseService - 生成的最终SQL:  WHERE is_delete = 0 
2026-05-05 00:23:39.369 [http-nio-5000-exec-6] INFO  com.project.demo.service.base.BaseService - [sales_information] - 查询操作，sql: select COUNT(*) AS count, product_category from `sales_information`  WHERE is_delete = 0 group by product_category 
2026-05-05 00:23:39.370 [http-nio-5000-exec-4] INFO  com.project.demo.service.base.BaseService - 生成的最终SQL:  WHERE is_delete = 0 
2026-05-05 00:23:39.374 [http-nio-5000-exec-4] INFO  com.project.demo.service.base.BaseService - [registered_user] - 查询操作，sql: select COUNT(*) AS count, user_gender from `registered_user`  WHERE is_delete = 0 group by user_gender 
2026-05-05 00:23:39.375 [http-nio-5000-exec-3] INFO  com.project.demo.interceptor.LoginInterceptor - [请求接口] - http://localhost:5000/api/supply_information/list_group , [请求类型] - GET
2026-05-05 00:23:39.379 [http-nio-5000-exec-8] INFO  com.project.demo.interceptor.LoginInterceptor - [请求接口] - http://localhost:5000/api/views/list_group , [请求类型] - GET
2026-05-05 00:23:39.379 [http-nio-5000-exec-3] INFO  com.project.demo.service.base.BaseService - 生成的最终SQL:  WHERE is_delete = 0 
2026-05-05 00:23:39.382 [http-nio-5000-exec-8] INFO  com.project.demo.service.base.BaseService - 生成的最终SQL: 
2026-05-05 00:23:39.382 [http-nio-5000-exec-3] INFO  com.project.demo.service.base.BaseService - [supply_information] - 查询操作，sql: select COUNT(*) AS count, commodity_category from `supply_information`  WHERE is_delete = 0 group by commodity_category 
2026-05-05 00:23:39.383 [http-nio-5000-exec-8] INFO  com.project.demo.service.base.BaseService - [views] - 查询操作，sql: select COUNT(*) AS count, source_table from `views` group by source_table 
2026-05-05 00:23:39.379 [http-nio-5000-exec-6] ERROR com.project.demo.exception.GlobalExceptionHandler - 运行时异常: 
org.springframework.jdbc.BadSqlGrammarException: 
### Error querying database.  Cause: java.sql.SQLSyntaxErrorException: Unknown column 'product_category' in 'field list'
### The error may exist in file [/home/yuan/Desktop/bishe-main/target/classes/mapper/BaseMapper.xml]
### The error may involve defaultParameterMap
### The error occurred while setting parameters
### SQL: select COUNT(*) AS count, product_category from `sales_information`  WHERE is_delete = 0 group by product_category
### Cause: java.sql.SQLSyntaxErrorException: Unknown column 'product_category' in 'field list'
; bad SQL grammar []; nested exception is java.sql.SQLSyntaxErrorException: Unknown column 'product_category' in 'field list'
	at org.springframework.jdbc.support.SQLErrorCodeSQLExceptionTranslator.doTranslate(SQLErrorCodeSQLExceptionTranslator.java:235) ~[spring-jdbc-5.2.4.RELEASE.jar:5.2.4.RELEASE]
	at org.springframework.jdbc.support.AbstractFallbackSQLExceptionTranslator.translate(AbstractFallbackSQLExceptionTranslator.java:72) ~[spring-jdbc-5.2.4.RELEASE.jar:5.2.4.RELEASE]
	at org.mybatis.spring.MyBatisExceptionTranslator.translateExceptionIfPossible(MyBatisExceptionTranslator.java:91) ~[mybatis-spring-2.0.6.jar:2.0.6]
	at org.mybatis.spring.SqlSessionTemplate$SqlSessionInterceptor.invoke(SqlSessionTemplate.java:441) ~[mybatis-spring-2.0.6.jar:2.0.6]
	at com.sun.proxy.$Proxy113.selectList(Unknown Source) ~[?:?]
	at org.mybatis.spring.SqlSessionTemplate.selectList(SqlSessionTemplate.java:224) ~[mybatis-spring-2.0.6.jar:2.0.6]
	at com.baomidou.mybatisplus.core.override.MybatisMapperMethod.executeForMany(MybatisMapperMethod.java:166) ~[mybatis-plus-core-3.4.3.1.jar:3.4.3.1]
	at com.baomidou.mybatisplus.core.override.MybatisMapperMethod.execute(MybatisMapperMethod.java:77) ~[mybatis-plus-core-3.4.3.1.jar:3.4.3.1]
	at com.baomidou.mybatisplus.core.override.MybatisMapperProxy$PlainMethodInvoker.invoke(MybatisMapperProxy.java:148) ~[mybatis-plus-core-3.4.3.1.jar:3.4.3.1]
	at com.baomidou.mybatisplus.core.override.MybatisMapperProxy.invoke(MybatisMapperProxy.java:89) ~[mybatis-plus-core-3.4.3.1.jar:3.4.3.1]
	at com.sun.proxy.$Proxy128.selectBaseList(Unknown Source) ~[?:?]
	at com.project.demo.service.base.BaseService.selectToList(BaseService.java:85) ~[classes/:?]
	at com.project.demo.service.base.BaseService$$FastClassBySpringCGLIB$$504c7e9.invoke(<generated>) ~[classes/:?]
	at org.springframework.cglib.proxy.MethodProxy.invoke(MethodProxy.java:218) ~[spring-core-5.2.4.RELEASE.jar:5.2.4.RELEASE]
	at org.springframework.aop.framework.CglibAopProxy$CglibMethodInvocation.invokeJoinpoint(CglibAopProxy.java:769) ~[spring-aop-5.2.4.RELEASE.jar:5.2.4.RELEASE]
	at org.springframework.aop.framework.ReflectiveMethodInvocation.proceed(ReflectiveMethodInvocation.java:163) ~[spring-aop-5.2.4.RELEASE.jar:5.2.4.RELEASE]
	at org.springframework.aop.framework.CglibAopProxy$CglibMethodInvocation.proceed(CglibAopProxy.java:747) ~[spring-aop-5.2.4.RELEASE.jar:5.2.4.RELEASE]
	at org.springframework.aop.interceptor.ExposeInvocationInterceptor.invoke(ExposeInvocationInterceptor.java:95) ~[spring-aop-5.2.4.RELEASE.jar:5.2.4.RELEASE]
	at org.springframework.aop.framework.ReflectiveMethodInvocation.proceed(ReflectiveMethodInvocation.java:186) ~[spring-aop-5.2.4.RELEASE.jar:5.2.4.RELEASE]
	at org.springframework.aop.framework.CglibAopProxy$CglibMethodInvocation.proceed(CglibAopProxy.java:747) ~[spring-aop-5.2.4.RELEASE.jar:5.2.4.RELEASE]
	at org.springframework.aop.framework.CglibAopProxy$DynamicAdvisedInterceptor.intercept(CglibAopProxy.java:689) ~[spring-aop-5.2.4.RELEASE.jar:5.2.4.RELEASE]
	at com.project.demo.service.SalesInformationService$$EnhancerBySpringCGLIB$$df237519.selectToList(<generated>) ~[classes/:?]
	at com.project.demo.controller.base.BaseController.listGroup(BaseController.java:82) ~[classes/:?]
	at com.project.demo.controller.base.BaseController$$FastClassBySpringCGLIB$$72c28101.invoke(<generated>) ~[classes/:?]
	at org.springframework.cglib.proxy.MethodProxy.invoke(MethodProxy.java:218) ~[spring-core-5.2.4.RELEASE.jar:5.2.4.RELEASE]
	at org.springframework.aop.framework.CglibAopProxy$DynamicAdvisedInterceptor.intercept(CglibAopProxy.java:685) ~[spring-aop-5.2.4.RELEASE.jar:5.2.4.RELEASE]
	at com.project.demo.controller.SalesInformationController$$EnhancerBySpringCGLIB$$14ba1724.listGroup(<generated>) ~[classes/:?]
	at sun.reflect.NativeMethodAccessorImpl.invoke0(Native Method) ~[?:1.8.0_461]
	at sun.reflect.NativeMethodAccessorImpl.invoke(NativeMethodAccessorImpl.java:62) ~[?:1.8.0_461]
	at sun.reflect.DelegatingMethodAccessorImpl.invoke(DelegatingMethodAccessorImpl.java:43) ~[?:1.8.0_461]
	at java.lang.reflect.Method.invoke(Method.java:498) ~[?:1.8.0_461]
	at org.springframework.web.method.support.InvocableHandlerMethod.doInvoke(InvocableHandlerMethod.java:190) ~[spring-web-5.2.4.RELEASE.jar:5.2.4.RELEASE]
	at org.springframework.web.method.support.InvocableHandlerMethod.invokeForRequest(InvocableHandlerMethod.java:138) ~[spring-web-5.2.4.RELEASE.jar:5.2.4.RELEASE]
	at org.springframework.web.servlet.mvc.method.annotation.ServletInvocableHandlerMethod.invokeAndHandle(ServletInvocableHandlerMethod.java:106) ~[spring-webmvc-5.2.4.RELEASE.jar:5.2.4.RELEASE]
	at org.springframework.web.servlet.mvc.method.annotation.RequestMappingHandlerAdapter.invokeHandlerMethod(RequestMappingHandlerAdapter.java:879) ~[spring-webmvc-5.2.4.RELEASE.jar:5.2.4.RELEASE]
	at org.springframework.web.servlet.mvc.method.annotation.RequestMappingHandlerAdapter.handleInternal(RequestMappingHandlerAdapter.java:793) ~[spring-webmvc-5.2.4.RELEASE.jar:5.2.4.RELEASE]
	at org.springframework.web.servlet.mvc.method.AbstractHandlerMethodAdapter.handle(AbstractHandlerMethodAdapter.java:87) ~[spring-webmvc-5.2.4.RELEASE.jar:5.2.4.RELEASE]
	at org.springframework.web.servlet.DispatcherServlet.doDispatch(DispatcherServlet.java:1040) [spring-webmvc-5.2.4.RELEASE.jar:5.2.4.RELEASE]
	at org.springframework.web.servlet.DispatcherServlet.doService(DispatcherServlet.java:943) [spring-webmvc-5.2.4.RELEASE.jar:5.2.4.RELEASE]
	at org.springframework.web.servlet.FrameworkServlet.processRequest(FrameworkServlet.java:1006) [spring-webmvc-5.2.4.RELEASE.jar:5.2.4.RELEASE]
	at org.springframework.web.servlet.FrameworkServlet.doGet(FrameworkServlet.java:898) [spring-webmvc-5.2.4.RELEASE.jar:5.2.4.RELEASE]
	at javax.servlet.http.HttpServlet.service(HttpServlet.java:634) [tomcat-embed-core-9.0.31.jar:9.0.31]
	at org.springframework.web.servlet.FrameworkServlet.service(FrameworkServlet.java:883) [spring-webmvc-5.2.4.RELEASE.jar:5.2.4.RELEASE]
	at javax.servlet.http.HttpServlet.service(HttpServlet.java:741) [tomcat-embed-core-9.0.31.jar:9.0.31]
	at org.apache.catalina.core.ApplicationFilterChain.internalDoFilter(ApplicationFilterChain.java:231) [tomcat-embed-core-9.0.31.jar:9.0.31]
	at org.apache.catalina.core.ApplicationFilterChain.doFilter(ApplicationFilterChain.java:166) [tomcat-embed-core-9.0.31.jar:9.0.31]
	at org.apache.tomcat.websocket.server.WsFilter.doFilter(WsFilter.java:53) [tomcat-embed-websocket-9.0.31.jar:9.0.31]
	at org.apache.catalina.core.ApplicationFilterChain.internalDoFilter(ApplicationFilterChain.java:193) [tomcat-embed-core-9.0.31.jar:9.0.31]
	at org.apache.catalina.core.ApplicationFilterChain.doFilter(ApplicationFilterChain.java:166) [tomcat-embed-core-9.0.31.jar:9.0.31]
	at org.springframework.web.filter.RequestContextFilter.doFilterInternal(RequestContextFilter.java:100) [spring-web-5.2.4.RELEASE.jar:5.2.4.RELEASE]
	at org.springframework.web.filter.OncePerRequestFilter.doFilter(OncePerRequestFilter.java:119) [spring-web-5.2.4.RELEASE.jar:5.2.4.RELEASE]
	at org.apache.catalina.core.ApplicationFilterChain.internalDoFilter(ApplicationFilterChain.java:193) [tomcat-embed-core-9.0.31.jar:9.0.31]
	at org.apache.catalina.core.ApplicationFilterChain.doFilter(ApplicationFilterChain.java:166) [tomcat-embed-core-9.0.31.jar:9.0.31]
	at org.springframework.web.filter.FormContentFilter.doFilterInternal(FormContentFilter.java:93) [spring-web-5.2.4.RELEASE.jar:5.2.4.RELEASE]
	at org.springframework.web.filter.OncePerRequestFilter.doFilter(OncePerRequestFilter.java:119) [spring-web-5.2.4.RELEASE.jar:5.2.4.RELEASE]
	at org.apache.catalina.core.ApplicationFilterChain.internalDoFilter(ApplicationFilterChain.java:193) [tomcat-embed-core-9.0.31.jar:9.0.31]
	at org.apache.catalina.core.ApplicationFilterChain.doFilter(ApplicationFilterChain.java:166) [tomcat-embed-core-9.0.31.jar:9.0.31]
	at org.springframework.web.filter.CharacterEncodingFilter.doFilterInternal(CharacterEncodingFilter.java:201) [spring-web-5.2.4.RELEASE.jar:5.2.4.RELEASE]
	at org.springframework.web.filter.OncePerRequestFilter.doFilter(OncePerRequestFilter.java:119) [spring-web-5.2.4.RELEASE.jar:5.2.4.RELEASE]
	at org.apache.catalina.core.ApplicationFilterChain.internalDoFilter(ApplicationFilterChain.java:193) [tomcat-embed-core-9.0.31.jar:9.0.31]
	at org.apache.catalina.core.ApplicationFilterChain.doFilter(ApplicationFilterChain.java:166) [tomcat-embed-core-9.0.31.jar:9.0.31]
	at org.apache.catalina.core.StandardWrapperValve.invoke(StandardWrapperValve.java:202) [tomcat-embed-core-9.0.31.jar:9.0.31]
	at org.apache.catalina.core.StandardContextValve.invoke(StandardContextValve.java:96) [tomcat-embed-core-9.0.31.jar:9.0.31]
	at org.apache.catalina.authenticator.AuthenticatorBase.invoke(AuthenticatorBase.java:541) [tomcat-embed-core-9.0.31.jar:9.0.31]
	at org.apache.catalina.core.StandardHostValve.invoke(StandardHostValve.java:139) [tomcat-embed-core-9.0.31.jar:9.0.31]
	at org.apache.catalina.valves.ErrorReportValve.invoke(ErrorReportValve.java:92) [tomcat-embed-core-9.0.31.jar:9.0.31]
	at org.apache.catalina.core.StandardEngineValve.invoke(StandardEngineValve.java:74) [tomcat-embed-core-9.0.31.jar:9.0.31]
	at org.apache.catalina.connector.CoyoteAdapter.service(CoyoteAdapter.java:343) [tomcat-embed-core-9.0.31.jar:9.0.31]
	at org.apache.coyote.http11.Http11Processor.service(Http11Processor.java:367) [tomcat-embed-core-9.0.31.jar:9.0.31]
	at org.apache.coyote.AbstractProcessorLight.process(AbstractProcessorLight.java:65) [tomcat-embed-core-9.0.31.jar:9.0.31]
	at org.apache.coyote.AbstractProtocol$ConnectionHandler.process(AbstractProtocol.java:868) [tomcat-embed-core-9.0.31.jar:9.0.31]
	at org.apache.tomcat.util.net.NioEndpoint$SocketProcessor.doRun(NioEndpoint.java:1639) [tomcat-embed-core-9.0.31.jar:9.0.31]
	at org.apache.tomcat.util.net.SocketProcessorBase.run(SocketProcessorBase.java:49) [tomcat-embed-core-9.0.31.jar:9.0.31]
	at java.util.concurrent.ThreadPoolExecutor.runWorker(ThreadPoolExecutor.java:1149) [?:1.8.0_461]
	at java.util.concurrent.ThreadPoolExecutor$Worker.run(ThreadPoolExecutor.java:624) [?:1.8.0_461]
	at org.apache.tomcat.util.threads.TaskThread$WrappingRunnable.run(TaskThread.java:61) [tomcat-embed-core-9.0.31.jar:9.0.31]
	at java.lang.Thread.run(Thread.java:750) [?:1.8.0_461]
Caused by: java.sql.SQLSyntaxErrorException: Unknown column 'product_category' in 'field list'
	at com.mysql.cj.jdbc.exceptions.SQLError.createSQLException(SQLError.java:118) ~[mysql-connector-java-8.0.11.jar:8.0.11]
	at com.mysql.cj.jdbc.exceptions.SQLError.createSQLException(SQLError.java:95) ~[mysql-connector-java-8.0.11.jar:8.0.11]
	at com.mysql.cj.jdbc.exceptions.SQLExceptionsMapping.translateException(SQLExceptionsMapping.java:122) ~[mysql-connector-java-8.0.11.jar:8.0.11]
	at com.mysql.cj.jdbc.ClientPreparedStatement.executeInternal(ClientPreparedStatement.java:960) ~[mysql-connector-java-8.0.11.jar:8.0.11]
	at com.mysql.cj.jdbc.ClientPreparedStatement.execute(ClientPreparedStatement.java:388) ~[mysql-connector-java-8.0.11.jar:8.0.11]
	at com.alibaba.druid.pool.DruidPooledPreparedStatement.execute(DruidPooledPreparedStatement.java:497) ~[druid-1.2.8.jar:1.2.8]
	at sun.reflect.GeneratedMethodAccessor85.invoke(Unknown Source) ~[?:?]
	at sun.reflect.DelegatingMethodAccessorImpl.invoke(DelegatingMethodAccessorImpl.java:43) ~[?:1.8.0_461]
	at java.lang.reflect.Method.invoke(Method.java:498) ~[?:1.8.0_461]
	at org.apache.ibatis.logging.jdbc.PreparedStatementLogger.invoke(PreparedStatementLogger.java:59) ~[mybatis-3.5.7.jar:3.5.7]
	at com.sun.proxy.$Proxy149.execute(Unknown Source) ~[?:?]
	at org.apache.ibatis.executor.statement.PreparedStatementHandler.query(PreparedStatementHandler.java:64) ~[mybatis-3.5.7.jar:3.5.7]
	at org.apache.ibatis.executor.statement.RoutingStatementHandler.query(RoutingStatementHandler.java:79) ~[mybatis-3.5.7.jar:3.5.7]
	at sun.reflect.GeneratedMethodAccessor84.invoke(Unknown Source) ~[?:?]
	at sun.reflect.DelegatingMethodAccessorImpl.invoke(DelegatingMethodAccessorImpl.java:43) ~[?:1.8.0_461]
	at java.lang.reflect.Method.invoke(Method.java:498) ~[?:1.8.0_461]
	at org.apache.ibatis.plugin.Plugin.invoke(Plugin.java:64) ~[mybatis-3.5.7.jar:3.5.7]
	at com.sun.proxy.$Proxy147.query(Unknown Source) ~[?:?]
	at org.apache.ibatis.executor.SimpleExecutor.doQuery(SimpleExecutor.java:63) ~[mybatis-3.5.7.jar:3.5.7]
	at org.apache.ibatis.executor.BaseExecutor.queryFromDatabase(BaseExecutor.java:325) ~[mybatis-3.5.7.jar:3.5.7]
	at org.apache.ibatis.executor.BaseExecutor.query(BaseExecutor.java:156) ~[mybatis-3.5.7.jar:3.5.7]
	at org.apache.ibatis.executor.CachingExecutor.query(CachingExecutor.java:109) ~[mybatis-3.5.7.jar:3.5.7]
	at com.baomidou.mybatisplus.extension.plugins.MybatisPlusInterceptor.intercept(MybatisPlusInterceptor.java:81) ~[mybatis-plus-extension-3.4.3.1.jar:3.4.3.1]
	at org.apache.ibatis.plugin.Plugin.invoke(Plugin.java:62) ~[mybatis-3.5.7.jar:3.5.7]
	at com.sun.proxy.$Proxy146.query(Unknown Source) ~[?:?]
	at org.apache.ibatis.session.defaults.DefaultSqlSession.selectList(DefaultSqlSession.java:151) ~[mybatis-3.5.7.jar:3.5.7]
	at org.apache.ibatis.session.defaults.DefaultSqlSession.selectList(DefaultSqlSession.java:145) ~[mybatis-3.5.7.jar:3.5.7]
	at org.apache.ibatis.session.defaults.DefaultSqlSession.selectList(DefaultSqlSession.java:140) ~[mybatis-3.5.7.jar:3.5.7]
	at sun.reflect.GeneratedMethodAccessor98.invoke(Unknown Source) ~[?:?]
	at sun.reflect.DelegatingMethodAccessorImpl.invoke(DelegatingMethodAccessorImpl.java:43) ~[?:1.8.0_461]
	at java.lang.reflect.Method.invoke(Method.java:498) ~[?:1.8.0_461]
	at org.mybatis.spring.SqlSessionTemplate$SqlSessionInterceptor.invoke(SqlSessionTemplate.java:427) ~[mybatis-spring-2.0.6.jar:2.0.6]
	... 73 more
2026-05-05 00:23:39.395 [http-nio-5000-exec-6] WARN  org.springframework.web.servlet.mvc.method.annotation.ExceptionHandlerExceptionResolver - Resolved [org.springframework.jdbc.BadSqlGrammarException: 
### Error querying database.  Cause: java.sql.SQLSyntaxErrorException: Unknown column 'product_category' in 'field list'
### The error may exist in file [/home/yuan/Desktop/bishe-main/target/classes/mapper/BaseMapper.xml]
### The error may involve defaultParameterMap
### The error occurred while setting parameters
### SQL: select COUNT(*) AS count, product_category from `sales_information`  WHERE is_delete = 0 group by product_category
### Cause: java.sql.SQLSyntaxErrorException: Unknown column 'product_category' in 'field list'
; bad SQL grammar []; nested exception is java.sql.SQLSyntaxErrorException: Unknown column 'product_category' in 'field list']
2026-05-05 00:23:39.398 [http-nio-5000-exec-7] INFO  com.project.demo.interceptor.LoginInterceptor - [请求接口] - http://localhost:5000/api/auth/get_list , [请求类型] - OPTIONS
2026-05-05 00:23:39.405 [http-nio-5000-exec-2] INFO  com.project.demo.interceptor.LoginInterceptor - [请求接口] - http://localhost:5000/api/auth/get_list , [请求类型] - GET
2026-05-05 00:23:39.406 [http-nio-5000-exec-2] INFO  com.project.demo.service.base.BaseService - 生成的最终SQL:  WHERE `user_group` = '管理员'  
2026-05-05 00:23:39.406 [http-nio-5000-exec-2] INFO  com.project.demo.service.base.BaseService - [auth] - 查询操作，sql: select * from `auth` WHERE `user_group` = '管理员'  
2026-05-05 00:23:39.415 [http-nio-5000-exec-2] INFO  com.project.demo.service.base.BaseService - 生成的最终SQL:  WHERE `user_group` = '管理员'  
2026-05-05 00:23:39.415 [http-nio-5000-exec-2] INFO  com.project.demo.service.base.BaseService - [auth] - 统计操作，sql: SELECT COUNT(*) FROM `auth` WHERE `user_group` = '管理员'  
2026-05-05 00:23:39.449 [http-nio-5000-exec-5] INFO  com.project.demo.interceptor.LoginInterceptor - [请求接口] - http://localhost:5000/api/user/count , [请求类型] - GET
2026-05-05 00:23:39.449 [http-nio-5000-exec-5] INFO  com.project.demo.service.base.BaseService - 拼接统计函数前
2026-05-05 00:23:39.452 [http-nio-5000-exec-10] INFO  com.project.demo.interceptor.LoginInterceptor - [请求接口] - http://localhost:5000/api/sales_information/count , [请求类型] - GET
2026-05-05 00:23:39.449 [http-nio-5000-exec-5] INFO  com.project.demo.service.base.BaseService - 生成的最终SQL:  WHERE is_delete = 0 
2026-05-05 00:23:39.453 [http-nio-5000-exec-10] INFO  com.project.demo.service.base.BaseService - 拼接统计函数前
2026-05-05 00:23:39.455 [http-nio-5000-exec-10] INFO  com.project.demo.service.base.BaseService - 生成的最终SQL:  WHERE is_delete = 0 
2026-05-05 00:23:39.455 [http-nio-5000-exec-10] INFO  com.project.demo.service.base.BaseService - [sales_information] - 统计操作，sql: SELECT COUNT(*) FROM `sales_information` WHERE is_delete = 0 
2026-05-05 00:23:39.453 [http-nio-5000-exec-5] INFO  com.project.demo.service.base.BaseService - [user] - 统计操作，sql: SELECT COUNT(*) FROM `user` WHERE is_delete = 0 
2026-05-05 00:23:39.451 [http-nio-5000-exec-1] INFO  com.project.demo.interceptor.LoginInterceptor - [请求接口] - http://localhost:5000/api/registered_user/count , [请求类型] - GET
2026-05-05 00:23:39.458 [http-nio-5000-exec-8] INFO  com.project.demo.interceptor.LoginInterceptor - [请求接口] - http://localhost:5000/api/supply_information/count , [请求类型] - GET
2026-05-05 00:23:39.459 [http-nio-5000-exec-1] INFO  com.project.demo.service.base.BaseService - 拼接统计函数前
2026-05-05 00:23:39.454 [http-nio-5000-exec-9] INFO  com.project.demo.interceptor.LoginInterceptor - [请求接口] - http://localhost:5000/api/inventory_information/count , [请求类型] - GET
2026-05-05 00:23:39.459 [http-nio-5000-exec-1] INFO  com.project.demo.service.base.BaseService - 生成的最终SQL:  WHERE is_delete = 0 
2026-05-05 00:23:39.459 [http-nio-5000-exec-1] INFO  com.project.demo.service.base.BaseService - [registered_user] - 统计操作，sql: SELECT COUNT(*) FROM `registered_user` WHERE is_delete = 0 
2026-05-05 00:23:39.454 [http-nio-5000-exec-4] INFO  com.project.demo.interceptor.LoginInterceptor - [请求接口] - http://localhost:5000/api/purchasing_information/count , [请求类型] - GET
2026-05-05 00:23:39.460 [http-nio-5000-exec-4] INFO  com.project.demo.service.base.BaseService - 拼接统计函数前
2026-05-05 00:23:39.460 [http-nio-5000-exec-4] INFO  com.project.demo.service.base.BaseService - 生成的最终SQL:  WHERE is_delete = 0 
2026-05-05 00:23:39.460 [http-nio-5000-exec-4] INFO  com.project.demo.service.base.BaseService - [purchasing_information] - 统计操作，sql: SELECT COUNT(*) FROM `purchasing_information` WHERE is_delete = 0 
2026-05-05 00:23:39.461 [http-nio-5000-exec-8] INFO  com.project.demo.service.base.BaseService - 拼接统计函数前
2026-05-05 00:23:39.461 [http-nio-5000-exec-8] INFO  com.project.demo.service.base.BaseService - 生成的最终SQL:  WHERE is_delete = 0 
2026-05-05 00:23:39.462 [http-nio-5000-exec-8] INFO  com.project.demo.service.base.BaseService - [supply_information] - 统计操作，sql: SELECT COUNT(*) FROM `supply_information` WHERE is_delete = 0 
2026-05-05 00:23:39.462 [http-nio-5000-exec-9] INFO  com.project.demo.service.base.BaseService - 拼接统计函数前
2026-05-05 00:23:39.463 [http-nio-5000-exec-9] INFO  com.project.demo.service.base.BaseService - 生成的最终SQL:  WHERE is_delete = 0 
2026-05-05 00:23:39.463 [http-nio-5000-exec-9] INFO  com.project.demo.service.base.BaseService - [inventory_information] - 统计操作，sql: SELECT COUNT(*) FROM `inventory_information` WHERE is_delete = 0 
2026-05-05 00:23:39.478 [http-nio-5000-exec-3] INFO  com.project.demo.interceptor.LoginInterceptor - [请求接口] - http://localhost:5000/api/upload/O1CN01A1wr3R26fA5Ne05Sj_!!2219275407688.png_460x460q90.jpg_.webp , [请求类型] - GET
2026-05-05 00:23:39.487 [http-nio-5000-exec-6] INFO  com.project.demo.interceptor.LoginInterceptor - [请求接口] - http://localhost:5000/api/sales_information/list_group , [请求类型] - GET
2026-05-05 00:23:39.487 [http-nio-5000-exec-6] INFO  com.project.demo.service.base.BaseService - 生成的最终SQL:  WHERE is_delete = 0 
2026-05-05 00:23:39.487 [http-nio-5000-exec-6] INFO  com.project.demo.service.base.BaseService - [sales_information] - 查询操作，sql: select COUNT(*) AS count, product_category from `sales_information`  WHERE is_delete = 0 group by product_category 
2026-05-05 00:23:39.500 [http-nio-5000-exec-7] INFO  com.project.demo.interceptor.LoginInterceptor - [请求接口] - http://localhost:5000/api/registered_user/list_group , [请求类型] - GET
2026-05-05 00:23:39.501 [http-nio-5000-exec-7] INFO  com.project.demo.service.base.BaseService - 生成的最终SQL:  WHERE is_delete = 0 
2026-05-05 00:23:39.501 [http-nio-5000-exec-7] INFO  com.project.demo.service.base.BaseService - [registered_user] - 查询操作，sql: select COUNT(*) AS count, user_gender from `registered_user`  WHERE is_delete = 0 group by user_gender 
2026-05-05 00:23:39.502 [http-nio-5000-exec-2] INFO  com.project.demo.interceptor.LoginInterceptor - [请求接口] - http://localhost:5000/api/supply_information/list_group , [请求类型] - GET
2026-05-05 00:23:39.502 [http-nio-5000-exec-10] INFO  com.project.demo.interceptor.LoginInterceptor - [请求接口] - http://localhost:5000/api/views/list_group , [请求类型] - GET
2026-05-05 00:23:39.503 [http-nio-5000-exec-2] INFO  com.project.demo.service.base.BaseService - 生成的最终SQL:  WHERE is_delete = 0 
2026-05-05 00:23:39.503 [http-nio-5000-exec-10] INFO  com.project.demo.service.base.BaseService - 生成的最终SQL: 
2026-05-05 00:23:39.504 [http-nio-5000-exec-10] INFO  com.project.demo.service.base.BaseService - [views] - 查询操作，sql: select COUNT(*) AS count, source_table from `views` group by source_table 
2026-05-05 00:23:39.504 [http-nio-5000-exec-2] INFO  com.project.demo.service.base.BaseService - [supply_information] - 查询操作，sql: select COUNT(*) AS count, commodity_category from `supply_information`  WHERE is_delete = 0 group by commodity_category 
2026-05-05 00:23:39.491 [http-nio-5000-exec-6] ERROR com.project.demo.exception.GlobalExceptionHandler - 运行时异常: 
org.springframework.jdbc.BadSqlGrammarException: 
### Error querying database.  Cause: java.sql.SQLSyntaxErrorException: Unknown column 'product_category' in 'field list'
### The error may exist in file [/home/yuan/Desktop/bishe-main/target/classes/mapper/BaseMapper.xml]
### The error may involve defaultParameterMap
### The error occurred while setting parameters
### SQL: select COUNT(*) AS count, product_category from `sales_information`  WHERE is_delete = 0 group by product_category
### Cause: java.sql.SQLSyntaxErrorException: Unknown column 'product_category' in 'field list'
; bad SQL grammar []; nested exception is java.sql.SQLSyntaxErrorException: Unknown column 'product_category' in 'field list'
	at org.springframework.jdbc.support.SQLErrorCodeSQLExceptionTranslator.doTranslate(SQLErrorCodeSQLExceptionTranslator.java:235) ~[spring-jdbc-5.2.4.RELEASE.jar:5.2.4.RELEASE]
	at org.springframework.jdbc.support.AbstractFallbackSQLExceptionTranslator.translate(AbstractFallbackSQLExceptionTranslator.java:72) ~[spring-jdbc-5.2.4.RELEASE.jar:5.2.4.RELEASE]
	at org.mybatis.spring.MyBatisExceptionTranslator.translateExceptionIfPossible(MyBatisExceptionTranslator.java:91) ~[mybatis-spring-2.0.6.jar:2.0.6]
	at org.mybatis.spring.SqlSessionTemplate$SqlSessionInterceptor.invoke(SqlSessionTemplate.java:441) ~[mybatis-spring-2.0.6.jar:2.0.6]
	at com.sun.proxy.$Proxy113.selectList(Unknown Source) ~[?:?]
	at org.mybatis.spring.SqlSessionTemplate.selectList(SqlSessionTemplate.java:224) ~[mybatis-spring-2.0.6.jar:2.0.6]
	at com.baomidou.mybatisplus.core.override.MybatisMapperMethod.executeForMany(MybatisMapperMethod.java:166) ~[mybatis-plus-core-3.4.3.1.jar:3.4.3.1]
	at com.baomidou.mybatisplus.core.override.MybatisMapperMethod.execute(MybatisMapperMethod.java:77) ~[mybatis-plus-core-3.4.3.1.jar:3.4.3.1]
	at com.baomidou.mybatisplus.core.override.MybatisMapperProxy$PlainMethodInvoker.invoke(MybatisMapperProxy.java:148) ~[mybatis-plus-core-3.4.3.1.jar:3.4.3.1]
	at com.baomidou.mybatisplus.core.override.MybatisMapperProxy.invoke(MybatisMapperProxy.java:89) ~[mybatis-plus-core-3.4.3.1.jar:3.4.3.1]
	at com.sun.proxy.$Proxy128.selectBaseList(Unknown Source) ~[?:?]
	at com.project.demo.service.base.BaseService.selectToList(BaseService.java:85) ~[classes/:?]
	at com.project.demo.service.base.BaseService$$FastClassBySpringCGLIB$$504c7e9.invoke(<generated>) ~[classes/:?]
	at org.springframework.cglib.proxy.MethodProxy.invoke(MethodProxy.java:218) ~[spring-core-5.2.4.RELEASE.jar:5.2.4.RELEASE]
	at org.springframework.aop.framework.CglibAopProxy$CglibMethodInvocation.invokeJoinpoint(CglibAopProxy.java:769) ~[spring-aop-5.2.4.RELEASE.jar:5.2.4.RELEASE]
	at org.springframework.aop.framework.ReflectiveMethodInvocation.proceed(ReflectiveMethodInvocation.java:163) ~[spring-aop-5.2.4.RELEASE.jar:5.2.4.RELEASE]
	at org.springframework.aop.framework.CglibAopProxy$CglibMethodInvocation.proceed(CglibAopProxy.java:747) ~[spring-aop-5.2.4.RELEASE.jar:5.2.4.RELEASE]
	at org.springframework.aop.interceptor.ExposeInvocationInterceptor.invoke(ExposeInvocationInterceptor.java:95) ~[spring-aop-5.2.4.RELEASE.jar:5.2.4.RELEASE]
	at org.springframework.aop.framework.ReflectiveMethodInvocation.proceed(ReflectiveMethodInvocation.java:186) ~[spring-aop-5.2.4.RELEASE.jar:5.2.4.RELEASE]
	at org.springframework.aop.framework.CglibAopProxy$CglibMethodInvocation.proceed(CglibAopProxy.java:747) ~[spring-aop-5.2.4.RELEASE.jar:5.2.4.RELEASE]
	at org.springframework.aop.framework.CglibAopProxy$DynamicAdvisedInterceptor.intercept(CglibAopProxy.java:689) ~[spring-aop-5.2.4.RELEASE.jar:5.2.4.RELEASE]
	at com.project.demo.service.SalesInformationService$$EnhancerBySpringCGLIB$$df237519.selectToList(<generated>) ~[classes/:?]
	at com.project.demo.controller.base.BaseController.listGroup(BaseController.java:82) ~[classes/:?]
	at com.project.demo.controller.base.BaseController$$FastClassBySpringCGLIB$$72c28101.invoke(<generated>) ~[classes/:?]
	at org.springframework.cglib.proxy.MethodProxy.invoke(MethodProxy.java:218) ~[spring-core-5.2.4.RELEASE.jar:5.2.4.RELEASE]
	at org.springframework.aop.framework.CglibAopProxy$DynamicAdvisedInterceptor.intercept(CglibAopProxy.java:685) ~[spring-aop-5.2.4.RELEASE.jar:5.2.4.RELEASE]
	at com.project.demo.controller.SalesInformationController$$EnhancerBySpringCGLIB$$14ba1724.listGroup(<generated>) ~[classes/:?]
	at sun.reflect.NativeMethodAccessorImpl.invoke0(Native Method) ~[?:1.8.0_461]
	at sun.reflect.NativeMethodAccessorImpl.invoke(NativeMethodAccessorImpl.java:62) ~[?:1.8.0_461]
	at sun.reflect.DelegatingMethodAccessorImpl.invoke(DelegatingMethodAccessorImpl.java:43) ~[?:1.8.0_461]
	at java.lang.reflect.Method.invoke(Method.java:498) ~[?:1.8.0_461]
	at org.springframework.web.method.support.InvocableHandlerMethod.doInvoke(InvocableHandlerMethod.java:190) ~[spring-web-5.2.4.RELEASE.jar:5.2.4.RELEASE]
	at org.springframework.web.method.support.InvocableHandlerMethod.invokeForRequest(InvocableHandlerMethod.java:138) ~[spring-web-5.2.4.RELEASE.jar:5.2.4.RELEASE]
	at org.springframework.web.servlet.mvc.method.annotation.ServletInvocableHandlerMethod.invokeAndHandle(ServletInvocableHandlerMethod.java:106) ~[spring-webmvc-5.2.4.RELEASE.jar:5.2.4.RELEASE]
	at org.springframework.web.servlet.mvc.method.annotation.RequestMappingHandlerAdapter.invokeHandlerMethod(RequestMappingHandlerAdapter.java:879) ~[spring-webmvc-5.2.4.RELEASE.jar:5.2.4.RELEASE]
	at org.springframework.web.servlet.mvc.method.annotation.RequestMappingHandlerAdapter.handleInternal(RequestMappingHandlerAdapter.java:793) ~[spring-webmvc-5.2.4.RELEASE.jar:5.2.4.RELEASE]
	at org.springframework.web.servlet.mvc.method.AbstractHandlerMethodAdapter.handle(AbstractHandlerMethodAdapter.java:87) ~[spring-webmvc-5.2.4.RELEASE.jar:5.2.4.RELEASE]
	at org.springframework.web.servlet.DispatcherServlet.doDispatch(DispatcherServlet.java:1040) [spring-webmvc-5.2.4.RELEASE.jar:5.2.4.RELEASE]
	at org.springframework.web.servlet.DispatcherServlet.doService(DispatcherServlet.java:943) [spring-webmvc-5.2.4.RELEASE.jar:5.2.4.RELEASE]
	at org.springframework.web.servlet.FrameworkServlet.processRequest(FrameworkServlet.java:1006) [spring-webmvc-5.2.4.RELEASE.jar:5.2.4.RELEASE]
	at org.springframework.web.servlet.FrameworkServlet.doGet(FrameworkServlet.java:898) [spring-webmvc-5.2.4.RELEASE.jar:5.2.4.RELEASE]
	at javax.servlet.http.HttpServlet.service(HttpServlet.java:634) [tomcat-embed-core-9.0.31.jar:9.0.31]
	at org.springframework.web.servlet.FrameworkServlet.service(FrameworkServlet.java:883) [spring-webmvc-5.2.4.RELEASE.jar:5.2.4.RELEASE]
	at javax.servlet.http.HttpServlet.service(HttpServlet.java:741) [tomcat-embed-core-9.0.31.jar:9.0.31]
	at org.apache.catalina.core.ApplicationFilterChain.internalDoFilter(ApplicationFilterChain.java:231) [tomcat-embed-core-9.0.31.jar:9.0.31]
	at org.apache.catalina.core.ApplicationFilterChain.doFilter(ApplicationFilterChain.java:166) [tomcat-embed-core-9.0.31.jar:9.0.31]
	at org.apache.tomcat.websocket.server.WsFilter.doFilter(WsFilter.java:53) [tomcat-embed-websocket-9.0.31.jar:9.0.31]
	at org.apache.catalina.core.ApplicationFilterChain.internalDoFilter(ApplicationFilterChain.java:193) [tomcat-embed-core-9.0.31.jar:9.0.31]
	at org.apache.catalina.core.ApplicationFilterChain.doFilter(ApplicationFilterChain.java:166) [tomcat-embed-core-9.0.31.jar:9.0.31]
	at org.springframework.web.filter.RequestContextFilter.doFilterInternal(RequestContextFilter.java:100) [spring-web-5.2.4.RELEASE.jar:5.2.4.RELEASE]
	at org.springframework.web.filter.OncePerRequestFilter.doFilter(OncePerRequestFilter.java:119) [spring-web-5.2.4.RELEASE.jar:5.2.4.RELEASE]
	at org.apache.catalina.core.ApplicationFilterChain.internalDoFilter(ApplicationFilterChain.java:193) [tomcat-embed-core-9.0.31.jar:9.0.31]
	at org.apache.catalina.core.ApplicationFilterChain.doFilter(ApplicationFilterChain.java:166) [tomcat-embed-core-9.0.31.jar:9.0.31]
	at org.springframework.web.filter.FormContentFilter.doFilterInternal(FormContentFilter.java:93) [spring-web-5.2.4.RELEASE.jar:5.2.4.RELEASE]
	at org.springframework.web.filter.OncePerRequestFilter.doFilter(OncePerRequestFilter.java:119) [spring-web-5.2.4.RELEASE.jar:5.2.4.RELEASE]
	at org.apache.catalina.core.ApplicationFilterChain.internalDoFilter(ApplicationFilterChain.java:193) [tomcat-embed-core-9.0.31.jar:9.0.31]
	at org.apache.catalina.core.ApplicationFilterChain.doFilter(ApplicationFilterChain.java:166) [tomcat-embed-core-9.0.31.jar:9.0.31]
	at org.springframework.web.filter.CharacterEncodingFilter.doFilterInternal(CharacterEncodingFilter.java:201) [spring-web-5.2.4.RELEASE.jar:5.2.4.RELEASE]
	at org.springframework.web.filter.OncePerRequestFilter.doFilter(OncePerRequestFilter.java:119) [spring-web-5.2.4.RELEASE.jar:5.2.4.RELEASE]
	at org.apache.catalina.core.ApplicationFilterChain.internalDoFilter(ApplicationFilterChain.java:193) [tomcat-embed-core-9.0.31.jar:9.0.31]
	at org.apache.catalina.core.ApplicationFilterChain.doFilter(ApplicationFilterChain.java:166) [tomcat-embed-core-9.0.31.jar:9.0.31]
	at org.apache.catalina.core.StandardWrapperValve.invoke(StandardWrapperValve.java:202) [tomcat-embed-core-9.0.31.jar:9.0.31]
	at org.apache.catalina.core.StandardContextValve.invoke(StandardContextValve.java:96) [tomcat-embed-core-9.0.31.jar:9.0.31]
	at org.apache.catalina.authenticator.AuthenticatorBase.invoke(AuthenticatorBase.java:541) [tomcat-embed-core-9.0.31.jar:9.0.31]
	at org.apache.catalina.core.StandardHostValve.invoke(StandardHostValve.java:139) [tomcat-embed-core-9.0.31.jar:9.0.31]
	at org.apache.catalina.valves.ErrorReportValve.invoke(ErrorReportValve.java:92) [tomcat-embed-core-9.0.31.jar:9.0.31]
	at org.apache.catalina.core.StandardEngineValve.invoke(StandardEngineValve.java:74) [tomcat-embed-core-9.0.31.jar:9.0.31]
	at org.apache.catalina.connector.CoyoteAdapter.service(CoyoteAdapter.java:343) [tomcat-embed-core-9.0.31.jar:9.0.31]
	at org.apache.coyote.http11.Http11Processor.service(Http11Processor.java:367) [tomcat-embed-core-9.0.31.jar:9.0.31]
	at org.apache.coyote.AbstractProcessorLight.process(AbstractProcessorLight.java:65) [tomcat-embed-core-9.0.31.jar:9.0.31]
	at org.apache.coyote.AbstractProtocol$ConnectionHandler.process(AbstractProtocol.java:868) [tomcat-embed-core-9.0.31.jar:9.0.31]
	at org.apache.tomcat.util.net.NioEndpoint$SocketProcessor.doRun(NioEndpoint.java:1639) [tomcat-embed-core-9.0.31.jar:9.0.31]
	at org.apache.tomcat.util.net.SocketProcessorBase.run(SocketProcessorBase.java:49) [tomcat-embed-core-9.0.31.jar:9.0.31]
	at java.util.concurrent.ThreadPoolExecutor.runWorker(ThreadPoolExecutor.java:1149) [?:1.8.0_461]
	at java.util.concurrent.ThreadPoolExecutor$Worker.run(ThreadPoolExecutor.java:624) [?:1.8.0_461]
	at org.apache.tomcat.util.threads.TaskThread$WrappingRunnable.run(TaskThread.java:61) [tomcat-embed-core-9.0.31.jar:9.0.31]
	at java.lang.Thread.run(Thread.java:750) [?:1.8.0_461]
Caused by: java.sql.SQLSyntaxErrorException: Unknown column 'product_category' in 'field list'
	at com.mysql.cj.jdbc.exceptions.SQLError.createSQLException(SQLError.java:118) ~[mysql-connector-java-8.0.11.jar:8.0.11]
	at com.mysql.cj.jdbc.exceptions.SQLError.createSQLException(SQLError.java:95) ~[mysql-connector-java-8.0.11.jar:8.0.11]
	at com.mysql.cj.jdbc.exceptions.SQLExceptionsMapping.translateException(SQLExceptionsMapping.java:122) ~[mysql-connector-java-8.0.11.jar:8.0.11]
	at com.mysql.cj.jdbc.ClientPreparedStatement.executeInternal(ClientPreparedStatement.java:960) ~[mysql-connector-java-8.0.11.jar:8.0.11]
	at com.mysql.cj.jdbc.ClientPreparedStatement.execute(ClientPreparedStatement.java:388) ~[mysql-connector-java-8.0.11.jar:8.0.11]
	at com.alibaba.druid.pool.DruidPooledPreparedStatement.execute(DruidPooledPreparedStatement.java:497) ~[druid-1.2.8.jar:1.2.8]
	at sun.reflect.GeneratedMethodAccessor85.invoke(Unknown Source) ~[?:?]
	at sun.reflect.DelegatingMethodAccessorImpl.invoke(DelegatingMethodAccessorImpl.java:43) ~[?:1.8.0_461]
	at java.lang.reflect.Method.invoke(Method.java:498) ~[?:1.8.0_461]
	at org.apache.ibatis.logging.jdbc.PreparedStatementLogger.invoke(PreparedStatementLogger.java:59) ~[mybatis-3.5.7.jar:3.5.7]
	at com.sun.proxy.$Proxy149.execute(Unknown Source) ~[?:?]
	at org.apache.ibatis.executor.statement.PreparedStatementHandler.query(PreparedStatementHandler.java:64) ~[mybatis-3.5.7.jar:3.5.7]
	at org.apache.ibatis.executor.statement.RoutingStatementHandler.query(RoutingStatementHandler.java:79) ~[mybatis-3.5.7.jar:3.5.7]
	at sun.reflect.GeneratedMethodAccessor84.invoke(Unknown Source) ~[?:?]
	at sun.reflect.DelegatingMethodAccessorImpl.invoke(DelegatingMethodAccessorImpl.java:43) ~[?:1.8.0_461]
	at java.lang.reflect.Method.invoke(Method.java:498) ~[?:1.8.0_461]
	at org.apache.ibatis.plugin.Plugin.invoke(Plugin.java:64) ~[mybatis-3.5.7.jar:3.5.7]
	at com.sun.proxy.$Proxy147.query(Unknown Source) ~[?:?]
	at org.apache.ibatis.executor.SimpleExecutor.doQuery(SimpleExecutor.java:63) ~[mybatis-3.5.7.jar:3.5.7]
	at org.apache.ibatis.executor.BaseExecutor.queryFromDatabase(BaseExecutor.java:325) ~[mybatis-3.5.7.jar:3.5.7]
	at org.apache.ibatis.executor.BaseExecutor.query(BaseExecutor.java:156) ~[mybatis-3.5.7.jar:3.5.7]
	at org.apache.ibatis.executor.CachingExecutor.query(CachingExecutor.java:109) ~[mybatis-3.5.7.jar:3.5.7]
	at com.baomidou.mybatisplus.extension.plugins.MybatisPlusInterceptor.intercept(MybatisPlusInterceptor.java:81) ~[mybatis-plus-extension-3.4.3.1.jar:3.4.3.1]
	at org.apache.ibatis.plugin.Plugin.invoke(Plugin.java:62) ~[mybatis-3.5.7.jar:3.5.7]
	at com.sun.proxy.$Proxy146.query(Unknown Source) ~[?:?]
	at org.apache.ibatis.session.defaults.DefaultSqlSession.selectList(DefaultSqlSession.java:151) ~[mybatis-3.5.7.jar:3.5.7]
	at org.apache.ibatis.session.defaults.DefaultSqlSession.selectList(DefaultSqlSession.java:145) ~[mybatis-3.5.7.jar:3.5.7]
	at org.apache.ibatis.session.defaults.DefaultSqlSession.selectList(DefaultSqlSession.java:140) ~[mybatis-3.5.7.jar:3.5.7]
	at sun.reflect.GeneratedMethodAccessor98.invoke(Unknown Source) ~[?:?]
	at sun.reflect.DelegatingMethodAccessorImpl.invoke(DelegatingMethodAccessorImpl.java:43) ~[?:1.8.0_461]
	at java.lang.reflect.Method.invoke(Method.java:498) ~[?:1.8.0_461]
	at org.mybatis.spring.SqlSessionTemplate$SqlSessionInterceptor.invoke(SqlSessionTemplate.java:427) ~[mybatis-spring-2.0.6.jar:2.0.6]
	... 73 more
2026-05-05 00:23:39.509 [http-nio-5000-exec-6] WARN  org.springframework.web.servlet.mvc.method.annotation.ExceptionHandlerExceptionResolver - Resolved [org.springframework.jdbc.BadSqlGrammarException: 
### Error querying database.  Cause: java.sql.SQLSyntaxErrorException: Unknown column 'product_category' in 'field list'
### The error may exist in file [/home/yuan/Desktop/bishe-main/target/classes/mapper/BaseMapper.xml]
### The error may involve defaultParameterMap
### The error occurred while setting parameters
### SQL: select COUNT(*) AS count, product_category from `sales_information`  WHERE is_delete = 0 group by product_category
### Cause: java.sql.SQLSyntaxErrorException: Unknown column 'product_category' in 'field list'
; bad SQL grammar []; nested exception is java.sql.SQLSyntaxErrorException: Unknown column 'product_category' in 'field list']
2026-05-05 00:23:39.571 [http-nio-5000-exec-5] INFO  com.project.demo.interceptor.LoginInterceptor - [请求接口] - http://localhost:5000/api/inventory_information/list_group , [请求类型] - GET
2026-05-05 00:23:39.571 [http-nio-5000-exec-5] INFO  com.project.demo.service.base.BaseService - 生成的最终SQL:  WHERE is_delete = 0 
2026-05-05 00:23:39.571 [http-nio-5000-exec-5] INFO  com.project.demo.service.base.BaseService - [inventory_information] - 查询操作，sql: select COUNT(*) AS count, product_category from `inventory_information`  WHERE is_delete = 0 group by product_category 
2026-05-05 00:23:39.573 [http-nio-5000-exec-8] INFO  com.project.demo.interceptor.LoginInterceptor - [请求接口] - http://localhost:5000/api/auth/get_list , [请求类型] - GET
2026-05-05 00:23:39.574 [http-nio-5000-exec-8] INFO  com.project.demo.service.base.BaseService - 生成的最终SQL:  WHERE `user_group` = '管理员'  
2026-05-05 00:23:39.574 [http-nio-5000-exec-8] INFO  com.project.demo.service.base.BaseService - [auth] - 查询操作，sql: select * from `auth` WHERE `user_group` = '管理员'  
2026-05-05 00:23:39.574 [http-nio-5000-exec-5] ERROR com.project.demo.exception.GlobalExceptionHandler - 运行时异常: 
org.springframework.jdbc.BadSqlGrammarException: 
### Error querying database.  Cause: java.sql.SQLSyntaxErrorException: Unknown column 'product_category' in 'field list'
### The error may exist in file [/home/yuan/Desktop/bishe-main/target/classes/mapper/BaseMapper.xml]
### The error may involve defaultParameterMap
### The error occurred while setting parameters
### SQL: select COUNT(*) AS count, product_category from `inventory_information`  WHERE is_delete = 0 group by product_category
### Cause: java.sql.SQLSyntaxErrorException: Unknown column 'product_category' in 'field list'
; bad SQL grammar []; nested exception is java.sql.SQLSyntaxErrorException: Unknown column 'product_category' in 'field list'
	at org.springframework.jdbc.support.SQLErrorCodeSQLExceptionTranslator.doTranslate(SQLErrorCodeSQLExceptionTranslator.java:235) ~[spring-jdbc-5.2.4.RELEASE.jar:5.2.4.RELEASE]
	at org.springframework.jdbc.support.AbstractFallbackSQLExceptionTranslator.translate(AbstractFallbackSQLExceptionTranslator.java:72) ~[spring-jdbc-5.2.4.RELEASE.jar:5.2.4.RELEASE]
	at org.mybatis.spring.MyBatisExceptionTranslator.translateExceptionIfPossible(MyBatisExceptionTranslator.java:91) ~[mybatis-spring-2.0.6.jar:2.0.6]
	at org.mybatis.spring.SqlSessionTemplate$SqlSessionInterceptor.invoke(SqlSessionTemplate.java:441) ~[mybatis-spring-2.0.6.jar:2.0.6]
	at com.sun.proxy.$Proxy113.selectList(Unknown Source) ~[?:?]
	at org.mybatis.spring.SqlSessionTemplate.selectList(SqlSessionTemplate.java:224) ~[mybatis-spring-2.0.6.jar:2.0.6]
	at com.baomidou.mybatisplus.core.override.MybatisMapperMethod.executeForMany(MybatisMapperMethod.java:166) ~[mybatis-plus-core-3.4.3.1.jar:3.4.3.1]
	at com.baomidou.mybatisplus.core.override.MybatisMapperMethod.execute(MybatisMapperMethod.java:77) ~[mybatis-plus-core-3.4.3.1.jar:3.4.3.1]
	at com.baomidou.mybatisplus.core.override.MybatisMapperProxy$PlainMethodInvoker.invoke(MybatisMapperProxy.java:148) ~[mybatis-plus-core-3.4.3.1.jar:3.4.3.1]
	at com.baomidou.mybatisplus.core.override.MybatisMapperProxy.invoke(MybatisMapperProxy.java:89) ~[mybatis-plus-core-3.4.3.1.jar:3.4.3.1]
	at com.sun.proxy.$Proxy124.selectBaseList(Unknown Source) ~[?:?]
	at com.project.demo.service.base.BaseService.selectToList(BaseService.java:85) ~[classes/:?]
	at com.project.demo.service.base.BaseService$$FastClassBySpringCGLIB$$504c7e9.invoke(<generated>) ~[classes/:?]
	at org.springframework.cglib.proxy.MethodProxy.invoke(MethodProxy.java:218) ~[spring-core-5.2.4.RELEASE.jar:5.2.4.RELEASE]
	at org.springframework.aop.framework.CglibAopProxy$CglibMethodInvocation.invokeJoinpoint(CglibAopProxy.java:769) ~[spring-aop-5.2.4.RELEASE.jar:5.2.4.RELEASE]
	at org.springframework.aop.framework.ReflectiveMethodInvocation.proceed(ReflectiveMethodInvocation.java:163) ~[spring-aop-5.2.4.RELEASE.jar:5.2.4.RELEASE]
	at org.springframework.aop.framework.CglibAopProxy$CglibMethodInvocation.proceed(CglibAopProxy.java:747) ~[spring-aop-5.2.4.RELEASE.jar:5.2.4.RELEASE]
	at org.springframework.aop.interceptor.ExposeInvocationInterceptor.invoke(ExposeInvocationInterceptor.java:95) ~[spring-aop-5.2.4.RELEASE.jar:5.2.4.RELEASE]
	at org.springframework.aop.framework.ReflectiveMethodInvocation.proceed(ReflectiveMethodInvocation.java:186) ~[spring-aop-5.2.4.RELEASE.jar:5.2.4.RELEASE]
	at org.springframework.aop.framework.CglibAopProxy$CglibMethodInvocation.proceed(CglibAopProxy.java:747) ~[spring-aop-5.2.4.RELEASE.jar:5.2.4.RELEASE]
	at org.springframework.aop.framework.CglibAopProxy$DynamicAdvisedInterceptor.intercept(CglibAopProxy.java:689) ~[spring-aop-5.2.4.RELEASE.jar:5.2.4.RELEASE]
	at com.project.demo.service.InventoryInformationService$$EnhancerBySpringCGLIB$$85cdf09.selectToList(<generated>) ~[classes/:?]
	at com.project.demo.controller.base.BaseController.listGroup(BaseController.java:82) ~[classes/:?]
	at com.project.demo.controller.base.BaseController$$FastClassBySpringCGLIB$$72c28101.invoke(<generated>) ~[classes/:?]
	at org.springframework.cglib.proxy.MethodProxy.invoke(MethodProxy.java:218) ~[spring-core-5.2.4.RELEASE.jar:5.2.4.RELEASE]
	at org.springframework.aop.framework.CglibAopProxy$DynamicAdvisedInterceptor.intercept(CglibAopProxy.java:685) ~[spring-aop-5.2.4.RELEASE.jar:5.2.4.RELEASE]
	at com.project.demo.controller.InventoryInformationController$$EnhancerBySpringCGLIB$$3b6bc4b4.listGroup(<generated>) ~[classes/:?]
	at sun.reflect.NativeMethodAccessorImpl.invoke0(Native Method) ~[?:1.8.0_461]
	at sun.reflect.NativeMethodAccessorImpl.invoke(NativeMethodAccessorImpl.java:62) ~[?:1.8.0_461]
	at sun.reflect.DelegatingMethodAccessorImpl.invoke(DelegatingMethodAccessorImpl.java:43) ~[?:1.8.0_461]
	at java.lang.reflect.Method.invoke(Method.java:498) ~[?:1.8.0_461]
	at org.springframework.web.method.support.InvocableHandlerMethod.doInvoke(InvocableHandlerMethod.java:190) ~[spring-web-5.2.4.RELEASE.jar:5.2.4.RELEASE]
	at org.springframework.web.method.support.InvocableHandlerMethod.invokeForRequest(InvocableHandlerMethod.java:138) ~[spring-web-5.2.4.RELEASE.jar:5.2.4.RELEASE]
	at org.springframework.web.servlet.mvc.method.annotation.ServletInvocableHandlerMethod.invokeAndHandle(ServletInvocableHandlerMethod.java:106) ~[spring-webmvc-5.2.4.RELEASE.jar:5.2.4.RELEASE]
	at org.springframework.web.servlet.mvc.method.annotation.RequestMappingHandlerAdapter.invokeHandlerMethod(RequestMappingHandlerAdapter.java:879) ~[spring-webmvc-5.2.4.RELEASE.jar:5.2.4.RELEASE]
	at org.springframework.web.servlet.mvc.method.annotation.RequestMappingHandlerAdapter.handleInternal(RequestMappingHandlerAdapter.java:793) ~[spring-webmvc-5.2.4.RELEASE.jar:5.2.4.RELEASE]
	at org.springframework.web.servlet.mvc.method.AbstractHandlerMethodAdapter.handle(AbstractHandlerMethodAdapter.java:87) ~[spring-webmvc-5.2.4.RELEASE.jar:5.2.4.RELEASE]
	at org.springframework.web.servlet.DispatcherServlet.doDispatch(DispatcherServlet.java:1040) [spring-webmvc-5.2.4.RELEASE.jar:5.2.4.RELEASE]
	at org.springframework.web.servlet.DispatcherServlet.doService(DispatcherServlet.java:943) [spring-webmvc-5.2.4.RELEASE.jar:5.2.4.RELEASE]
	at org.springframework.web.servlet.FrameworkServlet.processRequest(FrameworkServlet.java:1006) [spring-webmvc-5.2.4.RELEASE.jar:5.2.4.RELEASE]
	at org.springframework.web.servlet.FrameworkServlet.doGet(FrameworkServlet.java:898) [spring-webmvc-5.2.4.RELEASE.jar:5.2.4.RELEASE]
	at javax.servlet.http.HttpServlet.service(HttpServlet.java:634) [tomcat-embed-core-9.0.31.jar:9.0.31]
	at org.springframework.web.servlet.FrameworkServlet.service(FrameworkServlet.java:883) [spring-webmvc-5.2.4.RELEASE.jar:5.2.4.RELEASE]
	at javax.servlet.http.HttpServlet.service(HttpServlet.java:741) [tomcat-embed-core-9.0.31.jar:9.0.31]
	at org.apache.catalina.core.ApplicationFilterChain.internalDoFilter(ApplicationFilterChain.java:231) [tomcat-embed-core-9.0.31.jar:9.0.31]
	at org.apache.catalina.core.ApplicationFilterChain.doFilter(ApplicationFilterChain.java:166) [tomcat-embed-core-9.0.31.jar:9.0.31]
	at org.apache.tomcat.websocket.server.WsFilter.doFilter(WsFilter.java:53) [tomcat-embed-websocket-9.0.31.jar:9.0.31]
	at org.apache.catalina.core.ApplicationFilterChain.internalDoFilter(ApplicationFilterChain.java:193) [tomcat-embed-core-9.0.31.jar:9.0.31]
	at org.apache.catalina.core.ApplicationFilterChain.doFilter(ApplicationFilterChain.java:166) [tomcat-embed-core-9.0.31.jar:9.0.31]
	at org.springframework.web.filter.RequestContextFilter.doFilterInternal(RequestContextFilter.java:100) [spring-web-5.2.4.RELEASE.jar:5.2.4.RELEASE]
	at org.springframework.web.filter.OncePerRequestFilter.doFilter(OncePerRequestFilter.java:119) [spring-web-5.2.4.RELEASE.jar:5.2.4.RELEASE]
	at org.apache.catalina.core.ApplicationFilterChain.internalDoFilter(ApplicationFilterChain.java:193) [tomcat-embed-core-9.0.31.jar:9.0.31]
	at org.apache.catalina.core.ApplicationFilterChain.doFilter(ApplicationFilterChain.java:166) [tomcat-embed-core-9.0.31.jar:9.0.31]
	at org.springframework.web.filter.FormContentFilter.doFilterInternal(FormContentFilter.java:93) [spring-web-5.2.4.RELEASE.jar:5.2.4.RELEASE]
	at org.springframework.web.filter.OncePerRequestFilter.doFilter(OncePerRequestFilter.java:119) [spring-web-5.2.4.RELEASE.jar:5.2.4.RELEASE]
	at org.apache.catalina.core.ApplicationFilterChain.internalDoFilter(ApplicationFilterChain.java:193) [tomcat-embed-core-9.0.31.jar:9.0.31]
	at org.apache.catalina.core.ApplicationFilterChain.doFilter(ApplicationFilterChain.java:166) [tomcat-embed-core-9.0.31.jar:9.0.31]
	at org.springframework.web.filter.CharacterEncodingFilter.doFilterInternal(CharacterEncodingFilter.java:201) [spring-web-5.2.4.RELEASE.jar:5.2.4.RELEASE]
	at org.springframework.web.filter.OncePerRequestFilter.doFilter(OncePerRequestFilter.java:119) [spring-web-5.2.4.RELEASE.jar:5.2.4.RELEASE]
	at org.apache.catalina.core.ApplicationFilterChain.internalDoFilter(ApplicationFilterChain.java:193) [tomcat-embed-core-9.0.31.jar:9.0.31]
	at org.apache.catalina.core.ApplicationFilterChain.doFilter(ApplicationFilterChain.java:166) [tomcat-embed-core-9.0.31.jar:9.0.31]
	at org.apache.catalina.core.StandardWrapperValve.invoke(StandardWrapperValve.java:202) [tomcat-embed-core-9.0.31.jar:9.0.31]
	at org.apache.catalina.core.StandardContextValve.invoke(StandardContextValve.java:96) [tomcat-embed-core-9.0.31.jar:9.0.31]
	at org.apache.catalina.authenticator.AuthenticatorBase.invoke(AuthenticatorBase.java:541) [tomcat-embed-core-9.0.31.jar:9.0.31]
	at org.apache.catalina.core.StandardHostValve.invoke(StandardHostValve.java:139) [tomcat-embed-core-9.0.31.jar:9.0.31]
	at org.apache.catalina.valves.ErrorReportValve.invoke(ErrorReportValve.java:92) [tomcat-embed-core-9.0.31.jar:9.0.31]
	at org.apache.catalina.core.StandardEngineValve.invoke(StandardEngineValve.java:74) [tomcat-embed-core-9.0.31.jar:9.0.31]
	at org.apache.catalina.connector.CoyoteAdapter.service(CoyoteAdapter.java:343) [tomcat-embed-core-9.0.31.jar:9.0.31]
	at org.apache.coyote.http11.Http11Processor.service(Http11Processor.java:367) [tomcat-embed-core-9.0.31.jar:9.0.31]
	at org.apache.coyote.AbstractProcessorLight.process(AbstractProcessorLight.java:65) [tomcat-embed-core-9.0.31.jar:9.0.31]
	at org.apache.coyote.AbstractProtocol$ConnectionHandler.process(AbstractProtocol.java:868) [tomcat-embed-core-9.0.31.jar:9.0.31]
	at org.apache.tomcat.util.net.NioEndpoint$SocketProcessor.doRun(NioEndpoint.java:1639) [tomcat-embed-core-9.0.31.jar:9.0.31]
	at org.apache.tomcat.util.net.SocketProcessorBase.run(SocketProcessorBase.java:49) [tomcat-embed-core-9.0.31.jar:9.0.31]
	at java.util.concurrent.ThreadPoolExecutor.runWorker(ThreadPoolExecutor.java:1149) [?:1.8.0_461]
	at java.util.concurrent.ThreadPoolExecutor$Worker.run(ThreadPoolExecutor.java:624) [?:1.8.0_461]
	at org.apache.tomcat.util.threads.TaskThread$WrappingRunnable.run(TaskThread.java:61) [tomcat-embed-core-9.0.31.jar:9.0.31]
	at java.lang.Thread.run(Thread.java:750) [?:1.8.0_461]
Caused by: java.sql.SQLSyntaxErrorException: Unknown column 'product_category' in 'field list'
	at com.mysql.cj.jdbc.exceptions.SQLError.createSQLException(SQLError.java:118) ~[mysql-connector-java-8.0.11.jar:8.0.11]
	at com.mysql.cj.jdbc.exceptions.SQLError.createSQLException(SQLError.java:95) ~[mysql-connector-java-8.0.11.jar:8.0.11]
	at com.mysql.cj.jdbc.exceptions.SQLExceptionsMapping.translateException(SQLExceptionsMapping.java:122) ~[mysql-connector-java-8.0.11.jar:8.0.11]
	at com.mysql.cj.jdbc.ClientPreparedStatement.executeInternal(ClientPreparedStatement.java:960) ~[mysql-connector-java-8.0.11.jar:8.0.11]
	at com.mysql.cj.jdbc.ClientPreparedStatement.execute(ClientPreparedStatement.java:388) ~[mysql-connector-java-8.0.11.jar:8.0.11]
	at com.alibaba.druid.pool.DruidPooledPreparedStatement.execute(DruidPooledPreparedStatement.java:497) ~[druid-1.2.8.jar:1.2.8]
	at sun.reflect.GeneratedMethodAccessor85.invoke(Unknown Source) ~[?:?]
	at sun.reflect.DelegatingMethodAccessorImpl.invoke(DelegatingMethodAccessorImpl.java:43) ~[?:1.8.0_461]
	at java.lang.reflect.Method.invoke(Method.java:498) ~[?:1.8.0_461]
	at org.apache.ibatis.logging.jdbc.PreparedStatementLogger.invoke(PreparedStatementLogger.java:59) ~[mybatis-3.5.7.jar:3.5.7]
	at com.sun.proxy.$Proxy149.execute(Unknown Source) ~[?:?]
	at org.apache.ibatis.executor.statement.PreparedStatementHandler.query(PreparedStatementHandler.java:64) ~[mybatis-3.5.7.jar:3.5.7]
	at org.apache.ibatis.executor.statement.RoutingStatementHandler.query(RoutingStatementHandler.java:79) ~[mybatis-3.5.7.jar:3.5.7]
	at sun.reflect.GeneratedMethodAccessor84.invoke(Unknown Source) ~[?:?]
	at sun.reflect.DelegatingMethodAccessorImpl.invoke(DelegatingMethodAccessorImpl.java:43) ~[?:1.8.0_461]
	at java.lang.reflect.Method.invoke(Method.java:498) ~[?:1.8.0_461]
	at org.apache.ibatis.plugin.Plugin.invoke(Plugin.java:64) ~[mybatis-3.5.7.jar:3.5.7]
	at com.sun.proxy.$Proxy147.query(Unknown Source) ~[?:?]
	at org.apache.ibatis.executor.SimpleExecutor.doQuery(SimpleExecutor.java:63) ~[mybatis-3.5.7.jar:3.5.7]
	at org.apache.ibatis.executor.BaseExecutor.queryFromDatabase(BaseExecutor.java:325) ~[mybatis-3.5.7.jar:3.5.7]
	at org.apache.ibatis.executor.BaseExecutor.query(BaseExecutor.java:156) ~[mybatis-3.5.7.jar:3.5.7]
	at org.apache.ibatis.executor.CachingExecutor.query(CachingExecutor.java:109) ~[mybatis-3.5.7.jar:3.5.7]
	at com.baomidou.mybatisplus.extension.plugins.MybatisPlusInterceptor.intercept(MybatisPlusInterceptor.java:81) ~[mybatis-plus-extension-3.4.3.1.jar:3.4.3.1]
	at org.apache.ibatis.plugin.Plugin.invoke(Plugin.java:62) ~[mybatis-3.5.7.jar:3.5.7]
	at com.sun.proxy.$Proxy146.query(Unknown Source) ~[?:?]
	at org.apache.ibatis.session.defaults.DefaultSqlSession.selectList(DefaultSqlSession.java:151) ~[mybatis-3.5.7.jar:3.5.7]
	at org.apache.ibatis.session.defaults.DefaultSqlSession.selectList(DefaultSqlSession.java:145) ~[mybatis-3.5.7.jar:3.5.7]
	at org.apache.ibatis.session.defaults.DefaultSqlSession.selectList(DefaultSqlSession.java:140) ~[mybatis-3.5.7.jar:3.5.7]
	at sun.reflect.GeneratedMethodAccessor98.invoke(Unknown Source) ~[?:?]
	at sun.reflect.DelegatingMethodAccessorImpl.invoke(DelegatingMethodAccessorImpl.java:43) ~[?:1.8.0_461]
	at java.lang.reflect.Method.invoke(Method.java:498) ~[?:1.8.0_461]
	at org.mybatis.spring.SqlSessionTemplate$SqlSessionInterceptor.invoke(SqlSessionTemplate.java:427) ~[mybatis-spring-2.0.6.jar:2.0.6]
	... 73 more
2026-05-05 00:23:39.583 [http-nio-5000-exec-5] WARN  org.springframework.web.servlet.mvc.method.annotation.ExceptionHandlerExceptionResolver - Resolved [org.springframework.jdbc.BadSqlGrammarException: 
### Error querying database.  Cause: java.sql.SQLSyntaxErrorException: Unknown column 'product_category' in 'field list'
### The error may exist in file [/home/yuan/Desktop/bishe-main/target/classes/mapper/BaseMapper.xml]
### The error may involve defaultParameterMap
### The error occurred while setting parameters
### SQL: select COUNT(*) AS count, product_category from `inventory_information`  WHERE is_delete = 0 group by product_category
### Cause: java.sql.SQLSyntaxErrorException: Unknown column 'product_category' in 'field list'
; bad SQL grammar []; nested exception is java.sql.SQLSyntaxErrorException: Unknown column 'product_category' in 'field list']
2026-05-05 00:23:39.588 [http-nio-5000-exec-8] INFO  com.project.demo.service.base.BaseService - 生成的最终SQL:  WHERE `user_group` = '管理员'  
2026-05-05 00:23:39.589 [http-nio-5000-exec-8] INFO  com.project.demo.service.base.BaseService - [auth] - 统计操作，sql: SELECT COUNT(*) FROM `auth` WHERE `user_group` = '管理员'  
2026-05-05 00:23:39.639 [http-nio-5000-exec-1] INFO  com.project.demo.interceptor.LoginInterceptor - [请求接口] - http://localhost:5000/api/inventory_information/list_group , [请求类型] - GET
2026-05-05 00:23:39.640 [http-nio-5000-exec-1] INFO  com.project.demo.service.base.BaseService - 生成的最终SQL:  WHERE is_delete = 0 
2026-05-05 00:23:39.640 [http-nio-5000-exec-1] INFO  com.project.demo.service.base.BaseService - [inventory_information] - 查询操作，sql: select COUNT(*) AS count, product_category from `inventory_information`  WHERE is_delete = 0 group by product_category 
2026-05-05 00:23:39.642 [http-nio-5000-exec-1] ERROR com.project.demo.exception.GlobalExceptionHandler - 运行时异常: 
org.springframework.jdbc.BadSqlGrammarException: 
### Error querying database.  Cause: java.sql.SQLSyntaxErrorException: Unknown column 'product_category' in 'field list'
### The error may exist in file [/home/yuan/Desktop/bishe-main/target/classes/mapper/BaseMapper.xml]
### The error may involve defaultParameterMap
### The error occurred while setting parameters
### SQL: select COUNT(*) AS count, product_category from `inventory_information`  WHERE is_delete = 0 group by product_category
### Cause: java.sql.SQLSyntaxErrorException: Unknown column 'product_category' in 'field list'
; bad SQL grammar []; nested exception is java.sql.SQLSyntaxErrorException: Unknown column 'product_category' in 'field list'
	at org.springframework.jdbc.support.SQLErrorCodeSQLExceptionTranslator.doTranslate(SQLErrorCodeSQLExceptionTranslator.java:235) ~[spring-jdbc-5.2.4.RELEASE.jar:5.2.4.RELEASE]
	at org.springframework.jdbc.support.AbstractFallbackSQLExceptionTranslator.translate(AbstractFallbackSQLExceptionTranslator.java:72) ~[spring-jdbc-5.2.4.RELEASE.jar:5.2.4.RELEASE]
	at org.mybatis.spring.MyBatisExceptionTranslator.translateExceptionIfPossible(MyBatisExceptionTranslator.java:91) ~[mybatis-spring-2.0.6.jar:2.0.6]
	at org.mybatis.spring.SqlSessionTemplate$SqlSessionInterceptor.invoke(SqlSessionTemplate.java:441) ~[mybatis-spring-2.0.6.jar:2.0.6]
	at com.sun.proxy.$Proxy113.selectList(Unknown Source) ~[?:?]
	at org.mybatis.spring.SqlSessionTemplate.selectList(SqlSessionTemplate.java:224) ~[mybatis-spring-2.0.6.jar:2.0.6]
	at com.baomidou.mybatisplus.core.override.MybatisMapperMethod.executeForMany(MybatisMapperMethod.java:166) ~[mybatis-plus-core-3.4.3.1.jar:3.4.3.1]
	at com.baomidou.mybatisplus.core.override.MybatisMapperMethod.execute(MybatisMapperMethod.java:77) ~[mybatis-plus-core-3.4.3.1.jar:3.4.3.1]
	at com.baomidou.mybatisplus.core.override.MybatisMapperProxy$PlainMethodInvoker.invoke(MybatisMapperProxy.java:148) ~[mybatis-plus-core-3.4.3.1.jar:3.4.3.1]
	at com.baomidou.mybatisplus.core.override.MybatisMapperProxy.invoke(MybatisMapperProxy.java:89) ~[mybatis-plus-core-3.4.3.1.jar:3.4.3.1]
	at com.sun.proxy.$Proxy124.selectBaseList(Unknown Source) ~[?:?]
	at com.project.demo.service.base.BaseService.selectToList(BaseService.java:85) ~[classes/:?]
	at com.project.demo.service.base.BaseService$$FastClassBySpringCGLIB$$504c7e9.invoke(<generated>) ~[classes/:?]
	at org.springframework.cglib.proxy.MethodProxy.invoke(MethodProxy.java:218) ~[spring-core-5.2.4.RELEASE.jar:5.2.4.RELEASE]
	at org.springframework.aop.framework.CglibAopProxy$CglibMethodInvocation.invokeJoinpoint(CglibAopProxy.java:769) ~[spring-aop-5.2.4.RELEASE.jar:5.2.4.RELEASE]
	at org.springframework.aop.framework.ReflectiveMethodInvocation.proceed(ReflectiveMethodInvocation.java:163) ~[spring-aop-5.2.4.RELEASE.jar:5.2.4.RELEASE]
	at org.springframework.aop.framework.CglibAopProxy$CglibMethodInvocation.proceed(CglibAopProxy.java:747) ~[spring-aop-5.2.4.RELEASE.jar:5.2.4.RELEASE]
	at org.springframework.aop.interceptor.ExposeInvocationInterceptor.invoke(ExposeInvocationInterceptor.java:95) ~[spring-aop-5.2.4.RELEASE.jar:5.2.4.RELEASE]
	at org.springframework.aop.framework.ReflectiveMethodInvocation.proceed(ReflectiveMethodInvocation.java:186) ~[spring-aop-5.2.4.RELEASE.jar:5.2.4.RELEASE]
	at org.springframework.aop.framework.CglibAopProxy$CglibMethodInvocation.proceed(CglibAopProxy.java:747) ~[spring-aop-5.2.4.RELEASE.jar:5.2.4.RELEASE]
	at org.springframework.aop.framework.CglibAopProxy$DynamicAdvisedInterceptor.intercept(CglibAopProxy.java:689) ~[spring-aop-5.2.4.RELEASE.jar:5.2.4.RELEASE]
	at com.project.demo.service.InventoryInformationService$$EnhancerBySpringCGLIB$$85cdf09.selectToList(<generated>) ~[classes/:?]
	at com.project.demo.controller.base.BaseController.listGroup(BaseController.java:82) ~[classes/:?]
	at com.project.demo.controller.base.BaseController$$FastClassBySpringCGLIB$$72c28101.invoke(<generated>) ~[classes/:?]
	at org.springframework.cglib.proxy.MethodProxy.invoke(MethodProxy.java:218) ~[spring-core-5.2.4.RELEASE.jar:5.2.4.RELEASE]
	at org.springframework.aop.framework.CglibAopProxy$DynamicAdvisedInterceptor.intercept(CglibAopProxy.java:685) ~[spring-aop-5.2.4.RELEASE.jar:5.2.4.RELEASE]
	at com.project.demo.controller.InventoryInformationController$$EnhancerBySpringCGLIB$$3b6bc4b4.listGroup(<generated>) ~[classes/:?]
	at sun.reflect.NativeMethodAccessorImpl.invoke0(Native Method) ~[?:1.8.0_461]
	at sun.reflect.NativeMethodAccessorImpl.invoke(NativeMethodAccessorImpl.java:62) ~[?:1.8.0_461]
	at sun.reflect.DelegatingMethodAccessorImpl.invoke(DelegatingMethodAccessorImpl.java:43) ~[?:1.8.0_461]
	at java.lang.reflect.Method.invoke(Method.java:498) ~[?:1.8.0_461]
	at org.springframework.web.method.support.InvocableHandlerMethod.doInvoke(InvocableHandlerMethod.java:190) ~[spring-web-5.2.4.RELEASE.jar:5.2.4.RELEASE]
	at org.springframework.web.method.support.InvocableHandlerMethod.invokeForRequest(InvocableHandlerMethod.java:138) ~[spring-web-5.2.4.RELEASE.jar:5.2.4.RELEASE]
	at org.springframework.web.servlet.mvc.method.annotation.ServletInvocableHandlerMethod.invokeAndHandle(ServletInvocableHandlerMethod.java:106) ~[spring-webmvc-5.2.4.RELEASE.jar:5.2.4.RELEASE]
	at org.springframework.web.servlet.mvc.method.annotation.RequestMappingHandlerAdapter.invokeHandlerMethod(RequestMappingHandlerAdapter.java:879) ~[spring-webmvc-5.2.4.RELEASE.jar:5.2.4.RELEASE]
	at org.springframework.web.servlet.mvc.method.annotation.RequestMappingHandlerAdapter.handleInternal(RequestMappingHandlerAdapter.java:793) ~[spring-webmvc-5.2.4.RELEASE.jar:5.2.4.RELEASE]
	at org.springframework.web.servlet.mvc.method.AbstractHandlerMethodAdapter.handle(AbstractHandlerMethodAdapter.java:87) ~[spring-webmvc-5.2.4.RELEASE.jar:5.2.4.RELEASE]
	at org.springframework.web.servlet.DispatcherServlet.doDispatch(DispatcherServlet.java:1040) [spring-webmvc-5.2.4.RELEASE.jar:5.2.4.RELEASE]
	at org.springframework.web.servlet.DispatcherServlet.doService(DispatcherServlet.java:943) [spring-webmvc-5.2.4.RELEASE.jar:5.2.4.RELEASE]
	at org.springframework.web.servlet.FrameworkServlet.processRequest(FrameworkServlet.java:1006) [spring-webmvc-5.2.4.RELEASE.jar:5.2.4.RELEASE]
	at org.springframework.web.servlet.FrameworkServlet.doGet(FrameworkServlet.java:898) [spring-webmvc-5.2.4.RELEASE.jar:5.2.4.RELEASE]
	at javax.servlet.http.HttpServlet.service(HttpServlet.java:634) [tomcat-embed-core-9.0.31.jar:9.0.31]
	at org.springframework.web.servlet.FrameworkServlet.service(FrameworkServlet.java:883) [spring-webmvc-5.2.4.RELEASE.jar:5.2.4.RELEASE]
	at javax.servlet.http.HttpServlet.service(HttpServlet.java:741) [tomcat-embed-core-9.0.31.jar:9.0.31]
	at org.apache.catalina.core.ApplicationFilterChain.internalDoFilter(ApplicationFilterChain.java:231) [tomcat-embed-core-9.0.31.jar:9.0.31]
	at org.apache.catalina.core.ApplicationFilterChain.doFilter(ApplicationFilterChain.java:166) [tomcat-embed-core-9.0.31.jar:9.0.31]
	at org.apache.tomcat.websocket.server.WsFilter.doFilter(WsFilter.java:53) [tomcat-embed-websocket-9.0.31.jar:9.0.31]
	at org.apache.catalina.core.ApplicationFilterChain.internalDoFilter(ApplicationFilterChain.java:193) [tomcat-embed-core-9.0.31.jar:9.0.31]
	at org.apache.catalina.core.ApplicationFilterChain.doFilter(ApplicationFilterChain.java:166) [tomcat-embed-core-9.0.31.jar:9.0.31]
	at org.springframework.web.filter.RequestContextFilter.doFilterInternal(RequestContextFilter.java:100) [spring-web-5.2.4.RELEASE.jar:5.2.4.RELEASE]
	at org.springframework.web.filter.OncePerRequestFilter.doFilter(OncePerRequestFilter.java:119) [spring-web-5.2.4.RELEASE.jar:5.2.4.RELEASE]
	at org.apache.catalina.core.ApplicationFilterChain.internalDoFilter(ApplicationFilterChain.java:193) [tomcat-embed-core-9.0.31.jar:9.0.31]
	at org.apache.catalina.core.ApplicationFilterChain.doFilter(ApplicationFilterChain.java:166) [tomcat-embed-core-9.0.31.jar:9.0.31]
	at org.springframework.web.filter.FormContentFilter.doFilterInternal(FormContentFilter.java:93) [spring-web-5.2.4.RELEASE.jar:5.2.4.RELEASE]
	at org.springframework.web.filter.OncePerRequestFilter.doFilter(OncePerRequestFilter.java:119) [spring-web-5.2.4.RELEASE.jar:5.2.4.RELEASE]
	at org.apache.catalina.core.ApplicationFilterChain.internalDoFilter(ApplicationFilterChain.java:193) [tomcat-embed-core-9.0.31.jar:9.0.31]
	at org.apache.catalina.core.ApplicationFilterChain.doFilter(ApplicationFilterChain.java:166) [tomcat-embed-core-9.0.31.jar:9.0.31]
	at org.springframework.web.filter.CharacterEncodingFilter.doFilterInternal(CharacterEncodingFilter.java:201) [spring-web-5.2.4.RELEASE.jar:5.2.4.RELEASE]
	at org.springframework.web.filter.OncePerRequestFilter.doFilter(OncePerRequestFilter.java:119) [spring-web-5.2.4.RELEASE.jar:5.2.4.RELEASE]
	at org.apache.catalina.core.ApplicationFilterChain.internalDoFilter(ApplicationFilterChain.java:193) [tomcat-embed-core-9.0.31.jar:9.0.31]
	at org.apache.catalina.core.ApplicationFilterChain.doFilter(ApplicationFilterChain.java:166) [tomcat-embed-core-9.0.31.jar:9.0.31]
	at org.apache.catalina.core.StandardWrapperValve.invoke(StandardWrapperValve.java:202) [tomcat-embed-core-9.0.31.jar:9.0.31]
	at org.apache.catalina.core.StandardContextValve.invoke(StandardContextValve.java:96) [tomcat-embed-core-9.0.31.jar:9.0.31]
	at org.apache.catalina.authenticator.AuthenticatorBase.invoke(AuthenticatorBase.java:541) [tomcat-embed-core-9.0.31.jar:9.0.31]
	at org.apache.catalina.core.StandardHostValve.invoke(StandardHostValve.java:139) [tomcat-embed-core-9.0.31.jar:9.0.31]
	at org.apache.catalina.valves.ErrorReportValve.invoke(ErrorReportValve.java:92) [tomcat-embed-core-9.0.31.jar:9.0.31]
	at org.apache.catalina.core.StandardEngineValve.invoke(StandardEngineValve.java:74) [tomcat-embed-core-9.0.31.jar:9.0.31]
	at org.apache.catalina.connector.CoyoteAdapter.service(CoyoteAdapter.java:343) [tomcat-embed-core-9.0.31.jar:9.0.31]
	at org.apache.coyote.http11.Http11Processor.service(Http11Processor.java:367) [tomcat-embed-core-9.0.31.jar:9.0.31]
	at org.apache.coyote.AbstractProcessorLight.process(AbstractProcessorLight.java:65) [tomcat-embed-core-9.0.31.jar:9.0.31]
	at org.apache.coyote.AbstractProtocol$ConnectionHandler.process(AbstractProtocol.java:868) [tomcat-embed-core-9.0.31.jar:9.0.31]
	at org.apache.tomcat.util.net.NioEndpoint$SocketProcessor.doRun(NioEndpoint.java:1639) [tomcat-embed-core-9.0.31.jar:9.0.31]
	at org.apache.tomcat.util.net.SocketProcessorBase.run(SocketProcessorBase.java:49) [tomcat-embed-core-9.0.31.jar:9.0.31]
	at java.util.concurrent.ThreadPoolExecutor.runWorker(ThreadPoolExecutor.java:1149) [?:1.8.0_461]
	at java.util.concurrent.ThreadPoolExecutor$Worker.run(ThreadPoolExecutor.java:624) [?:1.8.0_461]
	at org.apache.tomcat.util.threads.TaskThread$WrappingRunnable.run(TaskThread.java:61) [tomcat-embed-core-9.0.31.jar:9.0.31]
	at java.lang.Thread.run(Thread.java:750) [?:1.8.0_461]
Caused by: java.sql.SQLSyntaxErrorException: Unknown column 'product_category' in 'field list'
	at com.mysql.cj.jdbc.exceptions.SQLError.createSQLException(SQLError.java:118) ~[mysql-connector-java-8.0.11.jar:8.0.11]
	at com.mysql.cj.jdbc.exceptions.SQLError.createSQLException(SQLError.java:95) ~[mysql-connector-java-8.0.11.jar:8.0.11]
	at com.mysql.cj.jdbc.exceptions.SQLExceptionsMapping.translateException(SQLExceptionsMapping.java:122) ~[mysql-connector-java-8.0.11.jar:8.0.11]
	at com.mysql.cj.jdbc.ClientPreparedStatement.executeInternal(ClientPreparedStatement.java:960) ~[mysql-connector-java-8.0.11.jar:8.0.11]
	at com.mysql.cj.jdbc.ClientPreparedStatement.execute(ClientPreparedStatement.java:388) ~[mysql-connector-java-8.0.11.jar:8.0.11]
	at com.alibaba.druid.pool.DruidPooledPreparedStatement.execute(DruidPooledPreparedStatement.java:497) ~[druid-1.2.8.jar:1.2.8]
	at sun.reflect.GeneratedMethodAccessor85.invoke(Unknown Source) ~[?:?]
	at sun.reflect.DelegatingMethodAccessorImpl.invoke(DelegatingMethodAccessorImpl.java:43) ~[?:1.8.0_461]
	at java.lang.reflect.Method.invoke(Method.java:498) ~[?:1.8.0_461]
	at org.apache.ibatis.logging.jdbc.PreparedStatementLogger.invoke(PreparedStatementLogger.java:59) ~[mybatis-3.5.7.jar:3.5.7]
	at com.sun.proxy.$Proxy149.execute(Unknown Source) ~[?:?]
	at org.apache.ibatis.executor.statement.PreparedStatementHandler.query(PreparedStatementHandler.java:64) ~[mybatis-3.5.7.jar:3.5.7]
	at org.apache.ibatis.executor.statement.RoutingStatementHandler.query(RoutingStatementHandler.java:79) ~[mybatis-3.5.7.jar:3.5.7]
	at sun.reflect.GeneratedMethodAccessor84.invoke(Unknown Source) ~[?:?]
	at sun.reflect.DelegatingMethodAccessorImpl.invoke(DelegatingMethodAccessorImpl.java:43) ~[?:1.8.0_461]
	at java.lang.reflect.Method.invoke(Method.java:498) ~[?:1.8.0_461]
	at org.apache.ibatis.plugin.Plugin.invoke(Plugin.java:64) ~[mybatis-3.5.7.jar:3.5.7]
	at com.sun.proxy.$Proxy147.query(Unknown Source) ~[?:?]
	at org.apache.ibatis.executor.SimpleExecutor.doQuery(SimpleExecutor.java:63) ~[mybatis-3.5.7.jar:3.5.7]
	at org.apache.ibatis.executor.BaseExecutor.queryFromDatabase(BaseExecutor.java:325) ~[mybatis-3.5.7.jar:3.5.7]
	at org.apache.ibatis.executor.BaseExecutor.query(BaseExecutor.java:156) ~[mybatis-3.5.7.jar:3.5.7]
	at org.apache.ibatis.executor.CachingExecutor.query(CachingExecutor.java:109) ~[mybatis-3.5.7.jar:3.5.7]
	at com.baomidou.mybatisplus.extension.plugins.MybatisPlusInterceptor.intercept(MybatisPlusInterceptor.java:81) ~[mybatis-plus-extension-3.4.3.1.jar:3.4.3.1]
	at org.apache.ibatis.plugin.Plugin.invoke(Plugin.java:62) ~[mybatis-3.5.7.jar:3.5.7]
	at com.sun.proxy.$Proxy146.query(Unknown Source) ~[?:?]
	at org.apache.ibatis.session.defaults.DefaultSqlSession.selectList(DefaultSqlSession.java:151) ~[mybatis-3.5.7.jar:3.5.7]
	at org.apache.ibatis.session.defaults.DefaultSqlSession.selectList(DefaultSqlSession.java:145) ~[mybatis-3.5.7.jar:3.5.7]
	at org.apache.ibatis.session.defaults.DefaultSqlSession.selectList(DefaultSqlSession.java:140) ~[mybatis-3.5.7.jar:3.5.7]
	at sun.reflect.GeneratedMethodAccessor98.invoke(Unknown Source) ~[?:?]
	at sun.reflect.DelegatingMethodAccessorImpl.invoke(DelegatingMethodAccessorImpl.java:43) ~[?:1.8.0_461]
	at java.lang.reflect.Method.invoke(Method.java:498) ~[?:1.8.0_461]
	at org.mybatis.spring.SqlSessionTemplate$SqlSessionInterceptor.invoke(SqlSessionTemplate.java:427) ~[mybatis-spring-2.0.6.jar:2.0.6]
	... 73 more
2026-05-05 00:23:39.648 [http-nio-5000-exec-1] WARN  org.springframework.web.servlet.mvc.method.annotation.ExceptionHandlerExceptionResolver - Resolved [org.springframework.jdbc.BadSqlGrammarException: 
### Error querying database.  Cause: java.sql.SQLSyntaxErrorException: Unknown column 'product_category' in 'field list'
### The error may exist in file [/home/yuan/Desktop/bishe-main/target/classes/mapper/BaseMapper.xml]
### The error may involve defaultParameterMap
### The error occurred while setting parameters
### SQL: select COUNT(*) AS count, product_category from `inventory_information`  WHERE is_delete = 0 group by product_category
### Cause: java.sql.SQLSyntaxErrorException: Unknown column 'product_category' in 'field list'
; bad SQL grammar []; nested exception is java.sql.SQLSyntaxErrorException: Unknown column 'product_category' in 'field list']
2026-05-05 00:23:39.664 [http-nio-5000-exec-9] INFO  com.project.demo.interceptor.LoginInterceptor - [请求接口] - http://localhost:5000/api/purchasing_information/list_group , [请求类型] - GET
2026-05-05 00:23:39.665 [http-nio-5000-exec-9] INFO  com.project.demo.service.base.BaseService - 生成的最终SQL:  WHERE is_delete = 0 
2026-05-05 00:23:39.665 [http-nio-5000-exec-9] INFO  com.project.demo.service.base.BaseService - [purchasing_information] - 查询操作，sql: select COUNT(*) AS count, product_category from `purchasing_information`  WHERE is_delete = 0 group by product_category 
2026-05-05 00:23:39.667 [http-nio-5000-exec-9] ERROR com.project.demo.exception.GlobalExceptionHandler - 运行时异常: 
org.springframework.jdbc.BadSqlGrammarException: 
### Error querying database.  Cause: java.sql.SQLSyntaxErrorException: Unknown column 'product_category' in 'field list'
### The error may exist in file [/home/yuan/Desktop/bishe-main/target/classes/mapper/BaseMapper.xml]
### The error may involve defaultParameterMap
### The error occurred while setting parameters
### SQL: select COUNT(*) AS count, product_category from `purchasing_information`  WHERE is_delete = 0 group by product_category
### Cause: java.sql.SQLSyntaxErrorException: Unknown column 'product_category' in 'field list'
; bad SQL grammar []; nested exception is java.sql.SQLSyntaxErrorException: Unknown column 'product_category' in 'field list'
	at org.springframework.jdbc.support.SQLErrorCodeSQLExceptionTranslator.doTranslate(SQLErrorCodeSQLExceptionTranslator.java:235) ~[spring-jdbc-5.2.4.RELEASE.jar:5.2.4.RELEASE]
	at org.springframework.jdbc.support.AbstractFallbackSQLExceptionTranslator.translate(AbstractFallbackSQLExceptionTranslator.java:72) ~[spring-jdbc-5.2.4.RELEASE.jar:5.2.4.RELEASE]
	at org.mybatis.spring.MyBatisExceptionTranslator.translateExceptionIfPossible(MyBatisExceptionTranslator.java:91) ~[mybatis-spring-2.0.6.jar:2.0.6]
	at org.mybatis.spring.SqlSessionTemplate$SqlSessionInterceptor.invoke(SqlSessionTemplate.java:441) ~[mybatis-spring-2.0.6.jar:2.0.6]
	at com.sun.proxy.$Proxy113.selectList(Unknown Source) ~[?:?]
	at org.mybatis.spring.SqlSessionTemplate.selectList(SqlSessionTemplate.java:224) ~[mybatis-spring-2.0.6.jar:2.0.6]
	at com.baomidou.mybatisplus.core.override.MybatisMapperMethod.executeForMany(MybatisMapperMethod.java:166) ~[mybatis-plus-core-3.4.3.1.jar:3.4.3.1]
	at com.baomidou.mybatisplus.core.override.MybatisMapperMethod.execute(MybatisMapperMethod.java:77) ~[mybatis-plus-core-3.4.3.1.jar:3.4.3.1]
	at com.baomidou.mybatisplus.core.override.MybatisMapperProxy$PlainMethodInvoker.invoke(MybatisMapperProxy.java:148) ~[mybatis-plus-core-3.4.3.1.jar:3.4.3.1]
	at com.baomidou.mybatisplus.core.override.MybatisMapperProxy.invoke(MybatisMapperProxy.java:89) ~[mybatis-plus-core-3.4.3.1.jar:3.4.3.1]
	at com.sun.proxy.$Proxy126.selectBaseList(Unknown Source) ~[?:?]
	at com.project.demo.service.base.BaseService.selectToList(BaseService.java:85) ~[classes/:?]
	at com.project.demo.service.base.BaseService$$FastClassBySpringCGLIB$$504c7e9.invoke(<generated>) ~[classes/:?]
	at org.springframework.cglib.proxy.MethodProxy.invoke(MethodProxy.java:218) ~[spring-core-5.2.4.RELEASE.jar:5.2.4.RELEASE]
	at org.springframework.aop.framework.CglibAopProxy$CglibMethodInvocation.invokeJoinpoint(CglibAopProxy.java:769) ~[spring-aop-5.2.4.RELEASE.jar:5.2.4.RELEASE]
	at org.springframework.aop.framework.ReflectiveMethodInvocation.proceed(ReflectiveMethodInvocation.java:163) ~[spring-aop-5.2.4.RELEASE.jar:5.2.4.RELEASE]
	at org.springframework.aop.framework.CglibAopProxy$CglibMethodInvocation.proceed(CglibAopProxy.java:747) ~[spring-aop-5.2.4.RELEASE.jar:5.2.4.RELEASE]
	at org.springframework.aop.interceptor.ExposeInvocationInterceptor.invoke(ExposeInvocationInterceptor.java:95) ~[spring-aop-5.2.4.RELEASE.jar:5.2.4.RELEASE]
	at org.springframework.aop.framework.ReflectiveMethodInvocation.proceed(ReflectiveMethodInvocation.java:186) ~[spring-aop-5.2.4.RELEASE.jar:5.2.4.RELEASE]
	at org.springframework.aop.framework.CglibAopProxy$CglibMethodInvocation.proceed(CglibAopProxy.java:747) ~[spring-aop-5.2.4.RELEASE.jar:5.2.4.RELEASE]
	at org.springframework.aop.framework.CglibAopProxy$DynamicAdvisedInterceptor.intercept(CglibAopProxy.java:689) ~[spring-aop-5.2.4.RELEASE.jar:5.2.4.RELEASE]
	at com.project.demo.service.PurchasingInformationService$$EnhancerBySpringCGLIB$$9d4abf3b.selectToList(<generated>) ~[classes/:?]
	at com.project.demo.controller.base.BaseController.listGroup(BaseController.java:82) ~[classes/:?]
	at com.project.demo.controller.base.BaseController$$FastClassBySpringCGLIB$$72c28101.invoke(<generated>) ~[classes/:?]
	at org.springframework.cglib.proxy.MethodProxy.invoke(MethodProxy.java:218) ~[spring-core-5.2.4.RELEASE.jar:5.2.4.RELEASE]
	at org.springframework.aop.framework.CglibAopProxy$DynamicAdvisedInterceptor.intercept(CglibAopProxy.java:685) ~[spring-aop-5.2.4.RELEASE.jar:5.2.4.RELEASE]
	at com.project.demo.controller.PurchasingInformationController$$EnhancerBySpringCGLIB$$359ed978.listGroup(<generated>) ~[classes/:?]
	at sun.reflect.GeneratedMethodAccessor106.invoke(Unknown Source) ~[?:?]
	at sun.reflect.DelegatingMethodAccessorImpl.invoke(DelegatingMethodAccessorImpl.java:43) ~[?:1.8.0_461]
	at java.lang.reflect.Method.invoke(Method.java:498) ~[?:1.8.0_461]
	at org.springframework.web.method.support.InvocableHandlerMethod.doInvoke(InvocableHandlerMethod.java:190) ~[spring-web-5.2.4.RELEASE.jar:5.2.4.RELEASE]
	at org.springframework.web.method.support.InvocableHandlerMethod.invokeForRequest(InvocableHandlerMethod.java:138) ~[spring-web-5.2.4.RELEASE.jar:5.2.4.RELEASE]
	at org.springframework.web.servlet.mvc.method.annotation.ServletInvocableHandlerMethod.invokeAndHandle(ServletInvocableHandlerMethod.java:106) ~[spring-webmvc-5.2.4.RELEASE.jar:5.2.4.RELEASE]
	at org.springframework.web.servlet.mvc.method.annotation.RequestMappingHandlerAdapter.invokeHandlerMethod(RequestMappingHandlerAdapter.java:879) ~[spring-webmvc-5.2.4.RELEASE.jar:5.2.4.RELEASE]
	at org.springframework.web.servlet.mvc.method.annotation.RequestMappingHandlerAdapter.handleInternal(RequestMappingHandlerAdapter.java:793) ~[spring-webmvc-5.2.4.RELEASE.jar:5.2.4.RELEASE]
	at org.springframework.web.servlet.mvc.method.AbstractHandlerMethodAdapter.handle(AbstractHandlerMethodAdapter.java:87) ~[spring-webmvc-5.2.4.RELEASE.jar:5.2.4.RELEASE]
	at org.springframework.web.servlet.DispatcherServlet.doDispatch(DispatcherServlet.java:1040) [spring-webmvc-5.2.4.RELEASE.jar:5.2.4.RELEASE]
	at org.springframework.web.servlet.DispatcherServlet.doService(DispatcherServlet.java:943) [spring-webmvc-5.2.4.RELEASE.jar:5.2.4.RELEASE]
	at org.springframework.web.servlet.FrameworkServlet.processRequest(FrameworkServlet.java:1006) [spring-webmvc-5.2.4.RELEASE.jar:5.2.4.RELEASE]
	at org.springframework.web.servlet.FrameworkServlet.doGet(FrameworkServlet.java:898) [spring-webmvc-5.2.4.RELEASE.jar:5.2.4.RELEASE]
	at javax.servlet.http.HttpServlet.service(HttpServlet.java:634) [tomcat-embed-core-9.0.31.jar:9.0.31]
	at org.springframework.web.servlet.FrameworkServlet.service(FrameworkServlet.java:883) [spring-webmvc-5.2.4.RELEASE.jar:5.2.4.RELEASE]
	at javax.servlet.http.HttpServlet.service(HttpServlet.java:741) [tomcat-embed-core-9.0.31.jar:9.0.31]
	at org.apache.catalina.core.ApplicationFilterChain.internalDoFilter(ApplicationFilterChain.java:231) [tomcat-embed-core-9.0.31.jar:9.0.31]
	at org.apache.catalina.core.ApplicationFilterChain.doFilter(ApplicationFilterChain.java:166) [tomcat-embed-core-9.0.31.jar:9.0.31]
	at org.apache.tomcat.websocket.server.WsFilter.doFilter(WsFilter.java:53) [tomcat-embed-websocket-9.0.31.jar:9.0.31]
	at org.apache.catalina.core.ApplicationFilterChain.internalDoFilter(ApplicationFilterChain.java:193) [tomcat-embed-core-9.0.31.jar:9.0.31]
	at org.apache.catalina.core.ApplicationFilterChain.doFilter(ApplicationFilterChain.java:166) [tomcat-embed-core-9.0.31.jar:9.0.31]
	at org.springframework.web.filter.RequestContextFilter.doFilterInternal(RequestContextFilter.java:100) [spring-web-5.2.4.RELEASE.jar:5.2.4.RELEASE]
	at org.springframework.web.filter.OncePerRequestFilter.doFilter(OncePerRequestFilter.java:119) [spring-web-5.2.4.RELEASE.jar:5.2.4.RELEASE]
	at org.apache.catalina.core.ApplicationFilterChain.internalDoFilter(ApplicationFilterChain.java:193) [tomcat-embed-core-9.0.31.jar:9.0.31]
	at org.apache.catalina.core.ApplicationFilterChain.doFilter(ApplicationFilterChain.java:166) [tomcat-embed-core-9.0.31.jar:9.0.31]
	at org.springframework.web.filter.FormContentFilter.doFilterInternal(FormContentFilter.java:93) [spring-web-5.2.4.RELEASE.jar:5.2.4.RELEASE]
	at org.springframework.web.filter.OncePerRequestFilter.doFilter(OncePerRequestFilter.java:119) [spring-web-5.2.4.RELEASE.jar:5.2.4.RELEASE]
	at org.apache.catalina.core.ApplicationFilterChain.internalDoFilter(ApplicationFilterChain.java:193) [tomcat-embed-core-9.0.31.jar:9.0.31]
	at org.apache.catalina.core.ApplicationFilterChain.doFilter(ApplicationFilterChain.java:166) [tomcat-embed-core-9.0.31.jar:9.0.31]
	at org.springframework.web.filter.CharacterEncodingFilter.doFilterInternal(CharacterEncodingFilter.java:201) [spring-web-5.2.4.RELEASE.jar:5.2.4.RELEASE]
	at org.springframework.web.filter.OncePerRequestFilter.doFilter(OncePerRequestFilter.java:119) [spring-web-5.2.4.RELEASE.jar:5.2.4.RELEASE]
	at org.apache.catalina.core.ApplicationFilterChain.internalDoFilter(ApplicationFilterChain.java:193) [tomcat-embed-core-9.0.31.jar:9.0.31]
	at org.apache.catalina.core.ApplicationFilterChain.doFilter(ApplicationFilterChain.java:166) [tomcat-embed-core-9.0.31.jar:9.0.31]
	at org.apache.catalina.core.StandardWrapperValve.invoke(StandardWrapperValve.java:202) [tomcat-embed-core-9.0.31.jar:9.0.31]
	at org.apache.catalina.core.StandardContextValve.invoke(StandardContextValve.java:96) [tomcat-embed-core-9.0.31.jar:9.0.31]
	at org.apache.catalina.authenticator.AuthenticatorBase.invoke(AuthenticatorBase.java:541) [tomcat-embed-core-9.0.31.jar:9.0.31]
	at org.apache.catalina.core.StandardHostValve.invoke(StandardHostValve.java:139) [tomcat-embed-core-9.0.31.jar:9.0.31]
	at org.apache.catalina.valves.ErrorReportValve.invoke(ErrorReportValve.java:92) [tomcat-embed-core-9.0.31.jar:9.0.31]
	at org.apache.catalina.core.StandardEngineValve.invoke(StandardEngineValve.java:74) [tomcat-embed-core-9.0.31.jar:9.0.31]
	at org.apache.catalina.connector.CoyoteAdapter.service(CoyoteAdapter.java:343) [tomcat-embed-core-9.0.31.jar:9.0.31]
	at org.apache.coyote.http11.Http11Processor.service(Http11Processor.java:367) [tomcat-embed-core-9.0.31.jar:9.0.31]
	at org.apache.coyote.AbstractProcessorLight.process(AbstractProcessorLight.java:65) [tomcat-embed-core-9.0.31.jar:9.0.31]
	at org.apache.coyote.AbstractProtocol$ConnectionHandler.process(AbstractProtocol.java:868) [tomcat-embed-core-9.0.31.jar:9.0.31]
	at org.apache.tomcat.util.net.NioEndpoint$SocketProcessor.doRun(NioEndpoint.java:1639) [tomcat-embed-core-9.0.31.jar:9.0.31]
	at org.apache.tomcat.util.net.SocketProcessorBase.run(SocketProcessorBase.java:49) [tomcat-embed-core-9.0.31.jar:9.0.31]
	at java.util.concurrent.ThreadPoolExecutor.runWorker(ThreadPoolExecutor.java:1149) [?:1.8.0_461]
	at java.util.concurrent.ThreadPoolExecutor$Worker.run(ThreadPoolExecutor.java:624) [?:1.8.0_461]
	at org.apache.tomcat.util.threads.TaskThread$WrappingRunnable.run(TaskThread.java:61) [tomcat-embed-core-9.0.31.jar:9.0.31]
	at java.lang.Thread.run(Thread.java:750) [?:1.8.0_461]
Caused by: java.sql.SQLSyntaxErrorException: Unknown column 'product_category' in 'field list'
	at com.mysql.cj.jdbc.exceptions.SQLError.createSQLException(SQLError.java:118) ~[mysql-connector-java-8.0.11.jar:8.0.11]
	at com.mysql.cj.jdbc.exceptions.SQLError.createSQLException(SQLError.java:95) ~[mysql-connector-java-8.0.11.jar:8.0.11]
	at com.mysql.cj.jdbc.exceptions.SQLExceptionsMapping.translateException(SQLExceptionsMapping.java:122) ~[mysql-connector-java-8.0.11.jar:8.0.11]
	at com.mysql.cj.jdbc.ClientPreparedStatement.executeInternal(ClientPreparedStatement.java:960) ~[mysql-connector-java-8.0.11.jar:8.0.11]
	at com.mysql.cj.jdbc.ClientPreparedStatement.execute(ClientPreparedStatement.java:388) ~[mysql-connector-java-8.0.11.jar:8.0.11]
	at com.alibaba.druid.pool.DruidPooledPreparedStatement.execute(DruidPooledPreparedStatement.java:497) ~[druid-1.2.8.jar:1.2.8]
	at sun.reflect.GeneratedMethodAccessor85.invoke(Unknown Source) ~[?:?]
	at sun.reflect.DelegatingMethodAccessorImpl.invoke(DelegatingMethodAccessorImpl.java:43) ~[?:1.8.0_461]
	at java.lang.reflect.Method.invoke(Method.java:498) ~[?:1.8.0_461]
	at org.apache.ibatis.logging.jdbc.PreparedStatementLogger.invoke(PreparedStatementLogger.java:59) ~[mybatis-3.5.7.jar:3.5.7]
	at com.sun.proxy.$Proxy149.execute(Unknown Source) ~[?:?]
	at org.apache.ibatis.executor.statement.PreparedStatementHandler.query(PreparedStatementHandler.java:64) ~[mybatis-3.5.7.jar:3.5.7]
	at org.apache.ibatis.executor.statement.RoutingStatementHandler.query(RoutingStatementHandler.java:79) ~[mybatis-3.5.7.jar:3.5.7]
	at sun.reflect.GeneratedMethodAccessor84.invoke(Unknown Source) ~[?:?]
	at sun.reflect.DelegatingMethodAccessorImpl.invoke(DelegatingMethodAccessorImpl.java:43) ~[?:1.8.0_461]
	at java.lang.reflect.Method.invoke(Method.java:498) ~[?:1.8.0_461]
	at org.apache.ibatis.plugin.Plugin.invoke(Plugin.java:64) ~[mybatis-3.5.7.jar:3.5.7]
	at com.sun.proxy.$Proxy147.query(Unknown Source) ~[?:?]
	at org.apache.ibatis.executor.SimpleExecutor.doQuery(SimpleExecutor.java:63) ~[mybatis-3.5.7.jar:3.5.7]
	at org.apache.ibatis.executor.BaseExecutor.queryFromDatabase(BaseExecutor.java:325) ~[mybatis-3.5.7.jar:3.5.7]
	at org.apache.ibatis.executor.BaseExecutor.query(BaseExecutor.java:156) ~[mybatis-3.5.7.jar:3.5.7]
	at org.apache.ibatis.executor.CachingExecutor.query(CachingExecutor.java:109) ~[mybatis-3.5.7.jar:3.5.7]
	at com.baomidou.mybatisplus.extension.plugins.MybatisPlusInterceptor.intercept(MybatisPlusInterceptor.java:81) ~[mybatis-plus-extension-3.4.3.1.jar:3.4.3.1]
	at org.apache.ibatis.plugin.Plugin.invoke(Plugin.java:62) ~[mybatis-3.5.7.jar:3.5.7]
	at com.sun.proxy.$Proxy146.query(Unknown Source) ~[?:?]
	at org.apache.ibatis.session.defaults.DefaultSqlSession.selectList(DefaultSqlSession.java:151) ~[mybatis-3.5.7.jar:3.5.7]
	at org.apache.ibatis.session.defaults.DefaultSqlSession.selectList(DefaultSqlSession.java:145) ~[mybatis-3.5.7.jar:3.5.7]
	at org.apache.ibatis.session.defaults.DefaultSqlSession.selectList(DefaultSqlSession.java:140) ~[mybatis-3.5.7.jar:3.5.7]
	at sun.reflect.GeneratedMethodAccessor98.invoke(Unknown Source) ~[?:?]
	at sun.reflect.DelegatingMethodAccessorImpl.invoke(DelegatingMethodAccessorImpl.java:43) ~[?:1.8.0_461]
	at java.lang.reflect.Method.invoke(Method.java:498) ~[?:1.8.0_461]
	at org.mybatis.spring.SqlSessionTemplate$SqlSessionInterceptor.invoke(SqlSessionTemplate.java:427) ~[mybatis-spring-2.0.6.jar:2.0.6]
	... 72 more
2026-05-05 00:23:39.676 [http-nio-5000-exec-9] WARN  org.springframework.web.servlet.mvc.method.annotation.ExceptionHandlerExceptionResolver - Resolved [org.springframework.jdbc.BadSqlGrammarException: 
### Error querying database.  Cause: java.sql.SQLSyntaxErrorException: Unknown column 'product_category' in 'field list'
### The error may exist in file [/home/yuan/Desktop/bishe-main/target/classes/mapper/BaseMapper.xml]
### The error may involve defaultParameterMap
### The error occurred while setting parameters
### SQL: select COUNT(*) AS count, product_category from `purchasing_information`  WHERE is_delete = 0 group by product_category
### Cause: java.sql.SQLSyntaxErrorException: Unknown column 'product_category' in 'field list'
; bad SQL grammar []; nested exception is java.sql.SQLSyntaxErrorException: Unknown column 'product_category' in 'field list']
2026-05-05 00:23:39.686 [http-nio-5000-exec-4] INFO  com.project.demo.interceptor.LoginInterceptor - [请求接口] - http://localhost:5000/api/purchasing_information/list_group , [请求类型] - GET
2026-05-05 00:23:39.686 [http-nio-5000-exec-4] INFO  com.project.demo.service.base.BaseService - 生成的最终SQL:  WHERE is_delete = 0 
2026-05-05 00:23:39.686 [http-nio-5000-exec-4] INFO  com.project.demo.service.base.BaseService - [purchasing_information] - 查询操作，sql: select COUNT(*) AS count, product_category from `purchasing_information`  WHERE is_delete = 0 group by product_category 
2026-05-05 00:23:39.689 [http-nio-5000-exec-4] ERROR com.project.demo.exception.GlobalExceptionHandler - 运行时异常: 
org.springframework.jdbc.BadSqlGrammarException: 
### Error querying database.  Cause: java.sql.SQLSyntaxErrorException: Unknown column 'product_category' in 'field list'
### The error may exist in file [/home/yuan/Desktop/bishe-main/target/classes/mapper/BaseMapper.xml]
### The error may involve defaultParameterMap
### The error occurred while setting parameters
### SQL: select COUNT(*) AS count, product_category from `purchasing_information`  WHERE is_delete = 0 group by product_category
### Cause: java.sql.SQLSyntaxErrorException: Unknown column 'product_category' in 'field list'
; bad SQL grammar []; nested exception is java.sql.SQLSyntaxErrorException: Unknown column 'product_category' in 'field list'
	at org.springframework.jdbc.support.SQLErrorCodeSQLExceptionTranslator.doTranslate(SQLErrorCodeSQLExceptionTranslator.java:235) ~[spring-jdbc-5.2.4.RELEASE.jar:5.2.4.RELEASE]
	at org.springframework.jdbc.support.AbstractFallbackSQLExceptionTranslator.translate(AbstractFallbackSQLExceptionTranslator.java:72) ~[spring-jdbc-5.2.4.RELEASE.jar:5.2.4.RELEASE]
	at org.mybatis.spring.MyBatisExceptionTranslator.translateExceptionIfPossible(MyBatisExceptionTranslator.java:91) ~[mybatis-spring-2.0.6.jar:2.0.6]
	at org.mybatis.spring.SqlSessionTemplate$SqlSessionInterceptor.invoke(SqlSessionTemplate.java:441) ~[mybatis-spring-2.0.6.jar:2.0.6]
	at com.sun.proxy.$Proxy113.selectList(Unknown Source) ~[?:?]
	at org.mybatis.spring.SqlSessionTemplate.selectList(SqlSessionTemplate.java:224) ~[mybatis-spring-2.0.6.jar:2.0.6]
	at com.baomidou.mybatisplus.core.override.MybatisMapperMethod.executeForMany(MybatisMapperMethod.java:166) ~[mybatis-plus-core-3.4.3.1.jar:3.4.3.1]
	at com.baomidou.mybatisplus.core.override.MybatisMapperMethod.execute(MybatisMapperMethod.java:77) ~[mybatis-plus-core-3.4.3.1.jar:3.4.3.1]
	at com.baomidou.mybatisplus.core.override.MybatisMapperProxy$PlainMethodInvoker.invoke(MybatisMapperProxy.java:148) ~[mybatis-plus-core-3.4.3.1.jar:3.4.3.1]
	at com.baomidou.mybatisplus.core.override.MybatisMapperProxy.invoke(MybatisMapperProxy.java:89) ~[mybatis-plus-core-3.4.3.1.jar:3.4.3.1]
	at com.sun.proxy.$Proxy126.selectBaseList(Unknown Source) ~[?:?]
	at com.project.demo.service.base.BaseService.selectToList(BaseService.java:85) ~[classes/:?]
	at com.project.demo.service.base.BaseService$$FastClassBySpringCGLIB$$504c7e9.invoke(<generated>) ~[classes/:?]
	at org.springframework.cglib.proxy.MethodProxy.invoke(MethodProxy.java:218) ~[spring-core-5.2.4.RELEASE.jar:5.2.4.RELEASE]
	at org.springframework.aop.framework.CglibAopProxy$CglibMethodInvocation.invokeJoinpoint(CglibAopProxy.java:769) ~[spring-aop-5.2.4.RELEASE.jar:5.2.4.RELEASE]
	at org.springframework.aop.framework.ReflectiveMethodInvocation.proceed(ReflectiveMethodInvocation.java:163) ~[spring-aop-5.2.4.RELEASE.jar:5.2.4.RELEASE]
	at org.springframework.aop.framework.CglibAopProxy$CglibMethodInvocation.proceed(CglibAopProxy.java:747) ~[spring-aop-5.2.4.RELEASE.jar:5.2.4.RELEASE]
	at org.springframework.aop.interceptor.ExposeInvocationInterceptor.invoke(ExposeInvocationInterceptor.java:95) ~[spring-aop-5.2.4.RELEASE.jar:5.2.4.RELEASE]
	at org.springframework.aop.framework.ReflectiveMethodInvocation.proceed(ReflectiveMethodInvocation.java:186) ~[spring-aop-5.2.4.RELEASE.jar:5.2.4.RELEASE]
	at org.springframework.aop.framework.CglibAopProxy$CglibMethodInvocation.proceed(CglibAopProxy.java:747) ~[spring-aop-5.2.4.RELEASE.jar:5.2.4.RELEASE]
	at org.springframework.aop.framework.CglibAopProxy$DynamicAdvisedInterceptor.intercept(CglibAopProxy.java:689) ~[spring-aop-5.2.4.RELEASE.jar:5.2.4.RELEASE]
	at com.project.demo.service.PurchasingInformationService$$EnhancerBySpringCGLIB$$9d4abf3b.selectToList(<generated>) ~[classes/:?]
	at com.project.demo.controller.base.BaseController.listGroup(BaseController.java:82) ~[classes/:?]
	at com.project.demo.controller.base.BaseController$$FastClassBySpringCGLIB$$72c28101.invoke(<generated>) ~[classes/:?]
	at org.springframework.cglib.proxy.MethodProxy.invoke(MethodProxy.java:218) ~[spring-core-5.2.4.RELEASE.jar:5.2.4.RELEASE]
	at org.springframework.aop.framework.CglibAopProxy$DynamicAdvisedInterceptor.intercept(CglibAopProxy.java:685) ~[spring-aop-5.2.4.RELEASE.jar:5.2.4.RELEASE]
	at com.project.demo.controller.PurchasingInformationController$$EnhancerBySpringCGLIB$$359ed978.listGroup(<generated>) ~[classes/:?]
	at sun.reflect.GeneratedMethodAccessor106.invoke(Unknown Source) ~[?:?]
	at sun.reflect.DelegatingMethodAccessorImpl.invoke(DelegatingMethodAccessorImpl.java:43) ~[?:1.8.0_461]
	at java.lang.reflect.Method.invoke(Method.java:498) ~[?:1.8.0_461]
	at org.springframework.web.method.support.InvocableHandlerMethod.doInvoke(InvocableHandlerMethod.java:190) ~[spring-web-5.2.4.RELEASE.jar:5.2.4.RELEASE]
	at org.springframework.web.method.support.InvocableHandlerMethod.invokeForRequest(InvocableHandlerMethod.java:138) ~[spring-web-5.2.4.RELEASE.jar:5.2.4.RELEASE]
	at org.springframework.web.servlet.mvc.method.annotation.ServletInvocableHandlerMethod.invokeAndHandle(ServletInvocableHandlerMethod.java:106) ~[spring-webmvc-5.2.4.RELEASE.jar:5.2.4.RELEASE]
	at org.springframework.web.servlet.mvc.method.annotation.RequestMappingHandlerAdapter.invokeHandlerMethod(RequestMappingHandlerAdapter.java:879) ~[spring-webmvc-5.2.4.RELEASE.jar:5.2.4.RELEASE]
	at org.springframework.web.servlet.mvc.method.annotation.RequestMappingHandlerAdapter.handleInternal(RequestMappingHandlerAdapter.java:793) ~[spring-webmvc-5.2.4.RELEASE.jar:5.2.4.RELEASE]
	at org.springframework.web.servlet.mvc.method.AbstractHandlerMethodAdapter.handle(AbstractHandlerMethodAdapter.java:87) ~[spring-webmvc-5.2.4.RELEASE.jar:5.2.4.RELEASE]
	at org.springframework.web.servlet.DispatcherServlet.doDispatch(DispatcherServlet.java:1040) [spring-webmvc-5.2.4.RELEASE.jar:5.2.4.RELEASE]
	at org.springframework.web.servlet.DispatcherServlet.doService(DispatcherServlet.java:943) [spring-webmvc-5.2.4.RELEASE.jar:5.2.4.RELEASE]
	at org.springframework.web.servlet.FrameworkServlet.processRequest(FrameworkServlet.java:1006) [spring-webmvc-5.2.4.RELEASE.jar:5.2.4.RELEASE]
	at org.springframework.web.servlet.FrameworkServlet.doGet(FrameworkServlet.java:898) [spring-webmvc-5.2.4.RELEASE.jar:5.2.4.RELEASE]
	at javax.servlet.http.HttpServlet.service(HttpServlet.java:634) [tomcat-embed-core-9.0.31.jar:9.0.31]
	at org.springframework.web.servlet.FrameworkServlet.service(FrameworkServlet.java:883) [spring-webmvc-5.2.4.RELEASE.jar:5.2.4.RELEASE]
	at javax.servlet.http.HttpServlet.service(HttpServlet.java:741) [tomcat-embed-core-9.0.31.jar:9.0.31]
	at org.apache.catalina.core.ApplicationFilterChain.internalDoFilter(ApplicationFilterChain.java:231) [tomcat-embed-core-9.0.31.jar:9.0.31]
	at org.apache.catalina.core.ApplicationFilterChain.doFilter(ApplicationFilterChain.java:166) [tomcat-embed-core-9.0.31.jar:9.0.31]
	at org.apache.tomcat.websocket.server.WsFilter.doFilter(WsFilter.java:53) [tomcat-embed-websocket-9.0.31.jar:9.0.31]
	at org.apache.catalina.core.ApplicationFilterChain.internalDoFilter(ApplicationFilterChain.java:193) [tomcat-embed-core-9.0.31.jar:9.0.31]
	at org.apache.catalina.core.ApplicationFilterChain.doFilter(ApplicationFilterChain.java:166) [tomcat-embed-core-9.0.31.jar:9.0.31]
	at org.springframework.web.filter.RequestContextFilter.doFilterInternal(RequestContextFilter.java:100) [spring-web-5.2.4.RELEASE.jar:5.2.4.RELEASE]
	at org.springframework.web.filter.OncePerRequestFilter.doFilter(OncePerRequestFilter.java:119) [spring-web-5.2.4.RELEASE.jar:5.2.4.RELEASE]
	at org.apache.catalina.core.ApplicationFilterChain.internalDoFilter(ApplicationFilterChain.java:193) [tomcat-embed-core-9.0.31.jar:9.0.31]
	at org.apache.catalina.core.ApplicationFilterChain.doFilter(ApplicationFilterChain.java:166) [tomcat-embed-core-9.0.31.jar:9.0.31]
	at org.springframework.web.filter.FormContentFilter.doFilterInternal(FormContentFilter.java:93) [spring-web-5.2.4.RELEASE.jar:5.2.4.RELEASE]
	at org.springframework.web.filter.OncePerRequestFilter.doFilter(OncePerRequestFilter.java:119) [spring-web-5.2.4.RELEASE.jar:5.2.4.RELEASE]
	at org.apache.catalina.core.ApplicationFilterChain.internalDoFilter(ApplicationFilterChain.java:193) [tomcat-embed-core-9.0.31.jar:9.0.31]
	at org.apache.catalina.core.ApplicationFilterChain.doFilter(ApplicationFilterChain.java:166) [tomcat-embed-core-9.0.31.jar:9.0.31]
	at org.springframework.web.filter.CharacterEncodingFilter.doFilterInternal(CharacterEncodingFilter.java:201) [spring-web-5.2.4.RELEASE.jar:5.2.4.RELEASE]
	at org.springframework.web.filter.OncePerRequestFilter.doFilter(OncePerRequestFilter.java:119) [spring-web-5.2.4.RELEASE.jar:5.2.4.RELEASE]
	at org.apache.catalina.core.ApplicationFilterChain.internalDoFilter(ApplicationFilterChain.java:193) [tomcat-embed-core-9.0.31.jar:9.0.31]
	at org.apache.catalina.core.ApplicationFilterChain.doFilter(ApplicationFilterChain.java:166) [tomcat-embed-core-9.0.31.jar:9.0.31]
	at org.apache.catalina.core.StandardWrapperValve.invoke(StandardWrapperValve.java:202) [tomcat-embed-core-9.0.31.jar:9.0.31]
	at org.apache.catalina.core.StandardContextValve.invoke(StandardContextValve.java:96) [tomcat-embed-core-9.0.31.jar:9.0.31]
	at org.apache.catalina.authenticator.AuthenticatorBase.invoke(AuthenticatorBase.java:541) [tomcat-embed-core-9.0.31.jar:9.0.31]
	at org.apache.catalina.core.StandardHostValve.invoke(StandardHostValve.java:139) [tomcat-embed-core-9.0.31.jar:9.0.31]
	at org.apache.catalina.valves.ErrorReportValve.invoke(ErrorReportValve.java:92) [tomcat-embed-core-9.0.31.jar:9.0.31]
	at org.apache.catalina.core.StandardEngineValve.invoke(StandardEngineValve.java:74) [tomcat-embed-core-9.0.31.jar:9.0.31]
	at org.apache.catalina.connector.CoyoteAdapter.service(CoyoteAdapter.java:343) [tomcat-embed-core-9.0.31.jar:9.0.31]
	at org.apache.coyote.http11.Http11Processor.service(Http11Processor.java:367) [tomcat-embed-core-9.0.31.jar:9.0.31]
	at org.apache.coyote.AbstractProcessorLight.process(AbstractProcessorLight.java:65) [tomcat-embed-core-9.0.31.jar:9.0.31]
	at org.apache.coyote.AbstractProtocol$ConnectionHandler.process(AbstractProtocol.java:868) [tomcat-embed-core-9.0.31.jar:9.0.31]
	at org.apache.tomcat.util.net.NioEndpoint$SocketProcessor.doRun(NioEndpoint.java:1639) [tomcat-embed-core-9.0.31.jar:9.0.31]
	at org.apache.tomcat.util.net.SocketProcessorBase.run(SocketProcessorBase.java:49) [tomcat-embed-core-9.0.31.jar:9.0.31]
	at java.util.concurrent.ThreadPoolExecutor.runWorker(ThreadPoolExecutor.java:1149) [?:1.8.0_461]
	at java.util.concurrent.ThreadPoolExecutor$Worker.run(ThreadPoolExecutor.java:624) [?:1.8.0_461]
	at org.apache.tomcat.util.threads.TaskThread$WrappingRunnable.run(TaskThread.java:61) [tomcat-embed-core-9.0.31.jar:9.0.31]
	at java.lang.Thread.run(Thread.java:750) [?:1.8.0_461]
Caused by: java.sql.SQLSyntaxErrorException: Unknown column 'product_category' in 'field list'
	at com.mysql.cj.jdbc.exceptions.SQLError.createSQLException(SQLError.java:118) ~[mysql-connector-java-8.0.11.jar:8.0.11]
	at com.mysql.cj.jdbc.exceptions.SQLError.createSQLException(SQLError.java:95) ~[mysql-connector-java-8.0.11.jar:8.0.11]
	at com.mysql.cj.jdbc.exceptions.SQLExceptionsMapping.translateException(SQLExceptionsMapping.java:122) ~[mysql-connector-java-8.0.11.jar:8.0.11]
	at com.mysql.cj.jdbc.ClientPreparedStatement.executeInternal(ClientPreparedStatement.java:960) ~[mysql-connector-java-8.0.11.jar:8.0.11]
	at com.mysql.cj.jdbc.ClientPreparedStatement.execute(ClientPreparedStatement.java:388) ~[mysql-connector-java-8.0.11.jar:8.0.11]
	at com.alibaba.druid.pool.DruidPooledPreparedStatement.execute(DruidPooledPreparedStatement.java:497) ~[druid-1.2.8.jar:1.2.8]
	at sun.reflect.GeneratedMethodAccessor85.invoke(Unknown Source) ~[?:?]
	at sun.reflect.DelegatingMethodAccessorImpl.invoke(DelegatingMethodAccessorImpl.java:43) ~[?:1.8.0_461]
	at java.lang.reflect.Method.invoke(Method.java:498) ~[?:1.8.0_461]
	at org.apache.ibatis.logging.jdbc.PreparedStatementLogger.invoke(PreparedStatementLogger.java:59) ~[mybatis-3.5.7.jar:3.5.7]
	at com.sun.proxy.$Proxy149.execute(Unknown Source) ~[?:?]
	at org.apache.ibatis.executor.statement.PreparedStatementHandler.query(PreparedStatementHandler.java:64) ~[mybatis-3.5.7.jar:3.5.7]
	at org.apache.ibatis.executor.statement.RoutingStatementHandler.query(RoutingStatementHandler.java:79) ~[mybatis-3.5.7.jar:3.5.7]
	at sun.reflect.GeneratedMethodAccessor84.invoke(Unknown Source) ~[?:?]
	at sun.reflect.DelegatingMethodAccessorImpl.invoke(DelegatingMethodAccessorImpl.java:43) ~[?:1.8.0_461]
	at java.lang.reflect.Method.invoke(Method.java:498) ~[?:1.8.0_461]
	at org.apache.ibatis.plugin.Plugin.invoke(Plugin.java:64) ~[mybatis-3.5.7.jar:3.5.7]
	at com.sun.proxy.$Proxy147.query(Unknown Source) ~[?:?]
	at org.apache.ibatis.executor.SimpleExecutor.doQuery(SimpleExecutor.java:63) ~[mybatis-3.5.7.jar:3.5.7]
	at org.apache.ibatis.executor.BaseExecutor.queryFromDatabase(BaseExecutor.java:325) ~[mybatis-3.5.7.jar:3.5.7]
	at org.apache.ibatis.executor.BaseExecutor.query(BaseExecutor.java:156) ~[mybatis-3.5.7.jar:3.5.7]
	at org.apache.ibatis.executor.CachingExecutor.query(CachingExecutor.java:109) ~[mybatis-3.5.7.jar:3.5.7]
	at com.baomidou.mybatisplus.extension.plugins.MybatisPlusInterceptor.intercept(MybatisPlusInterceptor.java:81) ~[mybatis-plus-extension-3.4.3.1.jar:3.4.3.1]
	at org.apache.ibatis.plugin.Plugin.invoke(Plugin.java:62) ~[mybatis-3.5.7.jar:3.5.7]
	at com.sun.proxy.$Proxy146.query(Unknown Source) ~[?:?]
	at org.apache.ibatis.session.defaults.DefaultSqlSession.selectList(DefaultSqlSession.java:151) ~[mybatis-3.5.7.jar:3.5.7]
	at org.apache.ibatis.session.defaults.DefaultSqlSession.selectList(DefaultSqlSession.java:145) ~[mybatis-3.5.7.jar:3.5.7]
	at org.apache.ibatis.session.defaults.DefaultSqlSession.selectList(DefaultSqlSession.java:140) ~[mybatis-3.5.7.jar:3.5.7]
	at sun.reflect.GeneratedMethodAccessor98.invoke(Unknown Source) ~[?:?]
	at sun.reflect.DelegatingMethodAccessorImpl.invoke(DelegatingMethodAccessorImpl.java:43) ~[?:1.8.0_461]
	at java.lang.reflect.Method.invoke(Method.java:498) ~[?:1.8.0_461]
	at org.mybatis.spring.SqlSessionTemplate$SqlSessionInterceptor.invoke(SqlSessionTemplate.java:427) ~[mybatis-spring-2.0.6.jar:2.0.6]
	... 72 more
2026-05-05 00:23:39.699 [http-nio-5000-exec-4] WARN  org.springframework.web.servlet.mvc.method.annotation.ExceptionHandlerExceptionResolver - Resolved [org.springframework.jdbc.BadSqlGrammarException: 
### Error querying database.  Cause: java.sql.SQLSyntaxErrorException: Unknown column 'product_category' in 'field list'
### The error may exist in file [/home/yuan/Desktop/bishe-main/target/classes/mapper/BaseMapper.xml]
### The error may involve defaultParameterMap
### The error occurred while setting parameters
### SQL: select COUNT(*) AS count, product_category from `purchasing_information`  WHERE is_delete = 0 group by product_category
### Cause: java.sql.SQLSyntaxErrorException: Unknown column 'product_category' in 'field list'
; bad SQL grammar []; nested exception is java.sql.SQLSyntaxErrorException: Unknown column 'product_category' in 'field list']
2026-05-05 00:24:56.708 [Thread-6] INFO  org.springframework.scheduling.concurrent.ThreadPoolTaskExecutor - Shutting down ExecutorService 'applicationTaskExecutor'
2026-05-05 00:24:56.841 [Thread-6] INFO  org.springframework.orm.jpa.LocalContainerEntityManagerFactoryBean - Closing JPA EntityManagerFactory for persistence unit 'default'
2026-05-05 00:24:56.843 [Thread-6] INFO  com.alibaba.druid.pool.DruidDataSource - {dataSource-1} closing ...
2026-05-05 00:24:56.847 [Thread-6] INFO  com.alibaba.druid.pool.DruidDataSource - {dataSource-1} closed
2026-05-05 00:24:57.103 [restartedMain] INFO  com.project.demo.Application - Starting Application on debian with PID 120129 (/home/yuan/Desktop/bishe-main/target/classes started by yuan in /home/yuan/Desktop/bishe-main)
2026-05-05 00:24:57.104 [restartedMain] INFO  com.project.demo.Application - No active profile set, falling back to default profiles: default
2026-05-05 00:24:57.290 [restartedMain] INFO  org.springframework.data.repository.config.RepositoryConfigurationDelegate - Multiple Spring Data modules found, entering strict repository configuration mode!
2026-05-05 00:24:57.290 [restartedMain] INFO  org.springframework.data.repository.config.RepositoryConfigurationDelegate - Bootstrapping Spring Data JPA repositories in DEFAULT mode.
2026-05-05 00:24:57.298 [restartedMain] INFO  org.springframework.data.repository.config.RepositoryConfigurationDelegate - Finished Spring Data repository scanning in 7ms. Found 0 JPA repository interfaces.
2026-05-05 00:24:57.352 [restartedMain] INFO  org.springframework.data.repository.config.RepositoryConfigurationDelegate - Multiple Spring Data modules found, entering strict repository configuration mode!
2026-05-05 00:24:57.352 [restartedMain] INFO  org.springframework.data.repository.config.RepositoryConfigurationDelegate - Bootstrapping Spring Data Redis repositories in DEFAULT mode.
2026-05-05 00:24:57.358 [restartedMain] INFO  org.springframework.data.repository.config.RepositoryConfigurationDelegate - Finished Spring Data repository scanning in 6ms. Found 0 Redis repository interfaces.
2026-05-05 00:24:57.513 [restartedMain] INFO  org.springframework.boot.web.embedded.tomcat.TomcatWebServer - Tomcat initialized with port(s): 5000 (http)
2026-05-05 00:24:57.514 [restartedMain] INFO  org.apache.coyote.http11.Http11NioProtocol - Initializing ProtocolHandler ["http-nio-5000"]
2026-05-05 00:24:57.514 [restartedMain] INFO  org.apache.catalina.core.StandardService - Starting service [Tomcat]
2026-05-05 00:24:57.514 [restartedMain] INFO  org.apache.catalina.core.StandardEngine - Starting Servlet engine: [Apache Tomcat/9.0.31]
2026-05-05 00:24:57.516 [restartedMain] INFO  org.apache.catalina.core.ContainerBase.[Tomcat].[localhost].[/api] - Initializing Spring embedded WebApplicationContext
2026-05-05 00:24:57.516 [restartedMain] INFO  org.springframework.web.context.ContextLoader - Root WebApplicationContext: initialization completed in 406 ms
2026-05-05 00:24:57.531 [restartedMain] INFO  com.alibaba.druid.spring.boot.autoconfigure.DruidDataSourceAutoConfigure - Init DruidDataSource
2026-05-05 00:24:57.545 [restartedMain] INFO  com.alibaba.druid.pool.DruidDataSource - {dataSource-2} inited
2026-05-05 00:24:57.604 [restartedMain] INFO  org.hibernate.jpa.internal.util.LogHelper - HHH000204: Processing PersistenceUnitInfo [name: default]
2026-05-05 00:24:57.610 [restartedMain] INFO  org.hibernate.dialect.Dialect - HHH000400: Using dialect: org.hibernate.dialect.MySQL8Dialect
2026-05-05 00:24:57.627 [restartedMain] INFO  org.hibernate.engine.transaction.jta.platform.internal.JtaPlatformInitiator - HHH000490: Using JtaPlatform implementation: [org.hibernate.engine.transaction.jta.platform.internal.NoJtaPlatform]
2026-05-05 00:24:57.627 [restartedMain] INFO  org.springframework.orm.jpa.LocalContainerEntityManagerFactoryBean - Initialized JPA EntityManagerFactory for persistence unit 'default'
2026-05-05 00:24:58.444 [restartedMain] WARN  org.springframework.boot.autoconfigure.orm.jpa.JpaBaseConfiguration$JpaWebConfiguration - spring.jpa.open-in-view is enabled by default. Therefore, database queries may be performed during view rendering. Explicitly configure spring.jpa.open-in-view to disable this warning
2026-05-05 00:24:58.491 [restartedMain] INFO  org.springframework.scheduling.concurrent.ThreadPoolTaskExecutor - Initializing ExecutorService 'applicationTaskExecutor'
2026-05-05 00:24:58.584 [restartedMain] INFO  org.springframework.boot.devtools.autoconfigure.OptionalLiveReloadServer - LiveReload server is running on port 35729
2026-05-05 00:24:58.596 [restartedMain] INFO  org.apache.coyote.http11.Http11NioProtocol - Starting ProtocolHandler ["http-nio-5000"]
2026-05-05 00:24:58.606 [restartedMain] INFO  org.springframework.boot.web.embedded.tomcat.TomcatWebServer - Tomcat started on port(s): 5000 (http) with context path '/api'
2026-05-05 00:24:58.607 [restartedMain] INFO  com.project.demo.Application - Started Application in 1.565 seconds (JVM running for 355.122)
2026-05-05 00:24:58.609 [restartedMain] INFO  org.springframework.boot.devtools.autoconfigure.ConditionEvaluationDeltaLoggingListener - Condition evaluation unchanged
2026-05-05 00:25:08.012 [Thread-9] INFO  org.springframework.scheduling.concurrent.ThreadPoolTaskExecutor - Shutting down ExecutorService 'applicationTaskExecutor'
2026-05-05 00:25:08.019 [Thread-9] INFO  org.springframework.orm.jpa.LocalContainerEntityManagerFactoryBean - Closing JPA EntityManagerFactory for persistence unit 'default'
2026-05-05 00:25:08.020 [Thread-9] INFO  com.alibaba.druid.pool.DruidDataSource - {dataSource-2} closing ...
2026-05-05 00:25:08.021 [Thread-9] INFO  com.alibaba.druid.pool.DruidDataSource - {dataSource-2} closed
2026-05-05 00:25:08.316 [restartedMain] INFO  com.project.demo.Application - Starting Application on debian with PID 120129 (/home/yuan/Desktop/bishe-main/target/classes started by yuan in /home/yuan/Desktop/bishe-main)
2026-05-05 00:25:08.317 [restartedMain] INFO  com.project.demo.Application - No active profile set, falling back to default profiles: default
2026-05-05 00:25:08.471 [restartedMain] INFO  org.springframework.data.repository.config.RepositoryConfigurationDelegate - Multiple Spring Data modules found, entering strict repository configuration mode!
2026-05-05 00:25:08.472 [restartedMain] INFO  org.springframework.data.repository.config.RepositoryConfigurationDelegate - Bootstrapping Spring Data JPA repositories in DEFAULT mode.
2026-05-05 00:25:08.478 [restartedMain] INFO  org.springframework.data.repository.config.RepositoryConfigurationDelegate - Finished Spring Data repository scanning in 6ms. Found 0 JPA repository interfaces.
2026-05-05 00:25:08.519 [restartedMain] INFO  org.springframework.data.repository.config.RepositoryConfigurationDelegate - Multiple Spring Data modules found, entering strict repository configuration mode!
2026-05-05 00:25:08.519 [restartedMain] INFO  org.springframework.data.repository.config.RepositoryConfigurationDelegate - Bootstrapping Spring Data Redis repositories in DEFAULT mode.
2026-05-05 00:25:08.524 [restartedMain] INFO  org.springframework.data.repository.config.RepositoryConfigurationDelegate - Finished Spring Data repository scanning in 4ms. Found 0 Redis repository interfaces.
2026-05-05 00:25:08.644 [restartedMain] INFO  org.springframework.boot.web.embedded.tomcat.TomcatWebServer - Tomcat initialized with port(s): 5000 (http)
2026-05-05 00:25:08.645 [restartedMain] INFO  org.apache.coyote.http11.Http11NioProtocol - Initializing ProtocolHandler ["http-nio-5000"]
2026-05-05 00:25:08.645 [restartedMain] INFO  org.apache.catalina.core.StandardService - Starting service [Tomcat]
2026-05-05 00:25:08.645 [restartedMain] INFO  org.apache.catalina.core.StandardEngine - Starting Servlet engine: [Apache Tomcat/9.0.31]
2026-05-05 00:25:08.647 [restartedMain] INFO  org.apache.catalina.core.ContainerBase.[Tomcat].[localhost].[/api] - Initializing Spring embedded WebApplicationContext
2026-05-05 00:25:08.647 [restartedMain] INFO  org.springframework.web.context.ContextLoader - Root WebApplicationContext: initialization completed in 326 ms
2026-05-05 00:25:08.658 [restartedMain] INFO  com.alibaba.druid.spring.boot.autoconfigure.DruidDataSourceAutoConfigure - Init DruidDataSource
2026-05-05 00:25:08.669 [restartedMain] INFO  com.alibaba.druid.pool.DruidDataSource - {dataSource-3} inited
2026-05-05 00:25:08.725 [restartedMain] INFO  org.hibernate.jpa.internal.util.LogHelper - HHH000204: Processing PersistenceUnitInfo [name: default]
2026-05-05 00:25:08.734 [restartedMain] INFO  org.hibernate.dialect.Dialect - HHH000400: Using dialect: org.hibernate.dialect.MySQL8Dialect
2026-05-05 00:25:08.765 [restartedMain] INFO  org.hibernate.engine.transaction.jta.platform.internal.JtaPlatformInitiator - HHH000490: Using JtaPlatform implementation: [org.hibernate.engine.transaction.jta.platform.internal.NoJtaPlatform]
2026-05-05 00:25:08.765 [restartedMain] INFO  org.springframework.orm.jpa.LocalContainerEntityManagerFactoryBean - Initialized JPA EntityManagerFactory for persistence unit 'default'
2026-05-05 00:25:09.459 [restartedMain] WARN  org.springframework.boot.autoconfigure.orm.jpa.JpaBaseConfiguration$JpaWebConfiguration - spring.jpa.open-in-view is enabled by default. Therefore, database queries may be performed during view rendering. Explicitly configure spring.jpa.open-in-view to disable this warning
2026-05-05 00:25:09.490 [restartedMain] INFO  org.springframework.scheduling.concurrent.ThreadPoolTaskExecutor - Initializing ExecutorService 'applicationTaskExecutor'
2026-05-05 00:25:09.590 [restartedMain] INFO  org.springframework.boot.devtools.autoconfigure.OptionalLiveReloadServer - LiveReload server is running on port 35729
2026-05-05 00:25:09.602 [restartedMain] INFO  org.apache.coyote.http11.Http11NioProtocol - Starting ProtocolHandler ["http-nio-5000"]
2026-05-05 00:25:09.605 [restartedMain] INFO  org.springframework.boot.web.embedded.tomcat.TomcatWebServer - Tomcat started on port(s): 5000 (http) with context path '/api'
2026-05-05 00:25:09.607 [restartedMain] INFO  com.project.demo.Application - Started Application in 1.341 seconds (JVM running for 366.122)
2026-05-05 00:25:09.608 [restartedMain] INFO  org.springframework.boot.devtools.autoconfigure.ConditionEvaluationDeltaLoggingListener - Condition evaluation unchanged
2026-05-05 00:25:17.011 [Thread-14] INFO  org.springframework.scheduling.concurrent.ThreadPoolTaskExecutor - Shutting down ExecutorService 'applicationTaskExecutor'
2026-05-05 00:25:17.017 [Thread-14] INFO  org.springframework.orm.jpa.LocalContainerEntityManagerFactoryBean - Closing JPA EntityManagerFactory for persistence unit 'default'
2026-05-05 00:25:17.019 [Thread-14] INFO  com.alibaba.druid.pool.DruidDataSource - {dataSource-3} closing ...
2026-05-05 00:25:17.020 [Thread-14] INFO  com.alibaba.druid.pool.DruidDataSource - {dataSource-3} closed
2026-05-05 00:25:17.296 [restartedMain] INFO  com.project.demo.Application - Starting Application on debian with PID 120129 (/home/yuan/Desktop/bishe-main/target/classes started by yuan in /home/yuan/Desktop/bishe-main)
2026-05-05 00:25:17.297 [restartedMain] INFO  com.project.demo.Application - No active profile set, falling back to default profiles: default
2026-05-05 00:25:17.450 [restartedMain] INFO  org.springframework.data.repository.config.RepositoryConfigurationDelegate - Multiple Spring Data modules found, entering strict repository configuration mode!
2026-05-05 00:25:17.451 [restartedMain] INFO  org.springframework.data.repository.config.RepositoryConfigurationDelegate - Bootstrapping Spring Data JPA repositories in DEFAULT mode.
2026-05-05 00:25:17.455 [restartedMain] INFO  org.springframework.data.repository.config.RepositoryConfigurationDelegate - Finished Spring Data repository scanning in 4ms. Found 0 JPA repository interfaces.
2026-05-05 00:25:17.494 [restartedMain] INFO  org.springframework.data.repository.config.RepositoryConfigurationDelegate - Multiple Spring Data modules found, entering strict repository configuration mode!
2026-05-05 00:25:17.494 [restartedMain] INFO  org.springframework.data.repository.config.RepositoryConfigurationDelegate - Bootstrapping Spring Data Redis repositories in DEFAULT mode.
2026-05-05 00:25:17.498 [restartedMain] INFO  org.springframework.data.repository.config.RepositoryConfigurationDelegate - Finished Spring Data repository scanning in 3ms. Found 0 Redis repository interfaces.
2026-05-05 00:25:17.665 [restartedMain] INFO  org.springframework.boot.web.embedded.tomcat.TomcatWebServer - Tomcat initialized with port(s): 5000 (http)
2026-05-05 00:25:17.666 [restartedMain] INFO  org.apache.coyote.http11.Http11NioProtocol - Initializing ProtocolHandler ["http-nio-5000"]
2026-05-05 00:25:17.667 [restartedMain] INFO  org.apache.catalina.core.StandardService - Starting service [Tomcat]
2026-05-05 00:25:17.668 [restartedMain] INFO  org.apache.catalina.core.StandardEngine - Starting Servlet engine: [Apache Tomcat/9.0.31]
2026-05-05 00:25:17.675 [restartedMain] INFO  org.apache.catalina.core.ContainerBase.[Tomcat].[localhost].[/api] - Initializing Spring embedded WebApplicationContext
2026-05-05 00:25:17.677 [restartedMain] INFO  org.springframework.web.context.ContextLoader - Root WebApplicationContext: initialization completed in 378 ms
2026-05-05 00:25:17.702 [restartedMain] INFO  com.alibaba.druid.spring.boot.autoconfigure.DruidDataSourceAutoConfigure - Init DruidDataSource
2026-05-05 00:25:17.724 [restartedMain] INFO  com.alibaba.druid.pool.DruidDataSource - {dataSource-4} inited
2026-05-05 00:25:17.760 [restartedMain] INFO  org.hibernate.jpa.internal.util.LogHelper - HHH000204: Processing PersistenceUnitInfo [name: default]
2026-05-05 00:25:17.765 [restartedMain] INFO  org.hibernate.dialect.Dialect - HHH000400: Using dialect: org.hibernate.dialect.MySQL8Dialect
2026-05-05 00:25:17.782 [restartedMain] INFO  org.hibernate.engine.transaction.jta.platform.internal.JtaPlatformInitiator - HHH000490: Using JtaPlatform implementation: [org.hibernate.engine.transaction.jta.platform.internal.NoJtaPlatform]
2026-05-05 00:25:17.782 [restartedMain] INFO  org.springframework.orm.jpa.LocalContainerEntityManagerFactoryBean - Initialized JPA EntityManagerFactory for persistence unit 'default'
2026-05-05 00:25:18.332 [restartedMain] WARN  org.springframework.boot.autoconfigure.orm.jpa.JpaBaseConfiguration$JpaWebConfiguration - spring.jpa.open-in-view is enabled by default. Therefore, database queries may be performed during view rendering. Explicitly configure spring.jpa.open-in-view to disable this warning
2026-05-05 00:25:18.381 [restartedMain] INFO  org.springframework.scheduling.concurrent.ThreadPoolTaskExecutor - Initializing ExecutorService 'applicationTaskExecutor'
2026-05-05 00:25:18.494 [restartedMain] INFO  org.springframework.boot.devtools.autoconfigure.OptionalLiveReloadServer - LiveReload server is running on port 35729
2026-05-05 00:25:18.506 [restartedMain] INFO  org.apache.coyote.http11.Http11NioProtocol - Starting ProtocolHandler ["http-nio-5000"]
2026-05-05 00:25:18.509 [restartedMain] INFO  org.springframework.boot.web.embedded.tomcat.TomcatWebServer - Tomcat started on port(s): 5000 (http) with context path '/api'
2026-05-05 00:25:18.510 [restartedMain] INFO  com.project.demo.Application - Started Application in 1.269 seconds (JVM running for 375.025)
2026-05-05 00:25:18.511 [restartedMain] INFO  org.springframework.boot.devtools.autoconfigure.ConditionEvaluationDeltaLoggingListener - Condition evaluation unchanged
2026-05-05 00:25:51.986 [Thread-19] INFO  org.springframework.scheduling.concurrent.ThreadPoolTaskExecutor - Shutting down ExecutorService 'applicationTaskExecutor'
2026-05-05 00:25:52.018 [Thread-19] INFO  org.springframework.orm.jpa.LocalContainerEntityManagerFactoryBean - Closing JPA EntityManagerFactory for persistence unit 'default'
2026-05-05 00:25:52.026 [Thread-19] INFO  com.alibaba.druid.pool.DruidDataSource - {dataSource-4} closing ...
2026-05-05 00:25:52.035 [Thread-19] INFO  com.alibaba.druid.pool.DruidDataSource - {dataSource-4} closed
2026-05-05 00:25:52.607 [restartedMain] INFO  com.project.demo.Application - Starting Application on debian with PID 120129 (/home/yuan/Desktop/bishe-main/target/classes started by yuan in /home/yuan/Desktop/bishe-main)
2026-05-05 00:25:52.610 [restartedMain] INFO  com.project.demo.Application - No active profile set, falling back to default profiles: default
2026-05-05 00:25:52.868 [restartedMain] INFO  org.springframework.data.repository.config.RepositoryConfigurationDelegate - Multiple Spring Data modules found, entering strict repository configuration mode!
2026-05-05 00:25:52.868 [restartedMain] INFO  org.springframework.data.repository.config.RepositoryConfigurationDelegate - Bootstrapping Spring Data JPA repositories in DEFAULT mode.
2026-05-05 00:25:52.869 [restartedMain] INFO  org.springframework.data.repository.config.RepositoryConfigurationDelegate - Finished Spring Data repository scanning in 0ms. Found 0 JPA repository interfaces.
2026-05-05 00:25:52.957 [restartedMain] INFO  org.springframework.data.repository.config.RepositoryConfigurationDelegate - Multiple Spring Data modules found, entering strict repository configuration mode!
2026-05-05 00:25:52.962 [restartedMain] INFO  org.springframework.data.repository.config.RepositoryConfigurationDelegate - Bootstrapping Spring Data Redis repositories in DEFAULT mode.
2026-05-05 00:25:52.968 [restartedMain] INFO  org.springframework.data.repository.config.RepositoryConfigurationDelegate - Finished Spring Data repository scanning in 5ms. Found 0 Redis repository interfaces.
2026-05-05 00:25:53.101 [restartedMain] WARN  org.mybatis.spring.mapper.ClassPathMapperScanner - No MyBatis mapper was found in '[com.project.demo.dao]' package. Please check your configuration.
2026-05-05 00:25:53.260 [restartedMain] INFO  org.springframework.boot.web.embedded.tomcat.TomcatWebServer - Tomcat initialized with port(s): 5000 (http)
2026-05-05 00:25:53.266 [restartedMain] INFO  org.apache.coyote.http11.Http11NioProtocol - Initializing ProtocolHandler ["http-nio-5000"]
2026-05-05 00:25:53.267 [restartedMain] INFO  org.apache.catalina.core.StandardService - Starting service [Tomcat]
2026-05-05 00:25:53.267 [restartedMain] INFO  org.apache.catalina.core.StandardEngine - Starting Servlet engine: [Apache Tomcat/9.0.31]
2026-05-05 00:25:53.274 [restartedMain] INFO  org.apache.catalina.core.ContainerBase.[Tomcat].[localhost].[/api] - Initializing Spring embedded WebApplicationContext
2026-05-05 00:25:53.274 [restartedMain] INFO  org.springframework.web.context.ContextLoader - Root WebApplicationContext: initialization completed in 660 ms
2026-05-05 00:25:53.292 [restartedMain] INFO  com.alibaba.druid.spring.boot.autoconfigure.DruidDataSourceAutoConfigure - Init DruidDataSource
2026-05-05 00:25:53.309 [restartedMain] INFO  com.alibaba.druid.pool.DruidDataSource - {dataSource-5} inited
2026-05-05 00:25:53.335 [restartedMain] INFO  org.hibernate.jpa.internal.util.LogHelper - HHH000204: Processing PersistenceUnitInfo [name: default]
2026-05-05 00:25:53.343 [restartedMain] INFO  org.hibernate.dialect.Dialect - HHH000400: Using dialect: org.hibernate.dialect.MySQL8Dialect
2026-05-05 00:25:53.374 [restartedMain] INFO  org.hibernate.engine.transaction.jta.platform.internal.JtaPlatformInitiator - HHH000490: Using JtaPlatform implementation: [org.hibernate.engine.transaction.jta.platform.internal.NoJtaPlatform]
2026-05-05 00:25:53.374 [restartedMain] INFO  org.springframework.orm.jpa.LocalContainerEntityManagerFactoryBean - Initialized JPA EntityManagerFactory for persistence unit 'default'
2026-05-05 00:25:53.431 [restartedMain] WARN  org.springframework.boot.autoconfigure.orm.jpa.JpaBaseConfiguration$JpaWebConfiguration - spring.jpa.open-in-view is enabled by default. Therefore, database queries may be performed during view rendering. Explicitly configure spring.jpa.open-in-view to disable this warning
2026-05-05 00:25:53.486 [restartedMain] INFO  org.springframework.scheduling.concurrent.ThreadPoolTaskExecutor - Initializing ExecutorService 'applicationTaskExecutor'
2026-05-05 00:25:53.582 [restartedMain] WARN  org.springframework.boot.web.servlet.context.AnnotationConfigServletWebServerApplicationContext - Exception encountered during context initialization - cancelling refresh attempt: org.springframework.beans.factory.BeanCreationException: Error creating bean with name 'sqlSessionFactory' defined in class path resource [com/baomidou/mybatisplus/autoconfigure/MybatisPlusAutoConfiguration.class]: Bean instantiation via factory method failed; nested exception is org.springframework.beans.BeanInstantiationException: Failed to instantiate [org.apache.ibatis.session.SqlSessionFactory]: Factory method 'sqlSessionFactory' threw exception; nested exception is org.springframework.core.NestedIOException: Failed to parse mapping resource: 'file [/home/yuan/Desktop/bishe-main/target/classes/mapper/AccessTokenMapper.xml]'; nested exception is org.apache.ibatis.builder.BuilderException: Error parsing Mapper XML. The XML location is 'file [/home/yuan/Desktop/bishe-main/target/classes/mapper/AccessTokenMapper.xml]'. Cause: org.apache.ibatis.builder.BuilderException: Error resolving class. Cause: org.apache.ibatis.type.TypeException: Could not resolve type alias 'com.project.demo.entity.AccessToken'.  Cause: java.lang.ClassNotFoundException: Cannot find class: com.project.demo.entity.AccessToken
2026-05-05 00:25:53.582 [restartedMain] INFO  org.springframework.scheduling.concurrent.ThreadPoolTaskExecutor - Shutting down ExecutorService 'applicationTaskExecutor'
2026-05-05 00:25:53.582 [restartedMain] INFO  org.springframework.orm.jpa.LocalContainerEntityManagerFactoryBean - Closing JPA EntityManagerFactory for persistence unit 'default'
2026-05-05 00:25:53.583 [restartedMain] INFO  com.alibaba.druid.pool.DruidDataSource - {dataSource-5} closing ...
2026-05-05 00:25:53.585 [restartedMain] INFO  com.alibaba.druid.pool.DruidDataSource - {dataSource-5} closed
2026-05-05 00:25:53.586 [restartedMain] INFO  org.apache.catalina.core.StandardService - Stopping service [Tomcat]
2026-05-05 00:25:53.607 [restartedMain] INFO  org.springframework.boot.autoconfigure.logging.ConditionEvaluationReportLoggingListener - 

Error starting ApplicationContext. To display the conditions report re-run your application with 'debug' enabled.
2026-05-05 00:25:53.614 [restartedMain] ERROR org.springframework.boot.SpringApplication - Application run failed
org.springframework.beans.factory.BeanCreationException: Error creating bean with name 'sqlSessionFactory' defined in class path resource [com/baomidou/mybatisplus/autoconfigure/MybatisPlusAutoConfiguration.class]: Bean instantiation via factory method failed; nested exception is org.springframework.beans.BeanInstantiationException: Failed to instantiate [org.apache.ibatis.session.SqlSessionFactory]: Factory method 'sqlSessionFactory' threw exception; nested exception is org.springframework.core.NestedIOException: Failed to parse mapping resource: 'file [/home/yuan/Desktop/bishe-main/target/classes/mapper/AccessTokenMapper.xml]'; nested exception is org.apache.ibatis.builder.BuilderException: Error parsing Mapper XML. The XML location is 'file [/home/yuan/Desktop/bishe-main/target/classes/mapper/AccessTokenMapper.xml]'. Cause: org.apache.ibatis.builder.BuilderException: Error resolving class. Cause: org.apache.ibatis.type.TypeException: Could not resolve type alias 'com.project.demo.entity.AccessToken'.  Cause: java.lang.ClassNotFoundException: Cannot find class: com.project.demo.entity.AccessToken
	at org.springframework.beans.factory.support.ConstructorResolver.instantiate(ConstructorResolver.java:656) ~[spring-beans-5.2.4.RELEASE.jar:5.2.4.RELEASE]
	at org.springframework.beans.factory.support.ConstructorResolver.instantiateUsingFactoryMethod(ConstructorResolver.java:636) ~[spring-beans-5.2.4.RELEASE.jar:5.2.4.RELEASE]
	at org.springframework.beans.factory.support.AbstractAutowireCapableBeanFactory.instantiateUsingFactoryMethod(AbstractAutowireCapableBeanFactory.java:1338) ~[spring-beans-5.2.4.RELEASE.jar:5.2.4.RELEASE]
	at org.springframework.beans.factory.support.AbstractAutowireCapableBeanFactory.createBeanInstance(AbstractAutowireCapableBeanFactory.java:1177) ~[spring-beans-5.2.4.RELEASE.jar:5.2.4.RELEASE]
	at org.springframework.beans.factory.support.AbstractAutowireCapableBeanFactory.doCreateBean(AbstractAutowireCapableBeanFactory.java:557) ~[spring-beans-5.2.4.RELEASE.jar:5.2.4.RELEASE]
	at org.springframework.beans.factory.support.AbstractAutowireCapableBeanFactory.createBean(AbstractAutowireCapableBeanFactory.java:517) ~[spring-beans-5.2.4.RELEASE.jar:5.2.4.RELEASE]
	at org.springframework.beans.factory.support.AbstractBeanFactory.lambda$doGetBean$0(AbstractBeanFactory.java:323) ~[spring-beans-5.2.4.RELEASE.jar:5.2.4.RELEASE]
	at org.springframework.beans.factory.support.DefaultSingletonBeanRegistry.getSingleton(DefaultSingletonBeanRegistry.java:222) ~[spring-beans-5.2.4.RELEASE.jar:5.2.4.RELEASE]
	at org.springframework.beans.factory.support.AbstractBeanFactory.doGetBean(AbstractBeanFactory.java:321) ~[spring-beans-5.2.4.RELEASE.jar:5.2.4.RELEASE]
	at org.springframework.beans.factory.support.AbstractBeanFactory.getBean(AbstractBeanFactory.java:202) ~[spring-beans-5.2.4.RELEASE.jar:5.2.4.RELEASE]
	at org.springframework.beans.factory.support.DefaultListableBeanFactory.preInstantiateSingletons(DefaultListableBeanFactory.java:879) ~[spring-beans-5.2.4.RELEASE.jar:5.2.4.RELEASE]
	at org.springframework.context.support.AbstractApplicationContext.finishBeanFactoryInitialization(AbstractApplicationContext.java:878) ~[spring-context-5.2.4.RELEASE.jar:5.2.4.RELEASE]
	at org.springframework.context.support.AbstractApplicationContext.refresh(AbstractApplicationContext.java:550) ~[spring-context-5.2.4.RELEASE.jar:5.2.4.RELEASE]
	at org.springframework.boot.web.servlet.context.ServletWebServerApplicationContext.refresh(ServletWebServerApplicationContext.java:141) ~[spring-boot-2.2.5.RELEASE.jar:2.2.5.RELEASE]
	at org.springframework.boot.SpringApplication.refresh(SpringApplication.java:747) [spring-boot-2.2.5.RELEASE.jar:2.2.5.RELEASE]
	at org.springframework.boot.SpringApplication.refreshContext(SpringApplication.java:397) [spring-boot-2.2.5.RELEASE.jar:2.2.5.RELEASE]
	at org.springframework.boot.SpringApplication.run(SpringApplication.java:315) [spring-boot-2.2.5.RELEASE.jar:2.2.5.RELEASE]
	at org.springframework.boot.SpringApplication.run(SpringApplication.java:1226) [spring-boot-2.2.5.RELEASE.jar:2.2.5.RELEASE]
	at org.springframework.boot.SpringApplication.run(SpringApplication.java:1215) [spring-boot-2.2.5.RELEASE.jar:2.2.5.RELEASE]
	at com.project.demo.Application.main(Application.java:17) [classes/:?]
	at sun.reflect.NativeMethodAccessorImpl.invoke0(Native Method) ~[?:1.8.0_461]
	at sun.reflect.NativeMethodAccessorImpl.invoke(NativeMethodAccessorImpl.java:62) ~[?:1.8.0_461]
	at sun.reflect.DelegatingMethodAccessorImpl.invoke(DelegatingMethodAccessorImpl.java:43) ~[?:1.8.0_461]
	at java.lang.reflect.Method.invoke(Method.java:498) ~[?:1.8.0_461]
	at org.springframework.boot.devtools.restart.RestartLauncher.run(RestartLauncher.java:49) [spring-boot-devtools-2.2.5.RELEASE.jar:2.2.5.RELEASE]
Caused by: org.springframework.beans.BeanInstantiationException: Failed to instantiate [org.apache.ibatis.session.SqlSessionFactory]: Factory method 'sqlSessionFactory' threw exception; nested exception is org.springframework.core.NestedIOException: Failed to parse mapping resource: 'file [/home/yuan/Desktop/bishe-main/target/classes/mapper/AccessTokenMapper.xml]'; nested exception is org.apache.ibatis.builder.BuilderException: Error parsing Mapper XML. The XML location is 'file [/home/yuan/Desktop/bishe-main/target/classes/mapper/AccessTokenMapper.xml]'. Cause: org.apache.ibatis.builder.BuilderException: Error resolving class. Cause: org.apache.ibatis.type.TypeException: Could not resolve type alias 'com.project.demo.entity.AccessToken'.  Cause: java.lang.ClassNotFoundException: Cannot find class: com.project.demo.entity.AccessToken
	at org.springframework.beans.factory.support.SimpleInstantiationStrategy.instantiate(SimpleInstantiationStrategy.java:185) ~[spring-beans-5.2.4.RELEASE.jar:5.2.4.RELEASE]
	at org.springframework.beans.factory.support.ConstructorResolver.instantiate(ConstructorResolver.java:651) ~[spring-beans-5.2.4.RELEASE.jar:5.2.4.RELEASE]
	... 24 more
Caused by: org.springframework.core.NestedIOException: Failed to parse mapping resource: 'file [/home/yuan/Desktop/bishe-main/target/classes/mapper/AccessTokenMapper.xml]'; nested exception is org.apache.ibatis.builder.BuilderException: Error parsing Mapper XML. The XML location is 'file [/home/yuan/Desktop/bishe-main/target/classes/mapper/AccessTokenMapper.xml]'. Cause: org.apache.ibatis.builder.BuilderException: Error resolving class. Cause: org.apache.ibatis.type.TypeException: Could not resolve type alias 'com.project.demo.entity.AccessToken'.  Cause: java.lang.ClassNotFoundException: Cannot find class: com.project.demo.entity.AccessToken
	at com.baomidou.mybatisplus.extension.spring.MybatisSqlSessionFactoryBean.buildSqlSessionFactory(MybatisSqlSessionFactoryBean.java:595) ~[mybatis-plus-extension-3.4.3.1.jar:3.4.3.1]
	at com.baomidou.mybatisplus.extension.spring.MybatisSqlSessionFactoryBean.afterPropertiesSet(MybatisSqlSessionFactoryBean.java:431) ~[mybatis-plus-extension-3.4.3.1.jar:3.4.3.1]
	at com.baomidou.mybatisplus.extension.spring.MybatisSqlSessionFactoryBean.getObject(MybatisSqlSessionFactoryBean.java:628) ~[mybatis-plus-extension-3.4.3.1.jar:3.4.3.1]
	at com.baomidou.mybatisplus.autoconfigure.MybatisPlusAutoConfiguration.sqlSessionFactory(MybatisPlusAutoConfiguration.java:219) ~[mybatis-plus-boot-starter-3.4.3.1.jar:3.4.3.1]
	at sun.reflect.NativeMethodAccessorImpl.invoke0(Native Method) ~[?:1.8.0_461]
	at sun.reflect.NativeMethodAccessorImpl.invoke(NativeMethodAccessorImpl.java:62) ~[?:1.8.0_461]
	at sun.reflect.DelegatingMethodAccessorImpl.invoke(DelegatingMethodAccessorImpl.java:43) ~[?:1.8.0_461]
	at java.lang.reflect.Method.invoke(Method.java:498) ~[?:1.8.0_461]
	at org.springframework.beans.factory.support.SimpleInstantiationStrategy.instantiate(SimpleInstantiationStrategy.java:154) ~[spring-beans-5.2.4.RELEASE.jar:5.2.4.RELEASE]
	at org.springframework.beans.factory.support.ConstructorResolver.instantiate(ConstructorResolver.java:651) ~[spring-beans-5.2.4.RELEASE.jar:5.2.4.RELEASE]
	... 24 more
Caused by: org.apache.ibatis.builder.BuilderException: Error parsing Mapper XML. The XML location is 'file [/home/yuan/Desktop/bishe-main/target/classes/mapper/AccessTokenMapper.xml]'. Cause: org.apache.ibatis.builder.BuilderException: Error resolving class. Cause: org.apache.ibatis.type.TypeException: Could not resolve type alias 'com.project.demo.entity.AccessToken'.  Cause: java.lang.ClassNotFoundException: Cannot find class: com.project.demo.entity.AccessToken
	at org.apache.ibatis.builder.xml.XMLMapperBuilder.configurationElement(XMLMapperBuilder.java:123) ~[mybatis-3.5.7.jar:3.5.7]
	at org.apache.ibatis.builder.xml.XMLMapperBuilder.parse(XMLMapperBuilder.java:95) ~[mybatis-3.5.7.jar:3.5.7]
	at com.baomidou.mybatisplus.extension.spring.MybatisSqlSessionFactoryBean.buildSqlSessionFactory(MybatisSqlSessionFactoryBean.java:593) ~[mybatis-plus-extension-3.4.3.1.jar:3.4.3.1]
	at com.baomidou.mybatisplus.extension.spring.MybatisSqlSessionFactoryBean.afterPropertiesSet(MybatisSqlSessionFactoryBean.java:431) ~[mybatis-plus-extension-3.4.3.1.jar:3.4.3.1]
	at com.baomidou.mybatisplus.extension.spring.MybatisSqlSessionFactoryBean.getObject(MybatisSqlSessionFactoryBean.java:628) ~[mybatis-plus-extension-3.4.3.1.jar:3.4.3.1]
	at com.baomidou.mybatisplus.autoconfigure.MybatisPlusAutoConfiguration.sqlSessionFactory(MybatisPlusAutoConfiguration.java:219) ~[mybatis-plus-boot-starter-3.4.3.1.jar:3.4.3.1]
	at sun.reflect.NativeMethodAccessorImpl.invoke0(Native Method) ~[?:1.8.0_461]
	at sun.reflect.NativeMethodAccessorImpl.invoke(NativeMethodAccessorImpl.java:62) ~[?:1.8.0_461]
	at sun.reflect.DelegatingMethodAccessorImpl.invoke(DelegatingMethodAccessorImpl.java:43) ~[?:1.8.0_461]
	at java.lang.reflect.Method.invoke(Method.java:498) ~[?:1.8.0_461]
	at org.springframework.beans.factory.support.SimpleInstantiationStrategy.instantiate(SimpleInstantiationStrategy.java:154) ~[spring-beans-5.2.4.RELEASE.jar:5.2.4.RELEASE]
	at org.springframework.beans.factory.support.ConstructorResolver.instantiate(ConstructorResolver.java:651) ~[spring-beans-5.2.4.RELEASE.jar:5.2.4.RELEASE]
	... 24 more
Caused by: org.apache.ibatis.builder.BuilderException: Error resolving class. Cause: org.apache.ibatis.type.TypeException: Could not resolve type alias 'com.project.demo.entity.AccessToken'.  Cause: java.lang.ClassNotFoundException: Cannot find class: com.project.demo.entity.AccessToken
	at org.apache.ibatis.builder.BaseBuilder.resolveClass(BaseBuilder.java:118) ~[mybatis-3.5.7.jar:3.5.7]
	at org.apache.ibatis.builder.xml.XMLMapperBuilder.resultMapElement(XMLMapperBuilder.java:263) ~[mybatis-3.5.7.jar:3.5.7]
	at org.apache.ibatis.builder.xml.XMLMapperBuilder.resultMapElement(XMLMapperBuilder.java:254) ~[mybatis-3.5.7.jar:3.5.7]
	at org.apache.ibatis.builder.xml.XMLMapperBuilder.resultMapElements(XMLMapperBuilder.java:246) ~[mybatis-3.5.7.jar:3.5.7]
	at org.apache.ibatis.builder.xml.XMLMapperBuilder.configurationElement(XMLMapperBuilder.java:119) ~[mybatis-3.5.7.jar:3.5.7]
	at org.apache.ibatis.builder.xml.XMLMapperBuilder.parse(XMLMapperBuilder.java:95) ~[mybatis-3.5.7.jar:3.5.7]
	at com.baomidou.mybatisplus.extension.spring.MybatisSqlSessionFactoryBean.buildSqlSessionFactory(MybatisSqlSessionFactoryBean.java:593) ~[mybatis-plus-extension-3.4.3.1.jar:3.4.3.1]
	at com.baomidou.mybatisplus.extension.spring.MybatisSqlSessionFactoryBean.afterPropertiesSet(MybatisSqlSessionFactoryBean.java:431) ~[mybatis-plus-extension-3.4.3.1.jar:3.4.3.1]
	at com.baomidou.mybatisplus.extension.spring.MybatisSqlSessionFactoryBean.getObject(MybatisSqlSessionFactoryBean.java:628) ~[mybatis-plus-extension-3.4.3.1.jar:3.4.3.1]
	at com.baomidou.mybatisplus.autoconfigure.MybatisPlusAutoConfiguration.sqlSessionFactory(MybatisPlusAutoConfiguration.java:219) ~[mybatis-plus-boot-starter-3.4.3.1.jar:3.4.3.1]
	at sun.reflect.NativeMethodAccessorImpl.invoke0(Native Method) ~[?:1.8.0_461]
	at sun.reflect.NativeMethodAccessorImpl.invoke(NativeMethodAccessorImpl.java:62) ~[?:1.8.0_461]
	at sun.reflect.DelegatingMethodAccessorImpl.invoke(DelegatingMethodAccessorImpl.java:43) ~[?:1.8.0_461]
	at java.lang.reflect.Method.invoke(Method.java:498) ~[?:1.8.0_461]
	at org.springframework.beans.factory.support.SimpleInstantiationStrategy.instantiate(SimpleInstantiationStrategy.java:154) ~[spring-beans-5.2.4.RELEASE.jar:5.2.4.RELEASE]
	at org.springframework.beans.factory.support.ConstructorResolver.instantiate(ConstructorResolver.java:651) ~[spring-beans-5.2.4.RELEASE.jar:5.2.4.RELEASE]
	... 24 more
Caused by: org.apache.ibatis.type.TypeException: Could not resolve type alias 'com.project.demo.entity.AccessToken'.  Cause: java.lang.ClassNotFoundException: Cannot find class: com.project.demo.entity.AccessToken
	at org.apache.ibatis.type.TypeAliasRegistry.resolveAlias(TypeAliasRegistry.java:120) ~[mybatis-3.5.7.jar:3.5.7]
	at org.apache.ibatis.builder.BaseBuilder.resolveAlias(BaseBuilder.java:149) ~[mybatis-3.5.7.jar:3.5.7]
	at org.apache.ibatis.builder.BaseBuilder.resolveClass(BaseBuilder.java:116) ~[mybatis-3.5.7.jar:3.5.7]
	at org.apache.ibatis.builder.xml.XMLMapperBuilder.resultMapElement(XMLMapperBuilder.java:263) ~[mybatis-3.5.7.jar:3.5.7]
	at org.apache.ibatis.builder.xml.XMLMapperBuilder.resultMapElement(XMLMapperBuilder.java:254) ~[mybatis-3.5.7.jar:3.5.7]
	at org.apache.ibatis.builder.xml.XMLMapperBuilder.resultMapElements(XMLMapperBuilder.java:246) ~[mybatis-3.5.7.jar:3.5.7]
	at org.apache.ibatis.builder.xml.XMLMapperBuilder.configurationElement(XMLMapperBuilder.java:119) ~[mybatis-3.5.7.jar:3.5.7]
	at org.apache.ibatis.builder.xml.XMLMapperBuilder.parse(XMLMapperBuilder.java:95) ~[mybatis-3.5.7.jar:3.5.7]
	at com.baomidou.mybatisplus.extension.spring.MybatisSqlSessionFactoryBean.buildSqlSessionFactory(MybatisSqlSessionFactoryBean.java:593) ~[mybatis-plus-extension-3.4.3.1.jar:3.4.3.1]
	at com.baomidou.mybatisplus.extension.spring.MybatisSqlSessionFactoryBean.afterPropertiesSet(MybatisSqlSessionFactoryBean.java:431) ~[mybatis-plus-extension-3.4.3.1.jar:3.4.3.1]
	at com.baomidou.mybatisplus.extension.spring.MybatisSqlSessionFactoryBean.getObject(MybatisSqlSessionFactoryBean.java:628) ~[mybatis-plus-extension-3.4.3.1.jar:3.4.3.1]
	at com.baomidou.mybatisplus.autoconfigure.MybatisPlusAutoConfiguration.sqlSessionFactory(MybatisPlusAutoConfiguration.java:219) ~[mybatis-plus-boot-starter-3.4.3.1.jar:3.4.3.1]
	at sun.reflect.NativeMethodAccessorImpl.invoke0(Native Method) ~[?:1.8.0_461]
	at sun.reflect.NativeMethodAccessorImpl.invoke(NativeMethodAccessorImpl.java:62) ~[?:1.8.0_461]
	at sun.reflect.DelegatingMethodAccessorImpl.invoke(DelegatingMethodAccessorImpl.java:43) ~[?:1.8.0_461]
	at java.lang.reflect.Method.invoke(Method.java:498) ~[?:1.8.0_461]
	at org.springframework.beans.factory.support.SimpleInstantiationStrategy.instantiate(SimpleInstantiationStrategy.java:154) ~[spring-beans-5.2.4.RELEASE.jar:5.2.4.RELEASE]
	at org.springframework.beans.factory.support.ConstructorResolver.instantiate(ConstructorResolver.java:651) ~[spring-beans-5.2.4.RELEASE.jar:5.2.4.RELEASE]
	... 24 more
Caused by: java.lang.ClassNotFoundException: Cannot find class: com.project.demo.entity.AccessToken
	at org.apache.ibatis.io.ClassLoaderWrapper.classForName(ClassLoaderWrapper.java:196) ~[mybatis-3.5.7.jar:3.5.7]
	at org.apache.ibatis.io.ClassLoaderWrapper.classForName(ClassLoaderWrapper.java:89) ~[mybatis-3.5.7.jar:3.5.7]
	at org.apache.ibatis.io.Resources.classForName(Resources.java:261) ~[mybatis-3.5.7.jar:3.5.7]
	at org.apache.ibatis.type.TypeAliasRegistry.resolveAlias(TypeAliasRegistry.java:116) ~[mybatis-3.5.7.jar:3.5.7]
	at org.apache.ibatis.builder.BaseBuilder.resolveAlias(BaseBuilder.java:149) ~[mybatis-3.5.7.jar:3.5.7]
	at org.apache.ibatis.builder.BaseBuilder.resolveClass(BaseBuilder.java:116) ~[mybatis-3.5.7.jar:3.5.7]
	at org.apache.ibatis.builder.xml.XMLMapperBuilder.resultMapElement(XMLMapperBuilder.java:263) ~[mybatis-3.5.7.jar:3.5.7]
	at org.apache.ibatis.builder.xml.XMLMapperBuilder.resultMapElement(XMLMapperBuilder.java:254) ~[mybatis-3.5.7.jar:3.5.7]
	at org.apache.ibatis.builder.xml.XMLMapperBuilder.resultMapElements(XMLMapperBuilder.java:246) ~[mybatis-3.5.7.jar:3.5.7]
	at org.apache.ibatis.builder.xml.XMLMapperBuilder.configurationElement(XMLMapperBuilder.java:119) ~[mybatis-3.5.7.jar:3.5.7]
	at org.apache.ibatis.builder.xml.XMLMapperBuilder.parse(XMLMapperBuilder.java:95) ~[mybatis-3.5.7.jar:3.5.7]
	at com.baomidou.mybatisplus.extension.spring.MybatisSqlSessionFactoryBean.buildSqlSessionFactory(MybatisSqlSessionFactoryBean.java:593) ~[mybatis-plus-extension-3.4.3.1.jar:3.4.3.1]
	at com.baomidou.mybatisplus.extension.spring.MybatisSqlSessionFactoryBean.afterPropertiesSet(MybatisSqlSessionFactoryBean.java:431) ~[mybatis-plus-extension-3.4.3.1.jar:3.4.3.1]
	at com.baomidou.mybatisplus.extension.spring.MybatisSqlSessionFactoryBean.getObject(MybatisSqlSessionFactoryBean.java:628) ~[mybatis-plus-extension-3.4.3.1.jar:3.4.3.1]
	at com.baomidou.mybatisplus.autoconfigure.MybatisPlusAutoConfiguration.sqlSessionFactory(MybatisPlusAutoConfiguration.java:219) ~[mybatis-plus-boot-starter-3.4.3.1.jar:3.4.3.1]
	at sun.reflect.NativeMethodAccessorImpl.invoke0(Native Method) ~[?:1.8.0_461]
	at sun.reflect.NativeMethodAccessorImpl.invoke(NativeMethodAccessorImpl.java:62) ~[?:1.8.0_461]
	at sun.reflect.DelegatingMethodAccessorImpl.invoke(DelegatingMethodAccessorImpl.java:43) ~[?:1.8.0_461]
	at java.lang.reflect.Method.invoke(Method.java:498) ~[?:1.8.0_461]
	at org.springframework.beans.factory.support.SimpleInstantiationStrategy.instantiate(SimpleInstantiationStrategy.java:154) ~[spring-beans-5.2.4.RELEASE.jar:5.2.4.RELEASE]
	at org.springframework.beans.factory.support.ConstructorResolver.instantiate(ConstructorResolver.java:651) ~[spring-beans-5.2.4.RELEASE.jar:5.2.4.RELEASE]
	... 24 more
2026-05-05 00:25:56.528 [restartedMain] INFO  com.project.demo.Application - Starting Application on debian with PID 120129 (/home/yuan/Desktop/bishe-main/target/classes started by yuan in /home/yuan/Desktop/bishe-main)
2026-05-05 00:25:56.529 [restartedMain] INFO  com.project.demo.Application - No active profile set, falling back to default profiles: default
2026-05-05 00:25:56.746 [restartedMain] INFO  org.springframework.data.repository.config.RepositoryConfigurationDelegate - Multiple Spring Data modules found, entering strict repository configuration mode!
2026-05-05 00:25:56.746 [restartedMain] INFO  org.springframework.data.repository.config.RepositoryConfigurationDelegate - Bootstrapping Spring Data JPA repositories in DEFAULT mode.
2026-05-05 00:25:56.753 [restartedMain] INFO  org.springframework.data.repository.config.RepositoryConfigurationDelegate - Finished Spring Data repository scanning in 6ms. Found 0 JPA repository interfaces.
2026-05-05 00:25:56.792 [restartedMain] INFO  org.springframework.data.repository.config.RepositoryConfigurationDelegate - Multiple Spring Data modules found, entering strict repository configuration mode!
2026-05-05 00:25:56.792 [restartedMain] INFO  org.springframework.data.repository.config.RepositoryConfigurationDelegate - Bootstrapping Spring Data Redis repositories in DEFAULT mode.
2026-05-05 00:25:56.798 [restartedMain] INFO  org.springframework.data.repository.config.RepositoryConfigurationDelegate - Finished Spring Data repository scanning in 5ms. Found 0 Redis repository interfaces.
2026-05-05 00:25:56.954 [restartedMain] INFO  org.springframework.boot.web.embedded.tomcat.TomcatWebServer - Tomcat initialized with port(s): 5000 (http)
2026-05-05 00:25:56.954 [restartedMain] INFO  org.apache.coyote.http11.Http11NioProtocol - Initializing ProtocolHandler ["http-nio-5000"]
2026-05-05 00:25:56.955 [restartedMain] INFO  org.apache.catalina.core.StandardService - Starting service [Tomcat]
2026-05-05 00:25:56.955 [restartedMain] INFO  org.apache.catalina.core.StandardEngine - Starting Servlet engine: [Apache Tomcat/9.0.31]
2026-05-05 00:25:56.961 [restartedMain] INFO  org.apache.catalina.core.ContainerBase.[Tomcat-1].[localhost].[/api] - Initializing Spring embedded WebApplicationContext
2026-05-05 00:25:56.961 [restartedMain] INFO  org.springframework.web.context.ContextLoader - Root WebApplicationContext: initialization completed in 422 ms
2026-05-05 00:25:56.984 [restartedMain] INFO  com.alibaba.druid.spring.boot.autoconfigure.DruidDataSourceAutoConfigure - Init DruidDataSource
2026-05-05 00:25:57.000 [restartedMain] INFO  com.alibaba.druid.pool.DruidDataSource - {dataSource-6} inited
2026-05-05 00:25:57.032 [restartedMain] INFO  org.hibernate.jpa.internal.util.LogHelper - HHH000204: Processing PersistenceUnitInfo [name: default]
2026-05-05 00:25:57.039 [restartedMain] INFO  org.hibernate.dialect.Dialect - HHH000400: Using dialect: org.hibernate.dialect.MySQL8Dialect
2026-05-05 00:25:57.068 [restartedMain] INFO  org.hibernate.engine.transaction.jta.platform.internal.JtaPlatformInitiator - HHH000490: Using JtaPlatform implementation: [org.hibernate.engine.transaction.jta.platform.internal.NoJtaPlatform]
2026-05-05 00:25:57.069 [restartedMain] INFO  org.springframework.orm.jpa.LocalContainerEntityManagerFactoryBean - Initialized JPA EntityManagerFactory for persistence unit 'default'
2026-05-05 00:25:58.084 [restartedMain] WARN  org.springframework.boot.autoconfigure.orm.jpa.JpaBaseConfiguration$JpaWebConfiguration - spring.jpa.open-in-view is enabled by default. Therefore, database queries may be performed during view rendering. Explicitly configure spring.jpa.open-in-view to disable this warning
2026-05-05 00:25:58.131 [restartedMain] INFO  org.springframework.scheduling.concurrent.ThreadPoolTaskExecutor - Initializing ExecutorService 'applicationTaskExecutor'
2026-05-05 00:25:58.234 [restartedMain] INFO  org.springframework.boot.devtools.autoconfigure.OptionalLiveReloadServer - LiveReload server is running on port 35729
2026-05-05 00:25:58.246 [restartedMain] INFO  org.apache.coyote.http11.Http11NioProtocol - Starting ProtocolHandler ["http-nio-5000"]
2026-05-05 00:25:58.270 [restartedMain] INFO  org.springframework.boot.web.embedded.tomcat.TomcatWebServer - Tomcat started on port(s): 5000 (http) with context path '/api'
2026-05-05 00:25:58.271 [restartedMain] INFO  com.project.demo.Application - Started Application in 1.826 seconds (JVM running for 414.786)
2026-05-05 00:25:58.272 [restartedMain] INFO  org.springframework.boot.devtools.autoconfigure.ConditionEvaluationDeltaLoggingListener - Condition evaluation unchanged
2026-05-05 00:26:11.122 [main] INFO  com.project.demo.Application - Starting Application v1.0-SNAPSHOT on debian with PID 123304 (/home/yuan/Desktop/bishe-main/target/project-spring_boot-1.0-SNAPSHOT.jar started by yuan in /home/yuan/Desktop/bishe-main)
2026-05-05 00:26:11.133 [main] INFO  com.project.demo.Application - No active profile set, falling back to default profiles: default
2026-05-05 00:26:11.771 [main] INFO  org.springframework.data.repository.config.RepositoryConfigurationDelegate - Multiple Spring Data modules found, entering strict repository configuration mode!
2026-05-05 00:26:11.772 [main] INFO  org.springframework.data.repository.config.RepositoryConfigurationDelegate - Bootstrapping Spring Data JPA repositories in DEFAULT mode.
2026-05-05 00:26:11.797 [main] INFO  org.springframework.data.repository.config.RepositoryConfigurationDelegate - Finished Spring Data repository scanning in 15ms. Found 0 JPA repository interfaces.
2026-05-05 00:26:11.955 [main] INFO  org.springframework.data.repository.config.RepositoryConfigurationDelegate - Multiple Spring Data modules found, entering strict repository configuration mode!
2026-05-05 00:26:11.956 [main] INFO  org.springframework.data.repository.config.RepositoryConfigurationDelegate - Bootstrapping Spring Data Redis repositories in DEFAULT mode.
2026-05-05 00:26:11.978 [main] INFO  org.springframework.data.repository.config.RepositoryConfigurationDelegate - Finished Spring Data repository scanning in 12ms. Found 0 Redis repository interfaces.
2026-05-05 00:26:12.900 [main] INFO  org.springframework.boot.web.embedded.tomcat.TomcatWebServer - Tomcat initialized with port(s): 5000 (http)
2026-05-05 00:26:12.913 [main] INFO  org.apache.coyote.http11.Http11NioProtocol - Initializing ProtocolHandler ["http-nio-5000"]
2026-05-05 00:26:12.914 [main] INFO  org.apache.catalina.core.StandardService - Starting service [Tomcat]
2026-05-05 00:26:12.916 [main] INFO  org.apache.catalina.core.StandardEngine - Starting Servlet engine: [Apache Tomcat/9.0.31]
2026-05-05 00:26:12.971 [main] INFO  org.apache.catalina.core.ContainerBase.[Tomcat].[localhost].[/api] - Initializing Spring embedded WebApplicationContext
2026-05-05 00:26:12.971 [main] INFO  org.springframework.web.context.ContextLoader - Root WebApplicationContext: initialization completed in 1762 ms
2026-05-05 00:26:13.017 [main] INFO  com.alibaba.druid.spring.boot.autoconfigure.DruidDataSourceAutoConfigure - Init DruidDataSource
2026-05-05 00:26:13.154 [main] INFO  com.alibaba.druid.pool.DruidDataSource - {dataSource-1} inited
2026-05-05 00:26:13.435 [main] INFO  org.hibernate.jpa.internal.util.LogHelper - HHH000204: Processing PersistenceUnitInfo [name: default]
2026-05-05 00:26:13.515 [main] INFO  org.hibernate.Version - HHH000412: Hibernate ORM core version 5.4.12.Final
2026-05-05 00:26:13.650 [main] INFO  org.hibernate.annotations.common.Version - HCANN000001: Hibernate Commons Annotations {5.1.0.Final}
2026-05-05 00:26:13.833 [main] INFO  org.hibernate.dialect.Dialect - HHH000400: Using dialect: org.hibernate.dialect.MySQL8Dialect
2026-05-05 00:26:14.045 [main] INFO  org.hibernate.engine.transaction.jta.platform.internal.JtaPlatformInitiator - HHH000490: Using JtaPlatform implementation: [org.hibernate.engine.transaction.jta.platform.internal.NoJtaPlatform]
2026-05-05 00:26:14.052 [main] INFO  org.springframework.orm.jpa.LocalContainerEntityManagerFactoryBean - Initialized JPA EntityManagerFactory for persistence unit 'default'
2026-05-05 00:26:15.664 [main] WARN  org.springframework.boot.autoconfigure.orm.jpa.JpaBaseConfiguration$JpaWebConfiguration - spring.jpa.open-in-view is enabled by default. Therefore, database queries may be performed during view rendering. Explicitly configure spring.jpa.open-in-view to disable this warning
2026-05-05 00:26:15.896 [main] INFO  org.springframework.scheduling.concurrent.ThreadPoolTaskExecutor - Initializing ExecutorService 'applicationTaskExecutor'
2026-05-05 00:26:16.249 [main] INFO  org.apache.coyote.http11.Http11NioProtocol - Starting ProtocolHandler ["http-nio-5000"]
2026-05-05 00:26:16.257 [main] INFO  org.apache.coyote.http11.Http11NioProtocol - Pausing ProtocolHandler ["http-nio-5000"]
2026-05-05 00:26:16.257 [main] INFO  org.apache.catalina.core.StandardService - Stopping service [Tomcat]
2026-05-05 00:26:16.269 [main] INFO  org.apache.coyote.http11.Http11NioProtocol - Stopping ProtocolHandler ["http-nio-5000"]
2026-05-05 00:26:16.269 [main] INFO  org.apache.coyote.http11.Http11NioProtocol - Destroying ProtocolHandler ["http-nio-5000"]
2026-05-05 00:26:16.271 [main] INFO  org.springframework.boot.autoconfigure.logging.ConditionEvaluationReportLoggingListener - 

Error starting ApplicationContext. To display the conditions report re-run your application with 'debug' enabled.
2026-05-05 00:26:16.272 [main] ERROR org.springframework.boot.diagnostics.LoggingFailureAnalysisReporter - 

***************************
APPLICATION FAILED TO START
***************************

Description:

Web server failed to start. Port 5000 was already in use.

Action:

Identify and stop the process that's listening on port 5000 or configure this application to listen on another port.

2026-05-05 00:26:16.274 [main] INFO  org.springframework.scheduling.concurrent.ThreadPoolTaskExecutor - Shutting down ExecutorService 'applicationTaskExecutor'
2026-05-05 00:26:16.290 [main] INFO  org.springframework.orm.jpa.LocalContainerEntityManagerFactoryBean - Closing JPA EntityManagerFactory for persistence unit 'default'
2026-05-05 00:26:16.291 [main] INFO  com.alibaba.druid.pool.DruidDataSource - {dataSource-1} closing ...
2026-05-05 00:26:16.294 [main] INFO  com.alibaba.druid.pool.DruidDataSource - {dataSource-1} closed
2026-05-05 00:26:22.766 [http-nio-5000-exec-1] INFO  org.apache.catalina.core.ContainerBase.[Tomcat-1].[localhost].[/api] - Initializing Spring DispatcherServlet 'dispatcherServlet'
2026-05-05 00:26:22.766 [http-nio-5000-exec-1] INFO  org.springframework.web.servlet.DispatcherServlet - Initializing Servlet 'dispatcherServlet'
2026-05-05 00:26:22.768 [http-nio-5000-exec-1] INFO  org.springframework.web.servlet.DispatcherServlet - Completed initialization in 2 ms
2026-05-05 00:26:22.769 [http-nio-5000-exec-1] INFO  com.project.demo.interceptor.LoginInterceptor - [请求接口] - http://localhost:5000/api/sales_information/list_group , [请求类型] - GET
2026-05-05 00:26:23.607 [http-nio-5000-exec-3] INFO  com.project.demo.interceptor.LoginInterceptor - [请求接口] - http://localhost:5000/api/auth/get_list , [请求类型] - GET
2026-05-05 00:26:23.607 [http-nio-5000-exec-4] INFO  com.project.demo.interceptor.LoginInterceptor - [请求接口] - http://localhost:5000/api/user/state , [请求类型] - GET
2026-05-05 00:26:23.613 [http-nio-5000-exec-4] INFO  com.project.demo.controller.UserController - [获取的token] dee499163a224957a7664bb1425fbf14
2026-05-05 00:26:23.623 [http-nio-5000-exec-3] INFO  com.project.demo.service.base.BaseService - 生成的最终SQL:  WHERE `user_group` = '游客'  
2026-05-05 00:26:23.623 [http-nio-5000-exec-3] INFO  com.project.demo.service.base.BaseService - [auth] - 查询操作，sql: select * from `auth` WHERE `user_group` = '游客'  
2026-05-05 00:26:23.624 [http-nio-5000-exec-5] INFO  com.project.demo.interceptor.LoginInterceptor - [请求接口] - http://localhost:5000/api/user/count , [请求类型] - GET
2026-05-05 00:26:23.628 [http-nio-5000-exec-6] INFO  com.project.demo.interceptor.LoginInterceptor - [请求接口] - http://localhost:5000/api/registered_user/count , [请求类型] - GET
2026-05-05 00:26:23.629 [http-nio-5000-exec-5] INFO  com.project.demo.service.base.BaseService - 拼接统计函数前
2026-05-05 00:26:23.637 [http-nio-5000-exec-4] INFO  com.project.demo.controller.UserController - [返回userId] 1
2026-05-05 00:26:23.639 [http-nio-5000-exec-10] INFO  com.project.demo.interceptor.LoginInterceptor - [请求接口] - http://localhost:5000/api/sales_information/count , [请求类型] - GET
2026-05-05 00:26:23.639 [http-nio-5000-exec-5] INFO  com.project.demo.service.base.BaseService - 生成的最终SQL:  WHERE is_delete = 0 
2026-05-05 00:26:23.639 [http-nio-5000-exec-5] INFO  com.project.demo.service.base.BaseService - [user] - 统计操作，sql: SELECT COUNT(*) FROM `user` WHERE is_delete = 0 
2026-05-05 00:26:23.639 [http-nio-5000-exec-4] INFO  com.project.demo.service.base.BaseService - 生成的最终SQL:  WHERE `user_id` = '1'  AND is_delete = 0 
2026-05-05 00:26:23.639 [http-nio-5000-exec-4] INFO  com.project.demo.service.base.BaseService - [user] - 查询操作，sql: select * from `user` WHERE `user_id` = '1'  AND is_delete = 0 
2026-05-05 00:26:23.640 [http-nio-5000-exec-10] INFO  com.project.demo.service.base.BaseService - 拼接统计函数前
2026-05-05 00:26:23.640 [http-nio-5000-exec-10] INFO  com.project.demo.service.base.BaseService - 生成的最终SQL:  WHERE is_delete = 0 
2026-05-05 00:26:23.640 [http-nio-5000-exec-10] INFO  com.project.demo.service.base.BaseService - [sales_information] - 统计操作，sql: SELECT COUNT(*) FROM `sales_information` WHERE is_delete = 0 
2026-05-05 00:26:23.641 [http-nio-5000-exec-9] INFO  com.project.demo.interceptor.LoginInterceptor - [请求接口] - http://localhost:5000/api/inventory_information/count , [请求类型] - GET
2026-05-05 00:26:23.643 [http-nio-5000-exec-3] INFO  com.project.demo.service.base.BaseService - 生成的最终SQL:  WHERE `user_group` = '游客'  
2026-05-05 00:26:23.644 [http-nio-5000-exec-3] INFO  com.project.demo.service.base.BaseService - [auth] - 统计操作，sql: SELECT COUNT(*) FROM `auth` WHERE `user_group` = '游客'  
2026-05-05 00:26:23.647 [http-nio-5000-exec-6] INFO  com.project.demo.service.base.BaseService - 拼接统计函数前
2026-05-05 00:26:23.647 [http-nio-5000-exec-6] INFO  com.project.demo.service.base.BaseService - 生成的最终SQL:  WHERE is_delete = 0 
2026-05-05 00:26:23.648 [http-nio-5000-exec-6] INFO  com.project.demo.service.base.BaseService - [registered_user] - 统计操作，sql: SELECT COUNT(*) FROM `registered_user` WHERE is_delete = 0 
2026-05-05 00:26:23.662 [http-nio-5000-exec-9] INFO  com.project.demo.service.base.BaseService - 拼接统计函数前
2026-05-05 00:26:23.667 [http-nio-5000-exec-9] INFO  com.project.demo.service.base.BaseService - 生成的最终SQL:  WHERE is_delete = 0 
2026-05-05 00:26:23.667 [http-nio-5000-exec-9] INFO  com.project.demo.service.base.BaseService - [inventory_information] - 统计操作，sql: SELECT COUNT(*) FROM `inventory_information` WHERE is_delete = 0 
2026-05-05 00:26:23.671 [http-nio-5000-exec-6] INFO  com.project.demo.interceptor.LoginInterceptor - [请求接口] - http://localhost:5000/api/purchasing_information/count , [请求类型] - GET
2026-05-05 00:26:23.672 [http-nio-5000-exec-8] INFO  com.project.demo.interceptor.LoginInterceptor - [请求接口] - http://localhost:5000/api/sales_information/list_group , [请求类型] - GET
2026-05-05 00:26:23.675 [http-nio-5000-exec-10] INFO  com.project.demo.interceptor.LoginInterceptor - [请求接口] - http://localhost:5000/api/supply_information/count , [请求类型] - GET
2026-05-05 00:26:23.686 [http-nio-5000-exec-2] INFO  com.project.demo.interceptor.LoginInterceptor - [请求接口] - http://localhost:5000/api/registered_user/list_group , [请求类型] - GET
2026-05-05 00:26:23.687 [http-nio-5000-exec-2] INFO  com.project.demo.service.base.BaseService - 生成的最终SQL:  WHERE is_delete = 0 
2026-05-05 00:26:23.687 [http-nio-5000-exec-2] INFO  com.project.demo.service.base.BaseService - [registered_user] - 查询操作，sql: select COUNT(*) AS count, user_gender from `registered_user`  WHERE is_delete = 0 group by user_gender 
2026-05-05 00:26:23.692 [http-nio-5000-exec-6] INFO  com.project.demo.service.base.BaseService - 拼接统计函数前
2026-05-05 00:26:23.702 [http-nio-5000-exec-7] INFO  com.project.demo.interceptor.LoginInterceptor - [请求接口] - http://localhost:5000/api/auth/get_list , [请求类型] - GET
2026-05-05 00:26:23.704 [http-nio-5000-exec-6] INFO  com.project.demo.service.base.BaseService - 生成的最终SQL:  WHERE is_delete = 0 
2026-05-05 00:26:23.704 [http-nio-5000-exec-6] INFO  com.project.demo.service.base.BaseService - [purchasing_information] - 统计操作，sql: SELECT COUNT(*) FROM `purchasing_information` WHERE is_delete = 0 
2026-05-05 00:26:23.705 [http-nio-5000-exec-5] INFO  com.project.demo.interceptor.LoginInterceptor - [请求接口] - http://localhost:5000/api/supply_information/list_group , [请求类型] - GET
2026-05-05 00:26:23.705 [http-nio-5000-exec-10] INFO  com.project.demo.service.base.BaseService - 拼接统计函数前
2026-05-05 00:26:23.706 [http-nio-5000-exec-7] INFO  com.project.demo.service.base.BaseService - 生成的最终SQL:  WHERE `user_group` = '管理员'  
2026-05-05 00:26:23.706 [http-nio-5000-exec-7] INFO  com.project.demo.service.base.BaseService - [auth] - 查询操作，sql: select * from `auth` WHERE `user_group` = '管理员'  
2026-05-05 00:26:23.706 [http-nio-5000-exec-10] INFO  com.project.demo.service.base.BaseService - 生成的最终SQL:  WHERE is_delete = 0 
2026-05-05 00:26:23.706 [http-nio-5000-exec-5] INFO  com.project.demo.service.base.BaseService - 生成的最终SQL:  WHERE is_delete = 0 
2026-05-05 00:26:23.717 [http-nio-5000-exec-5] INFO  com.project.demo.service.base.BaseService - [supply_information] - 查询操作，sql: select COUNT(*) AS count, commodity_category from `supply_information`  WHERE is_delete = 0 group by commodity_category 
2026-05-05 00:26:23.714 [http-nio-5000-exec-1] INFO  com.project.demo.interceptor.LoginInterceptor - [请求接口] - http://localhost:5000/api/views/list_group , [请求类型] - GET
2026-05-05 00:26:23.706 [http-nio-5000-exec-10] INFO  com.project.demo.service.base.BaseService - [supply_information] - 统计操作，sql: SELECT COUNT(*) FROM `supply_information` WHERE is_delete = 0 
2026-05-05 00:26:23.734 [http-nio-5000-exec-7] INFO  com.project.demo.service.base.BaseService - 生成的最终SQL:  WHERE `user_group` = '管理员'  
2026-05-05 00:26:23.734 [http-nio-5000-exec-7] INFO  com.project.demo.service.base.BaseService - [auth] - 统计操作，sql: SELECT COUNT(*) FROM `auth` WHERE `user_group` = '管理员'  
2026-05-05 00:26:23.736 [http-nio-5000-exec-4] INFO  com.project.demo.interceptor.LoginInterceptor - [请求接口] - http://localhost:5000/api/user/count , [请求类型] - GET
2026-05-05 00:26:23.744 [http-nio-5000-exec-1] INFO  com.project.demo.service.base.BaseService - 生成的最终SQL: 
2026-05-05 00:26:23.744 [http-nio-5000-exec-1] INFO  com.project.demo.service.base.BaseService - [views] - 查询操作，sql: select COUNT(*) AS count, source_table from `views` group by source_table 
2026-05-05 00:26:23.745 [http-nio-5000-exec-4] INFO  com.project.demo.service.base.BaseService - 拼接统计函数前
2026-05-05 00:26:23.745 [http-nio-5000-exec-4] INFO  com.project.demo.service.base.BaseService - 生成的最终SQL:  WHERE is_delete = 0 
2026-05-05 00:26:23.746 [http-nio-5000-exec-4] INFO  com.project.demo.service.base.BaseService - [user] - 统计操作，sql: SELECT COUNT(*) FROM `user` WHERE is_delete = 0 
2026-05-05 00:26:23.757 [http-nio-5000-exec-3] INFO  com.project.demo.interceptor.LoginInterceptor - [请求接口] - http://localhost:5000/api/registered_user/count , [请求类型] - GET
2026-05-05 00:26:23.761 [http-nio-5000-exec-3] INFO  com.project.demo.service.base.BaseService - 拼接统计函数前
2026-05-05 00:26:23.761 [http-nio-5000-exec-2] INFO  com.project.demo.interceptor.LoginInterceptor - [请求接口] - http://localhost:5000/api/sales_information/count , [请求类型] - GET
2026-05-05 00:26:23.765 [http-nio-5000-exec-2] INFO  com.project.demo.service.base.BaseService - 拼接统计函数前
2026-05-05 00:26:23.763 [http-nio-5000-exec-3] INFO  com.project.demo.service.base.BaseService - 生成的最终SQL:  WHERE is_delete = 0 
2026-05-05 00:26:23.764 [http-nio-5000-exec-8] INFO  com.project.demo.interceptor.LoginInterceptor - [请求接口] - http://localhost:5000/api/auth/get_list , [请求类型] - GET
2026-05-05 00:26:23.766 [http-nio-5000-exec-3] INFO  com.project.demo.service.base.BaseService - [registered_user] - 统计操作，sql: SELECT COUNT(*) FROM `registered_user` WHERE is_delete = 0 
2026-05-05 00:26:23.765 [http-nio-5000-exec-2] INFO  com.project.demo.service.base.BaseService - 生成的最终SQL:  WHERE is_delete = 0 
2026-05-05 00:26:23.766 [http-nio-5000-exec-2] INFO  com.project.demo.service.base.BaseService - [sales_information] - 统计操作，sql: SELECT COUNT(*) FROM `sales_information` WHERE is_delete = 0 
2026-05-05 00:26:23.767 [http-nio-5000-exec-8] INFO  com.project.demo.service.base.BaseService - 生成的最终SQL:  WHERE `user_group` = '管理员'  
2026-05-05 00:26:23.771 [http-nio-5000-exec-8] INFO  com.project.demo.service.base.BaseService - [auth] - 查询操作，sql: select * from `auth` WHERE `user_group` = '管理员'  
2026-05-05 00:26:23.775 [http-nio-5000-exec-5] INFO  com.project.demo.interceptor.LoginInterceptor - [请求接口] - http://localhost:5000/api/inventory_information/count , [请求类型] - GET
2026-05-05 00:26:23.780 [http-nio-5000-exec-5] INFO  com.project.demo.service.base.BaseService - 拼接统计函数前
2026-05-05 00:26:23.777 [http-nio-5000-exec-9] INFO  com.project.demo.interceptor.LoginInterceptor - [请求接口] - http://localhost:5000/api/purchasing_information/count , [请求类型] - GET
2026-05-05 00:26:23.781 [http-nio-5000-exec-5] INFO  com.project.demo.service.base.BaseService - 生成的最终SQL:  WHERE is_delete = 0 
2026-05-05 00:26:23.782 [http-nio-5000-exec-9] INFO  com.project.demo.service.base.BaseService - 拼接统计函数前
2026-05-05 00:26:23.782 [http-nio-5000-exec-9] INFO  com.project.demo.service.base.BaseService - 生成的最终SQL:  WHERE is_delete = 0 
2026-05-05 00:26:23.782 [http-nio-5000-exec-5] INFO  com.project.demo.service.base.BaseService - [inventory_information] - 统计操作，sql: SELECT COUNT(*) FROM `inventory_information` WHERE is_delete = 0 
2026-05-05 00:26:23.782 [http-nio-5000-exec-9] INFO  com.project.demo.service.base.BaseService - [purchasing_information] - 统计操作，sql: SELECT COUNT(*) FROM `purchasing_information` WHERE is_delete = 0 
2026-05-05 00:26:23.786 [http-nio-5000-exec-6] INFO  com.project.demo.interceptor.LoginInterceptor - [请求接口] - http://localhost:5000/api/supply_information/count , [请求类型] - GET
2026-05-05 00:26:23.797 [http-nio-5000-exec-6] INFO  com.project.demo.service.base.BaseService - 拼接统计函数前
2026-05-05 00:26:23.798 [http-nio-5000-exec-6] INFO  com.project.demo.service.base.BaseService - 生成的最终SQL:  WHERE is_delete = 0 
2026-05-05 00:26:23.798 [http-nio-5000-exec-6] INFO  com.project.demo.service.base.BaseService - [supply_information] - 统计操作，sql: SELECT COUNT(*) FROM `supply_information` WHERE is_delete = 0 
2026-05-05 00:26:23.801 [http-nio-5000-exec-10] INFO  com.project.demo.interceptor.LoginInterceptor - [请求接口] - http://localhost:5000/api/registered_user/list_group , [请求类型] - GET
2026-05-05 00:26:23.802 [http-nio-5000-exec-10] INFO  com.project.demo.service.base.BaseService - 生成的最终SQL:  WHERE is_delete = 0 
2026-05-05 00:26:23.802 [http-nio-5000-exec-1] INFO  com.project.demo.interceptor.LoginInterceptor - [请求接口] - http://localhost:5000/api/sales_information/list_group , [请求类型] - GET
2026-05-05 00:26:23.803 [http-nio-5000-exec-10] INFO  com.project.demo.service.base.BaseService - [registered_user] - 查询操作，sql: select COUNT(*) AS count, user_gender from `registered_user`  WHERE is_delete = 0 group by user_gender 
2026-05-05 00:26:23.815 [http-nio-5000-exec-8] INFO  com.project.demo.service.base.BaseService - 生成的最终SQL:  WHERE `user_group` = '管理员'  
2026-05-05 00:26:23.816 [http-nio-5000-exec-8] INFO  com.project.demo.service.base.BaseService - [auth] - 统计操作，sql: SELECT COUNT(*) FROM `auth` WHERE `user_group` = '管理员'  
2026-05-05 00:26:23.818 [http-nio-5000-exec-3] INFO  com.project.demo.interceptor.LoginInterceptor - [请求接口] - http://localhost:5000/api/views/list_group , [请求类型] - GET
2026-05-05 00:26:23.832 [http-nio-5000-exec-3] INFO  com.project.demo.service.base.BaseService - 生成的最终SQL: 
2026-05-05 00:26:23.832 [http-nio-5000-exec-3] INFO  com.project.demo.service.base.BaseService - [views] - 查询操作，sql: select COUNT(*) AS count, source_table from `views` group by source_table 
2026-05-05 00:26:23.831 [http-nio-5000-exec-4] INFO  com.project.demo.interceptor.LoginInterceptor - [请求接口] - http://localhost:5000/api/upload/O1CN01A1wr3R26fA5Ne05Sj_!!2219275407688.png_460x460q90.jpg_.webp , [请求类型] - GET
2026-05-05 00:26:23.830 [http-nio-5000-exec-7] INFO  com.project.demo.interceptor.LoginInterceptor - [请求接口] - http://localhost:5000/api/supply_information/list_group , [请求类型] - GET
2026-05-05 00:26:23.833 [http-nio-5000-exec-7] INFO  com.project.demo.service.base.BaseService - 生成的最终SQL:  WHERE is_delete = 0 
2026-05-05 00:26:23.834 [http-nio-5000-exec-7] INFO  com.project.demo.service.base.BaseService - [supply_information] - 查询操作，sql: select COUNT(*) AS count, commodity_category from `supply_information`  WHERE is_delete = 0 group by commodity_category 
2026-05-05 00:26:23.878 [http-nio-5000-exec-2] INFO  com.project.demo.interceptor.LoginInterceptor - [请求接口] - http://localhost:5000/api/inventory_information/list_group , [请求类型] - GET
2026-05-05 00:26:23.894 [http-nio-5000-exec-5] INFO  com.project.demo.interceptor.LoginInterceptor - [请求接口] - http://localhost:5000/api/auth/get_list , [请求类型] - GET
2026-05-05 00:26:23.895 [http-nio-5000-exec-5] INFO  com.project.demo.service.base.BaseService - 生成的最终SQL:  WHERE `user_group` = '管理员'  
2026-05-05 00:26:23.895 [http-nio-5000-exec-5] INFO  com.project.demo.service.base.BaseService - [auth] - 查询操作，sql: select * from `auth` WHERE `user_group` = '管理员'  
2026-05-05 00:26:23.904 [http-nio-5000-exec-5] INFO  com.project.demo.service.base.BaseService - 生成的最终SQL:  WHERE `user_group` = '管理员'  
2026-05-05 00:26:23.904 [http-nio-5000-exec-5] INFO  com.project.demo.service.base.BaseService - [auth] - 统计操作，sql: SELECT COUNT(*) FROM `auth` WHERE `user_group` = '管理员'  
2026-05-05 00:26:23.944 [http-nio-5000-exec-9] INFO  com.project.demo.interceptor.LoginInterceptor - [请求接口] - http://localhost:5000/api/inventory_information/list_group , [请求类型] - GET
2026-05-05 00:26:23.992 [http-nio-5000-exec-6] INFO  com.project.demo.interceptor.LoginInterceptor - [请求接口] - http://localhost:5000/api/purchasing_information/list_group , [请求类型] - GET
2026-05-05 00:26:24.012 [http-nio-5000-exec-1] INFO  com.project.demo.interceptor.LoginInterceptor - [请求接口] - http://localhost:5000/api/purchasing_information/list_group , [请求类型] - GET
2026-05-05 00:27:19.378 [http-nio-5000-exec-10] INFO  com.project.demo.interceptor.LoginInterceptor - [请求接口] - http://localhost:5000/api/auth/get_list , [请求类型] - GET
2026-05-05 00:27:19.379 [http-nio-5000-exec-10] INFO  com.project.demo.service.base.BaseService - 生成的最终SQL:  WHERE `user_group` = '游客'  
2026-05-05 00:27:19.379 [http-nio-5000-exec-10] INFO  com.project.demo.service.base.BaseService - [auth] - 查询操作，sql: select * from `auth` WHERE `user_group` = '游客'  
2026-05-05 00:27:19.380 [http-nio-5000-exec-8] INFO  com.project.demo.interceptor.LoginInterceptor - [请求接口] - http://localhost:5000/api/user/state , [请求类型] - GET
2026-05-05 00:27:19.380 [http-nio-5000-exec-8] INFO  com.project.demo.controller.UserController - [获取的token] dee499163a224957a7664bb1425fbf14
2026-05-05 00:27:19.382 [http-nio-5000-exec-8] INFO  com.project.demo.controller.UserController - [返回userId] 1
2026-05-05 00:27:19.383 [http-nio-5000-exec-8] INFO  com.project.demo.service.base.BaseService - 生成的最终SQL:  WHERE `user_id` = '1'  AND is_delete = 0 
2026-05-05 00:27:19.383 [http-nio-5000-exec-8] INFO  com.project.demo.service.base.BaseService - [user] - 查询操作，sql: select * from `user` WHERE `user_id` = '1'  AND is_delete = 0 
2026-05-05 00:27:19.386 [http-nio-5000-exec-10] INFO  com.project.demo.service.base.BaseService - 生成的最终SQL:  WHERE `user_group` = '游客'  
2026-05-05 00:27:19.387 [http-nio-5000-exec-10] INFO  com.project.demo.service.base.BaseService - [auth] - 统计操作，sql: SELECT COUNT(*) FROM `auth` WHERE `user_group` = '游客'  
2026-05-05 00:27:19.399 [http-nio-5000-exec-3] INFO  com.project.demo.interceptor.LoginInterceptor - [请求接口] - http://localhost:5000/api/user/count , [请求类型] - GET
2026-05-05 00:27:19.400 [http-nio-5000-exec-3] INFO  com.project.demo.service.base.BaseService - 拼接统计函数前
2026-05-05 00:27:19.400 [http-nio-5000-exec-3] INFO  com.project.demo.service.base.BaseService - 生成的最终SQL:  WHERE is_delete = 0 
2026-05-05 00:27:19.400 [http-nio-5000-exec-3] INFO  com.project.demo.service.base.BaseService - [user] - 统计操作，sql: SELECT COUNT(*) FROM `user` WHERE is_delete = 0 
2026-05-05 00:27:19.404 [http-nio-5000-exec-4] INFO  com.project.demo.interceptor.LoginInterceptor - [请求接口] - http://localhost:5000/api/registered_user/count , [请求类型] - GET
2026-05-05 00:27:19.404 [http-nio-5000-exec-4] INFO  com.project.demo.service.base.BaseService - 拼接统计函数前
2026-05-05 00:27:19.405 [http-nio-5000-exec-4] INFO  com.project.demo.service.base.BaseService - 生成的最终SQL:  WHERE is_delete = 0 
2026-05-05 00:27:19.405 [http-nio-5000-exec-4] INFO  com.project.demo.service.base.BaseService - [registered_user] - 统计操作，sql: SELECT COUNT(*) FROM `registered_user` WHERE is_delete = 0 
2026-05-05 00:27:19.405 [http-nio-5000-exec-7] INFO  com.project.demo.interceptor.LoginInterceptor - [请求接口] - http://localhost:5000/api/sales_information/count , [请求类型] - GET
2026-05-05 00:27:19.406 [http-nio-5000-exec-7] INFO  com.project.demo.service.base.BaseService - 拼接统计函数前
2026-05-05 00:27:19.406 [http-nio-5000-exec-7] INFO  com.project.demo.service.base.BaseService - 生成的最终SQL:  WHERE is_delete = 0 
2026-05-05 00:27:19.406 [http-nio-5000-exec-7] INFO  com.project.demo.service.base.BaseService - [sales_information] - 统计操作，sql: SELECT COUNT(*) FROM `sales_information` WHERE is_delete = 0 
2026-05-05 00:27:19.408 [http-nio-5000-exec-2] INFO  com.project.demo.interceptor.LoginInterceptor - [请求接口] - http://localhost:5000/api/inventory_information/count , [请求类型] - GET
2026-05-05 00:27:19.409 [http-nio-5000-exec-2] INFO  com.project.demo.service.base.BaseService - 拼接统计函数前
2026-05-05 00:27:19.409 [http-nio-5000-exec-2] INFO  com.project.demo.service.base.BaseService - 生成的最终SQL:  WHERE is_delete = 0 
2026-05-05 00:27:19.410 [http-nio-5000-exec-2] INFO  com.project.demo.service.base.BaseService - [inventory_information] - 统计操作，sql: SELECT COUNT(*) FROM `inventory_information` WHERE is_delete = 0 
2026-05-05 00:27:19.411 [http-nio-5000-exec-9] INFO  com.project.demo.interceptor.LoginInterceptor - [请求接口] - http://localhost:5000/api/supply_information/count , [请求类型] - GET
2026-05-05 00:27:19.412 [http-nio-5000-exec-9] INFO  com.project.demo.service.base.BaseService - 拼接统计函数前
2026-05-05 00:27:19.412 [http-nio-5000-exec-9] INFO  com.project.demo.service.base.BaseService - 生成的最终SQL:  WHERE is_delete = 0 
2026-05-05 00:27:19.412 [http-nio-5000-exec-9] INFO  com.project.demo.service.base.BaseService - [supply_information] - 统计操作，sql: SELECT COUNT(*) FROM `supply_information` WHERE is_delete = 0 
2026-05-05 00:27:19.411 [http-nio-5000-exec-5] INFO  com.project.demo.interceptor.LoginInterceptor - [请求接口] - http://localhost:5000/api/purchasing_information/count , [请求类型] - GET
2026-05-05 00:27:19.413 [http-nio-5000-exec-5] INFO  com.project.demo.service.base.BaseService - 拼接统计函数前
2026-05-05 00:27:19.413 [http-nio-5000-exec-5] INFO  com.project.demo.service.base.BaseService - 生成的最终SQL:  WHERE is_delete = 0 
2026-05-05 00:27:19.413 [http-nio-5000-exec-5] INFO  com.project.demo.service.base.BaseService - [purchasing_information] - 统计操作，sql: SELECT COUNT(*) FROM `purchasing_information` WHERE is_delete = 0 
2026-05-05 00:27:19.445 [http-nio-5000-exec-6] INFO  com.project.demo.interceptor.LoginInterceptor - [请求接口] - http://localhost:5000/api/sales_information/list_group , [请求类型] - GET
2026-05-05 00:27:19.448 [http-nio-5000-exec-1] INFO  com.project.demo.interceptor.LoginInterceptor - [请求接口] - http://localhost:5000/api/registered_user/list_group , [请求类型] - GET
2026-05-05 00:27:19.448 [http-nio-5000-exec-1] INFO  com.project.demo.service.base.BaseService - 生成的最终SQL:  WHERE is_delete = 0 
2026-05-05 00:27:19.448 [http-nio-5000-exec-1] INFO  com.project.demo.service.base.BaseService - [registered_user] - 查询操作，sql: select COUNT(*) AS count, user_gender from `registered_user`  WHERE is_delete = 0 group by user_gender 
2026-05-05 00:27:19.454 [http-nio-5000-exec-10] INFO  com.project.demo.interceptor.LoginInterceptor - [请求接口] - http://localhost:5000/api/supply_information/list_group , [请求类型] - GET
2026-05-05 00:27:19.454 [http-nio-5000-exec-8] INFO  com.project.demo.interceptor.LoginInterceptor - [请求接口] - http://localhost:5000/api/views/list_group , [请求类型] - GET
2026-05-05 00:27:19.455 [http-nio-5000-exec-10] INFO  com.project.demo.service.base.BaseService - 生成的最终SQL:  WHERE is_delete = 0 
2026-05-05 00:27:19.455 [http-nio-5000-exec-10] INFO  com.project.demo.service.base.BaseService - [supply_information] - 查询操作，sql: select COUNT(*) AS count, commodity_category from `supply_information`  WHERE is_delete = 0 group by commodity_category 
2026-05-05 00:27:19.456 [http-nio-5000-exec-8] INFO  com.project.demo.service.base.BaseService - 生成的最终SQL: 
2026-05-05 00:27:19.456 [http-nio-5000-exec-8] INFO  com.project.demo.service.base.BaseService - [views] - 查询操作，sql: select COUNT(*) AS count, source_table from `views` group by source_table 
2026-05-05 00:27:19.474 [http-nio-5000-exec-3] INFO  com.project.demo.interceptor.LoginInterceptor - [请求接口] - http://localhost:5000/api/auth/get_list , [请求类型] - GET
2026-05-05 00:27:19.475 [http-nio-5000-exec-3] INFO  com.project.demo.service.base.BaseService - 生成的最终SQL:  WHERE `user_group` = '管理员'  
2026-05-05 00:27:19.475 [http-nio-5000-exec-3] INFO  com.project.demo.service.base.BaseService - [auth] - 查询操作，sql: select * from `auth` WHERE `user_group` = '管理员'  
2026-05-05 00:27:19.481 [http-nio-5000-exec-3] INFO  com.project.demo.service.base.BaseService - 生成的最终SQL:  WHERE `user_group` = '管理员'  
2026-05-05 00:27:19.481 [http-nio-5000-exec-3] INFO  com.project.demo.service.base.BaseService - [auth] - 统计操作，sql: SELECT COUNT(*) FROM `auth` WHERE `user_group` = '管理员'  
2026-05-05 00:27:19.483 [http-nio-5000-exec-4] INFO  com.project.demo.interceptor.LoginInterceptor - [请求接口] - http://localhost:5000/api/user/count , [请求类型] - GET
2026-05-05 00:27:19.484 [http-nio-5000-exec-2] INFO  com.project.demo.interceptor.LoginInterceptor - [请求接口] - http://localhost:5000/api/registered_user/count , [请求类型] - GET
2026-05-05 00:27:19.485 [http-nio-5000-exec-9] INFO  com.project.demo.interceptor.LoginInterceptor - [请求接口] - http://localhost:5000/api/sales_information/count , [请求类型] - GET
2026-05-05 00:27:19.486 [http-nio-5000-exec-2] INFO  com.project.demo.service.base.BaseService - 拼接统计函数前
2026-05-05 00:27:19.486 [http-nio-5000-exec-5] INFO  com.project.demo.interceptor.LoginInterceptor - [请求接口] - http://localhost:5000/api/inventory_information/count , [请求类型] - GET
2026-05-05 00:27:19.487 [http-nio-5000-exec-5] INFO  com.project.demo.service.base.BaseService - 拼接统计函数前
2026-05-05 00:27:19.487 [http-nio-5000-exec-5] INFO  com.project.demo.service.base.BaseService - 生成的最终SQL:  WHERE is_delete = 0 
2026-05-05 00:27:19.487 [http-nio-5000-exec-5] INFO  com.project.demo.service.base.BaseService - [inventory_information] - 统计操作，sql: SELECT COUNT(*) FROM `inventory_information` WHERE is_delete = 0 
2026-05-05 00:27:19.487 [http-nio-5000-exec-2] INFO  com.project.demo.service.base.BaseService - 生成的最终SQL:  WHERE is_delete = 0 
2026-05-05 00:27:19.488 [http-nio-5000-exec-2] INFO  com.project.demo.service.base.BaseService - [registered_user] - 统计操作，sql: SELECT COUNT(*) FROM `registered_user` WHERE is_delete = 0 
2026-05-05 00:27:19.487 [http-nio-5000-exec-4] INFO  com.project.demo.service.base.BaseService - 拼接统计函数前
2026-05-05 00:27:19.488 [http-nio-5000-exec-4] INFO  com.project.demo.service.base.BaseService - 生成的最终SQL:  WHERE is_delete = 0 
2026-05-05 00:27:19.488 [http-nio-5000-exec-9] INFO  com.project.demo.service.base.BaseService - 拼接统计函数前
2026-05-05 00:27:19.488 [http-nio-5000-exec-4] INFO  com.project.demo.service.base.BaseService - [user] - 统计操作，sql: SELECT COUNT(*) FROM `user` WHERE is_delete = 0 
2026-05-05 00:27:19.488 [http-nio-5000-exec-9] INFO  com.project.demo.service.base.BaseService - 生成的最终SQL:  WHERE is_delete = 0 
2026-05-05 00:27:19.488 [http-nio-5000-exec-9] INFO  com.project.demo.service.base.BaseService - [sales_information] - 统计操作，sql: SELECT COUNT(*) FROM `sales_information` WHERE is_delete = 0 
2026-05-05 00:27:19.492 [http-nio-5000-exec-7] INFO  com.project.demo.interceptor.LoginInterceptor - [请求接口] - http://localhost:5000/api/purchasing_information/count , [请求类型] - GET
2026-05-05 00:27:19.493 [http-nio-5000-exec-7] INFO  com.project.demo.service.base.BaseService - 拼接统计函数前
2026-05-05 00:27:19.493 [http-nio-5000-exec-7] INFO  com.project.demo.service.base.BaseService - 生成的最终SQL:  WHERE is_delete = 0 
2026-05-05 00:27:19.493 [http-nio-5000-exec-7] INFO  com.project.demo.service.base.BaseService - [purchasing_information] - 统计操作，sql: SELECT COUNT(*) FROM `purchasing_information` WHERE is_delete = 0 
2026-05-05 00:27:19.500 [http-nio-5000-exec-6] INFO  com.project.demo.interceptor.LoginInterceptor - [请求接口] - http://localhost:5000/api/upload/O1CN01A1wr3R26fA5Ne05Sj_!!2219275407688.png_460x460q90.jpg_.webp , [请求类型] - GET
2026-05-05 00:27:19.512 [http-nio-5000-exec-10] INFO  com.project.demo.interceptor.LoginInterceptor - [请求接口] - http://localhost:5000/api/sales_information/list_group , [请求类型] - GET
2026-05-05 00:27:19.513 [http-nio-5000-exec-4] INFO  com.project.demo.interceptor.LoginInterceptor - [请求接口] - http://localhost:5000/api/registered_user/list_group , [请求类型] - GET
2026-05-05 00:27:19.512 [http-nio-5000-exec-3] INFO  com.project.demo.interceptor.LoginInterceptor - [请求接口] - http://localhost:5000/api/supply_information/list_group , [请求类型] - GET
2026-05-05 00:27:19.512 [http-nio-5000-exec-1] INFO  com.project.demo.interceptor.LoginInterceptor - [请求接口] - http://localhost:5000/api/supply_information/count , [请求类型] - GET
2026-05-05 00:27:19.512 [http-nio-5000-exec-8] INFO  com.project.demo.interceptor.LoginInterceptor - [请求接口] - http://localhost:5000/api/auth/get_list , [请求类型] - GET
2026-05-05 00:27:19.513 [http-nio-5000-exec-4] INFO  com.project.demo.service.base.BaseService - 生成的最终SQL:  WHERE is_delete = 0 
2026-05-05 00:27:19.514 [http-nio-5000-exec-4] INFO  com.project.demo.service.base.BaseService - [registered_user] - 查询操作，sql: select COUNT(*) AS count, user_gender from `registered_user`  WHERE is_delete = 0 group by user_gender 
2026-05-05 00:27:19.514 [http-nio-5000-exec-8] INFO  com.project.demo.service.base.BaseService - 生成的最终SQL:  WHERE `user_group` = '管理员'  
2026-05-05 00:27:19.514 [http-nio-5000-exec-3] INFO  com.project.demo.service.base.BaseService - 生成的最终SQL:  WHERE is_delete = 0 
2026-05-05 00:27:19.514 [http-nio-5000-exec-8] INFO  com.project.demo.service.base.BaseService - [auth] - 查询操作，sql: select * from `auth` WHERE `user_group` = '管理员'  
2026-05-05 00:27:19.514 [http-nio-5000-exec-3] INFO  com.project.demo.service.base.BaseService - [supply_information] - 查询操作，sql: select COUNT(*) AS count, commodity_category from `supply_information`  WHERE is_delete = 0 group by commodity_category 
2026-05-05 00:27:19.514 [http-nio-5000-exec-5] INFO  com.project.demo.interceptor.LoginInterceptor - [请求接口] - http://localhost:5000/api/views/list_group , [请求类型] - GET
2026-05-05 00:27:19.517 [http-nio-5000-exec-5] INFO  com.project.demo.service.base.BaseService - 生成的最终SQL: 
2026-05-05 00:27:19.517 [http-nio-5000-exec-5] INFO  com.project.demo.service.base.BaseService - [views] - 查询操作，sql: select COUNT(*) AS count, source_table from `views` group by source_table 
2026-05-05 00:27:19.515 [http-nio-5000-exec-1] INFO  com.project.demo.service.base.BaseService - 拼接统计函数前
2026-05-05 00:27:19.518 [http-nio-5000-exec-1] INFO  com.project.demo.service.base.BaseService - 生成的最终SQL:  WHERE is_delete = 0 
2026-05-05 00:27:19.518 [http-nio-5000-exec-1] INFO  com.project.demo.service.base.BaseService - [supply_information] - 统计操作，sql: SELECT COUNT(*) FROM `supply_information` WHERE is_delete = 0 
2026-05-05 00:27:19.526 [http-nio-5000-exec-8] INFO  com.project.demo.service.base.BaseService - 生成的最终SQL:  WHERE `user_group` = '管理员'  
2026-05-05 00:27:19.526 [http-nio-5000-exec-8] INFO  com.project.demo.service.base.BaseService - [auth] - 统计操作，sql: SELECT COUNT(*) FROM `auth` WHERE `user_group` = '管理员'  
2026-05-05 00:27:19.548 [http-nio-5000-exec-9] INFO  com.project.demo.interceptor.LoginInterceptor - [请求接口] - http://localhost:5000/api/inventory_information/list_group , [请求类型] - GET
2026-05-05 00:27:19.643 [http-nio-5000-exec-2] INFO  com.project.demo.interceptor.LoginInterceptor - [请求接口] - http://localhost:5000/api/auth/get_list , [请求类型] - GET
2026-05-05 00:27:19.643 [http-nio-5000-exec-2] INFO  com.project.demo.service.base.BaseService - 生成的最终SQL:  WHERE `user_group` = '管理员'  
2026-05-05 00:27:19.643 [http-nio-5000-exec-2] INFO  com.project.demo.service.base.BaseService - [auth] - 查询操作，sql: select * from `auth` WHERE `user_group` = '管理员'  
2026-05-05 00:27:19.648 [http-nio-5000-exec-2] INFO  com.project.demo.service.base.BaseService - 生成的最终SQL:  WHERE `user_group` = '管理员'  
2026-05-05 00:27:19.648 [http-nio-5000-exec-2] INFO  com.project.demo.service.base.BaseService - [auth] - 统计操作，sql: SELECT COUNT(*) FROM `auth` WHERE `user_group` = '管理员'  
2026-05-05 00:27:19.695 [http-nio-5000-exec-7] INFO  com.project.demo.interceptor.LoginInterceptor - [请求接口] - http://localhost:5000/api/inventory_information/list_group , [请求类型] - GET
2026-05-05 00:27:19.720 [http-nio-5000-exec-6] INFO  com.project.demo.interceptor.LoginInterceptor - [请求接口] - http://localhost:5000/api/purchasing_information/list_group , [请求类型] - GET
2026-05-05 00:27:19.731 [http-nio-5000-exec-3] INFO  com.project.demo.interceptor.LoginInterceptor - [请求接口] - http://localhost:5000/api/purchasing_information/list_group , [请求类型] - GET
2026-05-05 00:27:29.277 [http-nio-5000-exec-5] INFO  com.project.demo.interceptor.LoginInterceptor - [请求接口] - http://localhost:5000/api/purchasing_information/list_group , [请求类型] - GET
2026-05-05 00:27:57.322 [http-nio-5000-exec-10] INFO  com.project.demo.interceptor.LoginInterceptor - [请求接口] - http://localhost:5000/api/inventory_information/list_group , [请求类型] - GET
2026-05-05 00:28:07.903 [http-nio-5000-exec-8] INFO  com.project.demo.interceptor.LoginInterceptor - [请求接口] - http://localhost:5000/api/auth/get_list , [请求类型] - GET
2026-05-05 00:28:07.904 [http-nio-5000-exec-8] INFO  com.project.demo.service.base.BaseService - 生成的最终SQL:  WHERE `user_group` = '游客'  
2026-05-05 00:28:07.904 [http-nio-5000-exec-8] INFO  com.project.demo.service.base.BaseService - [auth] - 查询操作，sql: select * from `auth` WHERE `user_group` = '游客'  
2026-05-05 00:28:07.904 [http-nio-5000-exec-9] INFO  com.project.demo.interceptor.LoginInterceptor - [请求接口] - http://localhost:5000/api/user/state , [请求类型] - GET
2026-05-05 00:28:07.905 [http-nio-5000-exec-9] INFO  com.project.demo.controller.UserController - [获取的token] dee499163a224957a7664bb1425fbf14
2026-05-05 00:28:07.907 [http-nio-5000-exec-9] INFO  com.project.demo.controller.UserController - [返回userId] 1
2026-05-05 00:28:07.907 [http-nio-5000-exec-9] INFO  com.project.demo.service.base.BaseService - 生成的最终SQL:  WHERE `user_id` = '1'  AND is_delete = 0 
2026-05-05 00:28:07.907 [http-nio-5000-exec-9] INFO  com.project.demo.service.base.BaseService - [user] - 查询操作，sql: select * from `user` WHERE `user_id` = '1'  AND is_delete = 0 
2026-05-05 00:28:07.908 [http-nio-5000-exec-8] INFO  com.project.demo.service.base.BaseService - 生成的最终SQL:  WHERE `user_group` = '游客'  
2026-05-05 00:28:07.909 [http-nio-5000-exec-8] INFO  com.project.demo.service.base.BaseService - [auth] - 统计操作，sql: SELECT COUNT(*) FROM `auth` WHERE `user_group` = '游客'  
2026-05-05 00:28:07.920 [http-nio-5000-exec-2] INFO  com.project.demo.interceptor.LoginInterceptor - [请求接口] - http://localhost:5000/api/user/count , [请求类型] - GET
2026-05-05 00:28:07.921 [http-nio-5000-exec-2] INFO  com.project.demo.service.base.BaseService - 拼接统计函数前
2026-05-05 00:28:07.921 [http-nio-5000-exec-2] INFO  com.project.demo.service.base.BaseService - 生成的最终SQL:  WHERE is_delete = 0 
2026-05-05 00:28:07.922 [http-nio-5000-exec-2] INFO  com.project.demo.service.base.BaseService - [user] - 统计操作，sql: SELECT COUNT(*) FROM `user` WHERE is_delete = 0 
2026-05-05 00:28:07.926 [http-nio-5000-exec-7] INFO  com.project.demo.interceptor.LoginInterceptor - [请求接口] - http://localhost:5000/api/registered_user/count , [请求类型] - GET
2026-05-05 00:28:07.926 [http-nio-5000-exec-7] INFO  com.project.demo.service.base.BaseService - 拼接统计函数前
2026-05-05 00:28:07.926 [http-nio-5000-exec-7] INFO  com.project.demo.service.base.BaseService - 生成的最终SQL:  WHERE is_delete = 0 
2026-05-05 00:28:07.926 [http-nio-5000-exec-7] INFO  com.project.demo.service.base.BaseService - [registered_user] - 统计操作，sql: SELECT COUNT(*) FROM `registered_user` WHERE is_delete = 0 
2026-05-05 00:28:07.927 [http-nio-5000-exec-6] INFO  com.project.demo.interceptor.LoginInterceptor - [请求接口] - http://localhost:5000/api/sales_information/count , [请求类型] - GET
2026-05-05 00:28:07.928 [http-nio-5000-exec-6] INFO  com.project.demo.service.base.BaseService - 拼接统计函数前
2026-05-05 00:28:07.928 [http-nio-5000-exec-6] INFO  com.project.demo.service.base.BaseService - 生成的最终SQL:  WHERE is_delete = 0 
2026-05-05 00:28:07.928 [http-nio-5000-exec-6] INFO  com.project.demo.service.base.BaseService - [sales_information] - 统计操作，sql: SELECT COUNT(*) FROM `sales_information` WHERE is_delete = 0 
2026-05-05 00:28:07.931 [http-nio-5000-exec-3] INFO  com.project.demo.interceptor.LoginInterceptor - [请求接口] - http://localhost:5000/api/inventory_information/count , [请求类型] - GET
2026-05-05 00:28:07.931 [http-nio-5000-exec-3] INFO  com.project.demo.service.base.BaseService - 拼接统计函数前
2026-05-05 00:28:07.931 [http-nio-5000-exec-3] INFO  com.project.demo.service.base.BaseService - 生成的最终SQL:  WHERE is_delete = 0 
2026-05-05 00:28:07.931 [http-nio-5000-exec-3] INFO  com.project.demo.service.base.BaseService - [inventory_information] - 统计操作，sql: SELECT COUNT(*) FROM `inventory_information` WHERE is_delete = 0 
2026-05-05 00:28:07.935 [http-nio-5000-exec-5] INFO  com.project.demo.interceptor.LoginInterceptor - [请求接口] - http://localhost:5000/api/purchasing_information/count , [请求类型] - GET
2026-05-05 00:28:07.935 [http-nio-5000-exec-10] INFO  com.project.demo.interceptor.LoginInterceptor - [请求接口] - http://localhost:5000/api/sales_information/list_group , [请求类型] - GET
2026-05-05 00:28:07.935 [http-nio-5000-exec-5] INFO  com.project.demo.service.base.BaseService - 拼接统计函数前
2026-05-05 00:28:07.935 [http-nio-5000-exec-5] INFO  com.project.demo.service.base.BaseService - 生成的最终SQL:  WHERE is_delete = 0 
2026-05-05 00:28:07.935 [http-nio-5000-exec-1] INFO  com.project.demo.interceptor.LoginInterceptor - [请求接口] - http://localhost:5000/api/supply_information/count , [请求类型] - GET
2026-05-05 00:28:07.935 [http-nio-5000-exec-5] INFO  com.project.demo.service.base.BaseService - [purchasing_information] - 统计操作，sql: SELECT COUNT(*) FROM `purchasing_information` WHERE is_delete = 0 
2026-05-05 00:28:07.936 [http-nio-5000-exec-1] INFO  com.project.demo.service.base.BaseService - 拼接统计函数前
2026-05-05 00:28:07.936 [http-nio-5000-exec-1] INFO  com.project.demo.service.base.BaseService - 生成的最终SQL:  WHERE is_delete = 0 
2026-05-05 00:28:07.936 [http-nio-5000-exec-1] INFO  com.project.demo.service.base.BaseService - [supply_information] - 统计操作，sql: SELECT COUNT(*) FROM `supply_information` WHERE is_delete = 0 
2026-05-05 00:28:07.941 [http-nio-5000-exec-4] INFO  com.project.demo.interceptor.LoginInterceptor - [请求接口] - http://localhost:5000/api/registered_user/list_group , [请求类型] - GET
2026-05-05 00:28:07.941 [http-nio-5000-exec-4] INFO  com.project.demo.service.base.BaseService - 生成的最终SQL:  WHERE is_delete = 0 
2026-05-05 00:28:07.941 [http-nio-5000-exec-4] INFO  com.project.demo.service.base.BaseService - [registered_user] - 查询操作，sql: select COUNT(*) AS count, user_gender from `registered_user`  WHERE is_delete = 0 group by user_gender 
2026-05-05 00:28:07.947 [http-nio-5000-exec-9] INFO  com.project.demo.interceptor.LoginInterceptor - [请求接口] - http://localhost:5000/api/supply_information/list_group , [请求类型] - GET
2026-05-05 00:28:07.947 [http-nio-5000-exec-9] INFO  com.project.demo.service.base.BaseService - 生成的最终SQL:  WHERE is_delete = 0 
2026-05-05 00:28:07.947 [http-nio-5000-exec-9] INFO  com.project.demo.service.base.BaseService - [supply_information] - 查询操作，sql: select COUNT(*) AS count, commodity_category from `supply_information`  WHERE is_delete = 0 group by commodity_category 
2026-05-05 00:28:07.949 [http-nio-5000-exec-8] INFO  com.project.demo.interceptor.LoginInterceptor - [请求接口] - http://localhost:5000/api/views/list_group , [请求类型] - GET
2026-05-05 00:28:07.950 [http-nio-5000-exec-8] INFO  com.project.demo.service.base.BaseService - 生成的最终SQL: 
2026-05-05 00:28:07.950 [http-nio-5000-exec-8] INFO  com.project.demo.service.base.BaseService - [views] - 查询操作，sql: select COUNT(*) AS count, source_table from `views` group by source_table 
2026-05-05 00:28:07.965 [http-nio-5000-exec-2] INFO  com.project.demo.interceptor.LoginInterceptor - [请求接口] - http://localhost:5000/api/auth/get_list , [请求类型] - GET
2026-05-05 00:28:07.966 [http-nio-5000-exec-2] INFO  com.project.demo.service.base.BaseService - 生成的最终SQL:  WHERE `user_group` = '管理员'  
2026-05-05 00:28:07.966 [http-nio-5000-exec-2] INFO  com.project.demo.service.base.BaseService - [auth] - 查询操作，sql: select * from `auth` WHERE `user_group` = '管理员'  
2026-05-05 00:28:07.973 [http-nio-5000-exec-2] INFO  com.project.demo.service.base.BaseService - 生成的最终SQL:  WHERE `user_group` = '管理员'  
2026-05-05 00:28:07.973 [http-nio-5000-exec-2] INFO  com.project.demo.service.base.BaseService - [auth] - 统计操作，sql: SELECT COUNT(*) FROM `auth` WHERE `user_group` = '管理员'  
2026-05-05 00:28:07.980 [http-nio-5000-exec-7] INFO  com.project.demo.interceptor.LoginInterceptor - [请求接口] - http://localhost:5000/api/auth/get_list , [请求类型] - GET
2026-05-05 00:28:07.980 [http-nio-5000-exec-7] INFO  com.project.demo.service.base.BaseService - 生成的最终SQL:  WHERE `user_group` = '管理员'  
2026-05-05 00:28:07.980 [http-nio-5000-exec-7] INFO  com.project.demo.service.base.BaseService - [auth] - 查询操作，sql: select * from `auth` WHERE `user_group` = '管理员'  
2026-05-05 00:28:07.987 [http-nio-5000-exec-7] INFO  com.project.demo.service.base.BaseService - 生成的最终SQL:  WHERE `user_group` = '管理员'  
2026-05-05 00:28:07.987 [http-nio-5000-exec-7] INFO  com.project.demo.service.base.BaseService - [auth] - 统计操作，sql: SELECT COUNT(*) FROM `auth` WHERE `user_group` = '管理员'  
2026-05-05 00:28:07.994 [http-nio-5000-exec-6] INFO  com.project.demo.interceptor.LoginInterceptor - [请求接口] - http://localhost:5000/api/user/count , [请求类型] - GET
2026-05-05 00:28:07.995 [http-nio-5000-exec-7] INFO  com.project.demo.interceptor.LoginInterceptor - [请求接口] - http://localhost:5000/api/registered_user/count , [请求类型] - GET
2026-05-05 00:28:07.995 [http-nio-5000-exec-6] INFO  com.project.demo.service.base.BaseService - 拼接统计函数前
2026-05-05 00:28:07.995 [http-nio-5000-exec-6] INFO  com.project.demo.service.base.BaseService - 生成的最终SQL:  WHERE is_delete = 0 
2026-05-05 00:28:07.995 [http-nio-5000-exec-6] INFO  com.project.demo.service.base.BaseService - [user] - 统计操作，sql: SELECT COUNT(*) FROM `user` WHERE is_delete = 0 
2026-05-05 00:28:07.995 [http-nio-5000-exec-7] INFO  com.project.demo.service.base.BaseService - 拼接统计函数前
2026-05-05 00:28:07.995 [http-nio-5000-exec-7] INFO  com.project.demo.service.base.BaseService - 生成的最终SQL:  WHERE is_delete = 0 
2026-05-05 00:28:07.995 [http-nio-5000-exec-7] INFO  com.project.demo.service.base.BaseService - [registered_user] - 统计操作，sql: SELECT COUNT(*) FROM `registered_user` WHERE is_delete = 0 
2026-05-05 00:28:08.006 [http-nio-5000-exec-5] INFO  com.project.demo.interceptor.LoginInterceptor - [请求接口] - http://localhost:5000/api/sales_information/count , [请求类型] - GET
2026-05-05 00:28:08.007 [http-nio-5000-exec-5] INFO  com.project.demo.service.base.BaseService - 拼接统计函数前
2026-05-05 00:28:08.007 [http-nio-5000-exec-5] INFO  com.project.demo.service.base.BaseService - 生成的最终SQL:  WHERE is_delete = 0 
2026-05-05 00:28:08.008 [http-nio-5000-exec-5] INFO  com.project.demo.service.base.BaseService - [sales_information] - 统计操作，sql: SELECT COUNT(*) FROM `sales_information` WHERE is_delete = 0 
2026-05-05 00:28:08.007 [http-nio-5000-exec-1] INFO  com.project.demo.interceptor.LoginInterceptor - [请求接口] - http://localhost:5000/api/inventory_information/count , [请求类型] - GET
2026-05-05 00:28:08.009 [http-nio-5000-exec-10] INFO  com.project.demo.interceptor.LoginInterceptor - [请求接口] - http://localhost:5000/api/purchasing_information/count , [请求类型] - GET
2026-05-05 00:28:08.009 [http-nio-5000-exec-1] INFO  com.project.demo.service.base.BaseService - 拼接统计函数前
2026-05-05 00:28:08.009 [http-nio-5000-exec-1] INFO  com.project.demo.service.base.BaseService - 生成的最终SQL:  WHERE is_delete = 0 
2026-05-05 00:28:08.009 [http-nio-5000-exec-10] INFO  com.project.demo.service.base.BaseService - 拼接统计函数前
2026-05-05 00:28:08.009 [http-nio-5000-exec-1] INFO  com.project.demo.service.base.BaseService - [inventory_information] - 统计操作，sql: SELECT COUNT(*) FROM `inventory_information` WHERE is_delete = 0 
2026-05-05 00:28:08.010 [http-nio-5000-exec-4] INFO  com.project.demo.interceptor.LoginInterceptor - [请求接口] - http://localhost:5000/api/supply_information/count , [请求类型] - GET
2026-05-05 00:28:08.010 [http-nio-5000-exec-10] INFO  com.project.demo.service.base.BaseService - 生成的最终SQL:  WHERE is_delete = 0 
2026-05-05 00:28:08.012 [http-nio-5000-exec-4] INFO  com.project.demo.service.base.BaseService - 拼接统计函数前
2026-05-05 00:28:08.015 [http-nio-5000-exec-4] INFO  com.project.demo.service.base.BaseService - 生成的最终SQL:  WHERE is_delete = 0 
2026-05-05 00:28:08.015 [http-nio-5000-exec-4] INFO  com.project.demo.service.base.BaseService - [supply_information] - 统计操作，sql: SELECT COUNT(*) FROM `supply_information` WHERE is_delete = 0 
2026-05-05 00:28:08.013 [http-nio-5000-exec-10] INFO  com.project.demo.service.base.BaseService - [purchasing_information] - 统计操作，sql: SELECT COUNT(*) FROM `purchasing_information` WHERE is_delete = 0 
2026-05-05 00:28:08.015 [http-nio-5000-exec-9] INFO  com.project.demo.interceptor.LoginInterceptor - [请求接口] - http://localhost:5000/api/sales_information/list_group , [请求类型] - GET
2026-05-05 00:28:08.017 [http-nio-5000-exec-8] INFO  com.project.demo.interceptor.LoginInterceptor - [请求接口] - http://localhost:5000/api/registered_user/list_group , [请求类型] - GET
2026-05-05 00:28:08.019 [http-nio-5000-exec-8] INFO  com.project.demo.service.base.BaseService - 生成的最终SQL:  WHERE is_delete = 0 
2026-05-05 00:28:08.019 [http-nio-5000-exec-8] INFO  com.project.demo.service.base.BaseService - [registered_user] - 查询操作，sql: select COUNT(*) AS count, user_gender from `registered_user`  WHERE is_delete = 0 group by user_gender 
2026-05-05 00:28:08.027 [http-nio-5000-exec-2] INFO  com.project.demo.interceptor.LoginInterceptor - [请求接口] - http://localhost:5000/api/upload/O1CN01A1wr3R26fA5Ne05Sj_!!2219275407688.png_460x460q90.jpg_.webp , [请求类型] - GET
2026-05-05 00:28:08.043 [http-nio-5000-exec-7] INFO  com.project.demo.interceptor.LoginInterceptor - [请求接口] - http://localhost:5000/api/views/list_group , [请求类型] - GET
2026-05-05 00:28:08.046 [http-nio-5000-exec-7] INFO  com.project.demo.service.base.BaseService - 生成的最终SQL: 
2026-05-05 00:28:08.046 [http-nio-5000-exec-7] INFO  com.project.demo.service.base.BaseService - [views] - 查询操作，sql: select COUNT(*) AS count, source_table from `views` group by source_table 
2026-05-05 00:28:08.045 [http-nio-5000-exec-6] INFO  com.project.demo.interceptor.LoginInterceptor - [请求接口] - http://localhost:5000/api/inventory_information/list_group , [请求类型] - GET
2026-05-05 00:28:08.044 [http-nio-5000-exec-3] INFO  com.project.demo.interceptor.LoginInterceptor - [请求接口] - http://localhost:5000/api/supply_information/list_group , [请求类型] - GET
2026-05-05 00:28:08.050 [http-nio-5000-exec-3] INFO  com.project.demo.service.base.BaseService - 生成的最终SQL:  WHERE is_delete = 0 
2026-05-05 00:28:08.050 [http-nio-5000-exec-3] INFO  com.project.demo.service.base.BaseService - [supply_information] - 查询操作，sql: select COUNT(*) AS count, commodity_category from `supply_information`  WHERE is_delete = 0 group by commodity_category 
2026-05-05 00:28:08.083 [http-nio-5000-exec-5] INFO  com.project.demo.interceptor.LoginInterceptor - [请求接口] - http://localhost:5000/api/auth/get_list , [请求类型] - GET
2026-05-05 00:28:08.083 [http-nio-5000-exec-5] INFO  com.project.demo.service.base.BaseService - 生成的最终SQL:  WHERE `user_group` = '管理员'  
2026-05-05 00:28:08.083 [http-nio-5000-exec-5] INFO  com.project.demo.service.base.BaseService - [auth] - 查询操作，sql: select * from `auth` WHERE `user_group` = '管理员'  
2026-05-05 00:28:08.088 [http-nio-5000-exec-5] INFO  com.project.demo.service.base.BaseService - 生成的最终SQL:  WHERE `user_group` = '管理员'  
2026-05-05 00:28:08.088 [http-nio-5000-exec-5] INFO  com.project.demo.service.base.BaseService - [auth] - 统计操作，sql: SELECT COUNT(*) FROM `auth` WHERE `user_group` = '管理员'  
2026-05-05 00:28:08.146 [http-nio-5000-exec-1] INFO  com.project.demo.interceptor.LoginInterceptor - [请求接口] - http://localhost:5000/api/inventory_information/list_group , [请求类型] - GET
2026-05-05 00:28:08.161 [http-nio-5000-exec-4] INFO  com.project.demo.interceptor.LoginInterceptor - [请求接口] - http://localhost:5000/api/purchasing_information/list_group , [请求类型] - GET
2026-05-05 00:28:08.201 [http-nio-5000-exec-10] INFO  com.project.demo.interceptor.LoginInterceptor - [请求接口] - http://localhost:5000/api/purchasing_information/list_group , [请求类型] - GET
2026-05-05 00:28:32.961 [http-nio-5000-exec-8] INFO  com.project.demo.interceptor.LoginInterceptor - [请求接口] - http://localhost:5000/api/auth/get_list , [请求类型] - GET
2026-05-05 00:28:32.962 [http-nio-5000-exec-8] INFO  com.project.demo.service.base.BaseService - 生成的最终SQL:  WHERE `user_group` = '游客'  
2026-05-05 00:28:32.962 [http-nio-5000-exec-8] INFO  com.project.demo.service.base.BaseService - [auth] - 查询操作，sql: select * from `auth` WHERE `user_group` = '游客'  
2026-05-05 00:28:32.962 [http-nio-5000-exec-2] INFO  com.project.demo.interceptor.LoginInterceptor - [请求接口] - http://localhost:5000/api/user/state , [请求类型] - GET
2026-05-05 00:28:32.962 [http-nio-5000-exec-2] INFO  com.project.demo.controller.UserController - [获取的token] dee499163a224957a7664bb1425fbf14
2026-05-05 00:28:32.966 [http-nio-5000-exec-2] INFO  com.project.demo.controller.UserController - [返回userId] 1
2026-05-05 00:28:32.966 [http-nio-5000-exec-2] INFO  com.project.demo.service.base.BaseService - 生成的最终SQL:  WHERE `user_id` = '1'  AND is_delete = 0 
2026-05-05 00:28:32.966 [http-nio-5000-exec-2] INFO  com.project.demo.service.base.BaseService - [user] - 查询操作，sql: select * from `user` WHERE `user_id` = '1'  AND is_delete = 0 
2026-05-05 00:28:32.966 [http-nio-5000-exec-8] INFO  com.project.demo.service.base.BaseService - 生成的最终SQL:  WHERE `user_group` = '游客'  
2026-05-05 00:28:32.966 [http-nio-5000-exec-8] INFO  com.project.demo.service.base.BaseService - [auth] - 统计操作，sql: SELECT COUNT(*) FROM `auth` WHERE `user_group` = '游客'  
2026-05-05 00:28:32.974 [http-nio-5000-exec-9] INFO  com.project.demo.interceptor.LoginInterceptor - [请求接口] - http://localhost:5000/api/user/count , [请求类型] - GET
2026-05-05 00:28:32.975 [http-nio-5000-exec-9] INFO  com.project.demo.service.base.BaseService - 拼接统计函数前
2026-05-05 00:28:32.975 [http-nio-5000-exec-9] INFO  com.project.demo.service.base.BaseService - 生成的最终SQL:  WHERE is_delete = 0 
2026-05-05 00:28:32.975 [http-nio-5000-exec-9] INFO  com.project.demo.service.base.BaseService - [user] - 统计操作，sql: SELECT COUNT(*) FROM `user` WHERE is_delete = 0 
2026-05-05 00:28:32.983 [http-nio-5000-exec-3] INFO  com.project.demo.interceptor.LoginInterceptor - [请求接口] - http://localhost:5000/api/registered_user/count , [请求类型] - GET
2026-05-05 00:28:32.984 [http-nio-5000-exec-3] INFO  com.project.demo.service.base.BaseService - 拼接统计函数前
2026-05-05 00:28:32.984 [http-nio-5000-exec-3] INFO  com.project.demo.service.base.BaseService - 生成的最终SQL:  WHERE is_delete = 0 
2026-05-05 00:28:32.984 [http-nio-5000-exec-3] INFO  com.project.demo.service.base.BaseService - [registered_user] - 统计操作，sql: SELECT COUNT(*) FROM `registered_user` WHERE is_delete = 0 
2026-05-05 00:28:32.985 [http-nio-5000-exec-6] INFO  com.project.demo.interceptor.LoginInterceptor - [请求接口] - http://localhost:5000/api/sales_information/count , [请求类型] - GET
2026-05-05 00:28:32.986 [http-nio-5000-exec-6] INFO  com.project.demo.service.base.BaseService - 拼接统计函数前
2026-05-05 00:28:32.986 [http-nio-5000-exec-6] INFO  com.project.demo.service.base.BaseService - 生成的最终SQL:  WHERE is_delete = 0 
2026-05-05 00:28:32.986 [http-nio-5000-exec-6] INFO  com.project.demo.service.base.BaseService - [sales_information] - 统计操作，sql: SELECT COUNT(*) FROM `sales_information` WHERE is_delete = 0 
2026-05-05 00:28:32.989 [http-nio-5000-exec-7] INFO  com.project.demo.interceptor.LoginInterceptor - [请求接口] - http://localhost:5000/api/inventory_information/count , [请求类型] - GET
2026-05-05 00:28:32.989 [http-nio-5000-exec-7] INFO  com.project.demo.service.base.BaseService - 拼接统计函数前
2026-05-05 00:28:32.990 [http-nio-5000-exec-7] INFO  com.project.demo.service.base.BaseService - 生成的最终SQL:  WHERE is_delete = 0 
2026-05-05 00:28:32.990 [http-nio-5000-exec-7] INFO  com.project.demo.service.base.BaseService - [inventory_information] - 统计操作，sql: SELECT COUNT(*) FROM `inventory_information` WHERE is_delete = 0 
2026-05-05 00:28:32.995 [http-nio-5000-exec-6] INFO  com.project.demo.interceptor.LoginInterceptor - [请求接口] - http://localhost:5000/api/supply_information/count , [请求类型] - GET
2026-05-05 00:28:32.995 [http-nio-5000-exec-3] INFO  com.project.demo.interceptor.LoginInterceptor - [请求接口] - http://localhost:5000/api/purchasing_information/count , [请求类型] - GET
2026-05-05 00:28:32.995 [http-nio-5000-exec-6] INFO  com.project.demo.service.base.BaseService - 拼接统计函数前
2026-05-05 00:28:32.995 [http-nio-5000-exec-3] INFO  com.project.demo.service.base.BaseService - 拼接统计函数前
2026-05-05 00:28:32.995 [http-nio-5000-exec-6] INFO  com.project.demo.service.base.BaseService - 生成的最终SQL:  WHERE is_delete = 0 
2026-05-05 00:28:32.996 [http-nio-5000-exec-3] INFO  com.project.demo.service.base.BaseService - 生成的最终SQL:  WHERE is_delete = 0 
2026-05-05 00:28:32.996 [http-nio-5000-exec-3] INFO  com.project.demo.service.base.BaseService - [purchasing_information] - 统计操作，sql: SELECT COUNT(*) FROM `purchasing_information` WHERE is_delete = 0 
2026-05-05 00:28:32.996 [http-nio-5000-exec-6] INFO  com.project.demo.service.base.BaseService - [supply_information] - 统计操作，sql: SELECT COUNT(*) FROM `supply_information` WHERE is_delete = 0 
2026-05-05 00:28:33.001 [http-nio-5000-exec-4] INFO  com.project.demo.interceptor.LoginInterceptor - [请求接口] - http://localhost:5000/api/sales_information/list_group , [请求类型] - GET
2026-05-05 00:28:33.005 [http-nio-5000-exec-10] INFO  com.project.demo.interceptor.LoginInterceptor - [请求接口] - http://localhost:5000/api/registered_user/list_group , [请求类型] - GET
2026-05-05 00:28:33.006 [http-nio-5000-exec-10] INFO  com.project.demo.service.base.BaseService - 生成的最终SQL:  WHERE is_delete = 0 
2026-05-05 00:28:33.006 [http-nio-5000-exec-10] INFO  com.project.demo.service.base.BaseService - [registered_user] - 查询操作，sql: select COUNT(*) AS count, user_gender from `registered_user`  WHERE is_delete = 0 group by user_gender 
2026-05-05 00:28:33.007 [http-nio-5000-exec-2] INFO  com.project.demo.interceptor.LoginInterceptor - [请求接口] - http://localhost:5000/api/views/list_group , [请求类型] - GET
2026-05-05 00:28:33.008 [http-nio-5000-exec-2] INFO  com.project.demo.service.base.BaseService - 生成的最终SQL: 
2026-05-05 00:28:33.008 [http-nio-5000-exec-2] INFO  com.project.demo.service.base.BaseService - [views] - 查询操作，sql: select COUNT(*) AS count, source_table from `views` group by source_table 
2026-05-05 00:28:33.008 [http-nio-5000-exec-8] INFO  com.project.demo.interceptor.LoginInterceptor - [请求接口] - http://localhost:5000/api/supply_information/list_group , [请求类型] - GET
2026-05-05 00:28:33.008 [http-nio-5000-exec-8] INFO  com.project.demo.service.base.BaseService - 生成的最终SQL:  WHERE is_delete = 0 
2026-05-05 00:28:33.008 [http-nio-5000-exec-8] INFO  com.project.demo.service.base.BaseService - [supply_information] - 查询操作，sql: select COUNT(*) AS count, commodity_category from `supply_information`  WHERE is_delete = 0 group by commodity_category 
2026-05-05 00:28:33.018 [http-nio-5000-exec-9] INFO  com.project.demo.interceptor.LoginInterceptor - [请求接口] - http://localhost:5000/api/auth/get_list , [请求类型] - GET
2026-05-05 00:28:33.022 [http-nio-5000-exec-9] INFO  com.project.demo.service.base.BaseService - 生成的最终SQL:  WHERE `user_group` = '管理员'  
2026-05-05 00:28:33.022 [http-nio-5000-exec-9] INFO  com.project.demo.service.base.BaseService - [auth] - 查询操作，sql: select * from `auth` WHERE `user_group` = '管理员'  
2026-05-05 00:28:33.029 [http-nio-5000-exec-9] INFO  com.project.demo.service.base.BaseService - 生成的最终SQL:  WHERE `user_group` = '管理员'  
2026-05-05 00:28:33.030 [http-nio-5000-exec-9] INFO  com.project.demo.service.base.BaseService - [auth] - 统计操作，sql: SELECT COUNT(*) FROM `auth` WHERE `user_group` = '管理员'  
2026-05-05 00:28:33.044 [http-nio-5000-exec-7] INFO  com.project.demo.interceptor.LoginInterceptor - [请求接口] - http://localhost:5000/api/user/count , [请求类型] - GET
2026-05-05 00:28:33.044 [http-nio-5000-exec-7] INFO  com.project.demo.service.base.BaseService - 拼接统计函数前
2026-05-05 00:28:33.044 [http-nio-5000-exec-7] INFO  com.project.demo.service.base.BaseService - 生成的最终SQL:  WHERE is_delete = 0 
2026-05-05 00:28:33.044 [http-nio-5000-exec-7] INFO  com.project.demo.service.base.BaseService - [user] - 统计操作，sql: SELECT COUNT(*) FROM `user` WHERE is_delete = 0 
2026-05-05 00:28:33.049 [http-nio-5000-exec-5] INFO  com.project.demo.interceptor.LoginInterceptor - [请求接口] - http://localhost:5000/api/registered_user/count , [请求类型] - GET
2026-05-05 00:28:33.050 [http-nio-5000-exec-5] INFO  com.project.demo.service.base.BaseService - 拼接统计函数前
2026-05-05 00:28:33.050 [http-nio-5000-exec-5] INFO  com.project.demo.service.base.BaseService - 生成的最终SQL:  WHERE is_delete = 0 
2026-05-05 00:28:33.050 [http-nio-5000-exec-5] INFO  com.project.demo.service.base.BaseService - [registered_user] - 统计操作，sql: SELECT COUNT(*) FROM `registered_user` WHERE is_delete = 0 
2026-05-05 00:28:33.050 [http-nio-5000-exec-1] INFO  com.project.demo.interceptor.LoginInterceptor - [请求接口] - http://localhost:5000/api/sales_information/count , [请求类型] - GET
2026-05-05 00:28:33.050 [http-nio-5000-exec-1] INFO  com.project.demo.service.base.BaseService - 拼接统计函数前
2026-05-05 00:28:33.050 [http-nio-5000-exec-1] INFO  com.project.demo.service.base.BaseService - 生成的最终SQL:  WHERE is_delete = 0 
2026-05-05 00:28:33.050 [http-nio-5000-exec-1] INFO  com.project.demo.service.base.BaseService - [sales_information] - 统计操作，sql: SELECT COUNT(*) FROM `sales_information` WHERE is_delete = 0 
2026-05-05 00:28:33.056 [http-nio-5000-exec-6] INFO  com.project.demo.interceptor.LoginInterceptor - [请求接口] - http://localhost:5000/api/inventory_information/count , [请求类型] - GET
2026-05-05 00:28:33.057 [http-nio-5000-exec-4] INFO  com.project.demo.interceptor.LoginInterceptor - [请求接口] - http://localhost:5000/api/supply_information/count , [请求类型] - GET
2026-05-05 00:28:33.057 [http-nio-5000-exec-10] INFO  com.project.demo.interceptor.LoginInterceptor - [请求接口] - http://localhost:5000/api/sales_information/list_group , [请求类型] - GET
2026-05-05 00:28:33.057 [http-nio-5000-exec-4] INFO  com.project.demo.service.base.BaseService - 拼接统计函数前
2026-05-05 00:28:33.057 [http-nio-5000-exec-4] INFO  com.project.demo.service.base.BaseService - 生成的最终SQL:  WHERE is_delete = 0 
2026-05-05 00:28:33.057 [http-nio-5000-exec-4] INFO  com.project.demo.service.base.BaseService - [supply_information] - 统计操作，sql: SELECT COUNT(*) FROM `supply_information` WHERE is_delete = 0 
2026-05-05 00:28:33.057 [http-nio-5000-exec-3] INFO  com.project.demo.interceptor.LoginInterceptor - [请求接口] - http://localhost:5000/api/purchasing_information/count , [请求类型] - GET
2026-05-05 00:28:33.060 [http-nio-5000-exec-3] INFO  com.project.demo.service.base.BaseService - 拼接统计函数前
2026-05-05 00:28:33.060 [http-nio-5000-exec-3] INFO  com.project.demo.service.base.BaseService - 生成的最终SQL:  WHERE is_delete = 0 
2026-05-05 00:28:33.061 [http-nio-5000-exec-3] INFO  com.project.demo.service.base.BaseService - [purchasing_information] - 统计操作，sql: SELECT COUNT(*) FROM `purchasing_information` WHERE is_delete = 0 
2026-05-05 00:28:33.060 [http-nio-5000-exec-6] INFO  com.project.demo.service.base.BaseService - 拼接统计函数前
2026-05-05 00:28:33.066 [http-nio-5000-exec-6] INFO  com.project.demo.service.base.BaseService - 生成的最终SQL:  WHERE is_delete = 0 
2026-05-05 00:28:33.066 [http-nio-5000-exec-6] INFO  com.project.demo.service.base.BaseService - [inventory_information] - 统计操作，sql: SELECT COUNT(*) FROM `inventory_information` WHERE is_delete = 0 
2026-05-05 00:28:33.072 [http-nio-5000-exec-2] INFO  com.project.demo.interceptor.LoginInterceptor - [请求接口] - http://localhost:5000/api/supply_information/list_group , [请求类型] - GET
2026-05-05 00:28:33.072 [http-nio-5000-exec-8] INFO  com.project.demo.interceptor.LoginInterceptor - [请求接口] - http://localhost:5000/api/registered_user/list_group , [请求类型] - GET
2026-05-05 00:28:33.072 [http-nio-5000-exec-8] INFO  com.project.demo.service.base.BaseService - 生成的最终SQL:  WHERE is_delete = 0 
2026-05-05 00:28:33.072 [http-nio-5000-exec-8] INFO  com.project.demo.service.base.BaseService - [registered_user] - 查询操作，sql: select COUNT(*) AS count, user_gender from `registered_user`  WHERE is_delete = 0 group by user_gender 
2026-05-05 00:28:33.072 [http-nio-5000-exec-2] INFO  com.project.demo.service.base.BaseService - 生成的最终SQL:  WHERE is_delete = 0 
2026-05-05 00:28:33.073 [http-nio-5000-exec-2] INFO  com.project.demo.service.base.BaseService - [supply_information] - 查询操作，sql: select COUNT(*) AS count, commodity_category from `supply_information`  WHERE is_delete = 0 group by commodity_category 
2026-05-05 00:28:33.077 [http-nio-5000-exec-9] INFO  com.project.demo.interceptor.LoginInterceptor - [请求接口] - http://localhost:5000/api/upload/O1CN01A1wr3R26fA5Ne05Sj_!!2219275407688.png_460x460q90.jpg_.webp , [请求类型] - GET
2026-05-05 00:28:33.080 [http-nio-5000-exec-8] INFO  com.project.demo.interceptor.LoginInterceptor - [请求接口] - http://localhost:5000/api/views/list_group , [请求类型] - GET
2026-05-05 00:28:33.082 [http-nio-5000-exec-8] INFO  com.project.demo.service.base.BaseService - 生成的最终SQL: 
2026-05-05 00:28:33.082 [http-nio-5000-exec-8] INFO  com.project.demo.service.base.BaseService - [views] - 查询操作，sql: select COUNT(*) AS count, source_table from `views` group by source_table 
2026-05-05 00:28:33.093 [http-nio-5000-exec-5] INFO  com.project.demo.interceptor.LoginInterceptor - [请求接口] - http://localhost:5000/api/inventory_information/list_group , [请求类型] - GET
2026-05-05 00:28:33.127 [http-nio-5000-exec-1] INFO  com.project.demo.interceptor.LoginInterceptor - [请求接口] - http://localhost:5000/api/auth/get_list , [请求类型] - GET
2026-05-05 00:28:33.128 [http-nio-5000-exec-1] INFO  com.project.demo.service.base.BaseService - 生成的最终SQL:  WHERE `user_group` = '管理员'  
2026-05-05 00:28:33.128 [http-nio-5000-exec-1] INFO  com.project.demo.service.base.BaseService - [auth] - 查询操作，sql: select * from `auth` WHERE `user_group` = '管理员'  
2026-05-05 00:28:33.132 [http-nio-5000-exec-1] INFO  com.project.demo.service.base.BaseService - 生成的最终SQL:  WHERE `user_group` = '管理员'  
2026-05-05 00:28:33.132 [http-nio-5000-exec-1] INFO  com.project.demo.service.base.BaseService - [auth] - 统计操作，sql: SELECT COUNT(*) FROM `auth` WHERE `user_group` = '管理员'  
2026-05-05 00:28:33.163 [http-nio-5000-exec-4] INFO  com.project.demo.interceptor.LoginInterceptor - [请求接口] - http://localhost:5000/api/inventory_information/list_group , [请求类型] - GET
2026-05-05 00:28:33.197 [http-nio-5000-exec-10] INFO  com.project.demo.interceptor.LoginInterceptor - [请求接口] - http://localhost:5000/api/purchasing_information/list_group , [请求类型] - GET
2026-05-05 00:28:33.213 [http-nio-5000-exec-3] INFO  com.project.demo.interceptor.LoginInterceptor - [请求接口] - http://localhost:5000/api/purchasing_information/list_group , [请求类型] - GET
2026-05-05 00:28:42.866 [http-nio-5000-exec-6] INFO  com.project.demo.interceptor.LoginInterceptor - [请求接口] - http://localhost:5000/api/user/count , [请求类型] - GET
2026-05-05 00:28:42.867 [http-nio-5000-exec-6] INFO  com.project.demo.service.base.BaseService - 拼接统计函数前
2026-05-05 00:28:42.868 [http-nio-5000-exec-6] INFO  com.project.demo.service.base.BaseService - 生成的最终SQL:  WHERE is_delete = 0 
2026-05-05 00:28:42.868 [http-nio-5000-exec-6] INFO  com.project.demo.service.base.BaseService - [user] - 统计操作，sql: SELECT COUNT(*) FROM `user` WHERE is_delete = 0 
2026-05-05 00:28:42.900 [http-nio-5000-exec-2] INFO  com.project.demo.interceptor.LoginInterceptor - [请求接口] - http://localhost:5000/api/registered_user/count , [请求类型] - GET
2026-05-05 00:28:42.901 [http-nio-5000-exec-2] INFO  com.project.demo.service.base.BaseService - 拼接统计函数前
2026-05-05 00:28:42.902 [http-nio-5000-exec-2] INFO  com.project.demo.service.base.BaseService - 生成的最终SQL:  WHERE is_delete = 0 
2026-05-05 00:28:42.903 [http-nio-5000-exec-2] INFO  com.project.demo.service.base.BaseService - [registered_user] - 统计操作，sql: SELECT COUNT(*) FROM `registered_user` WHERE is_delete = 0 
2026-05-05 00:28:42.918 [http-nio-5000-exec-7] INFO  com.project.demo.interceptor.LoginInterceptor - [请求接口] - http://localhost:5000/api/sales_information/count , [请求类型] - GET
2026-05-05 00:28:42.919 [http-nio-5000-exec-7] INFO  com.project.demo.service.base.BaseService - 拼接统计函数前
2026-05-05 00:28:42.919 [http-nio-5000-exec-7] INFO  com.project.demo.service.base.BaseService - 生成的最终SQL:  WHERE is_delete = 0 
2026-05-05 00:28:42.919 [http-nio-5000-exec-7] INFO  com.project.demo.service.base.BaseService - [sales_information] - 统计操作，sql: SELECT COUNT(*) FROM `sales_information` WHERE is_delete = 0 
2026-05-05 00:28:42.921 [http-nio-5000-exec-9] INFO  com.project.demo.interceptor.LoginInterceptor - [请求接口] - http://localhost:5000/api/inventory_information/count , [请求类型] - GET
2026-05-05 00:28:42.924 [http-nio-5000-exec-9] INFO  com.project.demo.service.base.BaseService - 拼接统计函数前
2026-05-05 00:28:42.925 [http-nio-5000-exec-9] INFO  com.project.demo.service.base.BaseService - 生成的最终SQL:  WHERE is_delete = 0 
2026-05-05 00:28:42.925 [http-nio-5000-exec-9] INFO  com.project.demo.service.base.BaseService - [inventory_information] - 统计操作，sql: SELECT COUNT(*) FROM `inventory_information` WHERE is_delete = 0 
2026-05-05 00:28:42.929 [http-nio-5000-exec-2] INFO  com.project.demo.interceptor.LoginInterceptor - [请求接口] - http://localhost:5000/api/purchasing_information/count , [请求类型] - GET
2026-05-05 00:28:42.932 [http-nio-5000-exec-2] INFO  com.project.demo.service.base.BaseService - 拼接统计函数前
2026-05-05 00:28:42.933 [http-nio-5000-exec-2] INFO  com.project.demo.service.base.BaseService - 生成的最终SQL:  WHERE is_delete = 0 
2026-05-05 00:28:42.934 [http-nio-5000-exec-2] INFO  com.project.demo.service.base.BaseService - [purchasing_information] - 统计操作，sql: SELECT COUNT(*) FROM `purchasing_information` WHERE is_delete = 0 
2026-05-05 00:28:42.937 [http-nio-5000-exec-9] INFO  com.project.demo.interceptor.LoginInterceptor - [请求接口] - http://localhost:5000/api/supply_information/count , [请求类型] - GET
2026-05-05 00:28:42.944 [http-nio-5000-exec-9] INFO  com.project.demo.service.base.BaseService - 拼接统计函数前
2026-05-05 00:28:42.944 [http-nio-5000-exec-9] INFO  com.project.demo.service.base.BaseService - 生成的最终SQL:  WHERE is_delete = 0 
2026-05-05 00:28:42.944 [http-nio-5000-exec-9] INFO  com.project.demo.service.base.BaseService - [supply_information] - 统计操作，sql: SELECT COUNT(*) FROM `supply_information` WHERE is_delete = 0 
2026-05-05 00:28:42.944 [http-nio-5000-exec-2] INFO  com.project.demo.interceptor.LoginInterceptor - [请求接口] - http://localhost:5000/api/registered_user/list_group , [请求类型] - GET
2026-05-05 00:28:42.945 [http-nio-5000-exec-7] INFO  com.project.demo.interceptor.LoginInterceptor - [请求接口] - http://localhost:5000/api/sales_information/list_group , [请求类型] - GET
2026-05-05 00:28:42.947 [http-nio-5000-exec-2] INFO  com.project.demo.service.base.BaseService - 生成的最终SQL:  WHERE is_delete = 0 
2026-05-05 00:28:42.954 [http-nio-5000-exec-10] INFO  com.project.demo.interceptor.LoginInterceptor - [请求接口] - http://localhost:5000/api/views/list_group , [请求类型] - GET
2026-05-05 00:28:42.955 [http-nio-5000-exec-10] INFO  com.project.demo.service.base.BaseService - 生成的最终SQL: 
2026-05-05 00:28:42.955 [http-nio-5000-exec-10] INFO  com.project.demo.service.base.BaseService - [views] - 查询操作，sql: select COUNT(*) AS count, source_table from `views` group by source_table 
2026-05-05 00:28:42.956 [http-nio-5000-exec-3] INFO  com.project.demo.interceptor.LoginInterceptor - [请求接口] - http://localhost:5000/api/supply_information/list_group , [请求类型] - GET
2026-05-05 00:28:42.958 [http-nio-5000-exec-3] INFO  com.project.demo.service.base.BaseService - 生成的最终SQL:  WHERE is_delete = 0 
2026-05-05 00:28:42.959 [http-nio-5000-exec-3] INFO  com.project.demo.service.base.BaseService - [supply_information] - 查询操作，sql: select COUNT(*) AS count, commodity_category from `supply_information`  WHERE is_delete = 0 group by commodity_category 
2026-05-05 00:28:42.948 [http-nio-5000-exec-2] INFO  com.project.demo.service.base.BaseService - [registered_user] - 查询操作，sql: select COUNT(*) AS count, user_gender from `registered_user`  WHERE is_delete = 0 group by user_gender 
2026-05-05 00:28:43.003 [http-nio-5000-exec-6] INFO  com.project.demo.interceptor.LoginInterceptor - [请求接口] - http://localhost:5000/api/inventory_information/list_group , [请求类型] - GET
2026-05-05 00:28:43.078 [http-nio-5000-exec-8] INFO  com.project.demo.interceptor.LoginInterceptor - [请求接口] - http://localhost:5000/api/purchasing_information/list_group , [请求类型] - GET
2026-05-05 00:35:11.898 [Thread-24] INFO  org.springframework.scheduling.concurrent.ThreadPoolTaskExecutor - Shutting down ExecutorService 'applicationTaskExecutor'
2026-05-05 00:35:12.015 [Thread-24] INFO  org.springframework.orm.jpa.LocalContainerEntityManagerFactoryBean - Closing JPA EntityManagerFactory for persistence unit 'default'
2026-05-05 00:35:12.016 [Thread-24] INFO  com.alibaba.druid.pool.DruidDataSource - {dataSource-6} closing ...
2026-05-05 00:35:12.017 [Thread-24] INFO  com.alibaba.druid.pool.DruidDataSource - {dataSource-6} closed
2026-05-05 00:35:12.375 [restartedMain] INFO  com.project.demo.Application - Starting Application on debian with PID 120129 (/home/yuan/Desktop/bishe-main/target/classes started by yuan in /home/yuan/Desktop/bishe-main)
2026-05-05 00:35:12.375 [restartedMain] INFO  com.project.demo.Application - No active profile set, falling back to default profiles: default
2026-05-05 00:35:12.466 [restartedMain] INFO  org.springframework.data.repository.config.RepositoryConfigurationDelegate - Multiple Spring Data modules found, entering strict repository configuration mode!
2026-05-05 00:35:12.467 [restartedMain] INFO  org.springframework.data.repository.config.RepositoryConfigurationDelegate - Bootstrapping Spring Data JPA repositories in DEFAULT mode.
2026-05-05 00:35:12.471 [restartedMain] INFO  org.springframework.data.repository.config.RepositoryConfigurationDelegate - Finished Spring Data repository scanning in 4ms. Found 0 JPA repository interfaces.
2026-05-05 00:35:12.494 [restartedMain] INFO  org.springframework.data.repository.config.RepositoryConfigurationDelegate - Multiple Spring Data modules found, entering strict repository configuration mode!
2026-05-05 00:35:12.494 [restartedMain] INFO  org.springframework.data.repository.config.RepositoryConfigurationDelegate - Bootstrapping Spring Data Redis repositories in DEFAULT mode.
2026-05-05 00:35:12.497 [restartedMain] INFO  org.springframework.data.repository.config.RepositoryConfigurationDelegate - Finished Spring Data repository scanning in 2ms. Found 0 Redis repository interfaces.
2026-05-05 00:35:12.579 [restartedMain] INFO  org.springframework.boot.web.embedded.tomcat.TomcatWebServer - Tomcat initialized with port(s): 5000 (http)
2026-05-05 00:35:12.579 [restartedMain] INFO  org.apache.coyote.http11.Http11NioProtocol - Initializing ProtocolHandler ["http-nio-5000"]
2026-05-05 00:35:12.580 [restartedMain] INFO  org.apache.catalina.core.StandardService - Starting service [Tomcat]
2026-05-05 00:35:12.580 [restartedMain] INFO  org.apache.catalina.core.StandardEngine - Starting Servlet engine: [Apache Tomcat/9.0.31]
2026-05-05 00:35:12.582 [restartedMain] INFO  org.apache.catalina.core.ContainerBase.[Tomcat-1].[localhost].[/api] - Initializing Spring embedded WebApplicationContext
2026-05-05 00:35:12.582 [restartedMain] INFO  org.springframework.web.context.ContextLoader - Root WebApplicationContext: initialization completed in 205 ms
2026-05-05 00:35:12.592 [restartedMain] INFO  com.alibaba.druid.spring.boot.autoconfigure.DruidDataSourceAutoConfigure - Init DruidDataSource
2026-05-05 00:35:12.602 [restartedMain] INFO  com.alibaba.druid.pool.DruidDataSource - {dataSource-7} inited
2026-05-05 00:35:12.650 [restartedMain] INFO  org.hibernate.jpa.internal.util.LogHelper - HHH000204: Processing PersistenceUnitInfo [name: default]
2026-05-05 00:35:12.653 [restartedMain] INFO  org.hibernate.dialect.Dialect - HHH000400: Using dialect: org.hibernate.dialect.MySQL8Dialect
2026-05-05 00:35:12.661 [restartedMain] INFO  org.hibernate.engine.transaction.jta.platform.internal.JtaPlatformInitiator - HHH000490: Using JtaPlatform implementation: [org.hibernate.engine.transaction.jta.platform.internal.NoJtaPlatform]
2026-05-05 00:35:12.661 [restartedMain] INFO  org.springframework.orm.jpa.LocalContainerEntityManagerFactoryBean - Initialized JPA EntityManagerFactory for persistence unit 'default'
2026-05-05 00:35:13.142 [restartedMain] WARN  org.springframework.boot.autoconfigure.orm.jpa.JpaBaseConfiguration$JpaWebConfiguration - spring.jpa.open-in-view is enabled by default. Therefore, database queries may be performed during view rendering. Explicitly configure spring.jpa.open-in-view to disable this warning
2026-05-05 00:35:13.163 [restartedMain] INFO  org.springframework.scheduling.concurrent.ThreadPoolTaskExecutor - Initializing ExecutorService 'applicationTaskExecutor'
2026-05-05 00:35:13.220 [restartedMain] INFO  org.springframework.boot.devtools.autoconfigure.OptionalLiveReloadServer - LiveReload server is running on port 35729
2026-05-05 00:35:13.227 [restartedMain] INFO  org.apache.coyote.http11.Http11NioProtocol - Starting ProtocolHandler ["http-nio-5000"]
2026-05-05 00:35:13.229 [restartedMain] INFO  org.springframework.boot.web.embedded.tomcat.TomcatWebServer - Tomcat started on port(s): 5000 (http) with context path '/api'
2026-05-05 00:35:13.230 [restartedMain] INFO  com.project.demo.Application - Started Application in 0.935 seconds (JVM running for 969.745)
2026-05-05 00:35:13.230 [restartedMain] INFO  org.springframework.boot.devtools.autoconfigure.ConditionEvaluationDeltaLoggingListener - Condition evaluation unchanged
2026-05-05 00:35:24.654 [Thread-32] INFO  org.springframework.scheduling.concurrent.ThreadPoolTaskExecutor - Shutting down ExecutorService 'applicationTaskExecutor'
2026-05-05 00:35:24.657 [Thread-32] INFO  org.springframework.orm.jpa.LocalContainerEntityManagerFactoryBean - Closing JPA EntityManagerFactory for persistence unit 'default'
2026-05-05 00:35:24.658 [Thread-32] INFO  com.alibaba.druid.pool.DruidDataSource - {dataSource-7} closing ...
2026-05-05 00:35:24.659 [Thread-32] INFO  com.alibaba.druid.pool.DruidDataSource - {dataSource-7} closed
2026-05-05 00:35:24.958 [restartedMain] INFO  com.project.demo.Application - Starting Application on debian with PID 120129 (/home/yuan/Desktop/bishe-main/target/classes started by yuan in /home/yuan/Desktop/bishe-main)
2026-05-05 00:35:24.958 [restartedMain] INFO  com.project.demo.Application - No active profile set, falling back to default profiles: default
2026-05-05 00:35:25.045 [restartedMain] INFO  org.springframework.data.repository.config.RepositoryConfigurationDelegate - Multiple Spring Data modules found, entering strict repository configuration mode!
2026-05-05 00:35:25.045 [restartedMain] INFO  org.springframework.data.repository.config.RepositoryConfigurationDelegate - Bootstrapping Spring Data JPA repositories in DEFAULT mode.
2026-05-05 00:35:25.051 [restartedMain] INFO  org.springframework.data.repository.config.RepositoryConfigurationDelegate - Finished Spring Data repository scanning in 5ms. Found 0 JPA repository interfaces.
2026-05-05 00:35:25.084 [restartedMain] INFO  org.springframework.data.repository.config.RepositoryConfigurationDelegate - Multiple Spring Data modules found, entering strict repository configuration mode!
2026-05-05 00:35:25.084 [restartedMain] INFO  org.springframework.data.repository.config.RepositoryConfigurationDelegate - Bootstrapping Spring Data Redis repositories in DEFAULT mode.
2026-05-05 00:35:25.089 [restartedMain] INFO  org.springframework.data.repository.config.RepositoryConfigurationDelegate - Finished Spring Data repository scanning in 4ms. Found 0 Redis repository interfaces.
2026-05-05 00:35:25.166 [restartedMain] INFO  org.springframework.boot.web.embedded.tomcat.TomcatWebServer - Tomcat initialized with port(s): 5000 (http)
2026-05-05 00:35:25.167 [restartedMain] INFO  org.apache.coyote.http11.Http11NioProtocol - Initializing ProtocolHandler ["http-nio-5000"]
2026-05-05 00:35:25.167 [restartedMain] INFO  org.apache.catalina.core.StandardService - Starting service [Tomcat]
2026-05-05 00:35:25.167 [restartedMain] INFO  org.apache.catalina.core.StandardEngine - Starting Servlet engine: [Apache Tomcat/9.0.31]
2026-05-05 00:35:25.170 [restartedMain] INFO  org.apache.catalina.core.ContainerBase.[Tomcat-1].[localhost].[/api] - Initializing Spring embedded WebApplicationContext
2026-05-05 00:35:25.170 [restartedMain] INFO  org.springframework.web.context.ContextLoader - Root WebApplicationContext: initialization completed in 210 ms
2026-05-05 00:35:25.178 [restartedMain] INFO  com.alibaba.druid.spring.boot.autoconfigure.DruidDataSourceAutoConfigure - Init DruidDataSource
2026-05-05 00:35:25.187 [restartedMain] INFO  com.alibaba.druid.pool.DruidDataSource - {dataSource-8} inited
2026-05-05 00:35:25.234 [restartedMain] INFO  org.hibernate.jpa.internal.util.LogHelper - HHH000204: Processing PersistenceUnitInfo [name: default]
2026-05-05 00:35:25.237 [restartedMain] INFO  org.hibernate.dialect.Dialect - HHH000400: Using dialect: org.hibernate.dialect.MySQL8Dialect
2026-05-05 00:35:25.247 [restartedMain] INFO  org.hibernate.engine.transaction.jta.platform.internal.JtaPlatformInitiator - HHH000490: Using JtaPlatform implementation: [org.hibernate.engine.transaction.jta.platform.internal.NoJtaPlatform]
2026-05-05 00:35:25.247 [restartedMain] INFO  org.springframework.orm.jpa.LocalContainerEntityManagerFactoryBean - Initialized JPA EntityManagerFactory for persistence unit 'default'
2026-05-05 00:35:25.704 [restartedMain] WARN  org.springframework.boot.autoconfigure.orm.jpa.JpaBaseConfiguration$JpaWebConfiguration - spring.jpa.open-in-view is enabled by default. Therefore, database queries may be performed during view rendering. Explicitly configure spring.jpa.open-in-view to disable this warning
2026-05-05 00:35:25.727 [restartedMain] INFO  org.springframework.scheduling.concurrent.ThreadPoolTaskExecutor - Initializing ExecutorService 'applicationTaskExecutor'
2026-05-05 00:35:25.775 [restartedMain] INFO  org.springframework.boot.devtools.autoconfigure.OptionalLiveReloadServer - LiveReload server is running on port 35729
2026-05-05 00:35:25.782 [restartedMain] INFO  org.apache.coyote.http11.Http11NioProtocol - Starting ProtocolHandler ["http-nio-5000"]
2026-05-05 00:35:25.784 [restartedMain] INFO  org.springframework.boot.web.embedded.tomcat.TomcatWebServer - Tomcat started on port(s): 5000 (http) with context path '/api'
2026-05-05 00:35:25.784 [restartedMain] INFO  com.project.demo.Application - Started Application in 0.869 seconds (JVM running for 982.3)
2026-05-05 00:35:25.785 [restartedMain] INFO  org.springframework.boot.devtools.autoconfigure.ConditionEvaluationDeltaLoggingListener - Condition evaluation unchanged
2026-05-05 00:35:39.209 [Thread-37] INFO  org.springframework.scheduling.concurrent.ThreadPoolTaskExecutor - Shutting down ExecutorService 'applicationTaskExecutor'
2026-05-05 00:35:39.212 [Thread-37] INFO  org.springframework.orm.jpa.LocalContainerEntityManagerFactoryBean - Closing JPA EntityManagerFactory for persistence unit 'default'
2026-05-05 00:35:39.213 [Thread-37] INFO  com.alibaba.druid.pool.DruidDataSource - {dataSource-8} closing ...
2026-05-05 00:35:39.214 [Thread-37] INFO  com.alibaba.druid.pool.DruidDataSource - {dataSource-8} closed
2026-05-05 00:35:39.488 [restartedMain] INFO  com.project.demo.Application - Starting Application on debian with PID 120129 (/home/yuan/Desktop/bishe-main/target/classes started by yuan in /home/yuan/Desktop/bishe-main)
2026-05-05 00:35:39.489 [restartedMain] INFO  com.project.demo.Application - No active profile set, falling back to default profiles: default
2026-05-05 00:35:39.593 [restartedMain] INFO  org.springframework.data.repository.config.RepositoryConfigurationDelegate - Multiple Spring Data modules found, entering strict repository configuration mode!
2026-05-05 00:35:39.593 [restartedMain] INFO  org.springframework.data.repository.config.RepositoryConfigurationDelegate - Bootstrapping Spring Data JPA repositories in DEFAULT mode.
2026-05-05 00:35:39.598 [restartedMain] INFO  org.springframework.data.repository.config.RepositoryConfigurationDelegate - Finished Spring Data repository scanning in 5ms. Found 0 JPA repository interfaces.
2026-05-05 00:35:39.629 [restartedMain] INFO  org.springframework.data.repository.config.RepositoryConfigurationDelegate - Multiple Spring Data modules found, entering strict repository configuration mode!
2026-05-05 00:35:39.629 [restartedMain] INFO  org.springframework.data.repository.config.RepositoryConfigurationDelegate - Bootstrapping Spring Data Redis repositories in DEFAULT mode.
2026-05-05 00:35:39.635 [restartedMain] INFO  org.springframework.data.repository.config.RepositoryConfigurationDelegate - Finished Spring Data repository scanning in 4ms. Found 0 Redis repository interfaces.
2026-05-05 00:35:39.852 [restartedMain] INFO  org.springframework.boot.web.embedded.tomcat.TomcatWebServer - Tomcat initialized with port(s): 5000 (http)
2026-05-05 00:35:39.852 [restartedMain] INFO  org.apache.coyote.http11.Http11NioProtocol - Initializing ProtocolHandler ["http-nio-5000"]
2026-05-05 00:35:39.856 [restartedMain] INFO  org.apache.catalina.core.StandardService - Starting service [Tomcat]
2026-05-05 00:35:39.856 [restartedMain] INFO  org.apache.catalina.core.StandardEngine - Starting Servlet engine: [Apache Tomcat/9.0.31]
2026-05-05 00:35:39.860 [restartedMain] INFO  org.apache.catalina.core.ContainerBase.[Tomcat-1].[localhost].[/api] - Initializing Spring embedded WebApplicationContext
2026-05-05 00:35:39.860 [restartedMain] INFO  org.springframework.web.context.ContextLoader - Root WebApplicationContext: initialization completed in 369 ms
2026-05-05 00:35:39.880 [restartedMain] INFO  com.alibaba.druid.spring.boot.autoconfigure.DruidDataSourceAutoConfigure - Init DruidDataSource
2026-05-05 00:35:39.896 [restartedMain] INFO  com.alibaba.druid.pool.DruidDataSource - {dataSource-9} inited
2026-05-05 00:35:39.938 [restartedMain] INFO  org.hibernate.jpa.internal.util.LogHelper - HHH000204: Processing PersistenceUnitInfo [name: default]
2026-05-05 00:35:39.949 [restartedMain] INFO  org.hibernate.dialect.Dialect - HHH000400: Using dialect: org.hibernate.dialect.MySQL8Dialect
2026-05-05 00:35:39.976 [restartedMain] INFO  org.hibernate.engine.transaction.jta.platform.internal.JtaPlatformInitiator - HHH000490: Using JtaPlatform implementation: [org.hibernate.engine.transaction.jta.platform.internal.NoJtaPlatform]
2026-05-05 00:35:39.976 [restartedMain] INFO  org.springframework.orm.jpa.LocalContainerEntityManagerFactoryBean - Initialized JPA EntityManagerFactory for persistence unit 'default'
2026-05-05 00:35:40.578 [restartedMain] WARN  org.springframework.boot.autoconfigure.orm.jpa.JpaBaseConfiguration$JpaWebConfiguration - spring.jpa.open-in-view is enabled by default. Therefore, database queries may be performed during view rendering. Explicitly configure spring.jpa.open-in-view to disable this warning
2026-05-05 00:35:40.599 [restartedMain] INFO  org.springframework.scheduling.concurrent.ThreadPoolTaskExecutor - Initializing ExecutorService 'applicationTaskExecutor'
2026-05-05 00:35:40.653 [restartedMain] INFO  org.springframework.boot.devtools.autoconfigure.OptionalLiveReloadServer - LiveReload server is running on port 35729
2026-05-05 00:35:40.661 [restartedMain] INFO  org.apache.coyote.http11.Http11NioProtocol - Starting ProtocolHandler ["http-nio-5000"]
2026-05-05 00:35:40.665 [restartedMain] INFO  org.springframework.boot.web.embedded.tomcat.TomcatWebServer - Tomcat started on port(s): 5000 (http) with context path '/api'
2026-05-05 00:35:40.665 [restartedMain] INFO  com.project.demo.Application - Started Application in 1.216 seconds (JVM running for 997.181)
2026-05-05 00:35:40.667 [restartedMain] INFO  org.springframework.boot.devtools.autoconfigure.ConditionEvaluationDeltaLoggingListener - Condition evaluation unchanged
2026-05-05 00:35:58.029 [http-nio-5000-exec-1] INFO  org.apache.catalina.core.ContainerBase.[Tomcat-1].[localhost].[/api] - Initializing Spring DispatcherServlet 'dispatcherServlet'
2026-05-05 00:35:58.029 [http-nio-5000-exec-1] INFO  org.springframework.web.servlet.DispatcherServlet - Initializing Servlet 'dispatcherServlet'
2026-05-05 00:35:58.036 [http-nio-5000-exec-1] INFO  org.springframework.web.servlet.DispatcherServlet - Completed initialization in 7 ms
2026-05-05 00:35:58.037 [http-nio-5000-exec-5] INFO  com.project.demo.interceptor.LoginInterceptor - [请求接口] - http://localhost:5000/api/purchasing_information/count , [请求类型] - GET
2026-05-05 00:35:58.038 [http-nio-5000-exec-4] INFO  com.project.demo.interceptor.LoginInterceptor - [请求接口] - http://localhost:5000/api/inventory_information/count , [请求类型] - GET
2026-05-05 00:35:58.038 [http-nio-5000-exec-1] INFO  com.project.demo.interceptor.LoginInterceptor - [请求接口] - http://localhost:5000/api/user/count , [请求类型] - GET
2026-05-05 00:35:58.037 [http-nio-5000-exec-6] INFO  com.project.demo.interceptor.LoginInterceptor - [请求接口] - http://localhost:5000/api/supply_information/count , [请求类型] - GET
2026-05-05 00:35:58.039 [http-nio-5000-exec-2] INFO  com.project.demo.interceptor.LoginInterceptor - [请求接口] - http://localhost:5000/api/sales_information/count , [请求类型] - GET
2026-05-05 00:35:58.041 [http-nio-5000-exec-3] INFO  com.project.demo.interceptor.LoginInterceptor - [请求接口] - http://localhost:5000/api/registered_user/count , [请求类型] - GET
2026-05-05 00:35:58.072 [http-nio-5000-exec-5] INFO  com.project.demo.service.base.BaseService - 拼接统计函数前
2026-05-05 00:35:58.072 [http-nio-5000-exec-1] INFO  com.project.demo.service.base.BaseService - 拼接统计函数前
2026-05-05 00:35:58.072 [http-nio-5000-exec-2] INFO  com.project.demo.service.base.BaseService - 拼接统计函数前
2026-05-05 00:35:58.072 [http-nio-5000-exec-3] INFO  com.project.demo.service.base.BaseService - 拼接统计函数前
2026-05-05 00:35:58.072 [http-nio-5000-exec-2] INFO  com.project.demo.service.base.BaseService - 生成的最终SQL:  WHERE is_delete = 0 
2026-05-05 00:35:58.072 [http-nio-5000-exec-3] INFO  com.project.demo.service.base.BaseService - 生成的最终SQL:  WHERE is_delete = 0 
2026-05-05 00:35:58.072 [http-nio-5000-exec-1] INFO  com.project.demo.service.base.BaseService - 生成的最终SQL:  WHERE is_delete = 0 
2026-05-05 00:35:58.072 [http-nio-5000-exec-5] INFO  com.project.demo.service.base.BaseService - 生成的最终SQL:  WHERE is_delete = 0 
2026-05-05 00:35:58.072 [http-nio-5000-exec-1] INFO  com.project.demo.service.base.BaseService - [user] - 统计操作，sql: SELECT COUNT(*) FROM `user` WHERE is_delete = 0 
2026-05-05 00:35:58.072 [http-nio-5000-exec-5] INFO  com.project.demo.service.base.BaseService - [purchasing_information] - 统计操作，sql: SELECT COUNT(*) FROM `purchasing_information` WHERE is_delete = 0 
2026-05-05 00:35:58.072 [http-nio-5000-exec-3] INFO  com.project.demo.service.base.BaseService - [registered_user] - 统计操作，sql: SELECT COUNT(*) FROM `registered_user` WHERE is_delete = 0 
2026-05-05 00:35:58.072 [http-nio-5000-exec-2] INFO  com.project.demo.service.base.BaseService - [sales_information] - 统计操作，sql: SELECT COUNT(*) FROM `sales_information` WHERE is_delete = 0 
2026-05-05 00:35:58.072 [http-nio-5000-exec-4] INFO  com.project.demo.service.base.BaseService - 拼接统计函数前
2026-05-05 00:35:58.072 [http-nio-5000-exec-4] INFO  com.project.demo.service.base.BaseService - 生成的最终SQL:  WHERE is_delete = 0 
2026-05-05 00:35:58.072 [http-nio-5000-exec-4] INFO  com.project.demo.service.base.BaseService - [inventory_information] - 统计操作，sql: SELECT COUNT(*) FROM `inventory_information` WHERE is_delete = 0 
2026-05-05 00:35:58.072 [http-nio-5000-exec-6] INFO  com.project.demo.service.base.BaseService - 拼接统计函数前
2026-05-05 00:35:58.072 [http-nio-5000-exec-6] INFO  com.project.demo.service.base.BaseService - 生成的最终SQL:  WHERE is_delete = 0 
2026-05-05 00:35:58.073 [http-nio-5000-exec-6] INFO  com.project.demo.service.base.BaseService - [supply_information] - 统计操作，sql: SELECT COUNT(*) FROM `supply_information` WHERE is_delete = 0 
2026-05-05 00:35:58.087 [http-nio-5000-exec-7] INFO  com.project.demo.interceptor.LoginInterceptor - [请求接口] - http://localhost:5000/api/sales_information/list_group , [请求类型] - OPTIONS
2026-05-05 00:35:58.089 [http-nio-5000-exec-9] INFO  com.project.demo.interceptor.LoginInterceptor - [请求接口] - http://localhost:5000/api/supply_information/list_group , [请求类型] - GET
2026-05-05 00:35:58.092 [http-nio-5000-exec-9] INFO  com.project.demo.service.base.BaseService - 生成的最终SQL:  WHERE is_delete = 0 
2026-05-05 00:35:58.095 [http-nio-5000-exec-9] INFO  com.project.demo.service.base.BaseService - [supply_information] - 查询操作，sql: select COUNT(*) AS count, commodity_category from `supply_information`  WHERE is_delete = 0 group by commodity_category 
2026-05-05 00:35:58.097 [http-nio-5000-exec-8] INFO  com.project.demo.interceptor.LoginInterceptor - [请求接口] - http://localhost:5000/api/registered_user/list_group , [请求类型] - GET
2026-05-05 00:35:58.097 [http-nio-5000-exec-8] INFO  com.project.demo.service.base.BaseService - 生成的最终SQL:  WHERE is_delete = 0 
2026-05-05 00:35:58.098 [http-nio-5000-exec-8] INFO  com.project.demo.service.base.BaseService - [registered_user] - 查询操作，sql: select COUNT(*) AS count, user_gender from `registered_user`  WHERE is_delete = 0 group by user_gender 
2026-05-05 00:35:58.098 [http-nio-5000-exec-4] INFO  com.project.demo.interceptor.LoginInterceptor - [请求接口] - http://localhost:5000/api/sales_information/list_group , [请求类型] - GET
2026-05-05 00:35:58.101 [http-nio-5000-exec-10] INFO  com.project.demo.interceptor.LoginInterceptor - [请求接口] - http://localhost:5000/api/views/list_group , [请求类型] - GET
2026-05-05 00:35:58.114 [http-nio-5000-exec-10] INFO  com.project.demo.service.base.BaseService - 生成的最终SQL: 
2026-05-05 00:35:58.114 [http-nio-5000-exec-10] INFO  com.project.demo.service.base.BaseService - [views] - 查询操作，sql: select COUNT(*) AS count, source_table from `views` group by source_table 
2026-05-05 00:35:58.113 [http-nio-5000-exec-4] ERROR com.project.demo.exception.GlobalExceptionHandler - 运行时异常: 
org.springframework.dao.DataIntegrityViolationException: 
### Error querying database.  Cause: java.sql.SQLIntegrityConstraintViolationException: Column 'create_time' in field list is ambiguous
### The error may exist in file [/home/yuan/Desktop/bishe-main/target/classes/mapper/BaseMapper.xml]
### The error may involve defaultParameterMap
### The error occurred while setting parameters
### SQL: select COUNT(*) AS count, DATE(create_time) as `DATE(create_time)` from `sales_information` a left join `commodity_information` b on a.source_table = 'commodity_information' and a.source_id = b.commodity_information_id  WHERE a.`create_time` >= '2026-04-21 00:00:00'  AND a.is_delete = 0 group by DATE(create_time)
### Cause: java.sql.SQLIntegrityConstraintViolationException: Column 'create_time' in field list is ambiguous
; Column 'create_time' in field list is ambiguous; nested exception is java.sql.SQLIntegrityConstraintViolationException: Column 'create_time' in field list is ambiguous
	at org.springframework.jdbc.support.SQLExceptionSubclassTranslator.doTranslate(SQLExceptionSubclassTranslator.java:87) ~[spring-jdbc-5.2.4.RELEASE.jar:5.2.4.RELEASE]
	at org.springframework.jdbc.support.AbstractFallbackSQLExceptionTranslator.translate(AbstractFallbackSQLExceptionTranslator.java:72) ~[spring-jdbc-5.2.4.RELEASE.jar:5.2.4.RELEASE]
	at org.springframework.jdbc.support.AbstractFallbackSQLExceptionTranslator.translate(AbstractFallbackSQLExceptionTranslator.java:81) ~[spring-jdbc-5.2.4.RELEASE.jar:5.2.4.RELEASE]
	at org.mybatis.spring.MyBatisExceptionTranslator.translateExceptionIfPossible(MyBatisExceptionTranslator.java:91) ~[mybatis-spring-2.0.6.jar:2.0.6]
	at org.mybatis.spring.SqlSessionTemplate$SqlSessionInterceptor.invoke(SqlSessionTemplate.java:441) ~[mybatis-spring-2.0.6.jar:2.0.6]
	at com.sun.proxy.$Proxy113.selectList(Unknown Source) ~[?:?]
	at org.mybatis.spring.SqlSessionTemplate.selectList(SqlSessionTemplate.java:224) ~[mybatis-spring-2.0.6.jar:2.0.6]
	at com.baomidou.mybatisplus.core.override.MybatisMapperMethod.executeForMany(MybatisMapperMethod.java:166) ~[mybatis-plus-core-3.4.3.1.jar:3.4.3.1]
	at com.baomidou.mybatisplus.core.override.MybatisMapperMethod.execute(MybatisMapperMethod.java:77) ~[mybatis-plus-core-3.4.3.1.jar:3.4.3.1]
	at com.baomidou.mybatisplus.core.override.MybatisMapperProxy$PlainMethodInvoker.invoke(MybatisMapperProxy.java:148) ~[mybatis-plus-core-3.4.3.1.jar:3.4.3.1]
	at com.baomidou.mybatisplus.core.override.MybatisMapperProxy.invoke(MybatisMapperProxy.java:89) ~[mybatis-plus-core-3.4.3.1.jar:3.4.3.1]
	at com.sun.proxy.$Proxy298.selectBaseList(Unknown Source) ~[?:?]
	at com.project.demo.service.base.BaseService.selectToList(BaseService.java:85) ~[classes/:?]
	at com.project.demo.service.base.BaseService$$FastClassBySpringCGLIB$$504c7e9.invoke(<generated>) ~[classes/:?]
	at org.springframework.cglib.proxy.MethodProxy.invoke(MethodProxy.java:218) ~[spring-core-5.2.4.RELEASE.jar:5.2.4.RELEASE]
	at org.springframework.aop.framework.CglibAopProxy$CglibMethodInvocation.invokeJoinpoint(CglibAopProxy.java:769) ~[spring-aop-5.2.4.RELEASE.jar:5.2.4.RELEASE]
	at org.springframework.aop.framework.ReflectiveMethodInvocation.proceed(ReflectiveMethodInvocation.java:163) ~[spring-aop-5.2.4.RELEASE.jar:5.2.4.RELEASE]
	at org.springframework.aop.framework.CglibAopProxy$CglibMethodInvocation.proceed(CglibAopProxy.java:747) ~[spring-aop-5.2.4.RELEASE.jar:5.2.4.RELEASE]
	at org.springframework.aop.interceptor.ExposeInvocationInterceptor.invoke(ExposeInvocationInterceptor.java:95) ~[spring-aop-5.2.4.RELEASE.jar:5.2.4.RELEASE]
	at org.springframework.aop.framework.ReflectiveMethodInvocation.proceed(ReflectiveMethodInvocation.java:186) ~[spring-aop-5.2.4.RELEASE.jar:5.2.4.RELEASE]
	at org.springframework.aop.framework.CglibAopProxy$CglibMethodInvocation.proceed(CglibAopProxy.java:747) ~[spring-aop-5.2.4.RELEASE.jar:5.2.4.RELEASE]
	at org.springframework.aop.framework.CglibAopProxy$DynamicAdvisedInterceptor.intercept(CglibAopProxy.java:689) ~[spring-aop-5.2.4.RELEASE.jar:5.2.4.RELEASE]
	at com.project.demo.service.SalesInformationService$$EnhancerBySpringCGLIB$$df237519.selectToList(<generated>) ~[classes/:?]
	at com.project.demo.controller.base.BaseController.listGroup(BaseController.java:82) ~[classes/:?]
	at com.project.demo.controller.base.BaseController$$FastClassBySpringCGLIB$$72c28101.invoke(<generated>) ~[classes/:?]
	at org.springframework.cglib.proxy.MethodProxy.invoke(MethodProxy.java:218) ~[spring-core-5.2.4.RELEASE.jar:5.2.4.RELEASE]
	at org.springframework.aop.framework.CglibAopProxy$DynamicAdvisedInterceptor.intercept(CglibAopProxy.java:685) ~[spring-aop-5.2.4.RELEASE.jar:5.2.4.RELEASE]
	at com.project.demo.controller.SalesInformationController$$EnhancerBySpringCGLIB$$14ba1724.listGroup(<generated>) ~[classes/:?]
	at sun.reflect.NativeMethodAccessorImpl.invoke0(Native Method) ~[?:1.8.0_461]
	at sun.reflect.NativeMethodAccessorImpl.invoke(NativeMethodAccessorImpl.java:62) ~[?:1.8.0_461]
	at sun.reflect.DelegatingMethodAccessorImpl.invoke(DelegatingMethodAccessorImpl.java:43) ~[?:1.8.0_461]
	at java.lang.reflect.Method.invoke(Method.java:498) ~[?:1.8.0_461]
	at org.springframework.web.method.support.InvocableHandlerMethod.doInvoke(InvocableHandlerMethod.java:190) ~[spring-web-5.2.4.RELEASE.jar:5.2.4.RELEASE]
	at org.springframework.web.method.support.InvocableHandlerMethod.invokeForRequest(InvocableHandlerMethod.java:138) ~[spring-web-5.2.4.RELEASE.jar:5.2.4.RELEASE]
	at org.springframework.web.servlet.mvc.method.annotation.ServletInvocableHandlerMethod.invokeAndHandle(ServletInvocableHandlerMethod.java:106) ~[spring-webmvc-5.2.4.RELEASE.jar:5.2.4.RELEASE]
	at org.springframework.web.servlet.mvc.method.annotation.RequestMappingHandlerAdapter.invokeHandlerMethod(RequestMappingHandlerAdapter.java:879) ~[spring-webmvc-5.2.4.RELEASE.jar:5.2.4.RELEASE]
	at org.springframework.web.servlet.mvc.method.annotation.RequestMappingHandlerAdapter.handleInternal(RequestMappingHandlerAdapter.java:793) ~[spring-webmvc-5.2.4.RELEASE.jar:5.2.4.RELEASE]
	at org.springframework.web.servlet.mvc.method.AbstractHandlerMethodAdapter.handle(AbstractHandlerMethodAdapter.java:87) ~[spring-webmvc-5.2.4.RELEASE.jar:5.2.4.RELEASE]
	at org.springframework.web.servlet.DispatcherServlet.doDispatch(DispatcherServlet.java:1040) [spring-webmvc-5.2.4.RELEASE.jar:5.2.4.RELEASE]
	at org.springframework.web.servlet.DispatcherServlet.doService(DispatcherServlet.java:943) [spring-webmvc-5.2.4.RELEASE.jar:5.2.4.RELEASE]
	at org.springframework.web.servlet.FrameworkServlet.processRequest(FrameworkServlet.java:1006) [spring-webmvc-5.2.4.RELEASE.jar:5.2.4.RELEASE]
	at org.springframework.web.servlet.FrameworkServlet.doGet(FrameworkServlet.java:898) [spring-webmvc-5.2.4.RELEASE.jar:5.2.4.RELEASE]
	at javax.servlet.http.HttpServlet.service(HttpServlet.java:634) [tomcat-embed-core-9.0.31.jar:9.0.31]
	at org.springframework.web.servlet.FrameworkServlet.service(FrameworkServlet.java:883) [spring-webmvc-5.2.4.RELEASE.jar:5.2.4.RELEASE]
	at javax.servlet.http.HttpServlet.service(HttpServlet.java:741) [tomcat-embed-core-9.0.31.jar:9.0.31]
	at org.apache.catalina.core.ApplicationFilterChain.internalDoFilter(ApplicationFilterChain.java:231) [tomcat-embed-core-9.0.31.jar:9.0.31]
	at org.apache.catalina.core.ApplicationFilterChain.doFilter(ApplicationFilterChain.java:166) [tomcat-embed-core-9.0.31.jar:9.0.31]
	at org.apache.tomcat.websocket.server.WsFilter.doFilter(WsFilter.java:53) [tomcat-embed-websocket-9.0.31.jar:9.0.31]
	at org.apache.catalina.core.ApplicationFilterChain.internalDoFilter(ApplicationFilterChain.java:193) [tomcat-embed-core-9.0.31.jar:9.0.31]
	at org.apache.catalina.core.ApplicationFilterChain.doFilter(ApplicationFilterChain.java:166) [tomcat-embed-core-9.0.31.jar:9.0.31]
	at org.springframework.web.filter.RequestContextFilter.doFilterInternal(RequestContextFilter.java:100) [spring-web-5.2.4.RELEASE.jar:5.2.4.RELEASE]
	at org.springframework.web.filter.OncePerRequestFilter.doFilter(OncePerRequestFilter.java:119) [spring-web-5.2.4.RELEASE.jar:5.2.4.RELEASE]
	at org.apache.catalina.core.ApplicationFilterChain.internalDoFilter(ApplicationFilterChain.java:193) [tomcat-embed-core-9.0.31.jar:9.0.31]
	at org.apache.catalina.core.ApplicationFilterChain.doFilter(ApplicationFilterChain.java:166) [tomcat-embed-core-9.0.31.jar:9.0.31]
	at org.springframework.web.filter.FormContentFilter.doFilterInternal(FormContentFilter.java:93) [spring-web-5.2.4.RELEASE.jar:5.2.4.RELEASE]
	at org.springframework.web.filter.OncePerRequestFilter.doFilter(OncePerRequestFilter.java:119) [spring-web-5.2.4.RELEASE.jar:5.2.4.RELEASE]
	at org.apache.catalina.core.ApplicationFilterChain.internalDoFilter(ApplicationFilterChain.java:193) [tomcat-embed-core-9.0.31.jar:9.0.31]
	at org.apache.catalina.core.ApplicationFilterChain.doFilter(ApplicationFilterChain.java:166) [tomcat-embed-core-9.0.31.jar:9.0.31]
	at org.springframework.web.filter.CharacterEncodingFilter.doFilterInternal(CharacterEncodingFilter.java:201) [spring-web-5.2.4.RELEASE.jar:5.2.4.RELEASE]
	at org.springframework.web.filter.OncePerRequestFilter.doFilter(OncePerRequestFilter.java:119) [spring-web-5.2.4.RELEASE.jar:5.2.4.RELEASE]
	at org.apache.catalina.core.ApplicationFilterChain.internalDoFilter(ApplicationFilterChain.java:193) [tomcat-embed-core-9.0.31.jar:9.0.31]
	at org.apache.catalina.core.ApplicationFilterChain.doFilter(ApplicationFilterChain.java:166) [tomcat-embed-core-9.0.31.jar:9.0.31]
	at org.apache.catalina.core.StandardWrapperValve.invoke(StandardWrapperValve.java:202) [tomcat-embed-core-9.0.31.jar:9.0.31]
	at org.apache.catalina.core.StandardContextValve.invoke(StandardContextValve.java:96) [tomcat-embed-core-9.0.31.jar:9.0.31]
	at org.apache.catalina.authenticator.AuthenticatorBase.invoke(AuthenticatorBase.java:541) [tomcat-embed-core-9.0.31.jar:9.0.31]
	at org.apache.catalina.core.StandardHostValve.invoke(StandardHostValve.java:139) [tomcat-embed-core-9.0.31.jar:9.0.31]
	at org.apache.catalina.valves.ErrorReportValve.invoke(ErrorReportValve.java:92) [tomcat-embed-core-9.0.31.jar:9.0.31]
	at org.apache.catalina.core.StandardEngineValve.invoke(StandardEngineValve.java:74) [tomcat-embed-core-9.0.31.jar:9.0.31]
	at org.apache.catalina.connector.CoyoteAdapter.service(CoyoteAdapter.java:343) [tomcat-embed-core-9.0.31.jar:9.0.31]
	at org.apache.coyote.http11.Http11Processor.service(Http11Processor.java:367) [tomcat-embed-core-9.0.31.jar:9.0.31]
	at org.apache.coyote.AbstractProcessorLight.process(AbstractProcessorLight.java:65) [tomcat-embed-core-9.0.31.jar:9.0.31]
	at org.apache.coyote.AbstractProtocol$ConnectionHandler.process(AbstractProtocol.java:868) [tomcat-embed-core-9.0.31.jar:9.0.31]
	at org.apache.tomcat.util.net.NioEndpoint$SocketProcessor.doRun(NioEndpoint.java:1639) [tomcat-embed-core-9.0.31.jar:9.0.31]
	at org.apache.tomcat.util.net.SocketProcessorBase.run(SocketProcessorBase.java:49) [tomcat-embed-core-9.0.31.jar:9.0.31]
	at java.util.concurrent.ThreadPoolExecutor.runWorker(ThreadPoolExecutor.java:1149) [?:1.8.0_461]
	at java.util.concurrent.ThreadPoolExecutor$Worker.run(ThreadPoolExecutor.java:624) [?:1.8.0_461]
	at org.apache.tomcat.util.threads.TaskThread$WrappingRunnable.run(TaskThread.java:61) [tomcat-embed-core-9.0.31.jar:9.0.31]
	at java.lang.Thread.run(Thread.java:750) [?:1.8.0_461]
Caused by: java.sql.SQLIntegrityConstraintViolationException: Column 'create_time' in field list is ambiguous
	at com.mysql.cj.jdbc.exceptions.SQLError.createSQLException(SQLError.java:115) ~[mysql-connector-java-8.0.11.jar:8.0.11]
	at com.mysql.cj.jdbc.exceptions.SQLError.createSQLException(SQLError.java:95) ~[mysql-connector-java-8.0.11.jar:8.0.11]
	at com.mysql.cj.jdbc.exceptions.SQLExceptionsMapping.translateException(SQLExceptionsMapping.java:122) ~[mysql-connector-java-8.0.11.jar:8.0.11]
	at com.mysql.cj.jdbc.ClientPreparedStatement.executeInternal(ClientPreparedStatement.java:960) ~[mysql-connector-java-8.0.11.jar:8.0.11]
	at com.mysql.cj.jdbc.ClientPreparedStatement.execute(ClientPreparedStatement.java:388) ~[mysql-connector-java-8.0.11.jar:8.0.11]
	at com.alibaba.druid.pool.DruidPooledPreparedStatement.execute(DruidPooledPreparedStatement.java:497) ~[druid-1.2.8.jar:1.2.8]
	at sun.reflect.GeneratedMethodAccessor85.invoke(Unknown Source) ~[?:?]
	at sun.reflect.DelegatingMethodAccessorImpl.invoke(DelegatingMethodAccessorImpl.java:43) ~[?:1.8.0_461]
	at java.lang.reflect.Method.invoke(Method.java:498) ~[?:1.8.0_461]
	at org.apache.ibatis.logging.jdbc.PreparedStatementLogger.invoke(PreparedStatementLogger.java:59) ~[mybatis-3.5.7.jar:3.5.7]
	at com.sun.proxy.$Proxy149.execute(Unknown Source) ~[?:?]
	at org.apache.ibatis.executor.statement.PreparedStatementHandler.query(PreparedStatementHandler.java:64) ~[mybatis-3.5.7.jar:3.5.7]
	at org.apache.ibatis.executor.statement.RoutingStatementHandler.query(RoutingStatementHandler.java:79) ~[mybatis-3.5.7.jar:3.5.7]
	at sun.reflect.GeneratedMethodAccessor84.invoke(Unknown Source) ~[?:?]
	at sun.reflect.DelegatingMethodAccessorImpl.invoke(DelegatingMethodAccessorImpl.java:43) ~[?:1.8.0_461]
	at java.lang.reflect.Method.invoke(Method.java:498) ~[?:1.8.0_461]
	at org.apache.ibatis.plugin.Plugin.invoke(Plugin.java:64) ~[mybatis-3.5.7.jar:3.5.7]
	at com.sun.proxy.$Proxy147.query(Unknown Source) ~[?:?]
	at org.apache.ibatis.executor.SimpleExecutor.doQuery(SimpleExecutor.java:63) ~[mybatis-3.5.7.jar:3.5.7]
	at org.apache.ibatis.executor.BaseExecutor.queryFromDatabase(BaseExecutor.java:325) ~[mybatis-3.5.7.jar:3.5.7]
	at org.apache.ibatis.executor.BaseExecutor.query(BaseExecutor.java:156) ~[mybatis-3.5.7.jar:3.5.7]
	at org.apache.ibatis.executor.CachingExecutor.query(CachingExecutor.java:109) ~[mybatis-3.5.7.jar:3.5.7]
	at com.baomidou.mybatisplus.extension.plugins.MybatisPlusInterceptor.intercept(MybatisPlusInterceptor.java:81) ~[mybatis-plus-extension-3.4.3.1.jar:3.4.3.1]
	at org.apache.ibatis.plugin.Plugin.invoke(Plugin.java:62) ~[mybatis-3.5.7.jar:3.5.7]
	at com.sun.proxy.$Proxy146.query(Unknown Source) ~[?:?]
	at org.apache.ibatis.session.defaults.DefaultSqlSession.selectList(DefaultSqlSession.java:151) ~[mybatis-3.5.7.jar:3.5.7]
	at org.apache.ibatis.session.defaults.DefaultSqlSession.selectList(DefaultSqlSession.java:145) ~[mybatis-3.5.7.jar:3.5.7]
	at org.apache.ibatis.session.defaults.DefaultSqlSession.selectList(DefaultSqlSession.java:140) ~[mybatis-3.5.7.jar:3.5.7]
	at sun.reflect.GeneratedMethodAccessor98.invoke(Unknown Source) ~[?:?]
	at sun.reflect.DelegatingMethodAccessorImpl.invoke(DelegatingMethodAccessorImpl.java:43) ~[?:1.8.0_461]
	at java.lang.reflect.Method.invoke(Method.java:498) ~[?:1.8.0_461]
	at org.mybatis.spring.SqlSessionTemplate$SqlSessionInterceptor.invoke(SqlSessionTemplate.java:427) ~[mybatis-spring-2.0.6.jar:2.0.6]
	... 73 more
2026-05-05 00:35:58.123 [http-nio-5000-exec-4] WARN  org.springframework.web.servlet.mvc.method.annotation.ExceptionHandlerExceptionResolver - Resolved [org.springframework.dao.DataIntegrityViolationException: 
### Error querying database.  Cause: java.sql.SQLIntegrityConstraintViolationException: Column 'create_time' in field list is ambiguous
### The error may exist in file [/home/yuan/Desktop/bishe-main/target/classes/mapper/BaseMapper.xml]
### The error may involve defaultParameterMap
### The error occurred while setting parameters
### SQL: select COUNT(*) AS count, DATE(create_time) as `DATE(create_time)` from `sales_information` a left join `commodity_information` b on a.source_table = 'commodity_information' and a.source_id = b.commodity_information_id  WHERE a.`create_time` >= '2026-04-21 00:00:00'  AND a.is_delete = 0 group by DATE(create_time)
### Cause: java.sql.SQLIntegrityConstraintViolationException: Column 'create_time' in field list is ambiguous
; Column 'create_time' in field list is ambiguous; nested exception is java.sql.SQLIntegrityConstraintViolationException: Column 'create_time' in field list is ambiguous]
2026-05-05 00:35:58.151 [http-nio-5000-exec-1] INFO  com.project.demo.interceptor.LoginInterceptor - [请求接口] - http://localhost:5000/api/inventory_information/list_group , [请求类型] - OPTIONS
2026-05-05 00:35:58.162 [http-nio-5000-exec-5] INFO  com.project.demo.interceptor.LoginInterceptor - [请求接口] - http://localhost:5000/api/inventory_information/list_group , [请求类型] - GET
2026-05-05 00:35:58.168 [http-nio-5000-exec-5] ERROR com.project.demo.exception.GlobalExceptionHandler - 运行时异常: 
org.springframework.dao.DataIntegrityViolationException: 
### Error querying database.  Cause: java.sql.SQLIntegrityConstraintViolationException: Column 'create_time' in field list is ambiguous
### The error may exist in file [/home/yuan/Desktop/bishe-main/target/classes/mapper/BaseMapper.xml]
### The error may involve defaultParameterMap
### The error occurred while setting parameters
### SQL: select COUNT(*) AS count, DATE(create_time) as `DATE(create_time)` from `inventory_information` a left join `commodity_information` b on a.source_table = 'commodity_information' and a.source_id = b.commodity_information_id  WHERE a.`create_time` >= '2026-04-21 00:00:00'  AND a.is_delete = 0 group by DATE(create_time)
### Cause: java.sql.SQLIntegrityConstraintViolationException: Column 'create_time' in field list is ambiguous
; Column 'create_time' in field list is ambiguous; nested exception is java.sql.SQLIntegrityConstraintViolationException: Column 'create_time' in field list is ambiguous
	at org.springframework.jdbc.support.SQLExceptionSubclassTranslator.doTranslate(SQLExceptionSubclassTranslator.java:87) ~[spring-jdbc-5.2.4.RELEASE.jar:5.2.4.RELEASE]
	at org.springframework.jdbc.support.AbstractFallbackSQLExceptionTranslator.translate(AbstractFallbackSQLExceptionTranslator.java:72) ~[spring-jdbc-5.2.4.RELEASE.jar:5.2.4.RELEASE]
	at org.springframework.jdbc.support.AbstractFallbackSQLExceptionTranslator.translate(AbstractFallbackSQLExceptionTranslator.java:81) ~[spring-jdbc-5.2.4.RELEASE.jar:5.2.4.RELEASE]
	at org.mybatis.spring.MyBatisExceptionTranslator.translateExceptionIfPossible(MyBatisExceptionTranslator.java:91) ~[mybatis-spring-2.0.6.jar:2.0.6]
	at org.mybatis.spring.SqlSessionTemplate$SqlSessionInterceptor.invoke(SqlSessionTemplate.java:441) ~[mybatis-spring-2.0.6.jar:2.0.6]
	at com.sun.proxy.$Proxy113.selectList(Unknown Source) ~[?:?]
	at org.mybatis.spring.SqlSessionTemplate.selectList(SqlSessionTemplate.java:224) ~[mybatis-spring-2.0.6.jar:2.0.6]
	at com.baomidou.mybatisplus.core.override.MybatisMapperMethod.executeForMany(MybatisMapperMethod.java:166) ~[mybatis-plus-core-3.4.3.1.jar:3.4.3.1]
	at com.baomidou.mybatisplus.core.override.MybatisMapperMethod.execute(MybatisMapperMethod.java:77) ~[mybatis-plus-core-3.4.3.1.jar:3.4.3.1]
	at com.baomidou.mybatisplus.core.override.MybatisMapperProxy$PlainMethodInvoker.invoke(MybatisMapperProxy.java:148) ~[mybatis-plus-core-3.4.3.1.jar:3.4.3.1]
	at com.baomidou.mybatisplus.core.override.MybatisMapperProxy.invoke(MybatisMapperProxy.java:89) ~[mybatis-plus-core-3.4.3.1.jar:3.4.3.1]
	at com.sun.proxy.$Proxy294.selectBaseList(Unknown Source) ~[?:?]
	at com.project.demo.service.base.BaseService.selectToList(BaseService.java:85) ~[classes/:?]
	at com.project.demo.service.base.BaseService$$FastClassBySpringCGLIB$$504c7e9.invoke(<generated>) ~[classes/:?]
	at org.springframework.cglib.proxy.MethodProxy.invoke(MethodProxy.java:218) ~[spring-core-5.2.4.RELEASE.jar:5.2.4.RELEASE]
	at org.springframework.aop.framework.CglibAopProxy$CglibMethodInvocation.invokeJoinpoint(CglibAopProxy.java:769) ~[spring-aop-5.2.4.RELEASE.jar:5.2.4.RELEASE]
	at org.springframework.aop.framework.ReflectiveMethodInvocation.proceed(ReflectiveMethodInvocation.java:163) ~[spring-aop-5.2.4.RELEASE.jar:5.2.4.RELEASE]
	at org.springframework.aop.framework.CglibAopProxy$CglibMethodInvocation.proceed(CglibAopProxy.java:747) ~[spring-aop-5.2.4.RELEASE.jar:5.2.4.RELEASE]
	at org.springframework.aop.interceptor.ExposeInvocationInterceptor.invoke(ExposeInvocationInterceptor.java:95) ~[spring-aop-5.2.4.RELEASE.jar:5.2.4.RELEASE]
	at org.springframework.aop.framework.ReflectiveMethodInvocation.proceed(ReflectiveMethodInvocation.java:186) ~[spring-aop-5.2.4.RELEASE.jar:5.2.4.RELEASE]
	at org.springframework.aop.framework.CglibAopProxy$CglibMethodInvocation.proceed(CglibAopProxy.java:747) ~[spring-aop-5.2.4.RELEASE.jar:5.2.4.RELEASE]
	at org.springframework.aop.framework.CglibAopProxy$DynamicAdvisedInterceptor.intercept(CglibAopProxy.java:689) ~[spring-aop-5.2.4.RELEASE.jar:5.2.4.RELEASE]
	at com.project.demo.service.InventoryInformationService$$EnhancerBySpringCGLIB$$85cdf09.selectToList(<generated>) ~[classes/:?]
	at com.project.demo.controller.base.BaseController.listGroup(BaseController.java:82) ~[classes/:?]
	at com.project.demo.controller.base.BaseController$$FastClassBySpringCGLIB$$72c28101.invoke(<generated>) ~[classes/:?]
	at org.springframework.cglib.proxy.MethodProxy.invoke(MethodProxy.java:218) ~[spring-core-5.2.4.RELEASE.jar:5.2.4.RELEASE]
	at org.springframework.aop.framework.CglibAopProxy$DynamicAdvisedInterceptor.intercept(CglibAopProxy.java:685) ~[spring-aop-5.2.4.RELEASE.jar:5.2.4.RELEASE]
	at com.project.demo.controller.InventoryInformationController$$EnhancerBySpringCGLIB$$3b6bc4b4.listGroup(<generated>) ~[classes/:?]
	at sun.reflect.NativeMethodAccessorImpl.invoke0(Native Method) ~[?:1.8.0_461]
	at sun.reflect.NativeMethodAccessorImpl.invoke(NativeMethodAccessorImpl.java:62) ~[?:1.8.0_461]
	at sun.reflect.DelegatingMethodAccessorImpl.invoke(DelegatingMethodAccessorImpl.java:43) ~[?:1.8.0_461]
	at java.lang.reflect.Method.invoke(Method.java:498) ~[?:1.8.0_461]
	at org.springframework.web.method.support.InvocableHandlerMethod.doInvoke(InvocableHandlerMethod.java:190) ~[spring-web-5.2.4.RELEASE.jar:5.2.4.RELEASE]
	at org.springframework.web.method.support.InvocableHandlerMethod.invokeForRequest(InvocableHandlerMethod.java:138) ~[spring-web-5.2.4.RELEASE.jar:5.2.4.RELEASE]
	at org.springframework.web.servlet.mvc.method.annotation.ServletInvocableHandlerMethod.invokeAndHandle(ServletInvocableHandlerMethod.java:106) ~[spring-webmvc-5.2.4.RELEASE.jar:5.2.4.RELEASE]
	at org.springframework.web.servlet.mvc.method.annotation.RequestMappingHandlerAdapter.invokeHandlerMethod(RequestMappingHandlerAdapter.java:879) ~[spring-webmvc-5.2.4.RELEASE.jar:5.2.4.RELEASE]
	at org.springframework.web.servlet.mvc.method.annotation.RequestMappingHandlerAdapter.handleInternal(RequestMappingHandlerAdapter.java:793) ~[spring-webmvc-5.2.4.RELEASE.jar:5.2.4.RELEASE]
	at org.springframework.web.servlet.mvc.method.AbstractHandlerMethodAdapter.handle(AbstractHandlerMethodAdapter.java:87) ~[spring-webmvc-5.2.4.RELEASE.jar:5.2.4.RELEASE]
	at org.springframework.web.servlet.DispatcherServlet.doDispatch(DispatcherServlet.java:1040) [spring-webmvc-5.2.4.RELEASE.jar:5.2.4.RELEASE]
	at org.springframework.web.servlet.DispatcherServlet.doService(DispatcherServlet.java:943) [spring-webmvc-5.2.4.RELEASE.jar:5.2.4.RELEASE]
	at org.springframework.web.servlet.FrameworkServlet.processRequest(FrameworkServlet.java:1006) [spring-webmvc-5.2.4.RELEASE.jar:5.2.4.RELEASE]
	at org.springframework.web.servlet.FrameworkServlet.doGet(FrameworkServlet.java:898) [spring-webmvc-5.2.4.RELEASE.jar:5.2.4.RELEASE]
	at javax.servlet.http.HttpServlet.service(HttpServlet.java:634) [tomcat-embed-core-9.0.31.jar:9.0.31]
	at org.springframework.web.servlet.FrameworkServlet.service(FrameworkServlet.java:883) [spring-webmvc-5.2.4.RELEASE.jar:5.2.4.RELEASE]
	at javax.servlet.http.HttpServlet.service(HttpServlet.java:741) [tomcat-embed-core-9.0.31.jar:9.0.31]
	at org.apache.catalina.core.ApplicationFilterChain.internalDoFilter(ApplicationFilterChain.java:231) [tomcat-embed-core-9.0.31.jar:9.0.31]
	at org.apache.catalina.core.ApplicationFilterChain.doFilter(ApplicationFilterChain.java:166) [tomcat-embed-core-9.0.31.jar:9.0.31]
	at org.apache.tomcat.websocket.server.WsFilter.doFilter(WsFilter.java:53) [tomcat-embed-websocket-9.0.31.jar:9.0.31]
	at org.apache.catalina.core.ApplicationFilterChain.internalDoFilter(ApplicationFilterChain.java:193) [tomcat-embed-core-9.0.31.jar:9.0.31]
	at org.apache.catalina.core.ApplicationFilterChain.doFilter(ApplicationFilterChain.java:166) [tomcat-embed-core-9.0.31.jar:9.0.31]
	at org.springframework.web.filter.RequestContextFilter.doFilterInternal(RequestContextFilter.java:100) [spring-web-5.2.4.RELEASE.jar:5.2.4.RELEASE]
	at org.springframework.web.filter.OncePerRequestFilter.doFilter(OncePerRequestFilter.java:119) [spring-web-5.2.4.RELEASE.jar:5.2.4.RELEASE]
	at org.apache.catalina.core.ApplicationFilterChain.internalDoFilter(ApplicationFilterChain.java:193) [tomcat-embed-core-9.0.31.jar:9.0.31]
	at org.apache.catalina.core.ApplicationFilterChain.doFilter(ApplicationFilterChain.java:166) [tomcat-embed-core-9.0.31.jar:9.0.31]
	at org.springframework.web.filter.FormContentFilter.doFilterInternal(FormContentFilter.java:93) [spring-web-5.2.4.RELEASE.jar:5.2.4.RELEASE]
	at org.springframework.web.filter.OncePerRequestFilter.doFilter(OncePerRequestFilter.java:119) [spring-web-5.2.4.RELEASE.jar:5.2.4.RELEASE]
	at org.apache.catalina.core.ApplicationFilterChain.internalDoFilter(ApplicationFilterChain.java:193) [tomcat-embed-core-9.0.31.jar:9.0.31]
	at org.apache.catalina.core.ApplicationFilterChain.doFilter(ApplicationFilterChain.java:166) [tomcat-embed-core-9.0.31.jar:9.0.31]
	at org.springframework.web.filter.CharacterEncodingFilter.doFilterInternal(CharacterEncodingFilter.java:201) [spring-web-5.2.4.RELEASE.jar:5.2.4.RELEASE]
	at org.springframework.web.filter.OncePerRequestFilter.doFilter(OncePerRequestFilter.java:119) [spring-web-5.2.4.RELEASE.jar:5.2.4.RELEASE]
	at org.apache.catalina.core.ApplicationFilterChain.internalDoFilter(ApplicationFilterChain.java:193) [tomcat-embed-core-9.0.31.jar:9.0.31]
	at org.apache.catalina.core.ApplicationFilterChain.doFilter(ApplicationFilterChain.java:166) [tomcat-embed-core-9.0.31.jar:9.0.31]
	at org.apache.catalina.core.StandardWrapperValve.invoke(StandardWrapperValve.java:202) [tomcat-embed-core-9.0.31.jar:9.0.31]
	at org.apache.catalina.core.StandardContextValve.invoke(StandardContextValve.java:96) [tomcat-embed-core-9.0.31.jar:9.0.31]
	at org.apache.catalina.authenticator.AuthenticatorBase.invoke(AuthenticatorBase.java:541) [tomcat-embed-core-9.0.31.jar:9.0.31]
	at org.apache.catalina.core.StandardHostValve.invoke(StandardHostValve.java:139) [tomcat-embed-core-9.0.31.jar:9.0.31]
	at org.apache.catalina.valves.ErrorReportValve.invoke(ErrorReportValve.java:92) [tomcat-embed-core-9.0.31.jar:9.0.31]
	at org.apache.catalina.core.StandardEngineValve.invoke(StandardEngineValve.java:74) [tomcat-embed-core-9.0.31.jar:9.0.31]
	at org.apache.catalina.connector.CoyoteAdapter.service(CoyoteAdapter.java:343) [tomcat-embed-core-9.0.31.jar:9.0.31]
	at org.apache.coyote.http11.Http11Processor.service(Http11Processor.java:367) [tomcat-embed-core-9.0.31.jar:9.0.31]
	at org.apache.coyote.AbstractProcessorLight.process(AbstractProcessorLight.java:65) [tomcat-embed-core-9.0.31.jar:9.0.31]
	at org.apache.coyote.AbstractProtocol$ConnectionHandler.process(AbstractProtocol.java:868) [tomcat-embed-core-9.0.31.jar:9.0.31]
	at org.apache.tomcat.util.net.NioEndpoint$SocketProcessor.doRun(NioEndpoint.java:1639) [tomcat-embed-core-9.0.31.jar:9.0.31]
	at org.apache.tomcat.util.net.SocketProcessorBase.run(SocketProcessorBase.java:49) [tomcat-embed-core-9.0.31.jar:9.0.31]
	at java.util.concurrent.ThreadPoolExecutor.runWorker(ThreadPoolExecutor.java:1149) [?:1.8.0_461]
	at java.util.concurrent.ThreadPoolExecutor$Worker.run(ThreadPoolExecutor.java:624) [?:1.8.0_461]
	at org.apache.tomcat.util.threads.TaskThread$WrappingRunnable.run(TaskThread.java:61) [tomcat-embed-core-9.0.31.jar:9.0.31]
	at java.lang.Thread.run(Thread.java:750) [?:1.8.0_461]
Caused by: java.sql.SQLIntegrityConstraintViolationException: Column 'create_time' in field list is ambiguous
	at com.mysql.cj.jdbc.exceptions.SQLError.createSQLException(SQLError.java:115) ~[mysql-connector-java-8.0.11.jar:8.0.11]
	at com.mysql.cj.jdbc.exceptions.SQLError.createSQLException(SQLError.java:95) ~[mysql-connector-java-8.0.11.jar:8.0.11]
	at com.mysql.cj.jdbc.exceptions.SQLExceptionsMapping.translateException(SQLExceptionsMapping.java:122) ~[mysql-connector-java-8.0.11.jar:8.0.11]
	at com.mysql.cj.jdbc.ClientPreparedStatement.executeInternal(ClientPreparedStatement.java:960) ~[mysql-connector-java-8.0.11.jar:8.0.11]
	at com.mysql.cj.jdbc.ClientPreparedStatement.execute(ClientPreparedStatement.java:388) ~[mysql-connector-java-8.0.11.jar:8.0.11]
	at com.alibaba.druid.pool.DruidPooledPreparedStatement.execute(DruidPooledPreparedStatement.java:497) ~[druid-1.2.8.jar:1.2.8]
	at sun.reflect.GeneratedMethodAccessor85.invoke(Unknown Source) ~[?:?]
	at sun.reflect.DelegatingMethodAccessorImpl.invoke(DelegatingMethodAccessorImpl.java:43) ~[?:1.8.0_461]
	at java.lang.reflect.Method.invoke(Method.java:498) ~[?:1.8.0_461]
	at org.apache.ibatis.logging.jdbc.PreparedStatementLogger.invoke(PreparedStatementLogger.java:59) ~[mybatis-3.5.7.jar:3.5.7]
	at com.sun.proxy.$Proxy149.execute(Unknown Source) ~[?:?]
	at org.apache.ibatis.executor.statement.PreparedStatementHandler.query(PreparedStatementHandler.java:64) ~[mybatis-3.5.7.jar:3.5.7]
	at org.apache.ibatis.executor.statement.RoutingStatementHandler.query(RoutingStatementHandler.java:79) ~[mybatis-3.5.7.jar:3.5.7]
	at sun.reflect.GeneratedMethodAccessor84.invoke(Unknown Source) ~[?:?]
	at sun.reflect.DelegatingMethodAccessorImpl.invoke(DelegatingMethodAccessorImpl.java:43) ~[?:1.8.0_461]
	at java.lang.reflect.Method.invoke(Method.java:498) ~[?:1.8.0_461]
	at org.apache.ibatis.plugin.Plugin.invoke(Plugin.java:64) ~[mybatis-3.5.7.jar:3.5.7]
	at com.sun.proxy.$Proxy147.query(Unknown Source) ~[?:?]
	at org.apache.ibatis.executor.SimpleExecutor.doQuery(SimpleExecutor.java:63) ~[mybatis-3.5.7.jar:3.5.7]
	at org.apache.ibatis.executor.BaseExecutor.queryFromDatabase(BaseExecutor.java:325) ~[mybatis-3.5.7.jar:3.5.7]
	at org.apache.ibatis.executor.BaseExecutor.query(BaseExecutor.java:156) ~[mybatis-3.5.7.jar:3.5.7]
	at org.apache.ibatis.executor.CachingExecutor.query(CachingExecutor.java:109) ~[mybatis-3.5.7.jar:3.5.7]
	at com.baomidou.mybatisplus.extension.plugins.MybatisPlusInterceptor.intercept(MybatisPlusInterceptor.java:81) ~[mybatis-plus-extension-3.4.3.1.jar:3.4.3.1]
	at org.apache.ibatis.plugin.Plugin.invoke(Plugin.java:62) ~[mybatis-3.5.7.jar:3.5.7]
	at com.sun.proxy.$Proxy146.query(Unknown Source) ~[?:?]
	at org.apache.ibatis.session.defaults.DefaultSqlSession.selectList(DefaultSqlSession.java:151) ~[mybatis-3.5.7.jar:3.5.7]
	at org.apache.ibatis.session.defaults.DefaultSqlSession.selectList(DefaultSqlSession.java:145) ~[mybatis-3.5.7.jar:3.5.7]
	at org.apache.ibatis.session.defaults.DefaultSqlSession.selectList(DefaultSqlSession.java:140) ~[mybatis-3.5.7.jar:3.5.7]
	at sun.reflect.GeneratedMethodAccessor98.invoke(Unknown Source) ~[?:?]
	at sun.reflect.DelegatingMethodAccessorImpl.invoke(DelegatingMethodAccessorImpl.java:43) ~[?:1.8.0_461]
	at java.lang.reflect.Method.invoke(Method.java:498) ~[?:1.8.0_461]
	at org.mybatis.spring.SqlSessionTemplate$SqlSessionInterceptor.invoke(SqlSessionTemplate.java:427) ~[mybatis-spring-2.0.6.jar:2.0.6]
	... 73 more
2026-05-05 00:35:58.174 [http-nio-5000-exec-5] WARN  org.springframework.web.servlet.mvc.method.annotation.ExceptionHandlerExceptionResolver - Resolved [org.springframework.dao.DataIntegrityViolationException: 
### Error querying database.  Cause: java.sql.SQLIntegrityConstraintViolationException: Column 'create_time' in field list is ambiguous
### The error may exist in file [/home/yuan/Desktop/bishe-main/target/classes/mapper/BaseMapper.xml]
### The error may involve defaultParameterMap
### The error occurred while setting parameters
### SQL: select COUNT(*) AS count, DATE(create_time) as `DATE(create_time)` from `inventory_information` a left join `commodity_information` b on a.source_table = 'commodity_information' and a.source_id = b.commodity_information_id  WHERE a.`create_time` >= '2026-04-21 00:00:00'  AND a.is_delete = 0 group by DATE(create_time)
### Cause: java.sql.SQLIntegrityConstraintViolationException: Column 'create_time' in field list is ambiguous
; Column 'create_time' in field list is ambiguous; nested exception is java.sql.SQLIntegrityConstraintViolationException: Column 'create_time' in field list is ambiguous]
2026-05-05 00:35:58.180 [http-nio-5000-exec-3] INFO  com.project.demo.interceptor.LoginInterceptor - [请求接口] - http://localhost:5000/api/purchasing_information/list_group , [请求类型] - OPTIONS
2026-05-05 00:35:58.184 [http-nio-5000-exec-2] INFO  com.project.demo.interceptor.LoginInterceptor - [请求接口] - http://localhost:5000/api/purchasing_information/list_group , [请求类型] - GET
2026-05-05 00:35:58.187 [http-nio-5000-exec-2] ERROR com.project.demo.exception.GlobalExceptionHandler - 运行时异常: 
org.springframework.dao.DataIntegrityViolationException: 
### Error querying database.  Cause: java.sql.SQLIntegrityConstraintViolationException: Column 'create_time' in field list is ambiguous
### The error may exist in file [/home/yuan/Desktop/bishe-main/target/classes/mapper/BaseMapper.xml]
### The error may involve defaultParameterMap
### The error occurred while setting parameters
### SQL: select COUNT(*) AS count, DATE(create_time) as `DATE(create_time)` from `purchasing_information` a left join `commodity_information` b on a.source_table = 'commodity_information' and a.source_id = b.commodity_information_id  WHERE a.`create_time` >= '2026-04-21 00:00:00'  AND a.is_delete = 0 group by DATE(create_time)
### Cause: java.sql.SQLIntegrityConstraintViolationException: Column 'create_time' in field list is ambiguous
; Column 'create_time' in field list is ambiguous; nested exception is java.sql.SQLIntegrityConstraintViolationException: Column 'create_time' in field list is ambiguous
	at org.springframework.jdbc.support.SQLExceptionSubclassTranslator.doTranslate(SQLExceptionSubclassTranslator.java:87) ~[spring-jdbc-5.2.4.RELEASE.jar:5.2.4.RELEASE]
	at org.springframework.jdbc.support.AbstractFallbackSQLExceptionTranslator.translate(AbstractFallbackSQLExceptionTranslator.java:72) ~[spring-jdbc-5.2.4.RELEASE.jar:5.2.4.RELEASE]
	at org.springframework.jdbc.support.AbstractFallbackSQLExceptionTranslator.translate(AbstractFallbackSQLExceptionTranslator.java:81) ~[spring-jdbc-5.2.4.RELEASE.jar:5.2.4.RELEASE]
	at org.mybatis.spring.MyBatisExceptionTranslator.translateExceptionIfPossible(MyBatisExceptionTranslator.java:91) ~[mybatis-spring-2.0.6.jar:2.0.6]
	at org.mybatis.spring.SqlSessionTemplate$SqlSessionInterceptor.invoke(SqlSessionTemplate.java:441) ~[mybatis-spring-2.0.6.jar:2.0.6]
	at com.sun.proxy.$Proxy113.selectList(Unknown Source) ~[?:?]
	at org.mybatis.spring.SqlSessionTemplate.selectList(SqlSessionTemplate.java:224) ~[mybatis-spring-2.0.6.jar:2.0.6]
	at com.baomidou.mybatisplus.core.override.MybatisMapperMethod.executeForMany(MybatisMapperMethod.java:166) ~[mybatis-plus-core-3.4.3.1.jar:3.4.3.1]
	at com.baomidou.mybatisplus.core.override.MybatisMapperMethod.execute(MybatisMapperMethod.java:77) ~[mybatis-plus-core-3.4.3.1.jar:3.4.3.1]
	at com.baomidou.mybatisplus.core.override.MybatisMapperProxy$PlainMethodInvoker.invoke(MybatisMapperProxy.java:148) ~[mybatis-plus-core-3.4.3.1.jar:3.4.3.1]
	at com.baomidou.mybatisplus.core.override.MybatisMapperProxy.invoke(MybatisMapperProxy.java:89) ~[mybatis-plus-core-3.4.3.1.jar:3.4.3.1]
	at com.sun.proxy.$Proxy296.selectBaseList(Unknown Source) ~[?:?]
	at com.project.demo.service.base.BaseService.selectToList(BaseService.java:85) ~[classes/:?]
	at com.project.demo.service.base.BaseService$$FastClassBySpringCGLIB$$504c7e9.invoke(<generated>) ~[classes/:?]
	at org.springframework.cglib.proxy.MethodProxy.invoke(MethodProxy.java:218) ~[spring-core-5.2.4.RELEASE.jar:5.2.4.RELEASE]
	at org.springframework.aop.framework.CglibAopProxy$CglibMethodInvocation.invokeJoinpoint(CglibAopProxy.java:769) ~[spring-aop-5.2.4.RELEASE.jar:5.2.4.RELEASE]
	at org.springframework.aop.framework.ReflectiveMethodInvocation.proceed(ReflectiveMethodInvocation.java:163) ~[spring-aop-5.2.4.RELEASE.jar:5.2.4.RELEASE]
	at org.springframework.aop.framework.CglibAopProxy$CglibMethodInvocation.proceed(CglibAopProxy.java:747) ~[spring-aop-5.2.4.RELEASE.jar:5.2.4.RELEASE]
	at org.springframework.aop.interceptor.ExposeInvocationInterceptor.invoke(ExposeInvocationInterceptor.java:95) ~[spring-aop-5.2.4.RELEASE.jar:5.2.4.RELEASE]
	at org.springframework.aop.framework.ReflectiveMethodInvocation.proceed(ReflectiveMethodInvocation.java:186) ~[spring-aop-5.2.4.RELEASE.jar:5.2.4.RELEASE]
	at org.springframework.aop.framework.CglibAopProxy$CglibMethodInvocation.proceed(CglibAopProxy.java:747) ~[spring-aop-5.2.4.RELEASE.jar:5.2.4.RELEASE]
	at org.springframework.aop.framework.CglibAopProxy$DynamicAdvisedInterceptor.intercept(CglibAopProxy.java:689) ~[spring-aop-5.2.4.RELEASE.jar:5.2.4.RELEASE]
	at com.project.demo.service.PurchasingInformationService$$EnhancerBySpringCGLIB$$9d4abf3b.selectToList(<generated>) ~[classes/:?]
	at com.project.demo.controller.base.BaseController.listGroup(BaseController.java:82) ~[classes/:?]
	at com.project.demo.controller.base.BaseController$$FastClassBySpringCGLIB$$72c28101.invoke(<generated>) ~[classes/:?]
	at org.springframework.cglib.proxy.MethodProxy.invoke(MethodProxy.java:218) ~[spring-core-5.2.4.RELEASE.jar:5.2.4.RELEASE]
	at org.springframework.aop.framework.CglibAopProxy$DynamicAdvisedInterceptor.intercept(CglibAopProxy.java:685) ~[spring-aop-5.2.4.RELEASE.jar:5.2.4.RELEASE]
	at com.project.demo.controller.PurchasingInformationController$$EnhancerBySpringCGLIB$$359ed978.listGroup(<generated>) ~[classes/:?]
	at sun.reflect.NativeMethodAccessorImpl.invoke0(Native Method) ~[?:1.8.0_461]
	at sun.reflect.NativeMethodAccessorImpl.invoke(NativeMethodAccessorImpl.java:62) ~[?:1.8.0_461]
	at sun.reflect.DelegatingMethodAccessorImpl.invoke(DelegatingMethodAccessorImpl.java:43) ~[?:1.8.0_461]
	at java.lang.reflect.Method.invoke(Method.java:498) ~[?:1.8.0_461]
	at org.springframework.web.method.support.InvocableHandlerMethod.doInvoke(InvocableHandlerMethod.java:190) ~[spring-web-5.2.4.RELEASE.jar:5.2.4.RELEASE]
	at org.springframework.web.method.support.InvocableHandlerMethod.invokeForRequest(InvocableHandlerMethod.java:138) ~[spring-web-5.2.4.RELEASE.jar:5.2.4.RELEASE]
	at org.springframework.web.servlet.mvc.method.annotation.ServletInvocableHandlerMethod.invokeAndHandle(ServletInvocableHandlerMethod.java:106) ~[spring-webmvc-5.2.4.RELEASE.jar:5.2.4.RELEASE]
	at org.springframework.web.servlet.mvc.method.annotation.RequestMappingHandlerAdapter.invokeHandlerMethod(RequestMappingHandlerAdapter.java:879) ~[spring-webmvc-5.2.4.RELEASE.jar:5.2.4.RELEASE]
	at org.springframework.web.servlet.mvc.method.annotation.RequestMappingHandlerAdapter.handleInternal(RequestMappingHandlerAdapter.java:793) ~[spring-webmvc-5.2.4.RELEASE.jar:5.2.4.RELEASE]
	at org.springframework.web.servlet.mvc.method.AbstractHandlerMethodAdapter.handle(AbstractHandlerMethodAdapter.java:87) ~[spring-webmvc-5.2.4.RELEASE.jar:5.2.4.RELEASE]
	at org.springframework.web.servlet.DispatcherServlet.doDispatch(DispatcherServlet.java:1040) [spring-webmvc-5.2.4.RELEASE.jar:5.2.4.RELEASE]
	at org.springframework.web.servlet.DispatcherServlet.doService(DispatcherServlet.java:943) [spring-webmvc-5.2.4.RELEASE.jar:5.2.4.RELEASE]
	at org.springframework.web.servlet.FrameworkServlet.processRequest(FrameworkServlet.java:1006) [spring-webmvc-5.2.4.RELEASE.jar:5.2.4.RELEASE]
	at org.springframework.web.servlet.FrameworkServlet.doGet(FrameworkServlet.java:898) [spring-webmvc-5.2.4.RELEASE.jar:5.2.4.RELEASE]
	at javax.servlet.http.HttpServlet.service(HttpServlet.java:634) [tomcat-embed-core-9.0.31.jar:9.0.31]
	at org.springframework.web.servlet.FrameworkServlet.service(FrameworkServlet.java:883) [spring-webmvc-5.2.4.RELEASE.jar:5.2.4.RELEASE]
	at javax.servlet.http.HttpServlet.service(HttpServlet.java:741) [tomcat-embed-core-9.0.31.jar:9.0.31]
	at org.apache.catalina.core.ApplicationFilterChain.internalDoFilter(ApplicationFilterChain.java:231) [tomcat-embed-core-9.0.31.jar:9.0.31]
	at org.apache.catalina.core.ApplicationFilterChain.doFilter(ApplicationFilterChain.java:166) [tomcat-embed-core-9.0.31.jar:9.0.31]
	at org.apache.tomcat.websocket.server.WsFilter.doFilter(WsFilter.java:53) [tomcat-embed-websocket-9.0.31.jar:9.0.31]
	at org.apache.catalina.core.ApplicationFilterChain.internalDoFilter(ApplicationFilterChain.java:193) [tomcat-embed-core-9.0.31.jar:9.0.31]
	at org.apache.catalina.core.ApplicationFilterChain.doFilter(ApplicationFilterChain.java:166) [tomcat-embed-core-9.0.31.jar:9.0.31]
	at org.springframework.web.filter.RequestContextFilter.doFilterInternal(RequestContextFilter.java:100) [spring-web-5.2.4.RELEASE.jar:5.2.4.RELEASE]
	at org.springframework.web.filter.OncePerRequestFilter.doFilter(OncePerRequestFilter.java:119) [spring-web-5.2.4.RELEASE.jar:5.2.4.RELEASE]
	at org.apache.catalina.core.ApplicationFilterChain.internalDoFilter(ApplicationFilterChain.java:193) [tomcat-embed-core-9.0.31.jar:9.0.31]
	at org.apache.catalina.core.ApplicationFilterChain.doFilter(ApplicationFilterChain.java:166) [tomcat-embed-core-9.0.31.jar:9.0.31]
	at org.springframework.web.filter.FormContentFilter.doFilterInternal(FormContentFilter.java:93) [spring-web-5.2.4.RELEASE.jar:5.2.4.RELEASE]
	at org.springframework.web.filter.OncePerRequestFilter.doFilter(OncePerRequestFilter.java:119) [spring-web-5.2.4.RELEASE.jar:5.2.4.RELEASE]
	at org.apache.catalina.core.ApplicationFilterChain.internalDoFilter(ApplicationFilterChain.java:193) [tomcat-embed-core-9.0.31.jar:9.0.31]
	at org.apache.catalina.core.ApplicationFilterChain.doFilter(ApplicationFilterChain.java:166) [tomcat-embed-core-9.0.31.jar:9.0.31]
	at org.springframework.web.filter.CharacterEncodingFilter.doFilterInternal(CharacterEncodingFilter.java:201) [spring-web-5.2.4.RELEASE.jar:5.2.4.RELEASE]
	at org.springframework.web.filter.OncePerRequestFilter.doFilter(OncePerRequestFilter.java:119) [spring-web-5.2.4.RELEASE.jar:5.2.4.RELEASE]
	at org.apache.catalina.core.ApplicationFilterChain.internalDoFilter(ApplicationFilterChain.java:193) [tomcat-embed-core-9.0.31.jar:9.0.31]
	at org.apache.catalina.core.ApplicationFilterChain.doFilter(ApplicationFilterChain.java:166) [tomcat-embed-core-9.0.31.jar:9.0.31]
	at org.apache.catalina.core.StandardWrapperValve.invoke(StandardWrapperValve.java:202) [tomcat-embed-core-9.0.31.jar:9.0.31]
	at org.apache.catalina.core.StandardContextValve.invoke(StandardContextValve.java:96) [tomcat-embed-core-9.0.31.jar:9.0.31]
	at org.apache.catalina.authenticator.AuthenticatorBase.invoke(AuthenticatorBase.java:541) [tomcat-embed-core-9.0.31.jar:9.0.31]
	at org.apache.catalina.core.StandardHostValve.invoke(StandardHostValve.java:139) [tomcat-embed-core-9.0.31.jar:9.0.31]
	at org.apache.catalina.valves.ErrorReportValve.invoke(ErrorReportValve.java:92) [tomcat-embed-core-9.0.31.jar:9.0.31]
	at org.apache.catalina.core.StandardEngineValve.invoke(StandardEngineValve.java:74) [tomcat-embed-core-9.0.31.jar:9.0.31]
	at org.apache.catalina.connector.CoyoteAdapter.service(CoyoteAdapter.java:343) [tomcat-embed-core-9.0.31.jar:9.0.31]
	at org.apache.coyote.http11.Http11Processor.service(Http11Processor.java:367) [tomcat-embed-core-9.0.31.jar:9.0.31]
	at org.apache.coyote.AbstractProcessorLight.process(AbstractProcessorLight.java:65) [tomcat-embed-core-9.0.31.jar:9.0.31]
	at org.apache.coyote.AbstractProtocol$ConnectionHandler.process(AbstractProtocol.java:868) [tomcat-embed-core-9.0.31.jar:9.0.31]
	at org.apache.tomcat.util.net.NioEndpoint$SocketProcessor.doRun(NioEndpoint.java:1639) [tomcat-embed-core-9.0.31.jar:9.0.31]
	at org.apache.tomcat.util.net.SocketProcessorBase.run(SocketProcessorBase.java:49) [tomcat-embed-core-9.0.31.jar:9.0.31]
	at java.util.concurrent.ThreadPoolExecutor.runWorker(ThreadPoolExecutor.java:1149) [?:1.8.0_461]
	at java.util.concurrent.ThreadPoolExecutor$Worker.run(ThreadPoolExecutor.java:624) [?:1.8.0_461]
	at org.apache.tomcat.util.threads.TaskThread$WrappingRunnable.run(TaskThread.java:61) [tomcat-embed-core-9.0.31.jar:9.0.31]
	at java.lang.Thread.run(Thread.java:750) [?:1.8.0_461]
Caused by: java.sql.SQLIntegrityConstraintViolationException: Column 'create_time' in field list is ambiguous
	at com.mysql.cj.jdbc.exceptions.SQLError.createSQLException(SQLError.java:115) ~[mysql-connector-java-8.0.11.jar:8.0.11]
	at com.mysql.cj.jdbc.exceptions.SQLError.createSQLException(SQLError.java:95) ~[mysql-connector-java-8.0.11.jar:8.0.11]
	at com.mysql.cj.jdbc.exceptions.SQLExceptionsMapping.translateException(SQLExceptionsMapping.java:122) ~[mysql-connector-java-8.0.11.jar:8.0.11]
	at com.mysql.cj.jdbc.ClientPreparedStatement.executeInternal(ClientPreparedStatement.java:960) ~[mysql-connector-java-8.0.11.jar:8.0.11]
	at com.mysql.cj.jdbc.ClientPreparedStatement.execute(ClientPreparedStatement.java:388) ~[mysql-connector-java-8.0.11.jar:8.0.11]
	at com.alibaba.druid.pool.DruidPooledPreparedStatement.execute(DruidPooledPreparedStatement.java:497) ~[druid-1.2.8.jar:1.2.8]
	at sun.reflect.GeneratedMethodAccessor85.invoke(Unknown Source) ~[?:?]
	at sun.reflect.DelegatingMethodAccessorImpl.invoke(DelegatingMethodAccessorImpl.java:43) ~[?:1.8.0_461]
	at java.lang.reflect.Method.invoke(Method.java:498) ~[?:1.8.0_461]
	at org.apache.ibatis.logging.jdbc.PreparedStatementLogger.invoke(PreparedStatementLogger.java:59) ~[mybatis-3.5.7.jar:3.5.7]
	at com.sun.proxy.$Proxy149.execute(Unknown Source) ~[?:?]
	at org.apache.ibatis.executor.statement.PreparedStatementHandler.query(PreparedStatementHandler.java:64) ~[mybatis-3.5.7.jar:3.5.7]
	at org.apache.ibatis.executor.statement.RoutingStatementHandler.query(RoutingStatementHandler.java:79) ~[mybatis-3.5.7.jar:3.5.7]
	at sun.reflect.GeneratedMethodAccessor84.invoke(Unknown Source) ~[?:?]
	at sun.reflect.DelegatingMethodAccessorImpl.invoke(DelegatingMethodAccessorImpl.java:43) ~[?:1.8.0_461]
	at java.lang.reflect.Method.invoke(Method.java:498) ~[?:1.8.0_461]
	at org.apache.ibatis.plugin.Plugin.invoke(Plugin.java:64) ~[mybatis-3.5.7.jar:3.5.7]
	at com.sun.proxy.$Proxy147.query(Unknown Source) ~[?:?]
	at org.apache.ibatis.executor.SimpleExecutor.doQuery(SimpleExecutor.java:63) ~[mybatis-3.5.7.jar:3.5.7]
	at org.apache.ibatis.executor.BaseExecutor.queryFromDatabase(BaseExecutor.java:325) ~[mybatis-3.5.7.jar:3.5.7]
	at org.apache.ibatis.executor.BaseExecutor.query(BaseExecutor.java:156) ~[mybatis-3.5.7.jar:3.5.7]
	at org.apache.ibatis.executor.CachingExecutor.query(CachingExecutor.java:109) ~[mybatis-3.5.7.jar:3.5.7]
	at com.baomidou.mybatisplus.extension.plugins.MybatisPlusInterceptor.intercept(MybatisPlusInterceptor.java:81) ~[mybatis-plus-extension-3.4.3.1.jar:3.4.3.1]
	at org.apache.ibatis.plugin.Plugin.invoke(Plugin.java:62) ~[mybatis-3.5.7.jar:3.5.7]
	at com.sun.proxy.$Proxy146.query(Unknown Source) ~[?:?]
	at org.apache.ibatis.session.defaults.DefaultSqlSession.selectList(DefaultSqlSession.java:151) ~[mybatis-3.5.7.jar:3.5.7]
	at org.apache.ibatis.session.defaults.DefaultSqlSession.selectList(DefaultSqlSession.java:145) ~[mybatis-3.5.7.jar:3.5.7]
	at org.apache.ibatis.session.defaults.DefaultSqlSession.selectList(DefaultSqlSession.java:140) ~[mybatis-3.5.7.jar:3.5.7]
	at sun.reflect.GeneratedMethodAccessor98.invoke(Unknown Source) ~[?:?]
	at sun.reflect.DelegatingMethodAccessorImpl.invoke(DelegatingMethodAccessorImpl.java:43) ~[?:1.8.0_461]
	at java.lang.reflect.Method.invoke(Method.java:498) ~[?:1.8.0_461]
	at org.mybatis.spring.SqlSessionTemplate$SqlSessionInterceptor.invoke(SqlSessionTemplate.java:427) ~[mybatis-spring-2.0.6.jar:2.0.6]
	... 73 more
2026-05-05 00:35:58.192 [http-nio-5000-exec-2] WARN  org.springframework.web.servlet.mvc.method.annotation.ExceptionHandlerExceptionResolver - Resolved [org.springframework.dao.DataIntegrityViolationException: 
### Error querying database.  Cause: java.sql.SQLIntegrityConstraintViolationException: Column 'create_time' in field list is ambiguous
### The error may exist in file [/home/yuan/Desktop/bishe-main/target/classes/mapper/BaseMapper.xml]
### The error may involve defaultParameterMap
### The error occurred while setting parameters
### SQL: select COUNT(*) AS count, DATE(create_time) as `DATE(create_time)` from `purchasing_information` a left join `commodity_information` b on a.source_table = 'commodity_information' and a.source_id = b.commodity_information_id  WHERE a.`create_time` >= '2026-04-21 00:00:00'  AND a.is_delete = 0 group by DATE(create_time)
### Cause: java.sql.SQLIntegrityConstraintViolationException: Column 'create_time' in field list is ambiguous
; Column 'create_time' in field list is ambiguous; nested exception is java.sql.SQLIntegrityConstraintViolationException: Column 'create_time' in field list is ambiguous]
2026-05-05 00:36:28.169 [Thread-42] INFO  org.springframework.scheduling.concurrent.ThreadPoolTaskExecutor - Shutting down ExecutorService 'applicationTaskExecutor'
2026-05-05 00:36:28.173 [Thread-42] INFO  org.springframework.orm.jpa.LocalContainerEntityManagerFactoryBean - Closing JPA EntityManagerFactory for persistence unit 'default'
2026-05-05 00:36:28.178 [Thread-42] INFO  com.alibaba.druid.pool.DruidDataSource - {dataSource-9} closing ...
2026-05-05 00:36:28.180 [Thread-42] INFO  com.alibaba.druid.pool.DruidDataSource - {dataSource-9} closed
2026-05-05 00:36:28.730 [restartedMain] INFO  com.project.demo.Application - Starting Application on debian with PID 120129 (/home/yuan/Desktop/bishe-main/target/classes started by yuan in /home/yuan/Desktop/bishe-main)
2026-05-05 00:36:28.731 [restartedMain] INFO  com.project.demo.Application - No active profile set, falling back to default profiles: default
2026-05-05 00:36:29.045 [restartedMain] INFO  org.springframework.data.repository.config.RepositoryConfigurationDelegate - Multiple Spring Data modules found, entering strict repository configuration mode!
2026-05-05 00:36:29.045 [restartedMain] INFO  org.springframework.data.repository.config.RepositoryConfigurationDelegate - Bootstrapping Spring Data JPA repositories in DEFAULT mode.
2026-05-05 00:36:29.047 [restartedMain] INFO  org.springframework.data.repository.config.RepositoryConfigurationDelegate - Finished Spring Data repository scanning in 0ms. Found 0 JPA repository interfaces.
2026-05-05 00:36:29.084 [restartedMain] INFO  org.springframework.data.repository.config.RepositoryConfigurationDelegate - Multiple Spring Data modules found, entering strict repository configuration mode!
2026-05-05 00:36:29.085 [restartedMain] INFO  org.springframework.data.repository.config.RepositoryConfigurationDelegate - Bootstrapping Spring Data Redis repositories in DEFAULT mode.
2026-05-05 00:36:29.086 [restartedMain] INFO  org.springframework.data.repository.config.RepositoryConfigurationDelegate - Finished Spring Data repository scanning in 1ms. Found 0 Redis repository interfaces.
2026-05-05 00:36:29.155 [restartedMain] WARN  org.mybatis.spring.mapper.ClassPathMapperScanner - No MyBatis mapper was found in '[com.project.demo.dao]' package. Please check your configuration.
2026-05-05 00:36:29.241 [restartedMain] INFO  org.springframework.boot.web.embedded.tomcat.TomcatWebServer - Tomcat initialized with port(s): 5000 (http)
2026-05-05 00:36:29.242 [restartedMain] INFO  org.apache.coyote.http11.Http11NioProtocol - Initializing ProtocolHandler ["http-nio-5000"]
2026-05-05 00:36:29.242 [restartedMain] INFO  org.apache.catalina.core.StandardService - Starting service [Tomcat]
2026-05-05 00:36:29.243 [restartedMain] INFO  org.apache.catalina.core.StandardEngine - Starting Servlet engine: [Apache Tomcat/9.0.31]
2026-05-05 00:36:29.245 [restartedMain] INFO  org.apache.catalina.core.ContainerBase.[Tomcat-1].[localhost].[/api] - Initializing Spring embedded WebApplicationContext
2026-05-05 00:36:29.245 [restartedMain] INFO  org.springframework.web.context.ContextLoader - Root WebApplicationContext: initialization completed in 503 ms
2026-05-05 00:36:29.256 [restartedMain] INFO  com.alibaba.druid.spring.boot.autoconfigure.DruidDataSourceAutoConfigure - Init DruidDataSource
2026-05-05 00:36:29.271 [restartedMain] INFO  com.alibaba.druid.pool.DruidDataSource - {dataSource-10} inited
2026-05-05 00:36:29.351 [restartedMain] INFO  org.hibernate.jpa.internal.util.LogHelper - HHH000204: Processing PersistenceUnitInfo [name: default]
2026-05-05 00:36:29.357 [restartedMain] INFO  org.hibernate.dialect.Dialect - HHH000400: Using dialect: org.hibernate.dialect.MySQL8Dialect
2026-05-05 00:36:29.375 [restartedMain] INFO  org.hibernate.engine.transaction.jta.platform.internal.JtaPlatformInitiator - HHH000490: Using JtaPlatform implementation: [org.hibernate.engine.transaction.jta.platform.internal.NoJtaPlatform]
2026-05-05 00:36:29.376 [restartedMain] INFO  org.springframework.orm.jpa.LocalContainerEntityManagerFactoryBean - Initialized JPA EntityManagerFactory for persistence unit 'default'
2026-05-05 00:36:29.401 [restartedMain] WARN  org.springframework.boot.autoconfigure.orm.jpa.JpaBaseConfiguration$JpaWebConfiguration - spring.jpa.open-in-view is enabled by default. Therefore, database queries may be performed during view rendering. Explicitly configure spring.jpa.open-in-view to disable this warning
2026-05-05 00:36:29.461 [restartedMain] INFO  org.springframework.scheduling.concurrent.ThreadPoolTaskExecutor - Initializing ExecutorService 'applicationTaskExecutor'
2026-05-05 00:36:29.518 [restartedMain] WARN  org.springframework.boot.web.servlet.context.AnnotationConfigServletWebServerApplicationContext - Exception encountered during context initialization - cancelling refresh attempt: org.springframework.beans.factory.BeanCreationException: Error creating bean with name 'sqlSessionFactory' defined in class path resource [com/baomidou/mybatisplus/autoconfigure/MybatisPlusAutoConfiguration.class]: Bean instantiation via factory method failed; nested exception is org.springframework.beans.BeanInstantiationException: Failed to instantiate [org.apache.ibatis.session.SqlSessionFactory]: Factory method 'sqlSessionFactory' threw exception; nested exception is org.springframework.core.NestedIOException: Failed to parse mapping resource: 'file [/home/yuan/Desktop/bishe-main/target/classes/mapper/AccessTokenMapper.xml]'; nested exception is org.apache.ibatis.builder.BuilderException: Error parsing Mapper XML. The XML location is 'file [/home/yuan/Desktop/bishe-main/target/classes/mapper/AccessTokenMapper.xml]'. Cause: org.apache.ibatis.builder.BuilderException: Error resolving class. Cause: org.apache.ibatis.type.TypeException: Could not resolve type alias 'com.project.demo.entity.AccessToken'.  Cause: java.lang.ClassNotFoundException: Cannot find class: com.project.demo.entity.AccessToken
2026-05-05 00:36:29.520 [restartedMain] INFO  org.springframework.scheduling.concurrent.ThreadPoolTaskExecutor - Shutting down ExecutorService 'applicationTaskExecutor'
2026-05-05 00:36:29.521 [restartedMain] INFO  org.springframework.orm.jpa.LocalContainerEntityManagerFactoryBean - Closing JPA EntityManagerFactory for persistence unit 'default'
2026-05-05 00:36:29.521 [restartedMain] INFO  com.alibaba.druid.pool.DruidDataSource - {dataSource-10} closing ...
2026-05-05 00:36:29.523 [restartedMain] INFO  com.alibaba.druid.pool.DruidDataSource - {dataSource-10} closed
2026-05-05 00:36:29.524 [restartedMain] INFO  org.apache.catalina.core.StandardService - Stopping service [Tomcat]
2026-05-05 00:36:29.534 [restartedMain] INFO  org.springframework.boot.autoconfigure.logging.ConditionEvaluationReportLoggingListener - 

Error starting ApplicationContext. To display the conditions report re-run your application with 'debug' enabled.
2026-05-05 00:36:29.535 [restartedMain] ERROR org.springframework.boot.SpringApplication - Application run failed
org.springframework.beans.factory.BeanCreationException: Error creating bean with name 'sqlSessionFactory' defined in class path resource [com/baomidou/mybatisplus/autoconfigure/MybatisPlusAutoConfiguration.class]: Bean instantiation via factory method failed; nested exception is org.springframework.beans.BeanInstantiationException: Failed to instantiate [org.apache.ibatis.session.SqlSessionFactory]: Factory method 'sqlSessionFactory' threw exception; nested exception is org.springframework.core.NestedIOException: Failed to parse mapping resource: 'file [/home/yuan/Desktop/bishe-main/target/classes/mapper/AccessTokenMapper.xml]'; nested exception is org.apache.ibatis.builder.BuilderException: Error parsing Mapper XML. The XML location is 'file [/home/yuan/Desktop/bishe-main/target/classes/mapper/AccessTokenMapper.xml]'. Cause: org.apache.ibatis.builder.BuilderException: Error resolving class. Cause: org.apache.ibatis.type.TypeException: Could not resolve type alias 'com.project.demo.entity.AccessToken'.  Cause: java.lang.ClassNotFoundException: Cannot find class: com.project.demo.entity.AccessToken
	at org.springframework.beans.factory.support.ConstructorResolver.instantiate(ConstructorResolver.java:656) ~[spring-beans-5.2.4.RELEASE.jar:5.2.4.RELEASE]
	at org.springframework.beans.factory.support.ConstructorResolver.instantiateUsingFactoryMethod(ConstructorResolver.java:636) ~[spring-beans-5.2.4.RELEASE.jar:5.2.4.RELEASE]
	at org.springframework.beans.factory.support.AbstractAutowireCapableBeanFactory.instantiateUsingFactoryMethod(AbstractAutowireCapableBeanFactory.java:1338) ~[spring-beans-5.2.4.RELEASE.jar:5.2.4.RELEASE]
	at org.springframework.beans.factory.support.AbstractAutowireCapableBeanFactory.createBeanInstance(AbstractAutowireCapableBeanFactory.java:1177) ~[spring-beans-5.2.4.RELEASE.jar:5.2.4.RELEASE]
	at org.springframework.beans.factory.support.AbstractAutowireCapableBeanFactory.doCreateBean(AbstractAutowireCapableBeanFactory.java:557) ~[spring-beans-5.2.4.RELEASE.jar:5.2.4.RELEASE]
	at org.springframework.beans.factory.support.AbstractAutowireCapableBeanFactory.createBean(AbstractAutowireCapableBeanFactory.java:517) ~[spring-beans-5.2.4.RELEASE.jar:5.2.4.RELEASE]
	at org.springframework.beans.factory.support.AbstractBeanFactory.lambda$doGetBean$0(AbstractBeanFactory.java:323) ~[spring-beans-5.2.4.RELEASE.jar:5.2.4.RELEASE]
	at org.springframework.beans.factory.support.DefaultSingletonBeanRegistry.getSingleton(DefaultSingletonBeanRegistry.java:222) ~[spring-beans-5.2.4.RELEASE.jar:5.2.4.RELEASE]
	at org.springframework.beans.factory.support.AbstractBeanFactory.doGetBean(AbstractBeanFactory.java:321) ~[spring-beans-5.2.4.RELEASE.jar:5.2.4.RELEASE]
	at org.springframework.beans.factory.support.AbstractBeanFactory.getBean(AbstractBeanFactory.java:202) ~[spring-beans-5.2.4.RELEASE.jar:5.2.4.RELEASE]
	at org.springframework.beans.factory.support.DefaultListableBeanFactory.preInstantiateSingletons(DefaultListableBeanFactory.java:879) ~[spring-beans-5.2.4.RELEASE.jar:5.2.4.RELEASE]
	at org.springframework.context.support.AbstractApplicationContext.finishBeanFactoryInitialization(AbstractApplicationContext.java:878) ~[spring-context-5.2.4.RELEASE.jar:5.2.4.RELEASE]
	at org.springframework.context.support.AbstractApplicationContext.refresh(AbstractApplicationContext.java:550) ~[spring-context-5.2.4.RELEASE.jar:5.2.4.RELEASE]
	at org.springframework.boot.web.servlet.context.ServletWebServerApplicationContext.refresh(ServletWebServerApplicationContext.java:141) ~[spring-boot-2.2.5.RELEASE.jar:2.2.5.RELEASE]
	at org.springframework.boot.SpringApplication.refresh(SpringApplication.java:747) [spring-boot-2.2.5.RELEASE.jar:2.2.5.RELEASE]
	at org.springframework.boot.SpringApplication.refreshContext(SpringApplication.java:397) [spring-boot-2.2.5.RELEASE.jar:2.2.5.RELEASE]
	at org.springframework.boot.SpringApplication.run(SpringApplication.java:315) [spring-boot-2.2.5.RELEASE.jar:2.2.5.RELEASE]
	at org.springframework.boot.SpringApplication.run(SpringApplication.java:1226) [spring-boot-2.2.5.RELEASE.jar:2.2.5.RELEASE]
	at org.springframework.boot.SpringApplication.run(SpringApplication.java:1215) [spring-boot-2.2.5.RELEASE.jar:2.2.5.RELEASE]
	at com.project.demo.Application.main(Application.java:17) [classes/:?]
	at sun.reflect.NativeMethodAccessorImpl.invoke0(Native Method) ~[?:1.8.0_461]
	at sun.reflect.NativeMethodAccessorImpl.invoke(NativeMethodAccessorImpl.java:62) ~[?:1.8.0_461]
	at sun.reflect.DelegatingMethodAccessorImpl.invoke(DelegatingMethodAccessorImpl.java:43) ~[?:1.8.0_461]
	at java.lang.reflect.Method.invoke(Method.java:498) ~[?:1.8.0_461]
	at org.springframework.boot.devtools.restart.RestartLauncher.run(RestartLauncher.java:49) [spring-boot-devtools-2.2.5.RELEASE.jar:2.2.5.RELEASE]
Caused by: org.springframework.beans.BeanInstantiationException: Failed to instantiate [org.apache.ibatis.session.SqlSessionFactory]: Factory method 'sqlSessionFactory' threw exception; nested exception is org.springframework.core.NestedIOException: Failed to parse mapping resource: 'file [/home/yuan/Desktop/bishe-main/target/classes/mapper/AccessTokenMapper.xml]'; nested exception is org.apache.ibatis.builder.BuilderException: Error parsing Mapper XML. The XML location is 'file [/home/yuan/Desktop/bishe-main/target/classes/mapper/AccessTokenMapper.xml]'. Cause: org.apache.ibatis.builder.BuilderException: Error resolving class. Cause: org.apache.ibatis.type.TypeException: Could not resolve type alias 'com.project.demo.entity.AccessToken'.  Cause: java.lang.ClassNotFoundException: Cannot find class: com.project.demo.entity.AccessToken
	at org.springframework.beans.factory.support.SimpleInstantiationStrategy.instantiate(SimpleInstantiationStrategy.java:185) ~[spring-beans-5.2.4.RELEASE.jar:5.2.4.RELEASE]
	at org.springframework.beans.factory.support.ConstructorResolver.instantiate(ConstructorResolver.java:651) ~[spring-beans-5.2.4.RELEASE.jar:5.2.4.RELEASE]
	... 24 more
Caused by: org.springframework.core.NestedIOException: Failed to parse mapping resource: 'file [/home/yuan/Desktop/bishe-main/target/classes/mapper/AccessTokenMapper.xml]'; nested exception is org.apache.ibatis.builder.BuilderException: Error parsing Mapper XML. The XML location is 'file [/home/yuan/Desktop/bishe-main/target/classes/mapper/AccessTokenMapper.xml]'. Cause: org.apache.ibatis.builder.BuilderException: Error resolving class. Cause: org.apache.ibatis.type.TypeException: Could not resolve type alias 'com.project.demo.entity.AccessToken'.  Cause: java.lang.ClassNotFoundException: Cannot find class: com.project.demo.entity.AccessToken
	at com.baomidou.mybatisplus.extension.spring.MybatisSqlSessionFactoryBean.buildSqlSessionFactory(MybatisSqlSessionFactoryBean.java:595) ~[mybatis-plus-extension-3.4.3.1.jar:3.4.3.1]
	at com.baomidou.mybatisplus.extension.spring.MybatisSqlSessionFactoryBean.afterPropertiesSet(MybatisSqlSessionFactoryBean.java:431) ~[mybatis-plus-extension-3.4.3.1.jar:3.4.3.1]
	at com.baomidou.mybatisplus.extension.spring.MybatisSqlSessionFactoryBean.getObject(MybatisSqlSessionFactoryBean.java:628) ~[mybatis-plus-extension-3.4.3.1.jar:3.4.3.1]
	at com.baomidou.mybatisplus.autoconfigure.MybatisPlusAutoConfiguration.sqlSessionFactory(MybatisPlusAutoConfiguration.java:219) ~[mybatis-plus-boot-starter-3.4.3.1.jar:3.4.3.1]
	at sun.reflect.NativeMethodAccessorImpl.invoke0(Native Method) ~[?:1.8.0_461]
	at sun.reflect.NativeMethodAccessorImpl.invoke(NativeMethodAccessorImpl.java:62) ~[?:1.8.0_461]
	at sun.reflect.DelegatingMethodAccessorImpl.invoke(DelegatingMethodAccessorImpl.java:43) ~[?:1.8.0_461]
	at java.lang.reflect.Method.invoke(Method.java:498) ~[?:1.8.0_461]
	at org.springframework.beans.factory.support.SimpleInstantiationStrategy.instantiate(SimpleInstantiationStrategy.java:154) ~[spring-beans-5.2.4.RELEASE.jar:5.2.4.RELEASE]
	at org.springframework.beans.factory.support.ConstructorResolver.instantiate(ConstructorResolver.java:651) ~[spring-beans-5.2.4.RELEASE.jar:5.2.4.RELEASE]
	... 24 more
Caused by: org.apache.ibatis.builder.BuilderException: Error parsing Mapper XML. The XML location is 'file [/home/yuan/Desktop/bishe-main/target/classes/mapper/AccessTokenMapper.xml]'. Cause: org.apache.ibatis.builder.BuilderException: Error resolving class. Cause: org.apache.ibatis.type.TypeException: Could not resolve type alias 'com.project.demo.entity.AccessToken'.  Cause: java.lang.ClassNotFoundException: Cannot find class: com.project.demo.entity.AccessToken
	at org.apache.ibatis.builder.xml.XMLMapperBuilder.configurationElement(XMLMapperBuilder.java:123) ~[mybatis-3.5.7.jar:3.5.7]
	at org.apache.ibatis.builder.xml.XMLMapperBuilder.parse(XMLMapperBuilder.java:95) ~[mybatis-3.5.7.jar:3.5.7]
	at com.baomidou.mybatisplus.extension.spring.MybatisSqlSessionFactoryBean.buildSqlSessionFactory(MybatisSqlSessionFactoryBean.java:593) ~[mybatis-plus-extension-3.4.3.1.jar:3.4.3.1]
	at com.baomidou.mybatisplus.extension.spring.MybatisSqlSessionFactoryBean.afterPropertiesSet(MybatisSqlSessionFactoryBean.java:431) ~[mybatis-plus-extension-3.4.3.1.jar:3.4.3.1]
	at com.baomidou.mybatisplus.extension.spring.MybatisSqlSessionFactoryBean.getObject(MybatisSqlSessionFactoryBean.java:628) ~[mybatis-plus-extension-3.4.3.1.jar:3.4.3.1]
	at com.baomidou.mybatisplus.autoconfigure.MybatisPlusAutoConfiguration.sqlSessionFactory(MybatisPlusAutoConfiguration.java:219) ~[mybatis-plus-boot-starter-3.4.3.1.jar:3.4.3.1]
	at sun.reflect.NativeMethodAccessorImpl.invoke0(Native Method) ~[?:1.8.0_461]
	at sun.reflect.NativeMethodAccessorImpl.invoke(NativeMethodAccessorImpl.java:62) ~[?:1.8.0_461]
	at sun.reflect.DelegatingMethodAccessorImpl.invoke(DelegatingMethodAccessorImpl.java:43) ~[?:1.8.0_461]
	at java.lang.reflect.Method.invoke(Method.java:498) ~[?:1.8.0_461]
	at org.springframework.beans.factory.support.SimpleInstantiationStrategy.instantiate(SimpleInstantiationStrategy.java:154) ~[spring-beans-5.2.4.RELEASE.jar:5.2.4.RELEASE]
	at org.springframework.beans.factory.support.ConstructorResolver.instantiate(ConstructorResolver.java:651) ~[spring-beans-5.2.4.RELEASE.jar:5.2.4.RELEASE]
	... 24 more
Caused by: org.apache.ibatis.builder.BuilderException: Error resolving class. Cause: org.apache.ibatis.type.TypeException: Could not resolve type alias 'com.project.demo.entity.AccessToken'.  Cause: java.lang.ClassNotFoundException: Cannot find class: com.project.demo.entity.AccessToken
	at org.apache.ibatis.builder.BaseBuilder.resolveClass(BaseBuilder.java:118) ~[mybatis-3.5.7.jar:3.5.7]
	at org.apache.ibatis.builder.xml.XMLMapperBuilder.resultMapElement(XMLMapperBuilder.java:263) ~[mybatis-3.5.7.jar:3.5.7]
	at org.apache.ibatis.builder.xml.XMLMapperBuilder.resultMapElement(XMLMapperBuilder.java:254) ~[mybatis-3.5.7.jar:3.5.7]
	at org.apache.ibatis.builder.xml.XMLMapperBuilder.resultMapElements(XMLMapperBuilder.java:246) ~[mybatis-3.5.7.jar:3.5.7]
	at org.apache.ibatis.builder.xml.XMLMapperBuilder.configurationElement(XMLMapperBuilder.java:119) ~[mybatis-3.5.7.jar:3.5.7]
	at org.apache.ibatis.builder.xml.XMLMapperBuilder.parse(XMLMapperBuilder.java:95) ~[mybatis-3.5.7.jar:3.5.7]
	at com.baomidou.mybatisplus.extension.spring.MybatisSqlSessionFactoryBean.buildSqlSessionFactory(MybatisSqlSessionFactoryBean.java:593) ~[mybatis-plus-extension-3.4.3.1.jar:3.4.3.1]
	at com.baomidou.mybatisplus.extension.spring.MybatisSqlSessionFactoryBean.afterPropertiesSet(MybatisSqlSessionFactoryBean.java:431) ~[mybatis-plus-extension-3.4.3.1.jar:3.4.3.1]
	at com.baomidou.mybatisplus.extension.spring.MybatisSqlSessionFactoryBean.getObject(MybatisSqlSessionFactoryBean.java:628) ~[mybatis-plus-extension-3.4.3.1.jar:3.4.3.1]
	at com.baomidou.mybatisplus.autoconfigure.MybatisPlusAutoConfiguration.sqlSessionFactory(MybatisPlusAutoConfiguration.java:219) ~[mybatis-plus-boot-starter-3.4.3.1.jar:3.4.3.1]
	at sun.reflect.NativeMethodAccessorImpl.invoke0(Native Method) ~[?:1.8.0_461]
	at sun.reflect.NativeMethodAccessorImpl.invoke(NativeMethodAccessorImpl.java:62) ~[?:1.8.0_461]
	at sun.reflect.DelegatingMethodAccessorImpl.invoke(DelegatingMethodAccessorImpl.java:43) ~[?:1.8.0_461]
	at java.lang.reflect.Method.invoke(Method.java:498) ~[?:1.8.0_461]
	at org.springframework.beans.factory.support.SimpleInstantiationStrategy.instantiate(SimpleInstantiationStrategy.java:154) ~[spring-beans-5.2.4.RELEASE.jar:5.2.4.RELEASE]
	at org.springframework.beans.factory.support.ConstructorResolver.instantiate(ConstructorResolver.java:651) ~[spring-beans-5.2.4.RELEASE.jar:5.2.4.RELEASE]
	... 24 more
Caused by: org.apache.ibatis.type.TypeException: Could not resolve type alias 'com.project.demo.entity.AccessToken'.  Cause: java.lang.ClassNotFoundException: Cannot find class: com.project.demo.entity.AccessToken
	at org.apache.ibatis.type.TypeAliasRegistry.resolveAlias(TypeAliasRegistry.java:120) ~[mybatis-3.5.7.jar:3.5.7]
	at org.apache.ibatis.builder.BaseBuilder.resolveAlias(BaseBuilder.java:149) ~[mybatis-3.5.7.jar:3.5.7]
	at org.apache.ibatis.builder.BaseBuilder.resolveClass(BaseBuilder.java:116) ~[mybatis-3.5.7.jar:3.5.7]
	at org.apache.ibatis.builder.xml.XMLMapperBuilder.resultMapElement(XMLMapperBuilder.java:263) ~[mybatis-3.5.7.jar:3.5.7]
	at org.apache.ibatis.builder.xml.XMLMapperBuilder.resultMapElement(XMLMapperBuilder.java:254) ~[mybatis-3.5.7.jar:3.5.7]
	at org.apache.ibatis.builder.xml.XMLMapperBuilder.resultMapElements(XMLMapperBuilder.java:246) ~[mybatis-3.5.7.jar:3.5.7]
	at org.apache.ibatis.builder.xml.XMLMapperBuilder.configurationElement(XMLMapperBuilder.java:119) ~[mybatis-3.5.7.jar:3.5.7]
	at org.apache.ibatis.builder.xml.XMLMapperBuilder.parse(XMLMapperBuilder.java:95) ~[mybatis-3.5.7.jar:3.5.7]
	at com.baomidou.mybatisplus.extension.spring.MybatisSqlSessionFactoryBean.buildSqlSessionFactory(MybatisSqlSessionFactoryBean.java:593) ~[mybatis-plus-extension-3.4.3.1.jar:3.4.3.1]
	at com.baomidou.mybatisplus.extension.spring.MybatisSqlSessionFactoryBean.afterPropertiesSet(MybatisSqlSessionFactoryBean.java:431) ~[mybatis-plus-extension-3.4.3.1.jar:3.4.3.1]
	at com.baomidou.mybatisplus.extension.spring.MybatisSqlSessionFactoryBean.getObject(MybatisSqlSessionFactoryBean.java:628) ~[mybatis-plus-extension-3.4.3.1.jar:3.4.3.1]
	at com.baomidou.mybatisplus.autoconfigure.MybatisPlusAutoConfiguration.sqlSessionFactory(MybatisPlusAutoConfiguration.java:219) ~[mybatis-plus-boot-starter-3.4.3.1.jar:3.4.3.1]
	at sun.reflect.NativeMethodAccessorImpl.invoke0(Native Method) ~[?:1.8.0_461]
	at sun.reflect.NativeMethodAccessorImpl.invoke(NativeMethodAccessorImpl.java:62) ~[?:1.8.0_461]
	at sun.reflect.DelegatingMethodAccessorImpl.invoke(DelegatingMethodAccessorImpl.java:43) ~[?:1.8.0_461]
	at java.lang.reflect.Method.invoke(Method.java:498) ~[?:1.8.0_461]
	at org.springframework.beans.factory.support.SimpleInstantiationStrategy.instantiate(SimpleInstantiationStrategy.java:154) ~[spring-beans-5.2.4.RELEASE.jar:5.2.4.RELEASE]
	at org.springframework.beans.factory.support.ConstructorResolver.instantiate(ConstructorResolver.java:651) ~[spring-beans-5.2.4.RELEASE.jar:5.2.4.RELEASE]
	... 24 more
Caused by: java.lang.ClassNotFoundException: Cannot find class: com.project.demo.entity.AccessToken
	at org.apache.ibatis.io.ClassLoaderWrapper.classForName(ClassLoaderWrapper.java:196) ~[mybatis-3.5.7.jar:3.5.7]
	at org.apache.ibatis.io.ClassLoaderWrapper.classForName(ClassLoaderWrapper.java:89) ~[mybatis-3.5.7.jar:3.5.7]
	at org.apache.ibatis.io.Resources.classForName(Resources.java:261) ~[mybatis-3.5.7.jar:3.5.7]
	at org.apache.ibatis.type.TypeAliasRegistry.resolveAlias(TypeAliasRegistry.java:116) ~[mybatis-3.5.7.jar:3.5.7]
	at org.apache.ibatis.builder.BaseBuilder.resolveAlias(BaseBuilder.java:149) ~[mybatis-3.5.7.jar:3.5.7]
	at org.apache.ibatis.builder.BaseBuilder.resolveClass(BaseBuilder.java:116) ~[mybatis-3.5.7.jar:3.5.7]
	at org.apache.ibatis.builder.xml.XMLMapperBuilder.resultMapElement(XMLMapperBuilder.java:263) ~[mybatis-3.5.7.jar:3.5.7]
	at org.apache.ibatis.builder.xml.XMLMapperBuilder.resultMapElement(XMLMapperBuilder.java:254) ~[mybatis-3.5.7.jar:3.5.7]
	at org.apache.ibatis.builder.xml.XMLMapperBuilder.resultMapElements(XMLMapperBuilder.java:246) ~[mybatis-3.5.7.jar:3.5.7]
	at org.apache.ibatis.builder.xml.XMLMapperBuilder.configurationElement(XMLMapperBuilder.java:119) ~[mybatis-3.5.7.jar:3.5.7]
	at org.apache.ibatis.builder.xml.XMLMapperBuilder.parse(XMLMapperBuilder.java:95) ~[mybatis-3.5.7.jar:3.5.7]
	at com.baomidou.mybatisplus.extension.spring.MybatisSqlSessionFactoryBean.buildSqlSessionFactory(MybatisSqlSessionFactoryBean.java:593) ~[mybatis-plus-extension-3.4.3.1.jar:3.4.3.1]
	at com.baomidou.mybatisplus.extension.spring.MybatisSqlSessionFactoryBean.afterPropertiesSet(MybatisSqlSessionFactoryBean.java:431) ~[mybatis-plus-extension-3.4.3.1.jar:3.4.3.1]
	at com.baomidou.mybatisplus.extension.spring.MybatisSqlSessionFactoryBean.getObject(MybatisSqlSessionFactoryBean.java:628) ~[mybatis-plus-extension-3.4.3.1.jar:3.4.3.1]
	at com.baomidou.mybatisplus.autoconfigure.MybatisPlusAutoConfiguration.sqlSessionFactory(MybatisPlusAutoConfiguration.java:219) ~[mybatis-plus-boot-starter-3.4.3.1.jar:3.4.3.1]
	at sun.reflect.NativeMethodAccessorImpl.invoke0(Native Method) ~[?:1.8.0_461]
	at sun.reflect.NativeMethodAccessorImpl.invoke(NativeMethodAccessorImpl.java:62) ~[?:1.8.0_461]
	at sun.reflect.DelegatingMethodAccessorImpl.invoke(DelegatingMethodAccessorImpl.java:43) ~[?:1.8.0_461]
	at java.lang.reflect.Method.invoke(Method.java:498) ~[?:1.8.0_461]
	at org.springframework.beans.factory.support.SimpleInstantiationStrategy.instantiate(SimpleInstantiationStrategy.java:154) ~[spring-beans-5.2.4.RELEASE.jar:5.2.4.RELEASE]
	at org.springframework.beans.factory.support.ConstructorResolver.instantiate(ConstructorResolver.java:651) ~[spring-beans-5.2.4.RELEASE.jar:5.2.4.RELEASE]
	... 24 more
2026-05-05 00:36:32.407 [restartedMain] INFO  com.project.demo.Application - Starting Application on debian with PID 120129 (/home/yuan/Desktop/bishe-main/target/classes started by yuan in /home/yuan/Desktop/bishe-main)
2026-05-05 00:36:32.407 [restartedMain] INFO  com.project.demo.Application - No active profile set, falling back to default profiles: default
2026-05-05 00:36:32.533 [restartedMain] INFO  org.springframework.data.repository.config.RepositoryConfigurationDelegate - Multiple Spring Data modules found, entering strict repository configuration mode!
2026-05-05 00:36:32.533 [restartedMain] INFO  org.springframework.data.repository.config.RepositoryConfigurationDelegate - Bootstrapping Spring Data JPA repositories in DEFAULT mode.
2026-05-05 00:36:32.538 [restartedMain] INFO  org.springframework.data.repository.config.RepositoryConfigurationDelegate - Finished Spring Data repository scanning in 4ms. Found 0 JPA repository interfaces.
2026-05-05 00:36:32.566 [restartedMain] INFO  org.springframework.data.repository.config.RepositoryConfigurationDelegate - Multiple Spring Data modules found, entering strict repository configuration mode!
2026-05-05 00:36:32.566 [restartedMain] INFO  org.springframework.data.repository.config.RepositoryConfigurationDelegate - Bootstrapping Spring Data Redis repositories in DEFAULT mode.
2026-05-05 00:36:32.570 [restartedMain] INFO  org.springframework.data.repository.config.RepositoryConfigurationDelegate - Finished Spring Data repository scanning in 3ms. Found 0 Redis repository interfaces.
2026-05-05 00:36:32.684 [restartedMain] INFO  org.springframework.boot.web.embedded.tomcat.TomcatWebServer - Tomcat initialized with port(s): 5000 (http)
2026-05-05 00:36:32.684 [restartedMain] INFO  org.apache.coyote.http11.Http11NioProtocol - Initializing ProtocolHandler ["http-nio-5000"]
2026-05-05 00:36:32.684 [restartedMain] INFO  org.apache.catalina.core.StandardService - Starting service [Tomcat]
2026-05-05 00:36:32.684 [restartedMain] INFO  org.apache.catalina.core.StandardEngine - Starting Servlet engine: [Apache Tomcat/9.0.31]
2026-05-05 00:36:32.688 [restartedMain] INFO  org.apache.catalina.core.ContainerBase.[Tomcat-2].[localhost].[/api] - Initializing Spring embedded WebApplicationContext
2026-05-05 00:36:32.688 [restartedMain] INFO  org.springframework.web.context.ContextLoader - Root WebApplicationContext: initialization completed in 278 ms
2026-05-05 00:36:32.701 [restartedMain] INFO  com.alibaba.druid.spring.boot.autoconfigure.DruidDataSourceAutoConfigure - Init DruidDataSource
2026-05-05 00:36:32.716 [restartedMain] INFO  com.alibaba.druid.pool.DruidDataSource - {dataSource-11} inited
2026-05-05 00:36:32.746 [restartedMain] INFO  org.hibernate.jpa.internal.util.LogHelper - HHH000204: Processing PersistenceUnitInfo [name: default]
2026-05-05 00:36:32.755 [restartedMain] INFO  org.hibernate.dialect.Dialect - HHH000400: Using dialect: org.hibernate.dialect.MySQL8Dialect
2026-05-05 00:36:32.775 [restartedMain] INFO  org.hibernate.engine.transaction.jta.platform.internal.JtaPlatformInitiator - HHH000490: Using JtaPlatform implementation: [org.hibernate.engine.transaction.jta.platform.internal.NoJtaPlatform]
2026-05-05 00:36:32.775 [restartedMain] INFO  org.springframework.orm.jpa.LocalContainerEntityManagerFactoryBean - Initialized JPA EntityManagerFactory for persistence unit 'default'
2026-05-05 00:36:33.516 [restartedMain] WARN  org.springframework.boot.autoconfigure.orm.jpa.JpaBaseConfiguration$JpaWebConfiguration - spring.jpa.open-in-view is enabled by default. Therefore, database queries may be performed during view rendering. Explicitly configure spring.jpa.open-in-view to disable this warning
2026-05-05 00:36:33.559 [restartedMain] INFO  org.springframework.scheduling.concurrent.ThreadPoolTaskExecutor - Initializing ExecutorService 'applicationTaskExecutor'
2026-05-05 00:36:33.680 [restartedMain] INFO  org.springframework.boot.devtools.autoconfigure.OptionalLiveReloadServer - LiveReload server is running on port 35729
2026-05-05 00:36:33.692 [restartedMain] INFO  org.apache.coyote.http11.Http11NioProtocol - Starting ProtocolHandler ["http-nio-5000"]
2026-05-05 00:36:33.702 [restartedMain] INFO  org.springframework.boot.web.embedded.tomcat.TomcatWebServer - Tomcat started on port(s): 5000 (http) with context path '/api'
2026-05-05 00:36:33.702 [restartedMain] INFO  com.project.demo.Application - Started Application in 1.343 seconds (JVM running for 1050.218)
2026-05-05 00:36:33.704 [restartedMain] INFO  org.springframework.boot.devtools.autoconfigure.ConditionEvaluationDeltaLoggingListener - Condition evaluation unchanged
2026-05-05 00:36:35.021 [main] INFO  com.project.demo.Application - Starting Application v1.0-SNAPSHOT on debian with PID 127530 (/home/yuan/Desktop/bishe-main/target/project-spring_boot-1.0-SNAPSHOT.jar started by yuan in /home/yuan/Desktop/bishe-main)
2026-05-05 00:36:35.029 [main] INFO  com.project.demo.Application - No active profile set, falling back to default profiles: default
2026-05-05 00:36:35.623 [main] INFO  org.springframework.data.repository.config.RepositoryConfigurationDelegate - Multiple Spring Data modules found, entering strict repository configuration mode!
2026-05-05 00:36:35.625 [main] INFO  org.springframework.data.repository.config.RepositoryConfigurationDelegate - Bootstrapping Spring Data JPA repositories in DEFAULT mode.
2026-05-05 00:36:35.655 [main] INFO  org.springframework.data.repository.config.RepositoryConfigurationDelegate - Finished Spring Data repository scanning in 18ms. Found 0 JPA repository interfaces.
2026-05-05 00:36:35.868 [main] INFO  org.springframework.data.repository.config.RepositoryConfigurationDelegate - Multiple Spring Data modules found, entering strict repository configuration mode!
2026-05-05 00:36:35.869 [main] INFO  org.springframework.data.repository.config.RepositoryConfigurationDelegate - Bootstrapping Spring Data Redis repositories in DEFAULT mode.
2026-05-05 00:36:35.893 [main] INFO  org.springframework.data.repository.config.RepositoryConfigurationDelegate - Finished Spring Data repository scanning in 14ms. Found 0 Redis repository interfaces.
2026-05-05 00:36:36.739 [main] INFO  org.springframework.boot.web.embedded.tomcat.TomcatWebServer - Tomcat initialized with port(s): 5000 (http)
2026-05-05 00:36:36.748 [main] INFO  org.apache.coyote.http11.Http11NioProtocol - Initializing ProtocolHandler ["http-nio-5000"]
2026-05-05 00:36:36.750 [main] INFO  org.apache.catalina.core.StandardService - Starting service [Tomcat]
2026-05-05 00:36:36.751 [main] INFO  org.apache.catalina.core.StandardEngine - Starting Servlet engine: [Apache Tomcat/9.0.31]
2026-05-05 00:36:36.811 [main] INFO  org.apache.catalina.core.ContainerBase.[Tomcat].[localhost].[/api] - Initializing Spring embedded WebApplicationContext
2026-05-05 00:36:36.811 [main] INFO  org.springframework.web.context.ContextLoader - Root WebApplicationContext: initialization completed in 1725 ms
2026-05-05 00:36:36.872 [main] INFO  com.alibaba.druid.spring.boot.autoconfigure.DruidDataSourceAutoConfigure - Init DruidDataSource
2026-05-05 00:36:37.022 [main] INFO  com.alibaba.druid.pool.DruidDataSource - {dataSource-1} inited
2026-05-05 00:36:37.261 [main] INFO  org.hibernate.jpa.internal.util.LogHelper - HHH000204: Processing PersistenceUnitInfo [name: default]
2026-05-05 00:36:37.333 [main] INFO  org.hibernate.Version - HHH000412: Hibernate ORM core version 5.4.12.Final
2026-05-05 00:36:37.452 [main] INFO  org.hibernate.annotations.common.Version - HCANN000001: Hibernate Commons Annotations {5.1.0.Final}
2026-05-05 00:36:37.560 [main] INFO  org.hibernate.dialect.Dialect - HHH000400: Using dialect: org.hibernate.dialect.MySQL8Dialect
2026-05-05 00:36:37.778 [main] INFO  org.hibernate.engine.transaction.jta.platform.internal.JtaPlatformInitiator - HHH000490: Using JtaPlatform implementation: [org.hibernate.engine.transaction.jta.platform.internal.NoJtaPlatform]
2026-05-05 00:36:37.787 [main] INFO  org.springframework.orm.jpa.LocalContainerEntityManagerFactoryBean - Initialized JPA EntityManagerFactory for persistence unit 'default'
2026-05-05 00:36:39.421 [main] WARN  org.springframework.boot.autoconfigure.orm.jpa.JpaBaseConfiguration$JpaWebConfiguration - spring.jpa.open-in-view is enabled by default. Therefore, database queries may be performed during view rendering. Explicitly configure spring.jpa.open-in-view to disable this warning
2026-05-05 00:36:39.591 [main] INFO  org.springframework.scheduling.concurrent.ThreadPoolTaskExecutor - Initializing ExecutorService 'applicationTaskExecutor'
2026-05-05 00:36:39.909 [main] INFO  org.apache.coyote.http11.Http11NioProtocol - Starting ProtocolHandler ["http-nio-5000"]
2026-05-05 00:36:39.914 [main] INFO  org.apache.coyote.http11.Http11NioProtocol - Pausing ProtocolHandler ["http-nio-5000"]
2026-05-05 00:36:39.914 [main] INFO  org.apache.catalina.core.StandardService - Stopping service [Tomcat]
2026-05-05 00:36:39.926 [main] INFO  org.apache.coyote.http11.Http11NioProtocol - Stopping ProtocolHandler ["http-nio-5000"]
2026-05-05 00:36:39.927 [main] INFO  org.apache.coyote.http11.Http11NioProtocol - Destroying ProtocolHandler ["http-nio-5000"]
2026-05-05 00:36:39.929 [main] INFO  org.springframework.boot.autoconfigure.logging.ConditionEvaluationReportLoggingListener - 

Error starting ApplicationContext. To display the conditions report re-run your application with 'debug' enabled.
2026-05-05 00:36:39.930 [main] ERROR org.springframework.boot.diagnostics.LoggingFailureAnalysisReporter - 

***************************
APPLICATION FAILED TO START
***************************

Description:

Web server failed to start. Port 5000 was already in use.

Action:

Identify and stop the process that's listening on port 5000 or configure this application to listen on another port.

2026-05-05 00:36:39.932 [main] INFO  org.springframework.scheduling.concurrent.ThreadPoolTaskExecutor - Shutting down ExecutorService 'applicationTaskExecutor'
2026-05-05 00:36:39.946 [main] INFO  org.springframework.orm.jpa.LocalContainerEntityManagerFactoryBean - Closing JPA EntityManagerFactory for persistence unit 'default'
2026-05-05 00:36:39.947 [main] INFO  com.alibaba.druid.pool.DruidDataSource - {dataSource-1} closing ...
2026-05-05 00:36:39.950 [main] INFO  com.alibaba.druid.pool.DruidDataSource - {dataSource-1} closed
2026-05-05 00:38:42.624 [main] INFO  com.project.demo.Application - Starting Application v1.0-SNAPSHOT on debian with PID 128268 (/home/yuan/Desktop/bishe-main/target/project-spring_boot-1.0-SNAPSHOT.jar started by yuan in /home/yuan/Desktop/bishe-main)
2026-05-05 00:38:42.641 [main] INFO  com.project.demo.Application - No active profile set, falling back to default profiles: default
2026-05-05 00:38:43.311 [main] INFO  org.springframework.data.repository.config.RepositoryConfigurationDelegate - Multiple Spring Data modules found, entering strict repository configuration mode!
2026-05-05 00:38:43.313 [main] INFO  org.springframework.data.repository.config.RepositoryConfigurationDelegate - Bootstrapping Spring Data JPA repositories in DEFAULT mode.
2026-05-05 00:38:43.338 [main] INFO  org.springframework.data.repository.config.RepositoryConfigurationDelegate - Finished Spring Data repository scanning in 16ms. Found 0 JPA repository interfaces.
2026-05-05 00:38:43.514 [main] INFO  org.springframework.data.repository.config.RepositoryConfigurationDelegate - Multiple Spring Data modules found, entering strict repository configuration mode!
2026-05-05 00:38:43.516 [main] INFO  org.springframework.data.repository.config.RepositoryConfigurationDelegate - Bootstrapping Spring Data Redis repositories in DEFAULT mode.
2026-05-05 00:38:43.542 [main] INFO  org.springframework.data.repository.config.RepositoryConfigurationDelegate - Finished Spring Data repository scanning in 17ms. Found 0 Redis repository interfaces.
2026-05-05 00:38:44.419 [main] INFO  org.springframework.boot.web.embedded.tomcat.TomcatWebServer - Tomcat initialized with port(s): 5000 (http)
2026-05-05 00:38:44.431 [main] INFO  org.apache.coyote.http11.Http11NioProtocol - Initializing ProtocolHandler ["http-nio-5000"]
2026-05-05 00:38:44.433 [main] INFO  org.apache.catalina.core.StandardService - Starting service [Tomcat]
2026-05-05 00:38:44.435 [main] INFO  org.apache.catalina.core.StandardEngine - Starting Servlet engine: [Apache Tomcat/9.0.31]
2026-05-05 00:38:44.491 [main] INFO  org.apache.catalina.core.ContainerBase.[Tomcat].[localhost].[/api] - Initializing Spring embedded WebApplicationContext
2026-05-05 00:38:44.491 [main] INFO  org.springframework.web.context.ContextLoader - Root WebApplicationContext: initialization completed in 1763 ms
2026-05-05 00:38:44.545 [main] INFO  com.alibaba.druid.spring.boot.autoconfigure.DruidDataSourceAutoConfigure - Init DruidDataSource
2026-05-05 00:38:44.696 [main] INFO  com.alibaba.druid.pool.DruidDataSource - {dataSource-1} inited
2026-05-05 00:38:44.976 [main] INFO  org.hibernate.jpa.internal.util.LogHelper - HHH000204: Processing PersistenceUnitInfo [name: default]
2026-05-05 00:38:45.055 [main] INFO  org.hibernate.Version - HHH000412: Hibernate ORM core version 5.4.12.Final
2026-05-05 00:38:45.178 [main] INFO  org.hibernate.annotations.common.Version - HCANN000001: Hibernate Commons Annotations {5.1.0.Final}
2026-05-05 00:38:45.309 [main] INFO  org.hibernate.dialect.Dialect - HHH000400: Using dialect: org.hibernate.dialect.MySQL8Dialect
2026-05-05 00:38:45.511 [main] INFO  org.hibernate.engine.transaction.jta.platform.internal.JtaPlatformInitiator - HHH000490: Using JtaPlatform implementation: [org.hibernate.engine.transaction.jta.platform.internal.NoJtaPlatform]
2026-05-05 00:38:45.518 [main] INFO  org.springframework.orm.jpa.LocalContainerEntityManagerFactoryBean - Initialized JPA EntityManagerFactory for persistence unit 'default'
2026-05-05 00:38:47.566 [main] WARN  org.springframework.boot.autoconfigure.orm.jpa.JpaBaseConfiguration$JpaWebConfiguration - spring.jpa.open-in-view is enabled by default. Therefore, database queries may be performed during view rendering. Explicitly configure spring.jpa.open-in-view to disable this warning
2026-05-05 00:38:47.855 [main] INFO  org.springframework.scheduling.concurrent.ThreadPoolTaskExecutor - Initializing ExecutorService 'applicationTaskExecutor'
2026-05-05 00:38:48.298 [main] INFO  org.apache.coyote.http11.Http11NioProtocol - Starting ProtocolHandler ["http-nio-5000"]
2026-05-05 00:38:48.305 [main] INFO  org.apache.coyote.http11.Http11NioProtocol - Pausing ProtocolHandler ["http-nio-5000"]
2026-05-05 00:38:48.305 [main] INFO  org.apache.catalina.core.StandardService - Stopping service [Tomcat]
2026-05-05 00:38:48.322 [main] INFO  org.apache.coyote.http11.Http11NioProtocol - Stopping ProtocolHandler ["http-nio-5000"]
2026-05-05 00:38:48.323 [main] INFO  org.apache.coyote.http11.Http11NioProtocol - Destroying ProtocolHandler ["http-nio-5000"]
2026-05-05 00:38:48.325 [main] INFO  org.springframework.boot.autoconfigure.logging.ConditionEvaluationReportLoggingListener - 

Error starting ApplicationContext. To display the conditions report re-run your application with 'debug' enabled.
2026-05-05 00:38:48.327 [main] ERROR org.springframework.boot.diagnostics.LoggingFailureAnalysisReporter - 

***************************
APPLICATION FAILED TO START
***************************

Description:

Web server failed to start. Port 5000 was already in use.

Action:

Identify and stop the process that's listening on port 5000 or configure this application to listen on another port.

2026-05-05 00:38:48.330 [main] INFO  org.springframework.scheduling.concurrent.ThreadPoolTaskExecutor - Shutting down ExecutorService 'applicationTaskExecutor'
2026-05-05 00:38:48.348 [main] INFO  org.springframework.orm.jpa.LocalContainerEntityManagerFactoryBean - Closing JPA EntityManagerFactory for persistence unit 'default'
2026-05-05 00:38:48.349 [main] INFO  com.alibaba.druid.pool.DruidDataSource - {dataSource-1} closing ...
2026-05-05 00:38:48.354 [main] INFO  com.alibaba.druid.pool.DruidDataSource - {dataSource-1} closed
2026-05-05 00:38:53.699 [http-nio-5000-exec-9] INFO  org.apache.catalina.core.ContainerBase.[Tomcat-2].[localhost].[/api] - Initializing Spring DispatcherServlet 'dispatcherServlet'
2026-05-05 00:38:53.699 [http-nio-5000-exec-9] INFO  org.springframework.web.servlet.DispatcherServlet - Initializing Servlet 'dispatcherServlet'
2026-05-05 00:38:53.702 [http-nio-5000-exec-9] INFO  org.springframework.web.servlet.DispatcherServlet - Completed initialization in 3 ms
2026-05-05 00:38:53.702 [http-nio-5000-exec-9] INFO  com.project.demo.interceptor.LoginInterceptor - [请求接口] - http://localhost:5000/api/sales_information/list_group , [请求类型] - GET
2026-05-05 00:38:53.718 [http-nio-5000-exec-9] WARN  com.alibaba.druid.pool.DruidAbstractDataSource - discard long time none received connection. , jdbcUrl : jdbc:mysql://127.0.0.1:3306/xiaozhi?serverTimezone=GMT%2B8&useSSL=false&characterEncoding=utf-8&allowPublicKeyRetrieval=true, version : 1.2.8, lastPacketReceivedIdleMillis : 140982
2026-05-05 00:38:53.754 [http-nio-5000-exec-9] ERROR com.project.demo.exception.GlobalExceptionHandler - 运行时异常: 
org.springframework.dao.DataIntegrityViolationException: 
### Error querying database.  Cause: java.sql.SQLIntegrityConstraintViolationException: Column 'create_time' in field list is ambiguous
### The error may exist in file [/home/yuan/Desktop/bishe-main/target/classes/mapper/BaseMapper.xml]
### The error may involve defaultParameterMap
### The error occurred while setting parameters
### SQL: select COUNT(*) AS count, DATE(create_time) as `DATE(create_time)` from `sales_information` a left join `commodity_information` b on a.source_table = 'commodity_information' and a.source_id = b.commodity_information_id  WHERE a.is_delete = 0 group by DATE(create_time)
### Cause: java.sql.SQLIntegrityConstraintViolationException: Column 'create_time' in field list is ambiguous
; Column 'create_time' in field list is ambiguous; nested exception is java.sql.SQLIntegrityConstraintViolationException: Column 'create_time' in field list is ambiguous
	at org.springframework.jdbc.support.SQLExceptionSubclassTranslator.doTranslate(SQLExceptionSubclassTranslator.java:87) ~[spring-jdbc-5.2.4.RELEASE.jar:5.2.4.RELEASE]
	at org.springframework.jdbc.support.AbstractFallbackSQLExceptionTranslator.translate(AbstractFallbackSQLExceptionTranslator.java:72) ~[spring-jdbc-5.2.4.RELEASE.jar:5.2.4.RELEASE]
	at org.springframework.jdbc.support.AbstractFallbackSQLExceptionTranslator.translate(AbstractFallbackSQLExceptionTranslator.java:81) ~[spring-jdbc-5.2.4.RELEASE.jar:5.2.4.RELEASE]
	at org.mybatis.spring.MyBatisExceptionTranslator.translateExceptionIfPossible(MyBatisExceptionTranslator.java:91) ~[mybatis-spring-2.0.6.jar:2.0.6]
	at org.mybatis.spring.SqlSessionTemplate$SqlSessionInterceptor.invoke(SqlSessionTemplate.java:441) ~[mybatis-spring-2.0.6.jar:2.0.6]
	at com.sun.proxy.$Proxy113.selectList(Unknown Source) ~[?:?]
	at org.mybatis.spring.SqlSessionTemplate.selectList(SqlSessionTemplate.java:224) ~[mybatis-spring-2.0.6.jar:2.0.6]
	at com.baomidou.mybatisplus.core.override.MybatisMapperMethod.executeForMany(MybatisMapperMethod.java:166) ~[mybatis-plus-core-3.4.3.1.jar:3.4.3.1]
	at com.baomidou.mybatisplus.core.override.MybatisMapperMethod.execute(MybatisMapperMethod.java:77) ~[mybatis-plus-core-3.4.3.1.jar:3.4.3.1]
	at com.baomidou.mybatisplus.core.override.MybatisMapperProxy$PlainMethodInvoker.invoke(MybatisMapperProxy.java:148) ~[mybatis-plus-core-3.4.3.1.jar:3.4.3.1]
	at com.baomidou.mybatisplus.core.override.MybatisMapperProxy.invoke(MybatisMapperProxy.java:89) ~[mybatis-plus-core-3.4.3.1.jar:3.4.3.1]
	at com.sun.proxy.$Proxy322.selectBaseList(Unknown Source) ~[?:?]
	at com.project.demo.service.base.BaseService.selectToList(BaseService.java:85) ~[classes/:?]
	at com.project.demo.service.base.BaseService$$FastClassBySpringCGLIB$$504c7e9.invoke(<generated>) ~[classes/:?]
	at org.springframework.cglib.proxy.MethodProxy.invoke(MethodProxy.java:218) ~[spring-core-5.2.4.RELEASE.jar:5.2.4.RELEASE]
	at org.springframework.aop.framework.CglibAopProxy$CglibMethodInvocation.invokeJoinpoint(CglibAopProxy.java:769) ~[spring-aop-5.2.4.RELEASE.jar:5.2.4.RELEASE]
	at org.springframework.aop.framework.ReflectiveMethodInvocation.proceed(ReflectiveMethodInvocation.java:163) ~[spring-aop-5.2.4.RELEASE.jar:5.2.4.RELEASE]
	at org.springframework.aop.framework.CglibAopProxy$CglibMethodInvocation.proceed(CglibAopProxy.java:747) ~[spring-aop-5.2.4.RELEASE.jar:5.2.4.RELEASE]
	at org.springframework.aop.interceptor.ExposeInvocationInterceptor.invoke(ExposeInvocationInterceptor.java:95) ~[spring-aop-5.2.4.RELEASE.jar:5.2.4.RELEASE]
	at org.springframework.aop.framework.ReflectiveMethodInvocation.proceed(ReflectiveMethodInvocation.java:186) ~[spring-aop-5.2.4.RELEASE.jar:5.2.4.RELEASE]
	at org.springframework.aop.framework.CglibAopProxy$CglibMethodInvocation.proceed(CglibAopProxy.java:747) ~[spring-aop-5.2.4.RELEASE.jar:5.2.4.RELEASE]
	at org.springframework.aop.framework.CglibAopProxy$DynamicAdvisedInterceptor.intercept(CglibAopProxy.java:689) ~[spring-aop-5.2.4.RELEASE.jar:5.2.4.RELEASE]
	at com.project.demo.service.SalesInformationService$$EnhancerBySpringCGLIB$$df237519.selectToList(<generated>) ~[classes/:?]
	at com.project.demo.controller.base.BaseController.listGroup(BaseController.java:82) ~[classes/:?]
	at com.project.demo.controller.base.BaseController$$FastClassBySpringCGLIB$$72c28101.invoke(<generated>) ~[classes/:?]
	at org.springframework.cglib.proxy.MethodProxy.invoke(MethodProxy.java:218) ~[spring-core-5.2.4.RELEASE.jar:5.2.4.RELEASE]
	at org.springframework.aop.framework.CglibAopProxy$DynamicAdvisedInterceptor.intercept(CglibAopProxy.java:685) ~[spring-aop-5.2.4.RELEASE.jar:5.2.4.RELEASE]
	at com.project.demo.controller.SalesInformationController$$EnhancerBySpringCGLIB$$14ba1724.listGroup(<generated>) ~[classes/:?]
	at sun.reflect.NativeMethodAccessorImpl.invoke0(Native Method) ~[?:1.8.0_461]
	at sun.reflect.NativeMethodAccessorImpl.invoke(NativeMethodAccessorImpl.java:62) ~[?:1.8.0_461]
	at sun.reflect.DelegatingMethodAccessorImpl.invoke(DelegatingMethodAccessorImpl.java:43) ~[?:1.8.0_461]
	at java.lang.reflect.Method.invoke(Method.java:498) ~[?:1.8.0_461]
	at org.springframework.web.method.support.InvocableHandlerMethod.doInvoke(InvocableHandlerMethod.java:190) ~[spring-web-5.2.4.RELEASE.jar:5.2.4.RELEASE]
	at org.springframework.web.method.support.InvocableHandlerMethod.invokeForRequest(InvocableHandlerMethod.java:138) ~[spring-web-5.2.4.RELEASE.jar:5.2.4.RELEASE]
	at org.springframework.web.servlet.mvc.method.annotation.ServletInvocableHandlerMethod.invokeAndHandle(ServletInvocableHandlerMethod.java:106) ~[spring-webmvc-5.2.4.RELEASE.jar:5.2.4.RELEASE]
	at org.springframework.web.servlet.mvc.method.annotation.RequestMappingHandlerAdapter.invokeHandlerMethod(RequestMappingHandlerAdapter.java:879) ~[spring-webmvc-5.2.4.RELEASE.jar:5.2.4.RELEASE]
	at org.springframework.web.servlet.mvc.method.annotation.RequestMappingHandlerAdapter.handleInternal(RequestMappingHandlerAdapter.java:793) ~[spring-webmvc-5.2.4.RELEASE.jar:5.2.4.RELEASE]
	at org.springframework.web.servlet.mvc.method.AbstractHandlerMethodAdapter.handle(AbstractHandlerMethodAdapter.java:87) ~[spring-webmvc-5.2.4.RELEASE.jar:5.2.4.RELEASE]
	at org.springframework.web.servlet.DispatcherServlet.doDispatch(DispatcherServlet.java:1040) [spring-webmvc-5.2.4.RELEASE.jar:5.2.4.RELEASE]
	at org.springframework.web.servlet.DispatcherServlet.doService(DispatcherServlet.java:943) [spring-webmvc-5.2.4.RELEASE.jar:5.2.4.RELEASE]
	at org.springframework.web.servlet.FrameworkServlet.processRequest(FrameworkServlet.java:1006) [spring-webmvc-5.2.4.RELEASE.jar:5.2.4.RELEASE]
	at org.springframework.web.servlet.FrameworkServlet.doGet(FrameworkServlet.java:898) [spring-webmvc-5.2.4.RELEASE.jar:5.2.4.RELEASE]
	at javax.servlet.http.HttpServlet.service(HttpServlet.java:634) [tomcat-embed-core-9.0.31.jar:9.0.31]
	at org.springframework.web.servlet.FrameworkServlet.service(FrameworkServlet.java:883) [spring-webmvc-5.2.4.RELEASE.jar:5.2.4.RELEASE]
	at javax.servlet.http.HttpServlet.service(HttpServlet.java:741) [tomcat-embed-core-9.0.31.jar:9.0.31]
	at org.apache.catalina.core.ApplicationFilterChain.internalDoFilter(ApplicationFilterChain.java:231) [tomcat-embed-core-9.0.31.jar:9.0.31]
	at org.apache.catalina.core.ApplicationFilterChain.doFilter(ApplicationFilterChain.java:166) [tomcat-embed-core-9.0.31.jar:9.0.31]
	at org.apache.tomcat.websocket.server.WsFilter.doFilter(WsFilter.java:53) [tomcat-embed-websocket-9.0.31.jar:9.0.31]
	at org.apache.catalina.core.ApplicationFilterChain.internalDoFilter(ApplicationFilterChain.java:193) [tomcat-embed-core-9.0.31.jar:9.0.31]
	at org.apache.catalina.core.ApplicationFilterChain.doFilter(ApplicationFilterChain.java:166) [tomcat-embed-core-9.0.31.jar:9.0.31]
	at org.springframework.web.filter.RequestContextFilter.doFilterInternal(RequestContextFilter.java:100) [spring-web-5.2.4.RELEASE.jar:5.2.4.RELEASE]
	at org.springframework.web.filter.OncePerRequestFilter.doFilter(OncePerRequestFilter.java:119) [spring-web-5.2.4.RELEASE.jar:5.2.4.RELEASE]
	at org.apache.catalina.core.ApplicationFilterChain.internalDoFilter(ApplicationFilterChain.java:193) [tomcat-embed-core-9.0.31.jar:9.0.31]
	at org.apache.catalina.core.ApplicationFilterChain.doFilter(ApplicationFilterChain.java:166) [tomcat-embed-core-9.0.31.jar:9.0.31]
	at org.springframework.web.filter.FormContentFilter.doFilterInternal(FormContentFilter.java:93) [spring-web-5.2.4.RELEASE.jar:5.2.4.RELEASE]
	at org.springframework.web.filter.OncePerRequestFilter.doFilter(OncePerRequestFilter.java:119) [spring-web-5.2.4.RELEASE.jar:5.2.4.RELEASE]
	at org.apache.catalina.core.ApplicationFilterChain.internalDoFilter(ApplicationFilterChain.java:193) [tomcat-embed-core-9.0.31.jar:9.0.31]
	at org.apache.catalina.core.ApplicationFilterChain.doFilter(ApplicationFilterChain.java:166) [tomcat-embed-core-9.0.31.jar:9.0.31]
	at org.springframework.web.filter.CharacterEncodingFilter.doFilterInternal(CharacterEncodingFilter.java:201) [spring-web-5.2.4.RELEASE.jar:5.2.4.RELEASE]
	at org.springframework.web.filter.OncePerRequestFilter.doFilter(OncePerRequestFilter.java:119) [spring-web-5.2.4.RELEASE.jar:5.2.4.RELEASE]
	at org.apache.catalina.core.ApplicationFilterChain.internalDoFilter(ApplicationFilterChain.java:193) [tomcat-embed-core-9.0.31.jar:9.0.31]
	at org.apache.catalina.core.ApplicationFilterChain.doFilter(ApplicationFilterChain.java:166) [tomcat-embed-core-9.0.31.jar:9.0.31]
	at org.apache.catalina.core.StandardWrapperValve.invoke(StandardWrapperValve.java:202) [tomcat-embed-core-9.0.31.jar:9.0.31]
	at org.apache.catalina.core.StandardContextValve.invoke(StandardContextValve.java:96) [tomcat-embed-core-9.0.31.jar:9.0.31]
	at org.apache.catalina.authenticator.AuthenticatorBase.invoke(AuthenticatorBase.java:541) [tomcat-embed-core-9.0.31.jar:9.0.31]
	at org.apache.catalina.core.StandardHostValve.invoke(StandardHostValve.java:139) [tomcat-embed-core-9.0.31.jar:9.0.31]
	at org.apache.catalina.valves.ErrorReportValve.invoke(ErrorReportValve.java:92) [tomcat-embed-core-9.0.31.jar:9.0.31]
	at org.apache.catalina.core.StandardEngineValve.invoke(StandardEngineValve.java:74) [tomcat-embed-core-9.0.31.jar:9.0.31]
	at org.apache.catalina.connector.CoyoteAdapter.service(CoyoteAdapter.java:343) [tomcat-embed-core-9.0.31.jar:9.0.31]
	at org.apache.coyote.http11.Http11Processor.service(Http11Processor.java:367) [tomcat-embed-core-9.0.31.jar:9.0.31]
	at org.apache.coyote.AbstractProcessorLight.process(AbstractProcessorLight.java:65) [tomcat-embed-core-9.0.31.jar:9.0.31]
	at org.apache.coyote.AbstractProtocol$ConnectionHandler.process(AbstractProtocol.java:868) [tomcat-embed-core-9.0.31.jar:9.0.31]
	at org.apache.tomcat.util.net.NioEndpoint$SocketProcessor.doRun(NioEndpoint.java:1639) [tomcat-embed-core-9.0.31.jar:9.0.31]
	at org.apache.tomcat.util.net.SocketProcessorBase.run(SocketProcessorBase.java:49) [tomcat-embed-core-9.0.31.jar:9.0.31]
	at java.util.concurrent.ThreadPoolExecutor.runWorker(ThreadPoolExecutor.java:1149) [?:1.8.0_461]
	at java.util.concurrent.ThreadPoolExecutor$Worker.run(ThreadPoolExecutor.java:624) [?:1.8.0_461]
	at org.apache.tomcat.util.threads.TaskThread$WrappingRunnable.run(TaskThread.java:61) [tomcat-embed-core-9.0.31.jar:9.0.31]
	at java.lang.Thread.run(Thread.java:750) [?:1.8.0_461]
Caused by: java.sql.SQLIntegrityConstraintViolationException: Column 'create_time' in field list is ambiguous
	at com.mysql.cj.jdbc.exceptions.SQLError.createSQLException(SQLError.java:115) ~[mysql-connector-java-8.0.11.jar:8.0.11]
	at com.mysql.cj.jdbc.exceptions.SQLError.createSQLException(SQLError.java:95) ~[mysql-connector-java-8.0.11.jar:8.0.11]
	at com.mysql.cj.jdbc.exceptions.SQLExceptionsMapping.translateException(SQLExceptionsMapping.java:122) ~[mysql-connector-java-8.0.11.jar:8.0.11]
	at com.mysql.cj.jdbc.ClientPreparedStatement.executeInternal(ClientPreparedStatement.java:960) ~[mysql-connector-java-8.0.11.jar:8.0.11]
	at com.mysql.cj.jdbc.ClientPreparedStatement.execute(ClientPreparedStatement.java:388) ~[mysql-connector-java-8.0.11.jar:8.0.11]
	at com.alibaba.druid.pool.DruidPooledPreparedStatement.execute(DruidPooledPreparedStatement.java:497) ~[druid-1.2.8.jar:1.2.8]
	at sun.reflect.GeneratedMethodAccessor85.invoke(Unknown Source) ~[?:?]
	at sun.reflect.DelegatingMethodAccessorImpl.invoke(DelegatingMethodAccessorImpl.java:43) ~[?:1.8.0_461]
	at java.lang.reflect.Method.invoke(Method.java:498) ~[?:1.8.0_461]
	at org.apache.ibatis.logging.jdbc.PreparedStatementLogger.invoke(PreparedStatementLogger.java:59) ~[mybatis-3.5.7.jar:3.5.7]
	at com.sun.proxy.$Proxy149.execute(Unknown Source) ~[?:?]
	at org.apache.ibatis.executor.statement.PreparedStatementHandler.query(PreparedStatementHandler.java:64) ~[mybatis-3.5.7.jar:3.5.7]
	at org.apache.ibatis.executor.statement.RoutingStatementHandler.query(RoutingStatementHandler.java:79) ~[mybatis-3.5.7.jar:3.5.7]
	at sun.reflect.GeneratedMethodAccessor84.invoke(Unknown Source) ~[?:?]
	at sun.reflect.DelegatingMethodAccessorImpl.invoke(DelegatingMethodAccessorImpl.java:43) ~[?:1.8.0_461]
	at java.lang.reflect.Method.invoke(Method.java:498) ~[?:1.8.0_461]
	at org.apache.ibatis.plugin.Plugin.invoke(Plugin.java:64) ~[mybatis-3.5.7.jar:3.5.7]
	at com.sun.proxy.$Proxy147.query(Unknown Source) ~[?:?]
	at org.apache.ibatis.executor.SimpleExecutor.doQuery(SimpleExecutor.java:63) ~[mybatis-3.5.7.jar:3.5.7]
	at org.apache.ibatis.executor.BaseExecutor.queryFromDatabase(BaseExecutor.java:325) ~[mybatis-3.5.7.jar:3.5.7]
	at org.apache.ibatis.executor.BaseExecutor.query(BaseExecutor.java:156) ~[mybatis-3.5.7.jar:3.5.7]
	at org.apache.ibatis.executor.CachingExecutor.query(CachingExecutor.java:109) ~[mybatis-3.5.7.jar:3.5.7]
	at com.baomidou.mybatisplus.extension.plugins.MybatisPlusInterceptor.intercept(MybatisPlusInterceptor.java:81) ~[mybatis-plus-extension-3.4.3.1.jar:3.4.3.1]
	at org.apache.ibatis.plugin.Plugin.invoke(Plugin.java:62) ~[mybatis-3.5.7.jar:3.5.7]
	at com.sun.proxy.$Proxy146.query(Unknown Source) ~[?:?]
	at org.apache.ibatis.session.defaults.DefaultSqlSession.selectList(DefaultSqlSession.java:151) ~[mybatis-3.5.7.jar:3.5.7]
	at org.apache.ibatis.session.defaults.DefaultSqlSession.selectList(DefaultSqlSession.java:145) ~[mybatis-3.5.7.jar:3.5.7]
	at org.apache.ibatis.session.defaults.DefaultSqlSession.selectList(DefaultSqlSession.java:140) ~[mybatis-3.5.7.jar:3.5.7]
	at sun.reflect.GeneratedMethodAccessor98.invoke(Unknown Source) ~[?:?]
	at sun.reflect.DelegatingMethodAccessorImpl.invoke(DelegatingMethodAccessorImpl.java:43) ~[?:1.8.0_461]
	at java.lang.reflect.Method.invoke(Method.java:498) ~[?:1.8.0_461]
	at org.mybatis.spring.SqlSessionTemplate$SqlSessionInterceptor.invoke(SqlSessionTemplate.java:427) ~[mybatis-spring-2.0.6.jar:2.0.6]
	... 73 more
2026-05-05 00:38:53.761 [http-nio-5000-exec-9] WARN  org.springframework.web.servlet.mvc.method.annotation.ExceptionHandlerExceptionResolver - Resolved [org.springframework.dao.DataIntegrityViolationException: 
### Error querying database.  Cause: java.sql.SQLIntegrityConstraintViolationException: Column 'create_time' in field list is ambiguous
### The error may exist in file [/home/yuan/Desktop/bishe-main/target/classes/mapper/BaseMapper.xml]
### The error may involve defaultParameterMap
### The error occurred while setting parameters
### SQL: select COUNT(*) AS count, DATE(create_time) as `DATE(create_time)` from `sales_information` a left join `commodity_information` b on a.source_table = 'commodity_information' and a.source_id = b.commodity_information_id  WHERE a.is_delete = 0 group by DATE(create_time)
### Cause: java.sql.SQLIntegrityConstraintViolationException: Column 'create_time' in field list is ambiguous
; Column 'create_time' in field list is ambiguous; nested exception is java.sql.SQLIntegrityConstraintViolationException: Column 'create_time' in field list is ambiguous]
2026-05-05 00:39:07.532 [http-nio-5000-exec-10] INFO  com.project.demo.interceptor.LoginInterceptor - [请求接口] - http://localhost:5000/api/user/count , [请求类型] - GET
2026-05-05 00:39:07.533 [http-nio-5000-exec-8] INFO  com.project.demo.interceptor.LoginInterceptor - [请求接口] - http://localhost:5000/api/registered_user/count , [请求类型] - GET
2026-05-05 00:39:07.533 [http-nio-5000-exec-7] INFO  com.project.demo.interceptor.LoginInterceptor - [请求接口] - http://localhost:5000/api/sales_information/count , [请求类型] - GET
2026-05-05 00:39:07.534 [http-nio-5000-exec-7] INFO  com.project.demo.service.base.BaseService - 拼接统计函数前
2026-05-05 00:39:07.534 [http-nio-5000-exec-7] INFO  com.project.demo.service.base.BaseService - 生成的最终SQL:  WHERE is_delete = 0 
2026-05-05 00:39:07.534 [http-nio-5000-exec-7] INFO  com.project.demo.service.base.BaseService - [sales_information] - 统计操作，sql: SELECT COUNT(*) FROM `sales_information` WHERE is_delete = 0 
2026-05-05 00:39:07.543 [http-nio-5000-exec-5] INFO  com.project.demo.interceptor.LoginInterceptor - [请求接口] - http://localhost:5000/api/inventory_information/count , [请求类型] - GET
2026-05-05 00:39:07.547 [http-nio-5000-exec-2] INFO  com.project.demo.interceptor.LoginInterceptor - [请求接口] - http://localhost:5000/api/supply_information/count , [请求类型] - GET
2026-05-05 00:39:07.547 [http-nio-5000-exec-3] INFO  com.project.demo.interceptor.LoginInterceptor - [请求接口] - http://localhost:5000/api/purchasing_information/count , [请求类型] - GET
2026-05-05 00:39:07.567 [http-nio-5000-exec-4] INFO  com.project.demo.interceptor.LoginInterceptor - [请求接口] - http://localhost:5000/api/sales_information/list_group , [请求类型] - OPTIONS
2026-05-05 00:39:07.568 [http-nio-5000-exec-5] INFO  com.project.demo.service.base.BaseService - 拼接统计函数前
2026-05-05 00:39:07.573 [http-nio-5000-exec-5] INFO  com.project.demo.service.base.BaseService - 生成的最终SQL:  WHERE is_delete = 0 
2026-05-05 00:39:07.574 [http-nio-5000-exec-5] INFO  com.project.demo.service.base.BaseService - [inventory_information] - 统计操作，sql: SELECT COUNT(*) FROM `inventory_information` WHERE is_delete = 0 
2026-05-05 00:39:07.573 [http-nio-5000-exec-2] INFO  com.project.demo.service.base.BaseService - 拼接统计函数前
2026-05-05 00:39:07.577 [http-nio-5000-exec-2] INFO  com.project.demo.service.base.BaseService - 生成的最终SQL:  WHERE is_delete = 0 
2026-05-05 00:39:07.577 [http-nio-5000-exec-2] INFO  com.project.demo.service.base.BaseService - [supply_information] - 统计操作，sql: SELECT COUNT(*) FROM `supply_information` WHERE is_delete = 0 
2026-05-05 00:39:07.581 [http-nio-5000-exec-6] INFO  com.project.demo.interceptor.LoginInterceptor - [请求接口] - http://localhost:5000/api/registered_user/list_group , [请求类型] - GET
2026-05-05 00:39:07.582 [http-nio-5000-exec-8] INFO  com.project.demo.service.base.BaseService - 拼接统计函数前
2026-05-05 00:39:07.587 [http-nio-5000-exec-1] INFO  com.project.demo.interceptor.LoginInterceptor - [请求接口] - http://localhost:5000/api/supply_information/list_group , [请求类型] - GET
2026-05-05 00:39:07.590 [http-nio-5000-exec-8] INFO  com.project.demo.service.base.BaseService - 生成的最终SQL:  WHERE is_delete = 0 
2026-05-05 00:39:07.590 [http-nio-5000-exec-8] INFO  com.project.demo.service.base.BaseService - [registered_user] - 统计操作，sql: SELECT COUNT(*) FROM `registered_user` WHERE is_delete = 0 
2026-05-05 00:39:07.584 [http-nio-5000-exec-6] INFO  com.project.demo.service.base.BaseService - 生成的最终SQL:  WHERE is_delete = 0 
2026-05-05 00:39:07.587 [http-nio-5000-exec-10] INFO  com.project.demo.service.base.BaseService - 拼接统计函数前
2026-05-05 00:39:07.590 [http-nio-5000-exec-3] INFO  com.project.demo.service.base.BaseService - 拼接统计函数前
2026-05-05 00:39:07.594 [http-nio-5000-exec-3] INFO  com.project.demo.service.base.BaseService - 生成的最终SQL:  WHERE is_delete = 0 
2026-05-05 00:39:07.594 [http-nio-5000-exec-3] INFO  com.project.demo.service.base.BaseService - [purchasing_information] - 统计操作，sql: SELECT COUNT(*) FROM `purchasing_information` WHERE is_delete = 0 
2026-05-05 00:39:07.590 [http-nio-5000-exec-6] INFO  com.project.demo.service.base.BaseService - [registered_user] - 查询操作，sql: select COUNT(*) AS count, user_gender from `registered_user`  WHERE is_delete = 0 group by user_gender 
2026-05-05 00:39:07.590 [http-nio-5000-exec-1] INFO  com.project.demo.service.base.BaseService - 生成的最终SQL:  WHERE is_delete = 0 
2026-05-05 00:39:07.595 [http-nio-5000-exec-1] INFO  com.project.demo.service.base.BaseService - [supply_information] - 查询操作，sql: select COUNT(*) AS count, commodity_category from `supply_information`  WHERE is_delete = 0 group by commodity_category 
2026-05-05 00:39:07.591 [http-nio-5000-exec-10] INFO  com.project.demo.service.base.BaseService - 生成的最终SQL:  WHERE is_delete = 0 
2026-05-05 00:39:07.596 [http-nio-5000-exec-10] INFO  com.project.demo.service.base.BaseService - [user] - 统计操作，sql: SELECT COUNT(*) FROM `user` WHERE is_delete = 0 
2026-05-05 00:39:07.626 [http-nio-5000-exec-9] INFO  com.project.demo.interceptor.LoginInterceptor - [请求接口] - http://localhost:5000/api/views/list_group , [请求类型] - GET
2026-05-05 00:39:07.626 [http-nio-5000-exec-7] INFO  com.project.demo.interceptor.LoginInterceptor - [请求接口] - http://localhost:5000/api/sales_information/list_group , [请求类型] - GET
2026-05-05 00:39:07.635 [http-nio-5000-exec-9] INFO  com.project.demo.service.base.BaseService - 生成的最终SQL: 
2026-05-05 00:39:07.635 [http-nio-5000-exec-9] INFO  com.project.demo.service.base.BaseService - [views] - 查询操作，sql: select COUNT(*) AS count, source_table from `views` group by source_table 
2026-05-05 00:39:07.664 [http-nio-5000-exec-5] INFO  com.project.demo.interceptor.LoginInterceptor - [请求接口] - http://localhost:5000/api/inventory_information/list_group , [请求类型] - OPTIONS
2026-05-05 00:39:07.668 [http-nio-5000-exec-4] INFO  com.project.demo.interceptor.LoginInterceptor - [请求接口] - http://localhost:5000/api/inventory_information/list_group , [请求类型] - GET
2026-05-05 00:39:07.675 [http-nio-5000-exec-2] INFO  com.project.demo.interceptor.LoginInterceptor - [请求接口] - http://localhost:5000/api/purchasing_information/list_group , [请求类型] - OPTIONS
2026-05-05 00:39:07.679 [http-nio-5000-exec-10] INFO  com.project.demo.interceptor.LoginInterceptor - [请求接口] - http://localhost:5000/api/purchasing_information/list_group , [请求类型] - GET
2026-05-05 00:39:17.563 [http-nio-5000-exec-3] INFO  com.project.demo.interceptor.LoginInterceptor - [请求接口] - http://localhost:5000/api/sales_information/list_group , [请求类型] - GET
2026-05-05 00:39:21.792 [http-nio-5000-exec-8] INFO  com.project.demo.interceptor.LoginInterceptor - [请求接口] - http://localhost:5000/api/auth/get_list , [请求类型] - GET
2026-05-05 00:39:21.794 [http-nio-5000-exec-1] INFO  com.project.demo.interceptor.LoginInterceptor - [请求接口] - http://localhost:5000/api/user/state , [请求类型] - GET
2026-05-05 00:39:21.796 [http-nio-5000-exec-1] INFO  com.project.demo.controller.UserController - [获取的token] dee499163a224957a7664bb1425fbf14
2026-05-05 00:39:21.799 [http-nio-5000-exec-8] INFO  com.project.demo.service.base.BaseService - 生成的最终SQL:  WHERE `user_group` = '游客'  
2026-05-05 00:39:21.799 [http-nio-5000-exec-8] INFO  com.project.demo.service.base.BaseService - [auth] - 查询操作，sql: select * from `auth` WHERE `user_group` = '游客'  
2026-05-05 00:39:21.804 [http-nio-5000-exec-8] INFO  com.project.demo.service.base.BaseService - 生成的最终SQL:  WHERE `user_group` = '游客'  
2026-05-05 00:39:21.804 [http-nio-5000-exec-8] INFO  com.project.demo.service.base.BaseService - [auth] - 统计操作，sql: SELECT COUNT(*) FROM `auth` WHERE `user_group` = '游客'  
2026-05-05 00:39:21.807 [http-nio-5000-exec-9] INFO  com.project.demo.interceptor.LoginInterceptor - [请求接口] - http://localhost:5000/api/user/count , [请求类型] - GET
2026-05-05 00:39:21.807 [http-nio-5000-exec-9] INFO  com.project.demo.service.base.BaseService - 拼接统计函数前
2026-05-05 00:39:21.807 [http-nio-5000-exec-9] INFO  com.project.demo.service.base.BaseService - 生成的最终SQL:  WHERE is_delete = 0 
2026-05-05 00:39:21.808 [http-nio-5000-exec-9] INFO  com.project.demo.service.base.BaseService - [user] - 统计操作，sql: SELECT COUNT(*) FROM `user` WHERE is_delete = 0 
2026-05-05 00:39:21.809 [http-nio-5000-exec-1] INFO  com.project.demo.controller.UserController - [返回userId] 1
2026-05-05 00:39:21.809 [http-nio-5000-exec-1] INFO  com.project.demo.service.base.BaseService - 生成的最终SQL:  WHERE `user_id` = '1'  AND is_delete = 0 
2026-05-05 00:39:21.809 [http-nio-5000-exec-1] INFO  com.project.demo.service.base.BaseService - [user] - 查询操作，sql: select * from `user` WHERE `user_id` = '1'  AND is_delete = 0 
2026-05-05 00:39:21.809 [http-nio-5000-exec-7] INFO  com.project.demo.interceptor.LoginInterceptor - [请求接口] - http://localhost:5000/api/registered_user/count , [请求类型] - GET
2026-05-05 00:39:21.810 [http-nio-5000-exec-7] INFO  com.project.demo.service.base.BaseService - 拼接统计函数前
2026-05-05 00:39:21.810 [http-nio-5000-exec-7] INFO  com.project.demo.service.base.BaseService - 生成的最终SQL:  WHERE is_delete = 0 
2026-05-05 00:39:21.810 [http-nio-5000-exec-7] INFO  com.project.demo.service.base.BaseService - [registered_user] - 统计操作，sql: SELECT COUNT(*) FROM `registered_user` WHERE is_delete = 0 
2026-05-05 00:39:21.822 [http-nio-5000-exec-5] INFO  com.project.demo.interceptor.LoginInterceptor - [请求接口] - http://localhost:5000/api/purchasing_information/count , [请求类型] - GET
2026-05-05 00:39:21.823 [http-nio-5000-exec-5] INFO  com.project.demo.service.base.BaseService - 拼接统计函数前
2026-05-05 00:39:21.823 [http-nio-5000-exec-5] INFO  com.project.demo.service.base.BaseService - 生成的最终SQL:  WHERE is_delete = 0 
2026-05-05 00:39:21.823 [http-nio-5000-exec-5] INFO  com.project.demo.service.base.BaseService - [purchasing_information] - 统计操作，sql: SELECT COUNT(*) FROM `purchasing_information` WHERE is_delete = 0 
2026-05-05 00:39:21.825 [http-nio-5000-exec-4] INFO  com.project.demo.interceptor.LoginInterceptor - [请求接口] - http://localhost:5000/api/sales_information/count , [请求类型] - GET
2026-05-05 00:39:21.825 [http-nio-5000-exec-4] INFO  com.project.demo.service.base.BaseService - 拼接统计函数前
2026-05-05 00:39:21.825 [http-nio-5000-exec-4] INFO  com.project.demo.service.base.BaseService - 生成的最终SQL:  WHERE is_delete = 0 
2026-05-05 00:39:21.825 [http-nio-5000-exec-4] INFO  com.project.demo.service.base.BaseService - [sales_information] - 统计操作，sql: SELECT COUNT(*) FROM `sales_information` WHERE is_delete = 0 
2026-05-05 00:39:21.826 [http-nio-5000-exec-2] INFO  com.project.demo.interceptor.LoginInterceptor - [请求接口] - http://localhost:5000/api/inventory_information/count , [请求类型] - GET
2026-05-05 00:39:21.827 [http-nio-5000-exec-2] INFO  com.project.demo.service.base.BaseService - 拼接统计函数前
2026-05-05 00:39:21.827 [http-nio-5000-exec-2] INFO  com.project.demo.service.base.BaseService - 生成的最终SQL:  WHERE is_delete = 0 
2026-05-05 00:39:21.827 [http-nio-5000-exec-2] INFO  com.project.demo.service.base.BaseService - [inventory_information] - 统计操作，sql: SELECT COUNT(*) FROM `inventory_information` WHERE is_delete = 0 
2026-05-05 00:39:21.838 [http-nio-5000-exec-10] INFO  com.project.demo.interceptor.LoginInterceptor - [请求接口] - http://localhost:5000/api/sales_information/list_group , [请求类型] - GET
2026-05-05 00:39:21.842 [http-nio-5000-exec-3] INFO  com.project.demo.interceptor.LoginInterceptor - [请求接口] - http://localhost:5000/api/registered_user/list_group , [请求类型] - GET
2026-05-05 00:39:21.843 [http-nio-5000-exec-3] INFO  com.project.demo.service.base.BaseService - 生成的最终SQL:  WHERE is_delete = 0 
2026-05-05 00:39:21.843 [http-nio-5000-exec-3] INFO  com.project.demo.service.base.BaseService - [registered_user] - 查询操作，sql: select COUNT(*) AS count, user_gender from `registered_user`  WHERE is_delete = 0 group by user_gender 
2026-05-05 00:39:21.844 [http-nio-5000-exec-6] INFO  com.project.demo.interceptor.LoginInterceptor - [请求接口] - http://localhost:5000/api/supply_information/count , [请求类型] - GET
2026-05-05 00:39:21.844 [http-nio-5000-exec-6] INFO  com.project.demo.service.base.BaseService - 拼接统计函数前
2026-05-05 00:39:21.845 [http-nio-5000-exec-6] INFO  com.project.demo.service.base.BaseService - 生成的最终SQL:  WHERE is_delete = 0 
2026-05-05 00:39:21.845 [http-nio-5000-exec-6] INFO  com.project.demo.service.base.BaseService - [supply_information] - 统计操作，sql: SELECT COUNT(*) FROM `supply_information` WHERE is_delete = 0 
2026-05-05 00:39:21.845 [http-nio-5000-exec-10] INFO  com.project.demo.interceptor.LoginInterceptor - [请求接口] - http://localhost:5000/api/supply_information/list_group , [请求类型] - GET
2026-05-05 00:39:21.846 [http-nio-5000-exec-9] INFO  com.project.demo.interceptor.LoginInterceptor - [请求接口] - http://localhost:5000/api/views/list_group , [请求类型] - GET
2026-05-05 00:39:21.847 [http-nio-5000-exec-9] INFO  com.project.demo.service.base.BaseService - 生成的最终SQL: 
2026-05-05 00:39:21.848 [http-nio-5000-exec-9] INFO  com.project.demo.service.base.BaseService - [views] - 查询操作，sql: select COUNT(*) AS count, source_table from `views` group by source_table 
2026-05-05 00:39:21.849 [http-nio-5000-exec-10] INFO  com.project.demo.service.base.BaseService - 生成的最终SQL:  WHERE is_delete = 0 
2026-05-05 00:39:21.849 [http-nio-5000-exec-10] INFO  com.project.demo.service.base.BaseService - [supply_information] - 查询操作，sql: select COUNT(*) AS count, commodity_category from `supply_information`  WHERE is_delete = 0 group by commodity_category 
2026-05-05 00:39:21.867 [http-nio-5000-exec-7] INFO  com.project.demo.interceptor.LoginInterceptor - [请求接口] - http://localhost:5000/api/auth/get_list , [请求类型] - GET
2026-05-05 00:39:21.868 [http-nio-5000-exec-7] INFO  com.project.demo.service.base.BaseService - 生成的最终SQL:  WHERE `user_group` = '管理员'  
2026-05-05 00:39:21.868 [http-nio-5000-exec-7] INFO  com.project.demo.service.base.BaseService - [auth] - 查询操作，sql: select * from `auth` WHERE `user_group` = '管理员'  
2026-05-05 00:39:21.873 [http-nio-5000-exec-7] INFO  com.project.demo.service.base.BaseService - 生成的最终SQL:  WHERE `user_group` = '管理员'  
2026-05-05 00:39:21.873 [http-nio-5000-exec-7] INFO  com.project.demo.service.base.BaseService - [auth] - 统计操作，sql: SELECT COUNT(*) FROM `auth` WHERE `user_group` = '管理员'  
2026-05-05 00:39:21.897 [http-nio-5000-exec-5] INFO  com.project.demo.interceptor.LoginInterceptor - [请求接口] - http://localhost:5000/api/user/count , [请求类型] - GET
2026-05-05 00:39:21.897 [http-nio-5000-exec-5] INFO  com.project.demo.service.base.BaseService - 拼接统计函数前
2026-05-05 00:39:21.897 [http-nio-5000-exec-5] INFO  com.project.demo.service.base.BaseService - 生成的最终SQL:  WHERE is_delete = 0 
2026-05-05 00:39:21.897 [http-nio-5000-exec-5] INFO  com.project.demo.service.base.BaseService - [user] - 统计操作，sql: SELECT COUNT(*) FROM `user` WHERE is_delete = 0 
2026-05-05 00:39:21.900 [http-nio-5000-exec-4] INFO  com.project.demo.interceptor.LoginInterceptor - [请求接口] - http://localhost:5000/api/registered_user/count , [请求类型] - GET
2026-05-05 00:39:21.900 [http-nio-5000-exec-4] INFO  com.project.demo.service.base.BaseService - 拼接统计函数前
2026-05-05 00:39:21.900 [http-nio-5000-exec-4] INFO  com.project.demo.service.base.BaseService - 生成的最终SQL:  WHERE is_delete = 0 
2026-05-05 00:39:21.900 [http-nio-5000-exec-4] INFO  com.project.demo.service.base.BaseService - [registered_user] - 统计操作，sql: SELECT COUNT(*) FROM `registered_user` WHERE is_delete = 0 
2026-05-05 00:39:21.901 [http-nio-5000-exec-5] INFO  com.project.demo.interceptor.LoginInterceptor - [请求接口] - http://localhost:5000/api/sales_information/count , [请求类型] - GET
2026-05-05 00:39:21.901 [http-nio-5000-exec-5] INFO  com.project.demo.service.base.BaseService - 拼接统计函数前
2026-05-05 00:39:21.901 [http-nio-5000-exec-5] INFO  com.project.demo.service.base.BaseService - 生成的最终SQL:  WHERE is_delete = 0 
2026-05-05 00:39:21.901 [http-nio-5000-exec-5] INFO  com.project.demo.service.base.BaseService - [sales_information] - 统计操作，sql: SELECT COUNT(*) FROM `sales_information` WHERE is_delete = 0 
2026-05-05 00:39:21.907 [http-nio-5000-exec-2] INFO  com.project.demo.interceptor.LoginInterceptor - [请求接口] - http://localhost:5000/api/inventory_information/count , [请求类型] - GET
2026-05-05 00:39:21.908 [http-nio-5000-exec-8] INFO  com.project.demo.interceptor.LoginInterceptor - [请求接口] - http://localhost:5000/api/purchasing_information/count , [请求类型] - GET
2026-05-05 00:39:21.908 [http-nio-5000-exec-8] INFO  com.project.demo.service.base.BaseService - 拼接统计函数前
2026-05-05 00:39:21.908 [http-nio-5000-exec-8] INFO  com.project.demo.service.base.BaseService - 生成的最终SQL:  WHERE is_delete = 0 
2026-05-05 00:39:21.908 [http-nio-5000-exec-8] INFO  com.project.demo.service.base.BaseService - [purchasing_information] - 统计操作，sql: SELECT COUNT(*) FROM `purchasing_information` WHERE is_delete = 0 
2026-05-05 00:39:21.911 [http-nio-5000-exec-3] INFO  com.project.demo.interceptor.LoginInterceptor - [请求接口] - http://localhost:5000/api/supply_information/count , [请求类型] - GET
2026-05-05 00:39:21.911 [http-nio-5000-exec-3] INFO  com.project.demo.service.base.BaseService - 拼接统计函数前
2026-05-05 00:39:21.911 [http-nio-5000-exec-3] INFO  com.project.demo.service.base.BaseService - 生成的最终SQL:  WHERE is_delete = 0 
2026-05-05 00:39:21.912 [http-nio-5000-exec-3] INFO  com.project.demo.service.base.BaseService - [supply_information] - 统计操作，sql: SELECT COUNT(*) FROM `supply_information` WHERE is_delete = 0 
2026-05-05 00:39:21.912 [http-nio-5000-exec-2] INFO  com.project.demo.service.base.BaseService - 拼接统计函数前
2026-05-05 00:39:21.912 [http-nio-5000-exec-2] INFO  com.project.demo.service.base.BaseService - 生成的最终SQL:  WHERE is_delete = 0 
2026-05-05 00:39:21.912 [http-nio-5000-exec-2] INFO  com.project.demo.service.base.BaseService - [inventory_information] - 统计操作，sql: SELECT COUNT(*) FROM `inventory_information` WHERE is_delete = 0 
2026-05-05 00:39:21.913 [http-nio-5000-exec-6] INFO  com.project.demo.interceptor.LoginInterceptor - [请求接口] - http://localhost:5000/api/sales_information/list_group , [请求类型] - GET
2026-05-05 00:39:21.918 [http-nio-5000-exec-9] INFO  com.project.demo.interceptor.LoginInterceptor - [请求接口] - http://localhost:5000/api/registered_user/list_group , [请求类型] - GET
2026-05-05 00:39:21.919 [http-nio-5000-exec-9] INFO  com.project.demo.service.base.BaseService - 生成的最终SQL:  WHERE is_delete = 0 
2026-05-05 00:39:21.919 [http-nio-5000-exec-9] INFO  com.project.demo.service.base.BaseService - [registered_user] - 查询操作，sql: select COUNT(*) AS count, user_gender from `registered_user`  WHERE is_delete = 0 group by user_gender 
2026-05-05 00:39:21.919 [http-nio-5000-exec-10] INFO  com.project.demo.interceptor.LoginInterceptor - [请求接口] - http://localhost:5000/api/supply_information/list_group , [请求类型] - GET
2026-05-05 00:39:21.919 [http-nio-5000-exec-10] INFO  com.project.demo.service.base.BaseService - 生成的最终SQL:  WHERE is_delete = 0 
2026-05-05 00:39:21.919 [http-nio-5000-exec-10] INFO  com.project.demo.service.base.BaseService - [supply_information] - 查询操作，sql: select COUNT(*) AS count, commodity_category from `supply_information`  WHERE is_delete = 0 group by commodity_category 
2026-05-05 00:39:21.921 [http-nio-5000-exec-7] INFO  com.project.demo.interceptor.LoginInterceptor - [请求接口] - http://localhost:5000/api/views/list_group , [请求类型] - GET
2026-05-05 00:39:21.922 [http-nio-5000-exec-7] INFO  com.project.demo.service.base.BaseService - 生成的最终SQL: 
2026-05-05 00:39:21.923 [http-nio-5000-exec-7] INFO  com.project.demo.service.base.BaseService - [views] - 查询操作，sql: select COUNT(*) AS count, source_table from `views` group by source_table 
2026-05-05 00:39:21.927 [http-nio-5000-exec-1] INFO  com.project.demo.interceptor.LoginInterceptor - [请求接口] - http://localhost:5000/api/upload/O1CN01A1wr3R26fA5Ne05Sj_!!2219275407688.png_460x460q90.jpg_.webp , [请求类型] - GET
2026-05-05 00:39:21.942 [http-nio-5000-exec-4] INFO  com.project.demo.interceptor.LoginInterceptor - [请求接口] - http://localhost:5000/api/inventory_information/list_group , [请求类型] - GET
2026-05-05 00:39:21.992 [http-nio-5000-exec-5] INFO  com.project.demo.interceptor.LoginInterceptor - [请求接口] - http://localhost:5000/api/auth/get_list , [请求类型] - GET
2026-05-05 00:39:21.993 [http-nio-5000-exec-5] INFO  com.project.demo.service.base.BaseService - 生成的最终SQL:  WHERE `user_group` = '管理员'  
2026-05-05 00:39:21.993 [http-nio-5000-exec-5] INFO  com.project.demo.service.base.BaseService - [auth] - 查询操作，sql: select * from `auth` WHERE `user_group` = '管理员'  
2026-05-05 00:39:21.997 [http-nio-5000-exec-5] INFO  com.project.demo.service.base.BaseService - 生成的最终SQL:  WHERE `user_group` = '管理员'  
2026-05-05 00:39:21.997 [http-nio-5000-exec-5] INFO  com.project.demo.service.base.BaseService - [auth] - 统计操作，sql: SELECT COUNT(*) FROM `auth` WHERE `user_group` = '管理员'  
2026-05-05 00:39:22.034 [http-nio-5000-exec-8] INFO  com.project.demo.interceptor.LoginInterceptor - [请求接口] - http://localhost:5000/api/inventory_information/list_group , [请求类型] - GET
2026-05-05 00:39:22.059 [http-nio-5000-exec-2] INFO  com.project.demo.interceptor.LoginInterceptor - [请求接口] - http://localhost:5000/api/purchasing_information/list_group , [请求类型] - GET
2026-05-05 00:39:22.083 [http-nio-5000-exec-3] INFO  com.project.demo.interceptor.LoginInterceptor - [请求接口] - http://localhost:5000/api/purchasing_information/list_group , [请求类型] - GET
2026-05-05 00:39:40.543 [Thread-47] INFO  org.springframework.scheduling.concurrent.ThreadPoolTaskExecutor - Shutting down ExecutorService 'applicationTaskExecutor'
2026-05-05 00:39:40.650 [Thread-47] INFO  org.springframework.orm.jpa.LocalContainerEntityManagerFactoryBean - Closing JPA EntityManagerFactory for persistence unit 'default'
2026-05-05 00:39:40.652 [Thread-47] INFO  com.alibaba.druid.pool.DruidDataSource - {dataSource-11} closing ...
2026-05-05 00:39:40.653 [Thread-47] INFO  com.alibaba.druid.pool.DruidDataSource - {dataSource-11} closed
2026-05-05 00:39:40.966 [restartedMain] INFO  com.project.demo.Application - Starting Application on debian with PID 120129 (/home/yuan/Desktop/bishe-main/target/classes started by yuan in /home/yuan/Desktop/bishe-main)
2026-05-05 00:39:40.967 [restartedMain] INFO  com.project.demo.Application - No active profile set, falling back to default profiles: default
2026-05-05 00:39:41.062 [restartedMain] INFO  org.springframework.data.repository.config.RepositoryConfigurationDelegate - Multiple Spring Data modules found, entering strict repository configuration mode!
2026-05-05 00:39:41.062 [restartedMain] INFO  org.springframework.data.repository.config.RepositoryConfigurationDelegate - Bootstrapping Spring Data JPA repositories in DEFAULT mode.
2026-05-05 00:39:41.067 [restartedMain] INFO  org.springframework.data.repository.config.RepositoryConfigurationDelegate - Finished Spring Data repository scanning in 4ms. Found 0 JPA repository interfaces.
2026-05-05 00:39:41.091 [restartedMain] INFO  org.springframework.data.repository.config.RepositoryConfigurationDelegate - Multiple Spring Data modules found, entering strict repository configuration mode!
2026-05-05 00:39:41.091 [restartedMain] INFO  org.springframework.data.repository.config.RepositoryConfigurationDelegate - Bootstrapping Spring Data Redis repositories in DEFAULT mode.
2026-05-05 00:39:41.096 [restartedMain] INFO  org.springframework.data.repository.config.RepositoryConfigurationDelegate - Finished Spring Data repository scanning in 4ms. Found 0 Redis repository interfaces.
2026-05-05 00:39:41.179 [restartedMain] INFO  org.springframework.boot.web.embedded.tomcat.TomcatWebServer - Tomcat initialized with port(s): 5000 (http)
2026-05-05 00:39:41.180 [restartedMain] INFO  org.apache.coyote.http11.Http11NioProtocol - Initializing ProtocolHandler ["http-nio-5000"]
2026-05-05 00:39:41.180 [restartedMain] INFO  org.apache.catalina.core.StandardService - Starting service [Tomcat]
2026-05-05 00:39:41.180 [restartedMain] INFO  org.apache.catalina.core.StandardEngine - Starting Servlet engine: [Apache Tomcat/9.0.31]
2026-05-05 00:39:41.182 [restartedMain] INFO  org.apache.catalina.core.ContainerBase.[Tomcat-2].[localhost].[/api] - Initializing Spring embedded WebApplicationContext
2026-05-05 00:39:41.182 [restartedMain] INFO  org.springframework.web.context.ContextLoader - Root WebApplicationContext: initialization completed in 213 ms
2026-05-05 00:39:41.191 [restartedMain] INFO  com.alibaba.druid.spring.boot.autoconfigure.DruidDataSourceAutoConfigure - Init DruidDataSource
2026-05-05 00:39:41.200 [restartedMain] INFO  com.alibaba.druid.pool.DruidDataSource - {dataSource-12} inited
2026-05-05 00:39:41.245 [restartedMain] INFO  org.hibernate.jpa.internal.util.LogHelper - HHH000204: Processing PersistenceUnitInfo [name: default]
2026-05-05 00:39:41.248 [restartedMain] INFO  org.hibernate.dialect.Dialect - HHH000400: Using dialect: org.hibernate.dialect.MySQL8Dialect
2026-05-05 00:39:41.258 [restartedMain] INFO  org.hibernate.engine.transaction.jta.platform.internal.JtaPlatformInitiator - HHH000490: Using JtaPlatform implementation: [org.hibernate.engine.transaction.jta.platform.internal.NoJtaPlatform]
2026-05-05 00:39:41.259 [restartedMain] INFO  org.springframework.orm.jpa.LocalContainerEntityManagerFactoryBean - Initialized JPA EntityManagerFactory for persistence unit 'default'
2026-05-05 00:39:41.735 [restartedMain] WARN  org.springframework.boot.autoconfigure.orm.jpa.JpaBaseConfiguration$JpaWebConfiguration - spring.jpa.open-in-view is enabled by default. Therefore, database queries may be performed during view rendering. Explicitly configure spring.jpa.open-in-view to disable this warning
2026-05-05 00:39:41.759 [restartedMain] INFO  org.springframework.scheduling.concurrent.ThreadPoolTaskExecutor - Initializing ExecutorService 'applicationTaskExecutor'
2026-05-05 00:39:41.821 [restartedMain] INFO  org.springframework.boot.devtools.autoconfigure.OptionalLiveReloadServer - LiveReload server is running on port 35729
2026-05-05 00:39:41.829 [restartedMain] INFO  org.apache.coyote.http11.Http11NioProtocol - Starting ProtocolHandler ["http-nio-5000"]
2026-05-05 00:39:41.834 [restartedMain] INFO  org.springframework.boot.web.embedded.tomcat.TomcatWebServer - Tomcat started on port(s): 5000 (http) with context path '/api'
2026-05-05 00:39:41.835 [restartedMain] INFO  com.project.demo.Application - Started Application in 0.904 seconds (JVM running for 1238.35)
2026-05-05 00:39:41.836 [restartedMain] INFO  org.springframework.boot.devtools.autoconfigure.ConditionEvaluationDeltaLoggingListener - Condition evaluation unchanged
2026-05-05 00:39:53.253 [Thread-55] INFO  org.springframework.scheduling.concurrent.ThreadPoolTaskExecutor - Shutting down ExecutorService 'applicationTaskExecutor'
2026-05-05 00:39:53.258 [Thread-55] INFO  org.springframework.orm.jpa.LocalContainerEntityManagerFactoryBean - Closing JPA EntityManagerFactory for persistence unit 'default'
2026-05-05 00:39:53.258 [Thread-55] INFO  com.alibaba.druid.pool.DruidDataSource - {dataSource-12} closing ...
2026-05-05 00:39:53.259 [Thread-55] INFO  com.alibaba.druid.pool.DruidDataSource - {dataSource-12} closed
2026-05-05 00:39:53.597 [restartedMain] INFO  com.project.demo.Application - Starting Application on debian with PID 120129 (/home/yuan/Desktop/bishe-main/target/classes started by yuan in /home/yuan/Desktop/bishe-main)
2026-05-05 00:39:53.597 [restartedMain] INFO  com.project.demo.Application - No active profile set, falling back to default profiles: default
2026-05-05 00:39:53.694 [restartedMain] INFO  org.springframework.data.repository.config.RepositoryConfigurationDelegate - Multiple Spring Data modules found, entering strict repository configuration mode!
2026-05-05 00:39:53.694 [restartedMain] INFO  org.springframework.data.repository.config.RepositoryConfigurationDelegate - Bootstrapping Spring Data JPA repositories in DEFAULT mode.
2026-05-05 00:39:53.698 [restartedMain] INFO  org.springframework.data.repository.config.RepositoryConfigurationDelegate - Finished Spring Data repository scanning in 4ms. Found 0 JPA repository interfaces.
2026-05-05 00:39:53.716 [restartedMain] INFO  org.springframework.data.repository.config.RepositoryConfigurationDelegate - Multiple Spring Data modules found, entering strict repository configuration mode!
2026-05-05 00:39:53.716 [restartedMain] INFO  org.springframework.data.repository.config.RepositoryConfigurationDelegate - Bootstrapping Spring Data Redis repositories in DEFAULT mode.
2026-05-05 00:39:53.720 [restartedMain] INFO  org.springframework.data.repository.config.RepositoryConfigurationDelegate - Finished Spring Data repository scanning in 2ms. Found 0 Redis repository interfaces.
2026-05-05 00:39:53.782 [restartedMain] INFO  org.springframework.boot.web.embedded.tomcat.TomcatWebServer - Tomcat initialized with port(s): 5000 (http)
2026-05-05 00:39:53.782 [restartedMain] INFO  org.apache.coyote.http11.Http11NioProtocol - Initializing ProtocolHandler ["http-nio-5000"]
2026-05-05 00:39:53.783 [restartedMain] INFO  org.apache.catalina.core.StandardService - Starting service [Tomcat]
2026-05-05 00:39:53.783 [restartedMain] INFO  org.apache.catalina.core.StandardEngine - Starting Servlet engine: [Apache Tomcat/9.0.31]
2026-05-05 00:39:53.784 [restartedMain] INFO  org.apache.catalina.core.ContainerBase.[Tomcat-2].[localhost].[/api] - Initializing Spring embedded WebApplicationContext
2026-05-05 00:39:53.784 [restartedMain] INFO  org.springframework.web.context.ContextLoader - Root WebApplicationContext: initialization completed in 185 ms
2026-05-05 00:39:53.791 [restartedMain] INFO  com.alibaba.druid.spring.boot.autoconfigure.DruidDataSourceAutoConfigure - Init DruidDataSource
2026-05-05 00:39:53.797 [restartedMain] INFO  com.alibaba.druid.pool.DruidDataSource - {dataSource-13} inited
2026-05-05 00:39:53.843 [restartedMain] INFO  org.hibernate.jpa.internal.util.LogHelper - HHH000204: Processing PersistenceUnitInfo [name: default]
2026-05-05 00:39:53.847 [restartedMain] INFO  org.hibernate.dialect.Dialect - HHH000400: Using dialect: org.hibernate.dialect.MySQL8Dialect
2026-05-05 00:39:53.857 [restartedMain] INFO  org.hibernate.engine.transaction.jta.platform.internal.JtaPlatformInitiator - HHH000490: Using JtaPlatform implementation: [org.hibernate.engine.transaction.jta.platform.internal.NoJtaPlatform]
2026-05-05 00:39:53.857 [restartedMain] INFO  org.springframework.orm.jpa.LocalContainerEntityManagerFactoryBean - Initialized JPA EntityManagerFactory for persistence unit 'default'
2026-05-05 00:39:54.392 [restartedMain] WARN  org.springframework.boot.autoconfigure.orm.jpa.JpaBaseConfiguration$JpaWebConfiguration - spring.jpa.open-in-view is enabled by default. Therefore, database queries may be performed during view rendering. Explicitly configure spring.jpa.open-in-view to disable this warning
2026-05-05 00:39:54.414 [restartedMain] INFO  org.springframework.scheduling.concurrent.ThreadPoolTaskExecutor - Initializing ExecutorService 'applicationTaskExecutor'
2026-05-05 00:39:54.480 [restartedMain] INFO  org.springframework.boot.devtools.autoconfigure.OptionalLiveReloadServer - LiveReload server is running on port 35729
2026-05-05 00:39:54.490 [restartedMain] INFO  org.apache.coyote.http11.Http11NioProtocol - Starting ProtocolHandler ["http-nio-5000"]
2026-05-05 00:39:54.493 [restartedMain] INFO  org.springframework.boot.web.embedded.tomcat.TomcatWebServer - Tomcat started on port(s): 5000 (http) with context path '/api'
2026-05-05 00:39:54.493 [restartedMain] INFO  com.project.demo.Application - Started Application in 0.929 seconds (JVM running for 1251.008)
2026-05-05 00:39:54.494 [restartedMain] INFO  org.springframework.boot.devtools.autoconfigure.ConditionEvaluationDeltaLoggingListener - Condition evaluation unchanged
2026-05-05 00:40:06.911 [Thread-60] INFO  org.springframework.scheduling.concurrent.ThreadPoolTaskExecutor - Shutting down ExecutorService 'applicationTaskExecutor'
2026-05-05 00:40:06.916 [Thread-60] INFO  org.springframework.orm.jpa.LocalContainerEntityManagerFactoryBean - Closing JPA EntityManagerFactory for persistence unit 'default'
2026-05-05 00:40:06.917 [Thread-60] INFO  com.alibaba.druid.pool.DruidDataSource - {dataSource-13} closing ...
2026-05-05 00:40:06.918 [Thread-60] INFO  com.alibaba.druid.pool.DruidDataSource - {dataSource-13} closed
2026-05-05 00:40:07.115 [restartedMain] INFO  com.project.demo.Application - Starting Application on debian with PID 120129 (/home/yuan/Desktop/bishe-main/target/classes started by yuan in /home/yuan/Desktop/bishe-main)
2026-05-05 00:40:07.115 [restartedMain] INFO  com.project.demo.Application - No active profile set, falling back to default profiles: default
2026-05-05 00:40:07.217 [restartedMain] INFO  org.springframework.data.repository.config.RepositoryConfigurationDelegate - Multiple Spring Data modules found, entering strict repository configuration mode!
2026-05-05 00:40:07.217 [restartedMain] INFO  org.springframework.data.repository.config.RepositoryConfigurationDelegate - Bootstrapping Spring Data JPA repositories in DEFAULT mode.
2026-05-05 00:40:07.221 [restartedMain] INFO  org.springframework.data.repository.config.RepositoryConfigurationDelegate - Finished Spring Data repository scanning in 3ms. Found 0 JPA repository interfaces.
2026-05-05 00:40:07.238 [restartedMain] INFO  org.springframework.data.repository.config.RepositoryConfigurationDelegate - Multiple Spring Data modules found, entering strict repository configuration mode!
2026-05-05 00:40:07.238 [restartedMain] INFO  org.springframework.data.repository.config.RepositoryConfigurationDelegate - Bootstrapping Spring Data Redis repositories in DEFAULT mode.
2026-05-05 00:40:07.241 [restartedMain] INFO  org.springframework.data.repository.config.RepositoryConfigurationDelegate - Finished Spring Data repository scanning in 2ms. Found 0 Redis repository interfaces.
2026-05-05 00:40:07.346 [restartedMain] INFO  org.springframework.boot.web.embedded.tomcat.TomcatWebServer - Tomcat initialized with port(s): 5000 (http)
2026-05-05 00:40:07.347 [restartedMain] INFO  org.apache.coyote.http11.Http11NioProtocol - Initializing ProtocolHandler ["http-nio-5000"]
2026-05-05 00:40:07.347 [restartedMain] INFO  org.apache.catalina.core.StandardService - Starting service [Tomcat]
2026-05-05 00:40:07.347 [restartedMain] INFO  org.apache.catalina.core.StandardEngine - Starting Servlet engine: [Apache Tomcat/9.0.31]
2026-05-05 00:40:07.349 [restartedMain] INFO  org.apache.catalina.core.ContainerBase.[Tomcat-2].[localhost].[/api] - Initializing Spring embedded WebApplicationContext
2026-05-05 00:40:07.349 [restartedMain] INFO  org.springframework.web.context.ContextLoader - Root WebApplicationContext: initialization completed in 231 ms
2026-05-05 00:40:07.361 [restartedMain] INFO  com.alibaba.druid.spring.boot.autoconfigure.DruidDataSourceAutoConfigure - Init DruidDataSource
2026-05-05 00:40:07.373 [restartedMain] INFO  com.alibaba.druid.pool.DruidDataSource - {dataSource-14} inited
2026-05-05 00:40:07.393 [restartedMain] INFO  org.hibernate.jpa.internal.util.LogHelper - HHH000204: Processing PersistenceUnitInfo [name: default]
2026-05-05 00:40:07.397 [restartedMain] INFO  org.hibernate.dialect.Dialect - HHH000400: Using dialect: org.hibernate.dialect.MySQL8Dialect
2026-05-05 00:40:07.407 [restartedMain] INFO  org.hibernate.engine.transaction.jta.platform.internal.JtaPlatformInitiator - HHH000490: Using JtaPlatform implementation: [org.hibernate.engine.transaction.jta.platform.internal.NoJtaPlatform]
2026-05-05 00:40:07.407 [restartedMain] INFO  org.springframework.orm.jpa.LocalContainerEntityManagerFactoryBean - Initialized JPA EntityManagerFactory for persistence unit 'default'
2026-05-05 00:40:07.815 [restartedMain] WARN  org.springframework.boot.autoconfigure.orm.jpa.JpaBaseConfiguration$JpaWebConfiguration - spring.jpa.open-in-view is enabled by default. Therefore, database queries may be performed during view rendering. Explicitly configure spring.jpa.open-in-view to disable this warning
2026-05-05 00:40:07.835 [restartedMain] INFO  org.springframework.scheduling.concurrent.ThreadPoolTaskExecutor - Initializing ExecutorService 'applicationTaskExecutor'
2026-05-05 00:40:07.891 [restartedMain] INFO  org.springframework.boot.devtools.autoconfigure.OptionalLiveReloadServer - LiveReload server is running on port 35729
2026-05-05 00:40:07.898 [restartedMain] INFO  org.apache.coyote.http11.Http11NioProtocol - Starting ProtocolHandler ["http-nio-5000"]
2026-05-05 00:40:07.904 [restartedMain] INFO  org.springframework.boot.web.embedded.tomcat.TomcatWebServer - Tomcat started on port(s): 5000 (http) with context path '/api'
2026-05-05 00:40:07.904 [restartedMain] INFO  com.project.demo.Application - Started Application in 0.816 seconds (JVM running for 1264.42)
2026-05-05 00:40:07.906 [restartedMain] INFO  org.springframework.boot.devtools.autoconfigure.ConditionEvaluationDeltaLoggingListener - Condition evaluation unchanged
2026-05-05 00:40:17.157 [http-nio-5000-exec-1] INFO  org.apache.catalina.core.ContainerBase.[Tomcat-2].[localhost].[/api] - Initializing Spring DispatcherServlet 'dispatcherServlet'
2026-05-05 00:40:17.157 [http-nio-5000-exec-1] INFO  org.springframework.web.servlet.DispatcherServlet - Initializing Servlet 'dispatcherServlet'
2026-05-05 00:40:17.164 [http-nio-5000-exec-1] INFO  org.springframework.web.servlet.DispatcherServlet - Completed initialization in 7 ms
2026-05-05 00:40:17.165 [http-nio-5000-exec-1] INFO  com.project.demo.interceptor.LoginInterceptor - [请求接口] - http://localhost:5000/api/user/count , [请求类型] - GET
2026-05-05 00:40:17.165 [http-nio-5000-exec-4] INFO  com.project.demo.interceptor.LoginInterceptor - [请求接口] - http://localhost:5000/api/supply_information/count , [请求类型] - GET
2026-05-05 00:40:17.165 [http-nio-5000-exec-5] INFO  com.project.demo.interceptor.LoginInterceptor - [请求接口] - http://localhost:5000/api/registered_user/count , [请求类型] - GET
2026-05-05 00:40:17.165 [http-nio-5000-exec-7] INFO  com.project.demo.interceptor.LoginInterceptor - [请求接口] - http://localhost:5000/api/sales_information/count , [请求类型] - GET
2026-05-05 00:40:17.165 [http-nio-5000-exec-3] INFO  com.project.demo.interceptor.LoginInterceptor - [请求接口] - http://localhost:5000/api/purchasing_information/count , [请求类型] - GET
2026-05-05 00:40:17.165 [http-nio-5000-exec-2] INFO  com.project.demo.interceptor.LoginInterceptor - [请求接口] - http://localhost:5000/api/inventory_information/count , [请求类型] - GET
2026-05-05 00:40:17.183 [http-nio-5000-exec-4] INFO  com.project.demo.service.base.BaseService - 拼接统计函数前
2026-05-05 00:40:17.183 [http-nio-5000-exec-4] INFO  com.project.demo.service.base.BaseService - 生成的最终SQL:  WHERE is_delete = 0 
2026-05-05 00:40:17.183 [http-nio-5000-exec-4] INFO  com.project.demo.service.base.BaseService - [supply_information] - 统计操作，sql: SELECT COUNT(*) FROM `supply_information` WHERE is_delete = 0 
2026-05-05 00:40:17.184 [http-nio-5000-exec-5] INFO  com.project.demo.service.base.BaseService - 拼接统计函数前
2026-05-05 00:40:17.184 [http-nio-5000-exec-5] INFO  com.project.demo.service.base.BaseService - 生成的最终SQL:  WHERE is_delete = 0 
2026-05-05 00:40:17.184 [http-nio-5000-exec-5] INFO  com.project.demo.service.base.BaseService - [registered_user] - 统计操作，sql: SELECT COUNT(*) FROM `registered_user` WHERE is_delete = 0 
2026-05-05 00:40:17.184 [http-nio-5000-exec-2] INFO  com.project.demo.service.base.BaseService - 拼接统计函数前
2026-05-05 00:40:17.184 [http-nio-5000-exec-2] INFO  com.project.demo.service.base.BaseService - 生成的最终SQL:  WHERE is_delete = 0 
2026-05-05 00:40:17.184 [http-nio-5000-exec-2] INFO  com.project.demo.service.base.BaseService - [inventory_information] - 统计操作，sql: SELECT COUNT(*) FROM `inventory_information` WHERE is_delete = 0 
2026-05-05 00:40:17.186 [http-nio-5000-exec-3] INFO  com.project.demo.service.base.BaseService - 拼接统计函数前
2026-05-05 00:40:17.186 [http-nio-5000-exec-7] INFO  com.project.demo.service.base.BaseService - 拼接统计函数前
2026-05-05 00:40:17.186 [http-nio-5000-exec-3] INFO  com.project.demo.service.base.BaseService - 生成的最终SQL:  WHERE is_delete = 0 
2026-05-05 00:40:17.186 [http-nio-5000-exec-7] INFO  com.project.demo.service.base.BaseService - 生成的最终SQL:  WHERE is_delete = 0 
2026-05-05 00:40:17.186 [http-nio-5000-exec-3] INFO  com.project.demo.service.base.BaseService - [purchasing_information] - 统计操作，sql: SELECT COUNT(*) FROM `purchasing_information` WHERE is_delete = 0 
2026-05-05 00:40:17.186 [http-nio-5000-exec-7] INFO  com.project.demo.service.base.BaseService - [sales_information] - 统计操作，sql: SELECT COUNT(*) FROM `sales_information` WHERE is_delete = 0 
2026-05-05 00:40:17.186 [http-nio-5000-exec-1] INFO  com.project.demo.service.base.BaseService - 拼接统计函数前
2026-05-05 00:40:17.187 [http-nio-5000-exec-1] INFO  com.project.demo.service.base.BaseService - 生成的最终SQL:  WHERE is_delete = 0 
2026-05-05 00:40:17.187 [http-nio-5000-exec-1] INFO  com.project.demo.service.base.BaseService - [user] - 统计操作，sql: SELECT COUNT(*) FROM `user` WHERE is_delete = 0 
2026-05-05 00:40:17.197 [http-nio-5000-exec-6] INFO  com.project.demo.interceptor.LoginInterceptor - [请求接口] - http://localhost:5000/api/registered_user/list_group , [请求类型] - GET
2026-05-05 00:40:17.197 [http-nio-5000-exec-8] INFO  com.project.demo.interceptor.LoginInterceptor - [请求接口] - http://localhost:5000/api/sales_information/list_group , [请求类型] - GET
2026-05-05 00:40:17.198 [http-nio-5000-exec-3] INFO  com.project.demo.interceptor.LoginInterceptor - [请求接口] - http://localhost:5000/api/supply_information/list_group , [请求类型] - GET
2026-05-05 00:40:17.199 [http-nio-5000-exec-6] INFO  com.project.demo.service.base.BaseService - 生成的最终SQL:  WHERE is_delete = 0 
2026-05-05 00:40:17.199 [http-nio-5000-exec-6] INFO  com.project.demo.service.base.BaseService - [registered_user] - 查询操作，sql: select COUNT(*) AS count, user_gender from `registered_user`  WHERE is_delete = 0 group by user_gender 
2026-05-05 00:40:17.199 [http-nio-5000-exec-3] INFO  com.project.demo.service.base.BaseService - 生成的最终SQL:  WHERE is_delete = 0 
2026-05-05 00:40:17.199 [http-nio-5000-exec-3] INFO  com.project.demo.service.base.BaseService - [supply_information] - 查询操作，sql: select COUNT(*) AS count, commodity_category from `supply_information`  WHERE is_delete = 0 group by commodity_category 
2026-05-05 00:40:17.200 [http-nio-5000-exec-10] INFO  com.project.demo.interceptor.LoginInterceptor - [请求接口] - http://localhost:5000/api/views/list_group , [请求类型] - GET
2026-05-05 00:40:17.212 [http-nio-5000-exec-10] INFO  com.project.demo.service.base.BaseService - 生成的最终SQL: 
2026-05-05 00:40:17.212 [http-nio-5000-exec-10] INFO  com.project.demo.service.base.BaseService - [views] - 查询操作，sql: select COUNT(*) AS count, source_table from `views` group by source_table 
2026-05-05 00:40:17.240 [http-nio-5000-exec-4] INFO  com.project.demo.interceptor.LoginInterceptor - [请求接口] - http://localhost:5000/api/inventory_information/list_group , [请求类型] - GET
2026-05-05 00:40:17.259 [http-nio-5000-exec-2] INFO  com.project.demo.interceptor.LoginInterceptor - [请求接口] - http://localhost:5000/api/purchasing_information/list_group , [请求类型] - GET
2026-05-05 00:40:34.354 [Thread-65] INFO  org.springframework.scheduling.concurrent.ThreadPoolTaskExecutor - Shutting down ExecutorService 'applicationTaskExecutor'
2026-05-05 00:40:34.358 [Thread-65] INFO  org.springframework.orm.jpa.LocalContainerEntityManagerFactoryBean - Closing JPA EntityManagerFactory for persistence unit 'default'
2026-05-05 00:40:34.366 [Thread-65] INFO  com.alibaba.druid.pool.DruidDataSource - {dataSource-14} closing ...
2026-05-05 00:40:34.367 [Thread-65] INFO  com.alibaba.druid.pool.DruidDataSource - {dataSource-14} closed
2026-05-05 00:40:34.863 [restartedMain] INFO  com.project.demo.Application - Starting Application on debian with PID 120129 (/home/yuan/Desktop/bishe-main/target/classes started by yuan in /home/yuan/Desktop/bishe-main)
2026-05-05 00:40:34.864 [restartedMain] INFO  com.project.demo.Application - No active profile set, falling back to default profiles: default
2026-05-05 00:40:34.976 [restartedMain] INFO  org.springframework.data.repository.config.RepositoryConfigurationDelegate - Multiple Spring Data modules found, entering strict repository configuration mode!
2026-05-05 00:40:34.976 [restartedMain] INFO  org.springframework.data.repository.config.RepositoryConfigurationDelegate - Bootstrapping Spring Data JPA repositories in DEFAULT mode.
2026-05-05 00:40:34.977 [restartedMain] INFO  org.springframework.data.repository.config.RepositoryConfigurationDelegate - Finished Spring Data repository scanning in 0ms. Found 0 JPA repository interfaces.
2026-05-05 00:40:35.005 [restartedMain] INFO  org.springframework.data.repository.config.RepositoryConfigurationDelegate - Multiple Spring Data modules found, entering strict repository configuration mode!
2026-05-05 00:40:35.006 [restartedMain] INFO  org.springframework.data.repository.config.RepositoryConfigurationDelegate - Bootstrapping Spring Data Redis repositories in DEFAULT mode.
2026-05-05 00:40:35.007 [restartedMain] INFO  org.springframework.data.repository.config.RepositoryConfigurationDelegate - Finished Spring Data repository scanning in 0ms. Found 0 Redis repository interfaces.
2026-05-05 00:40:35.035 [restartedMain] WARN  org.mybatis.spring.mapper.ClassPathMapperScanner - No MyBatis mapper was found in '[com.project.demo.dao]' package. Please check your configuration.
2026-05-05 00:40:35.094 [restartedMain] INFO  org.springframework.boot.web.embedded.tomcat.TomcatWebServer - Tomcat initialized with port(s): 5000 (http)
2026-05-05 00:40:35.095 [restartedMain] INFO  org.apache.coyote.http11.Http11NioProtocol - Initializing ProtocolHandler ["http-nio-5000"]
2026-05-05 00:40:35.095 [restartedMain] INFO  org.apache.catalina.core.StandardService - Starting service [Tomcat]
2026-05-05 00:40:35.096 [restartedMain] INFO  org.apache.catalina.core.StandardEngine - Starting Servlet engine: [Apache Tomcat/9.0.31]
2026-05-05 00:40:35.098 [restartedMain] INFO  org.apache.catalina.core.ContainerBase.[Tomcat-2].[localhost].[/api] - Initializing Spring embedded WebApplicationContext
2026-05-05 00:40:35.098 [restartedMain] INFO  org.springframework.web.context.ContextLoader - Root WebApplicationContext: initialization completed in 231 ms
2026-05-05 00:40:35.107 [restartedMain] INFO  com.alibaba.druid.spring.boot.autoconfigure.DruidDataSourceAutoConfigure - Init DruidDataSource
2026-05-05 00:40:35.119 [restartedMain] INFO  com.alibaba.druid.pool.DruidDataSource - {dataSource-15} inited
2026-05-05 00:40:35.164 [restartedMain] INFO  org.hibernate.jpa.internal.util.LogHelper - HHH000204: Processing PersistenceUnitInfo [name: default]
2026-05-05 00:40:35.168 [restartedMain] INFO  org.hibernate.dialect.Dialect - HHH000400: Using dialect: org.hibernate.dialect.MySQL8Dialect
2026-05-05 00:40:35.179 [restartedMain] INFO  org.hibernate.engine.transaction.jta.platform.internal.JtaPlatformInitiator - HHH000490: Using JtaPlatform implementation: [org.hibernate.engine.transaction.jta.platform.internal.NoJtaPlatform]
2026-05-05 00:40:35.179 [restartedMain] INFO  org.springframework.orm.jpa.LocalContainerEntityManagerFactoryBean - Initialized JPA EntityManagerFactory for persistence unit 'default'
2026-05-05 00:40:35.199 [restartedMain] WARN  org.springframework.boot.autoconfigure.orm.jpa.JpaBaseConfiguration$JpaWebConfiguration - spring.jpa.open-in-view is enabled by default. Therefore, database queries may be performed during view rendering. Explicitly configure spring.jpa.open-in-view to disable this warning
2026-05-05 00:40:35.225 [restartedMain] INFO  org.springframework.scheduling.concurrent.ThreadPoolTaskExecutor - Initializing ExecutorService 'applicationTaskExecutor'
2026-05-05 00:40:35.254 [restartedMain] WARN  org.springframework.boot.web.servlet.context.AnnotationConfigServletWebServerApplicationContext - Exception encountered during context initialization - cancelling refresh attempt: org.springframework.beans.factory.BeanCreationException: Error creating bean with name 'sqlSessionFactory' defined in class path resource [com/baomidou/mybatisplus/autoconfigure/MybatisPlusAutoConfiguration.class]: Bean instantiation via factory method failed; nested exception is org.springframework.beans.BeanInstantiationException: Failed to instantiate [org.apache.ibatis.session.SqlSessionFactory]: Factory method 'sqlSessionFactory' threw exception; nested exception is org.springframework.core.NestedIOException: Failed to parse mapping resource: 'file [/home/yuan/Desktop/bishe-main/target/classes/mapper/AccessTokenMapper.xml]'; nested exception is org.apache.ibatis.builder.BuilderException: Error parsing Mapper XML. The XML location is 'file [/home/yuan/Desktop/bishe-main/target/classes/mapper/AccessTokenMapper.xml]'. Cause: org.apache.ibatis.builder.BuilderException: Error resolving class. Cause: org.apache.ibatis.type.TypeException: Could not resolve type alias 'com.project.demo.entity.AccessToken'.  Cause: java.lang.ClassNotFoundException: Cannot find class: com.project.demo.entity.AccessToken
2026-05-05 00:40:35.254 [restartedMain] INFO  org.springframework.scheduling.concurrent.ThreadPoolTaskExecutor - Shutting down ExecutorService 'applicationTaskExecutor'
2026-05-05 00:40:35.254 [restartedMain] INFO  org.springframework.orm.jpa.LocalContainerEntityManagerFactoryBean - Closing JPA EntityManagerFactory for persistence unit 'default'
2026-05-05 00:40:35.254 [restartedMain] INFO  com.alibaba.druid.pool.DruidDataSource - {dataSource-15} closing ...
2026-05-05 00:40:35.255 [restartedMain] INFO  com.alibaba.druid.pool.DruidDataSource - {dataSource-15} closed
2026-05-05 00:40:35.256 [restartedMain] INFO  org.apache.catalina.core.StandardService - Stopping service [Tomcat]
2026-05-05 00:40:35.260 [restartedMain] INFO  org.springframework.boot.autoconfigure.logging.ConditionEvaluationReportLoggingListener - 

Error starting ApplicationContext. To display the conditions report re-run your application with 'debug' enabled.
2026-05-05 00:40:35.261 [restartedMain] ERROR org.springframework.boot.SpringApplication - Application run failed
org.springframework.beans.factory.BeanCreationException: Error creating bean with name 'sqlSessionFactory' defined in class path resource [com/baomidou/mybatisplus/autoconfigure/MybatisPlusAutoConfiguration.class]: Bean instantiation via factory method failed; nested exception is org.springframework.beans.BeanInstantiationException: Failed to instantiate [org.apache.ibatis.session.SqlSessionFactory]: Factory method 'sqlSessionFactory' threw exception; nested exception is org.springframework.core.NestedIOException: Failed to parse mapping resource: 'file [/home/yuan/Desktop/bishe-main/target/classes/mapper/AccessTokenMapper.xml]'; nested exception is org.apache.ibatis.builder.BuilderException: Error parsing Mapper XML. The XML location is 'file [/home/yuan/Desktop/bishe-main/target/classes/mapper/AccessTokenMapper.xml]'. Cause: org.apache.ibatis.builder.BuilderException: Error resolving class. Cause: org.apache.ibatis.type.TypeException: Could not resolve type alias 'com.project.demo.entity.AccessToken'.  Cause: java.lang.ClassNotFoundException: Cannot find class: com.project.demo.entity.AccessToken
	at org.springframework.beans.factory.support.ConstructorResolver.instantiate(ConstructorResolver.java:656) ~[spring-beans-5.2.4.RELEASE.jar:5.2.4.RELEASE]
	at org.springframework.beans.factory.support.ConstructorResolver.instantiateUsingFactoryMethod(ConstructorResolver.java:636) ~[spring-beans-5.2.4.RELEASE.jar:5.2.4.RELEASE]
	at org.springframework.beans.factory.support.AbstractAutowireCapableBeanFactory.instantiateUsingFactoryMethod(AbstractAutowireCapableBeanFactory.java:1338) ~[spring-beans-5.2.4.RELEASE.jar:5.2.4.RELEASE]
	at org.springframework.beans.factory.support.AbstractAutowireCapableBeanFactory.createBeanInstance(AbstractAutowireCapableBeanFactory.java:1177) ~[spring-beans-5.2.4.RELEASE.jar:5.2.4.RELEASE]
	at org.springframework.beans.factory.support.AbstractAutowireCapableBeanFactory.doCreateBean(AbstractAutowireCapableBeanFactory.java:557) ~[spring-beans-5.2.4.RELEASE.jar:5.2.4.RELEASE]
	at org.springframework.beans.factory.support.AbstractAutowireCapableBeanFactory.createBean(AbstractAutowireCapableBeanFactory.java:517) ~[spring-beans-5.2.4.RELEASE.jar:5.2.4.RELEASE]
	at org.springframework.beans.factory.support.AbstractBeanFactory.lambda$doGetBean$0(AbstractBeanFactory.java:323) ~[spring-beans-5.2.4.RELEASE.jar:5.2.4.RELEASE]
	at org.springframework.beans.factory.support.DefaultSingletonBeanRegistry.getSingleton(DefaultSingletonBeanRegistry.java:222) ~[spring-beans-5.2.4.RELEASE.jar:5.2.4.RELEASE]
	at org.springframework.beans.factory.support.AbstractBeanFactory.doGetBean(AbstractBeanFactory.java:321) ~[spring-beans-5.2.4.RELEASE.jar:5.2.4.RELEASE]
	at org.springframework.beans.factory.support.AbstractBeanFactory.getBean(AbstractBeanFactory.java:202) ~[spring-beans-5.2.4.RELEASE.jar:5.2.4.RELEASE]
	at org.springframework.beans.factory.support.DefaultListableBeanFactory.preInstantiateSingletons(DefaultListableBeanFactory.java:879) ~[spring-beans-5.2.4.RELEASE.jar:5.2.4.RELEASE]
	at org.springframework.context.support.AbstractApplicationContext.finishBeanFactoryInitialization(AbstractApplicationContext.java:878) ~[spring-context-5.2.4.RELEASE.jar:5.2.4.RELEASE]
	at org.springframework.context.support.AbstractApplicationContext.refresh(AbstractApplicationContext.java:550) ~[spring-context-5.2.4.RELEASE.jar:5.2.4.RELEASE]
	at org.springframework.boot.web.servlet.context.ServletWebServerApplicationContext.refresh(ServletWebServerApplicationContext.java:141) ~[spring-boot-2.2.5.RELEASE.jar:2.2.5.RELEASE]
	at org.springframework.boot.SpringApplication.refresh(SpringApplication.java:747) [spring-boot-2.2.5.RELEASE.jar:2.2.5.RELEASE]
	at org.springframework.boot.SpringApplication.refreshContext(SpringApplication.java:397) [spring-boot-2.2.5.RELEASE.jar:2.2.5.RELEASE]
	at org.springframework.boot.SpringApplication.run(SpringApplication.java:315) [spring-boot-2.2.5.RELEASE.jar:2.2.5.RELEASE]
	at org.springframework.boot.SpringApplication.run(SpringApplication.java:1226) [spring-boot-2.2.5.RELEASE.jar:2.2.5.RELEASE]
	at org.springframework.boot.SpringApplication.run(SpringApplication.java:1215) [spring-boot-2.2.5.RELEASE.jar:2.2.5.RELEASE]
	at com.project.demo.Application.main(Application.java:17) [classes/:?]
	at sun.reflect.NativeMethodAccessorImpl.invoke0(Native Method) ~[?:1.8.0_461]
	at sun.reflect.NativeMethodAccessorImpl.invoke(NativeMethodAccessorImpl.java:62) ~[?:1.8.0_461]
	at sun.reflect.DelegatingMethodAccessorImpl.invoke(DelegatingMethodAccessorImpl.java:43) ~[?:1.8.0_461]
	at java.lang.reflect.Method.invoke(Method.java:498) ~[?:1.8.0_461]
	at org.springframework.boot.devtools.restart.RestartLauncher.run(RestartLauncher.java:49) [spring-boot-devtools-2.2.5.RELEASE.jar:2.2.5.RELEASE]
Caused by: org.springframework.beans.BeanInstantiationException: Failed to instantiate [org.apache.ibatis.session.SqlSessionFactory]: Factory method 'sqlSessionFactory' threw exception; nested exception is org.springframework.core.NestedIOException: Failed to parse mapping resource: 'file [/home/yuan/Desktop/bishe-main/target/classes/mapper/AccessTokenMapper.xml]'; nested exception is org.apache.ibatis.builder.BuilderException: Error parsing Mapper XML. The XML location is 'file [/home/yuan/Desktop/bishe-main/target/classes/mapper/AccessTokenMapper.xml]'. Cause: org.apache.ibatis.builder.BuilderException: Error resolving class. Cause: org.apache.ibatis.type.TypeException: Could not resolve type alias 'com.project.demo.entity.AccessToken'.  Cause: java.lang.ClassNotFoundException: Cannot find class: com.project.demo.entity.AccessToken
	at org.springframework.beans.factory.support.SimpleInstantiationStrategy.instantiate(SimpleInstantiationStrategy.java:185) ~[spring-beans-5.2.4.RELEASE.jar:5.2.4.RELEASE]
	at org.springframework.beans.factory.support.ConstructorResolver.instantiate(ConstructorResolver.java:651) ~[spring-beans-5.2.4.RELEASE.jar:5.2.4.RELEASE]
	... 24 more
Caused by: org.springframework.core.NestedIOException: Failed to parse mapping resource: 'file [/home/yuan/Desktop/bishe-main/target/classes/mapper/AccessTokenMapper.xml]'; nested exception is org.apache.ibatis.builder.BuilderException: Error parsing Mapper XML. The XML location is 'file [/home/yuan/Desktop/bishe-main/target/classes/mapper/AccessTokenMapper.xml]'. Cause: org.apache.ibatis.builder.BuilderException: Error resolving class. Cause: org.apache.ibatis.type.TypeException: Could not resolve type alias 'com.project.demo.entity.AccessToken'.  Cause: java.lang.ClassNotFoundException: Cannot find class: com.project.demo.entity.AccessToken
	at com.baomidou.mybatisplus.extension.spring.MybatisSqlSessionFactoryBean.buildSqlSessionFactory(MybatisSqlSessionFactoryBean.java:595) ~[mybatis-plus-extension-3.4.3.1.jar:3.4.3.1]
	at com.baomidou.mybatisplus.extension.spring.MybatisSqlSessionFactoryBean.afterPropertiesSet(MybatisSqlSessionFactoryBean.java:431) ~[mybatis-plus-extension-3.4.3.1.jar:3.4.3.1]
	at com.baomidou.mybatisplus.extension.spring.MybatisSqlSessionFactoryBean.getObject(MybatisSqlSessionFactoryBean.java:628) ~[mybatis-plus-extension-3.4.3.1.jar:3.4.3.1]
	at com.baomidou.mybatisplus.autoconfigure.MybatisPlusAutoConfiguration.sqlSessionFactory(MybatisPlusAutoConfiguration.java:219) ~[mybatis-plus-boot-starter-3.4.3.1.jar:3.4.3.1]
	at sun.reflect.NativeMethodAccessorImpl.invoke0(Native Method) ~[?:1.8.0_461]
	at sun.reflect.NativeMethodAccessorImpl.invoke(NativeMethodAccessorImpl.java:62) ~[?:1.8.0_461]
	at sun.reflect.DelegatingMethodAccessorImpl.invoke(DelegatingMethodAccessorImpl.java:43) ~[?:1.8.0_461]
	at java.lang.reflect.Method.invoke(Method.java:498) ~[?:1.8.0_461]
	at org.springframework.beans.factory.support.SimpleInstantiationStrategy.instantiate(SimpleInstantiationStrategy.java:154) ~[spring-beans-5.2.4.RELEASE.jar:5.2.4.RELEASE]
	at org.springframework.beans.factory.support.ConstructorResolver.instantiate(ConstructorResolver.java:651) ~[spring-beans-5.2.4.RELEASE.jar:5.2.4.RELEASE]
	... 24 more
Caused by: org.apache.ibatis.builder.BuilderException: Error parsing Mapper XML. The XML location is 'file [/home/yuan/Desktop/bishe-main/target/classes/mapper/AccessTokenMapper.xml]'. Cause: org.apache.ibatis.builder.BuilderException: Error resolving class. Cause: org.apache.ibatis.type.TypeException: Could not resolve type alias 'com.project.demo.entity.AccessToken'.  Cause: java.lang.ClassNotFoundException: Cannot find class: com.project.demo.entity.AccessToken
	at org.apache.ibatis.builder.xml.XMLMapperBuilder.configurationElement(XMLMapperBuilder.java:123) ~[mybatis-3.5.7.jar:3.5.7]
	at org.apache.ibatis.builder.xml.XMLMapperBuilder.parse(XMLMapperBuilder.java:95) ~[mybatis-3.5.7.jar:3.5.7]
	at com.baomidou.mybatisplus.extension.spring.MybatisSqlSessionFactoryBean.buildSqlSessionFactory(MybatisSqlSessionFactoryBean.java:593) ~[mybatis-plus-extension-3.4.3.1.jar:3.4.3.1]
	at com.baomidou.mybatisplus.extension.spring.MybatisSqlSessionFactoryBean.afterPropertiesSet(MybatisSqlSessionFactoryBean.java:431) ~[mybatis-plus-extension-3.4.3.1.jar:3.4.3.1]
	at com.baomidou.mybatisplus.extension.spring.MybatisSqlSessionFactoryBean.getObject(MybatisSqlSessionFactoryBean.java:628) ~[mybatis-plus-extension-3.4.3.1.jar:3.4.3.1]
	at com.baomidou.mybatisplus.autoconfigure.MybatisPlusAutoConfiguration.sqlSessionFactory(MybatisPlusAutoConfiguration.java:219) ~[mybatis-plus-boot-starter-3.4.3.1.jar:3.4.3.1]
	at sun.reflect.NativeMethodAccessorImpl.invoke0(Native Method) ~[?:1.8.0_461]
	at sun.reflect.NativeMethodAccessorImpl.invoke(NativeMethodAccessorImpl.java:62) ~[?:1.8.0_461]
	at sun.reflect.DelegatingMethodAccessorImpl.invoke(DelegatingMethodAccessorImpl.java:43) ~[?:1.8.0_461]
	at java.lang.reflect.Method.invoke(Method.java:498) ~[?:1.8.0_461]
	at org.springframework.beans.factory.support.SimpleInstantiationStrategy.instantiate(SimpleInstantiationStrategy.java:154) ~[spring-beans-5.2.4.RELEASE.jar:5.2.4.RELEASE]
	at org.springframework.beans.factory.support.ConstructorResolver.instantiate(ConstructorResolver.java:651) ~[spring-beans-5.2.4.RELEASE.jar:5.2.4.RELEASE]
	... 24 more
Caused by: org.apache.ibatis.builder.BuilderException: Error resolving class. Cause: org.apache.ibatis.type.TypeException: Could not resolve type alias 'com.project.demo.entity.AccessToken'.  Cause: java.lang.ClassNotFoundException: Cannot find class: com.project.demo.entity.AccessToken
	at org.apache.ibatis.builder.BaseBuilder.resolveClass(BaseBuilder.java:118) ~[mybatis-3.5.7.jar:3.5.7]
	at org.apache.ibatis.builder.xml.XMLMapperBuilder.resultMapElement(XMLMapperBuilder.java:263) ~[mybatis-3.5.7.jar:3.5.7]
	at org.apache.ibatis.builder.xml.XMLMapperBuilder.resultMapElement(XMLMapperBuilder.java:254) ~[mybatis-3.5.7.jar:3.5.7]
	at org.apache.ibatis.builder.xml.XMLMapperBuilder.resultMapElements(XMLMapperBuilder.java:246) ~[mybatis-3.5.7.jar:3.5.7]
	at org.apache.ibatis.builder.xml.XMLMapperBuilder.configurationElement(XMLMapperBuilder.java:119) ~[mybatis-3.5.7.jar:3.5.7]
	at org.apache.ibatis.builder.xml.XMLMapperBuilder.parse(XMLMapperBuilder.java:95) ~[mybatis-3.5.7.jar:3.5.7]
	at com.baomidou.mybatisplus.extension.spring.MybatisSqlSessionFactoryBean.buildSqlSessionFactory(MybatisSqlSessionFactoryBean.java:593) ~[mybatis-plus-extension-3.4.3.1.jar:3.4.3.1]
	at com.baomidou.mybatisplus.extension.spring.MybatisSqlSessionFactoryBean.afterPropertiesSet(MybatisSqlSessionFactoryBean.java:431) ~[mybatis-plus-extension-3.4.3.1.jar:3.4.3.1]
	at com.baomidou.mybatisplus.extension.spring.MybatisSqlSessionFactoryBean.getObject(MybatisSqlSessionFactoryBean.java:628) ~[mybatis-plus-extension-3.4.3.1.jar:3.4.3.1]
	at com.baomidou.mybatisplus.autoconfigure.MybatisPlusAutoConfiguration.sqlSessionFactory(MybatisPlusAutoConfiguration.java:219) ~[mybatis-plus-boot-starter-3.4.3.1.jar:3.4.3.1]
	at sun.reflect.NativeMethodAccessorImpl.invoke0(Native Method) ~[?:1.8.0_461]
	at sun.reflect.NativeMethodAccessorImpl.invoke(NativeMethodAccessorImpl.java:62) ~[?:1.8.0_461]
	at sun.reflect.DelegatingMethodAccessorImpl.invoke(DelegatingMethodAccessorImpl.java:43) ~[?:1.8.0_461]
	at java.lang.reflect.Method.invoke(Method.java:498) ~[?:1.8.0_461]
	at org.springframework.beans.factory.support.SimpleInstantiationStrategy.instantiate(SimpleInstantiationStrategy.java:154) ~[spring-beans-5.2.4.RELEASE.jar:5.2.4.RELEASE]
	at org.springframework.beans.factory.support.ConstructorResolver.instantiate(ConstructorResolver.java:651) ~[spring-beans-5.2.4.RELEASE.jar:5.2.4.RELEASE]
	... 24 more
Caused by: org.apache.ibatis.type.TypeException: Could not resolve type alias 'com.project.demo.entity.AccessToken'.  Cause: java.lang.ClassNotFoundException: Cannot find class: com.project.demo.entity.AccessToken
	at org.apache.ibatis.type.TypeAliasRegistry.resolveAlias(TypeAliasRegistry.java:120) ~[mybatis-3.5.7.jar:3.5.7]
	at org.apache.ibatis.builder.BaseBuilder.resolveAlias(BaseBuilder.java:149) ~[mybatis-3.5.7.jar:3.5.7]
	at org.apache.ibatis.builder.BaseBuilder.resolveClass(BaseBuilder.java:116) ~[mybatis-3.5.7.jar:3.5.7]
	at org.apache.ibatis.builder.xml.XMLMapperBuilder.resultMapElement(XMLMapperBuilder.java:263) ~[mybatis-3.5.7.jar:3.5.7]
	at org.apache.ibatis.builder.xml.XMLMapperBuilder.resultMapElement(XMLMapperBuilder.java:254) ~[mybatis-3.5.7.jar:3.5.7]
	at org.apache.ibatis.builder.xml.XMLMapperBuilder.resultMapElements(XMLMapperBuilder.java:246) ~[mybatis-3.5.7.jar:3.5.7]
	at org.apache.ibatis.builder.xml.XMLMapperBuilder.configurationElement(XMLMapperBuilder.java:119) ~[mybatis-3.5.7.jar:3.5.7]
	at org.apache.ibatis.builder.xml.XMLMapperBuilder.parse(XMLMapperBuilder.java:95) ~[mybatis-3.5.7.jar:3.5.7]
	at com.baomidou.mybatisplus.extension.spring.MybatisSqlSessionFactoryBean.buildSqlSessionFactory(MybatisSqlSessionFactoryBean.java:593) ~[mybatis-plus-extension-3.4.3.1.jar:3.4.3.1]
	at com.baomidou.mybatisplus.extension.spring.MybatisSqlSessionFactoryBean.afterPropertiesSet(MybatisSqlSessionFactoryBean.java:431) ~[mybatis-plus-extension-3.4.3.1.jar:3.4.3.1]
	at com.baomidou.mybatisplus.extension.spring.MybatisSqlSessionFactoryBean.getObject(MybatisSqlSessionFactoryBean.java:628) ~[mybatis-plus-extension-3.4.3.1.jar:3.4.3.1]
	at com.baomidou.mybatisplus.autoconfigure.MybatisPlusAutoConfiguration.sqlSessionFactory(MybatisPlusAutoConfiguration.java:219) ~[mybatis-plus-boot-starter-3.4.3.1.jar:3.4.3.1]
	at sun.reflect.NativeMethodAccessorImpl.invoke0(Native Method) ~[?:1.8.0_461]
	at sun.reflect.NativeMethodAccessorImpl.invoke(NativeMethodAccessorImpl.java:62) ~[?:1.8.0_461]
	at sun.reflect.DelegatingMethodAccessorImpl.invoke(DelegatingMethodAccessorImpl.java:43) ~[?:1.8.0_461]
	at java.lang.reflect.Method.invoke(Method.java:498) ~[?:1.8.0_461]
	at org.springframework.beans.factory.support.SimpleInstantiationStrategy.instantiate(SimpleInstantiationStrategy.java:154) ~[spring-beans-5.2.4.RELEASE.jar:5.2.4.RELEASE]
	at org.springframework.beans.factory.support.ConstructorResolver.instantiate(ConstructorResolver.java:651) ~[spring-beans-5.2.4.RELEASE.jar:5.2.4.RELEASE]
	... 24 more
Caused by: java.lang.ClassNotFoundException: Cannot find class: com.project.demo.entity.AccessToken
	at org.apache.ibatis.io.ClassLoaderWrapper.classForName(ClassLoaderWrapper.java:196) ~[mybatis-3.5.7.jar:3.5.7]
	at org.apache.ibatis.io.ClassLoaderWrapper.classForName(ClassLoaderWrapper.java:89) ~[mybatis-3.5.7.jar:3.5.7]
	at org.apache.ibatis.io.Resources.classForName(Resources.java:261) ~[mybatis-3.5.7.jar:3.5.7]
	at org.apache.ibatis.type.TypeAliasRegistry.resolveAlias(TypeAliasRegistry.java:116) ~[mybatis-3.5.7.jar:3.5.7]
	at org.apache.ibatis.builder.BaseBuilder.resolveAlias(BaseBuilder.java:149) ~[mybatis-3.5.7.jar:3.5.7]
	at org.apache.ibatis.builder.BaseBuilder.resolveClass(BaseBuilder.java:116) ~[mybatis-3.5.7.jar:3.5.7]
	at org.apache.ibatis.builder.xml.XMLMapperBuilder.resultMapElement(XMLMapperBuilder.java:263) ~[mybatis-3.5.7.jar:3.5.7]
	at org.apache.ibatis.builder.xml.XMLMapperBuilder.resultMapElement(XMLMapperBuilder.java:254) ~[mybatis-3.5.7.jar:3.5.7]
	at org.apache.ibatis.builder.xml.XMLMapperBuilder.resultMapElements(XMLMapperBuilder.java:246) ~[mybatis-3.5.7.jar:3.5.7]
	at org.apache.ibatis.builder.xml.XMLMapperBuilder.configurationElement(XMLMapperBuilder.java:119) ~[mybatis-3.5.7.jar:3.5.7]
	at org.apache.ibatis.builder.xml.XMLMapperBuilder.parse(XMLMapperBuilder.java:95) ~[mybatis-3.5.7.jar:3.5.7]
	at com.baomidou.mybatisplus.extension.spring.MybatisSqlSessionFactoryBean.buildSqlSessionFactory(MybatisSqlSessionFactoryBean.java:593) ~[mybatis-plus-extension-3.4.3.1.jar:3.4.3.1]
	at com.baomidou.mybatisplus.extension.spring.MybatisSqlSessionFactoryBean.afterPropertiesSet(MybatisSqlSessionFactoryBean.java:431) ~[mybatis-plus-extension-3.4.3.1.jar:3.4.3.1]
	at com.baomidou.mybatisplus.extension.spring.MybatisSqlSessionFactoryBean.getObject(MybatisSqlSessionFactoryBean.java:628) ~[mybatis-plus-extension-3.4.3.1.jar:3.4.3.1]
	at com.baomidou.mybatisplus.autoconfigure.MybatisPlusAutoConfiguration.sqlSessionFactory(MybatisPlusAutoConfiguration.java:219) ~[mybatis-plus-boot-starter-3.4.3.1.jar:3.4.3.1]
	at sun.reflect.NativeMethodAccessorImpl.invoke0(Native Method) ~[?:1.8.0_461]
	at sun.reflect.NativeMethodAccessorImpl.invoke(NativeMethodAccessorImpl.java:62) ~[?:1.8.0_461]
	at sun.reflect.DelegatingMethodAccessorImpl.invoke(DelegatingMethodAccessorImpl.java:43) ~[?:1.8.0_461]
	at java.lang.reflect.Method.invoke(Method.java:498) ~[?:1.8.0_461]
	at org.springframework.beans.factory.support.SimpleInstantiationStrategy.instantiate(SimpleInstantiationStrategy.java:154) ~[spring-beans-5.2.4.RELEASE.jar:5.2.4.RELEASE]
	at org.springframework.beans.factory.support.ConstructorResolver.instantiate(ConstructorResolver.java:651) ~[spring-beans-5.2.4.RELEASE.jar:5.2.4.RELEASE]
	... 24 more
2026-05-05 00:40:38.133 [restartedMain] INFO  com.project.demo.Application - Starting Application on debian with PID 120129 (/home/yuan/Desktop/bishe-main/target/classes started by yuan in /home/yuan/Desktop/bishe-main)
2026-05-05 00:40:38.133 [restartedMain] INFO  com.project.demo.Application - No active profile set, falling back to default profiles: default
2026-05-05 00:40:38.290 [restartedMain] INFO  org.springframework.data.repository.config.RepositoryConfigurationDelegate - Multiple Spring Data modules found, entering strict repository configuration mode!
2026-05-05 00:40:38.290 [restartedMain] INFO  org.springframework.data.repository.config.RepositoryConfigurationDelegate - Bootstrapping Spring Data JPA repositories in DEFAULT mode.
2026-05-05 00:40:38.296 [restartedMain] INFO  org.springframework.data.repository.config.RepositoryConfigurationDelegate - Finished Spring Data repository scanning in 5ms. Found 0 JPA repository interfaces.
2026-05-05 00:40:38.323 [restartedMain] INFO  org.springframework.data.repository.config.RepositoryConfigurationDelegate - Multiple Spring Data modules found, entering strict repository configuration mode!
2026-05-05 00:40:38.323 [restartedMain] INFO  org.springframework.data.repository.config.RepositoryConfigurationDelegate - Bootstrapping Spring Data Redis repositories in DEFAULT mode.
2026-05-05 00:40:38.329 [restartedMain] INFO  org.springframework.data.repository.config.RepositoryConfigurationDelegate - Finished Spring Data repository scanning in 5ms. Found 0 Redis repository interfaces.
2026-05-05 00:40:38.460 [restartedMain] INFO  org.springframework.boot.web.embedded.tomcat.TomcatWebServer - Tomcat initialized with port(s): 5000 (http)
2026-05-05 00:40:38.461 [restartedMain] INFO  org.apache.coyote.http11.Http11NioProtocol - Initializing ProtocolHandler ["http-nio-5000"]
2026-05-05 00:40:38.461 [restartedMain] INFO  org.apache.catalina.core.StandardService - Starting service [Tomcat]
2026-05-05 00:40:38.461 [restartedMain] INFO  org.apache.catalina.core.StandardEngine - Starting Servlet engine: [Apache Tomcat/9.0.31]
2026-05-05 00:40:38.466 [restartedMain] INFO  org.apache.catalina.core.ContainerBase.[Tomcat-3].[localhost].[/api] - Initializing Spring embedded WebApplicationContext
2026-05-05 00:40:38.466 [restartedMain] INFO  org.springframework.web.context.ContextLoader - Root WebApplicationContext: initialization completed in 330 ms
2026-05-05 00:40:38.480 [restartedMain] INFO  com.alibaba.druid.spring.boot.autoconfigure.DruidDataSourceAutoConfigure - Init DruidDataSource
2026-05-05 00:40:38.495 [restartedMain] INFO  com.alibaba.druid.pool.DruidDataSource - {dataSource-16} inited
2026-05-05 00:40:38.520 [restartedMain] INFO  org.hibernate.jpa.internal.util.LogHelper - HHH000204: Processing PersistenceUnitInfo [name: default]
2026-05-05 00:40:38.526 [restartedMain] INFO  org.hibernate.dialect.Dialect - HHH000400: Using dialect: org.hibernate.dialect.MySQL8Dialect
2026-05-05 00:40:38.539 [restartedMain] INFO  org.hibernate.engine.transaction.jta.platform.internal.JtaPlatformInitiator - HHH000490: Using JtaPlatform implementation: [org.hibernate.engine.transaction.jta.platform.internal.NoJtaPlatform]
2026-05-05 00:40:38.539 [restartedMain] INFO  org.springframework.orm.jpa.LocalContainerEntityManagerFactoryBean - Initialized JPA EntityManagerFactory for persistence unit 'default'
2026-05-05 00:40:39.154 [restartedMain] WARN  org.springframework.boot.autoconfigure.orm.jpa.JpaBaseConfiguration$JpaWebConfiguration - spring.jpa.open-in-view is enabled by default. Therefore, database queries may be performed during view rendering. Explicitly configure spring.jpa.open-in-view to disable this warning
2026-05-05 00:40:39.187 [restartedMain] INFO  org.springframework.scheduling.concurrent.ThreadPoolTaskExecutor - Initializing ExecutorService 'applicationTaskExecutor'
2026-05-05 00:40:39.262 [restartedMain] INFO  org.springframework.boot.devtools.autoconfigure.OptionalLiveReloadServer - LiveReload server is running on port 35729
2026-05-05 00:40:39.273 [restartedMain] INFO  org.apache.coyote.http11.Http11NioProtocol - Starting ProtocolHandler ["http-nio-5000"]
2026-05-05 00:40:39.279 [restartedMain] INFO  org.springframework.boot.web.embedded.tomcat.TomcatWebServer - Tomcat started on port(s): 5000 (http) with context path '/api'
2026-05-05 00:40:39.279 [restartedMain] INFO  com.project.demo.Application - Started Application in 1.198 seconds (JVM running for 1295.794)
2026-05-05 00:40:39.280 [restartedMain] INFO  org.springframework.boot.devtools.autoconfigure.ConditionEvaluationDeltaLoggingListener - Condition evaluation unchanged
2026-05-05 00:40:55.451 [http-nio-5000-exec-1] INFO  org.apache.catalina.core.ContainerBase.[Tomcat-3].[localhost].[/api] - Initializing Spring DispatcherServlet 'dispatcherServlet'
2026-05-05 00:40:55.451 [http-nio-5000-exec-1] INFO  org.springframework.web.servlet.DispatcherServlet - Initializing Servlet 'dispatcherServlet'
2026-05-05 00:40:55.454 [http-nio-5000-exec-1] INFO  org.springframework.web.servlet.DispatcherServlet - Completed initialization in 2 ms
2026-05-05 00:40:55.454 [http-nio-5000-exec-1] INFO  com.project.demo.interceptor.LoginInterceptor - [请求接口] - http://localhost:5000/api/sales_information/list_group , [请求类型] - GET
2026-05-05 00:41:15.930 [http-nio-5000-exec-3] INFO  com.project.demo.interceptor.LoginInterceptor - [请求接口] - http://localhost:5000/api/user/get_list , [请求类型] - GET
2026-05-05 00:41:15.949 [http-nio-5000-exec-4] INFO  com.project.demo.interceptor.LoginInterceptor - [请求接口] - http://localhost:5000/api/user_group/get_list , [请求类型] - GET
2026-05-05 00:41:15.952 [http-nio-5000-exec-3] INFO  com.project.demo.service.base.BaseService - 生成的最终SQL:  WHERE `user_group` LIKE '%管理员%'  AND is_delete = 0 
2026-05-05 00:41:15.953 [http-nio-5000-exec-3] INFO  com.project.demo.service.base.BaseService - [user] - 查询操作，sql: select * from `user` WHERE `user_group` LIKE '%管理员%'  AND is_delete = 0 order by create_time desc  limit 0 , 10
2026-05-05 00:41:15.958 [http-nio-5000-exec-4] INFO  com.project.demo.service.base.BaseService - 生成的最终SQL: 
2026-05-05 00:41:15.958 [http-nio-5000-exec-4] INFO  com.project.demo.service.base.BaseService - [user_group] - 查询操作，sql: select * from `user_group`
2026-05-05 00:41:15.961 [http-nio-5000-exec-3] INFO  com.project.demo.service.base.BaseService - 生成的最终SQL:  WHERE `user_group` LIKE '%管理员%'  AND is_delete = 0 
2026-05-05 00:41:15.962 [http-nio-5000-exec-3] INFO  com.project.demo.service.base.BaseService - [user] - 统计操作，sql: SELECT COUNT(*) FROM `user` WHERE `user_group` LIKE '%管理员%'  AND is_delete = 0 
2026-05-05 00:41:15.967 [http-nio-5000-exec-4] INFO  com.project.demo.service.base.BaseService - 生成的最终SQL: 
2026-05-05 00:41:15.967 [http-nio-5000-exec-4] INFO  com.project.demo.service.base.BaseService - [user_group] - 统计操作，sql: SELECT COUNT(*) FROM `user_group`
2026-05-05 00:41:16.330 [http-nio-5000-exec-5] INFO  com.project.demo.interceptor.LoginInterceptor - [请求接口] - http://localhost:5000/api/registered_user/get_list , [请求类型] - GET
2026-05-05 00:41:16.371 [http-nio-5000-exec-6] INFO  com.project.demo.interceptor.LoginInterceptor - [请求接口] - http://localhost:5000/api/user/get_obj , [请求类型] - GET
2026-05-05 00:41:16.372 [http-nio-5000-exec-6] INFO  com.project.demo.service.base.BaseService - 生成的最终SQL:  WHERE `user_id` = '1'  AND is_delete = 0 
2026-05-05 00:41:16.372 [http-nio-5000-exec-6] INFO  com.project.demo.service.base.BaseService - [user] - 查询操作，sql: select * from `user` WHERE `user_id` = '1'  AND is_delete = 0 
2026-05-05 00:41:16.797 [http-nio-5000-exec-8] INFO  com.project.demo.interceptor.LoginInterceptor - [请求接口] - http://localhost:5000/api/user_group/get_list , [请求类型] - GET
2026-05-05 00:41:16.797 [http-nio-5000-exec-8] INFO  com.project.demo.service.base.BaseService - 生成的最终SQL: 
2026-05-05 00:41:16.798 [http-nio-5000-exec-8] INFO  com.project.demo.service.base.BaseService - [user_group] - 查询操作，sql: select * from `user_group`order by group_id asc  limit 0 , 10
2026-05-05 00:41:16.799 [http-nio-5000-exec-8] INFO  com.project.demo.service.base.BaseService - 生成的最终SQL: 
2026-05-05 00:41:16.800 [http-nio-5000-exec-8] INFO  com.project.demo.service.base.BaseService - [user_group] - 统计操作，sql: SELECT COUNT(*) FROM `user_group`
2026-05-05 00:41:19.181 [http-nio-5000-exec-7] INFO  com.project.demo.interceptor.LoginInterceptor - [请求接口] - http://localhost:5000/api/commodity_information/get_list , [请求类型] - GET
2026-05-05 00:41:19.188 [http-nio-5000-exec-7] INFO  com.project.demo.service.base.BaseService - 生成的最终SQL:  WHERE is_delete = 0 
2026-05-05 00:41:19.189 [http-nio-5000-exec-7] INFO  com.project.demo.service.base.BaseService - [commodity_information] - 查询操作，sql: select * from `commodity_information` WHERE is_delete = 0 order by create_time desc  limit 0 , 7
2026-05-05 00:41:19.192 [http-nio-5000-exec-7] INFO  com.project.demo.service.base.BaseService - 生成的最终SQL:  WHERE is_delete = 0 
2026-05-05 00:41:19.192 [http-nio-5000-exec-7] INFO  com.project.demo.service.base.BaseService - [commodity_information] - 统计操作，sql: SELECT COUNT(*) FROM `commodity_information` WHERE is_delete = 0 
2026-05-05 00:41:19.243 [http-nio-5000-exec-9] INFO  com.project.demo.interceptor.LoginInterceptor - [请求接口] - http://localhost:5000/api/upload/O1CN01EBbQPP1q2CWxm7wtb_!!4611686018427385277-0-item_pic.jpg_460x460q90.jpg_.webp , [请求类型] - GET
2026-05-05 00:41:21.081 [http-nio-5000-exec-10] INFO  com.project.demo.interceptor.LoginInterceptor - [请求接口] - http://localhost:5000/api/user/count , [请求类型] - GET
2026-05-05 00:41:21.081 [http-nio-5000-exec-10] INFO  com.project.demo.service.base.BaseService - 拼接统计函数前
2026-05-05 00:41:21.082 [http-nio-5000-exec-10] INFO  com.project.demo.service.base.BaseService - 生成的最终SQL:  WHERE is_delete = 0 
2026-05-05 00:41:21.082 [http-nio-5000-exec-10] INFO  com.project.demo.service.base.BaseService - [user] - 统计操作，sql: SELECT COUNT(*) FROM `user` WHERE is_delete = 0 
2026-05-05 00:41:21.088 [http-nio-5000-exec-1] INFO  com.project.demo.interceptor.LoginInterceptor - [请求接口] - http://localhost:5000/api/registered_user/count , [请求类型] - GET
2026-05-05 00:41:21.088 [http-nio-5000-exec-2] INFO  com.project.demo.interceptor.LoginInterceptor - [请求接口] - http://localhost:5000/api/sales_information/count , [请求类型] - GET
2026-05-05 00:41:21.088 [http-nio-5000-exec-1] INFO  com.project.demo.service.base.BaseService - 拼接统计函数前
2026-05-05 00:41:21.088 [http-nio-5000-exec-1] INFO  com.project.demo.service.base.BaseService - 生成的最终SQL:  WHERE is_delete = 0 
2026-05-05 00:41:21.088 [http-nio-5000-exec-1] INFO  com.project.demo.service.base.BaseService - [registered_user] - 统计操作，sql: SELECT COUNT(*) FROM `registered_user` WHERE is_delete = 0 
2026-05-05 00:41:21.088 [http-nio-5000-exec-2] INFO  com.project.demo.service.base.BaseService - 拼接统计函数前
2026-05-05 00:41:21.088 [http-nio-5000-exec-2] INFO  com.project.demo.service.base.BaseService - 生成的最终SQL:  WHERE is_delete = 0 
2026-05-05 00:41:21.088 [http-nio-5000-exec-2] INFO  com.project.demo.service.base.BaseService - [sales_information] - 统计操作，sql: SELECT COUNT(*) FROM `sales_information` WHERE is_delete = 0 
2026-05-05 00:41:21.089 [http-nio-5000-exec-3] INFO  com.project.demo.interceptor.LoginInterceptor - [请求接口] - http://localhost:5000/api/inventory_information/count , [请求类型] - GET
2026-05-05 00:41:21.091 [http-nio-5000-exec-4] INFO  com.project.demo.interceptor.LoginInterceptor - [请求接口] - http://localhost:5000/api/purchasing_information/count , [请求类型] - GET
2026-05-05 00:41:21.092 [http-nio-5000-exec-5] INFO  com.project.demo.interceptor.LoginInterceptor - [请求接口] - http://localhost:5000/api/supply_information/count , [请求类型] - GET
2026-05-05 00:41:21.099 [http-nio-5000-exec-4] INFO  com.project.demo.service.base.BaseService - 拼接统计函数前
2026-05-05 00:41:21.099 [http-nio-5000-exec-4] INFO  com.project.demo.service.base.BaseService - 生成的最终SQL:  WHERE is_delete = 0 
2026-05-05 00:41:21.099 [http-nio-5000-exec-4] INFO  com.project.demo.service.base.BaseService - [purchasing_information] - 统计操作，sql: SELECT COUNT(*) FROM `purchasing_information` WHERE is_delete = 0 
2026-05-05 00:41:21.099 [http-nio-5000-exec-6] INFO  com.project.demo.interceptor.LoginInterceptor - [请求接口] - http://localhost:5000/api/sales_information/list_group , [请求类型] - GET
2026-05-05 00:41:21.102 [http-nio-5000-exec-3] INFO  com.project.demo.service.base.BaseService - 拼接统计函数前
2026-05-05 00:41:21.104 [http-nio-5000-exec-3] INFO  com.project.demo.service.base.BaseService - 生成的最终SQL:  WHERE is_delete = 0 
2026-05-05 00:41:21.104 [http-nio-5000-exec-3] INFO  com.project.demo.service.base.BaseService - [inventory_information] - 统计操作，sql: SELECT COUNT(*) FROM `inventory_information` WHERE is_delete = 0 
2026-05-05 00:41:21.106 [http-nio-5000-exec-8] INFO  com.project.demo.interceptor.LoginInterceptor - [请求接口] - http://localhost:5000/api/registered_user/list_group , [请求类型] - GET
2026-05-05 00:41:21.107 [http-nio-5000-exec-7] INFO  com.project.demo.interceptor.LoginInterceptor - [请求接口] - http://localhost:5000/api/supply_information/list_group , [请求类型] - GET
2026-05-05 00:41:21.108 [http-nio-5000-exec-8] INFO  com.project.demo.service.base.BaseService - 生成的最终SQL:  WHERE is_delete = 0 
2026-05-05 00:41:21.108 [http-nio-5000-exec-8] INFO  com.project.demo.service.base.BaseService - [registered_user] - 查询操作，sql: select COUNT(*) AS count, user_gender from `registered_user`  WHERE is_delete = 0 group by user_gender 
2026-05-05 00:41:21.110 [http-nio-5000-exec-5] INFO  com.project.demo.service.base.BaseService - 拼接统计函数前
2026-05-05 00:41:21.110 [http-nio-5000-exec-7] INFO  com.project.demo.service.base.BaseService - 生成的最终SQL:  WHERE is_delete = 0 
2026-05-05 00:41:21.110 [http-nio-5000-exec-5] INFO  com.project.demo.service.base.BaseService - 生成的最终SQL:  WHERE is_delete = 0 
2026-05-05 00:41:21.110 [http-nio-5000-exec-7] INFO  com.project.demo.service.base.BaseService - [supply_information] - 查询操作，sql: select COUNT(*) AS count, commodity_category from `supply_information`  WHERE is_delete = 0 group by commodity_category 
2026-05-05 00:41:21.110 [http-nio-5000-exec-5] INFO  com.project.demo.service.base.BaseService - [supply_information] - 统计操作，sql: SELECT COUNT(*) FROM `supply_information` WHERE is_delete = 0 
2026-05-05 00:41:21.119 [http-nio-5000-exec-9] INFO  com.project.demo.interceptor.LoginInterceptor - [请求接口] - http://localhost:5000/api/views/list_group , [请求类型] - GET
2026-05-05 00:41:21.133 [http-nio-5000-exec-9] INFO  com.project.demo.service.base.BaseService - 生成的最终SQL: 
2026-05-05 00:41:21.134 [http-nio-5000-exec-9] INFO  com.project.demo.service.base.BaseService - [views] - 查询操作，sql: select COUNT(*) AS count, source_table from `views` group by source_table 
2026-05-05 00:41:21.141 [http-nio-5000-exec-10] INFO  com.project.demo.interceptor.LoginInterceptor - [请求接口] - http://localhost:5000/api/inventory_information/list_group , [请求类型] - GET
2026-05-05 00:41:21.173 [http-nio-5000-exec-2] INFO  com.project.demo.interceptor.LoginInterceptor - [请求接口] - http://localhost:5000/api/purchasing_information/list_group , [请求类型] - GET
